ECLSLB_co2g,,ECLSLB_co2l,
0.10181295701434045,-0.00012812417062413317,0.10135537069068068,0.06265271943552442
24.921295152330494,10.766914678454093,27.441451829887715,1.0014185176033479
49.72224510153842,10.076581647127734,49.579935754880175,1.601424008639233
