ECLSLB_co2g,,ECLSLB_co2l,
0.09933934937121691,0.061660725353071655,0.09933934937121691,0.061660725353071655
24.968901508991095,10.815426609758994,25.077911060513486,1.0616475387137765
49.67846577847325,10.369094033924828,49.76769537105006,1.5383797136741038
