gas_GEM,,diss_GEM,,gas_SLB,,diss_SLB,,gas_GPRS,,diss_GPRS,
0,0,-0.00007617016414673827,18064516.129034042,-0.118139924591536,18064516.129034042,0,0,-0.00015234032829347655,36129032.25806427,-0.00007617016414673827,18064516.129034042
25.04566401340595,10170322580.64516,25.43634078531439,1517419354.8387089,24.984118520775414,10766451612.903225,25.79266481319267,1011612903.2258053,24.92630536618807,10477419354.838709,25.850249457287585,1354838709.6774197
49.958106409719306,9935483870.967741,50.11097992916174,1680000000,50.01561488365007,10296774193.548386,50.052709753589525,1499354838.7096767,50.01630041512739,10134193548.387096,50.05187188178391,1698064516.129034
