injectionRate,pressure,time
0.0,2360.6665,0.0
0.0,2360.66699,0.125
0.0,2360.66797,0.25
0.0,2360.66846,0.375
0.0,2360.66846,0.5
0.0,2360.66846,0.625
0.0,2360.66821,0.75
0.0,2360.66772,0.875
0.0,2360.66748,1.0
0.0,2360.66724,1.125
0.0,2360.66699,1.25
0.0,2360.66699,1.375
0.0,2360.66699,1.5
0.0,2360.66699,1.625
0.0,2360.66699,1.75
0.0,2360.66675,1.875
0.0,2360.66602,2.0
0.0,2360.66553,2.125
0.0,2360.66504,2.25
0.0,2360.66528,2.375
0.0,2360.66602,2.5
0.0,2360.6665,2.625
0.0,2360.66699,2.75
0.0,2360.66699,2.875
0.0,2360.66699,3.0
0.0,2360.6665,3.125
0.0,2360.66602,3.25
0.0,2360.66577,3.375
0.0,2360.66553,3.5
0.0,2360.66553,3.625
0.0,2360.66553,3.75
0.0,2360.66553,3.875
0.0,2360.66528,4.0
0.0,2360.66553,4.125
0.0,2360.66553,4.25
0.0,2360.66553,4.375
0.0,2360.66602,4.5
0.0,2360.6665,4.625
0.0,2360.66675,4.75
0.0,2360.66699,4.875
0.0,2360.66675,5.0
0.0,2360.66602,5.125
0.0,2360.66577,5.25
0.0,2360.66528,5.375
0.0,2360.66553,5.5
0.0,2360.66577,5.625
0.0,2360.66602,5.75
0.0,2360.6665,5.875
0.0,2360.6665,6.0
0.0,2360.6665,6.125
0.0,2360.66602,6.25
0.0,2360.66553,6.375
0.0,2360.66504,6.5
0.0,2360.66479,6.625
0.0,2360.66431,6.75
0.0,2360.66455,6.875
0.0,2360.66455,7.0
0.0,2360.66406,7.125
0.0,2360.66431,7.25
0.0,2360.66406,7.375
0.0,2360.66431,7.5
0.0,2360.66455,7.625
0.0,2360.66455,7.75
0.0,2360.66455,7.875
0.0,2360.66455,8.0
0.0,2360.66455,8.125
0.0,2360.66504,8.25
0.0,2360.66504,8.375
0.0,2360.66504,8.5
0.0,2360.66504,8.625
0.0,2360.66455,8.75
0.0,2360.66431,8.875
0.0,2360.66382,9.0
0.0,2360.66357,9.125
0.0,2360.66309,9.25
0.0,2360.66309,9.375
0.0,2360.66309,9.5
0.0,2360.66357,9.625
0.0,2360.66455,9.75
0.0,2360.66528,9.875
0.0,2360.66553,10.0
0.0,2360.66553,10.125
0.0,2360.66455,10.25
0.0,2360.66406,10.375
0.0,2360.66357,10.5
0.0,2360.66357,10.625
0.0,2360.66382,10.75
0.0,2360.66406,10.875
0.0,2360.66431,11.0
0.0,2360.66455,11.125
0.0,2360.66504,11.25
0.0,2360.66528,11.375
0.0,2360.66553,11.5
0.0,2360.66528,11.625
0.0,2360.66504,11.75
0.0,2360.66479,11.875
0.0,2360.66504,12.0
0.0,2360.66528,12.125
0.0,2360.66553,12.25
0.0,2360.66602,12.375
0.0,2360.66602,12.5
0.0,2360.66602,12.625
0.0,2360.66577,12.75
0.0,2360.66528,12.875
0.0,2360.66479,13.0
0.0,2360.66431,13.125
0.0,2360.66431,13.25
0.0,2360.66455,13.375
0.0,2360.66479,13.5
0.0,2360.66528,13.625
0.0,2360.66553,13.75
0.0,2360.66553,13.875
0.0,2360.66553,14.0
0.0,2360.66528,14.125
0.0,2360.66504,14.25
0.0,2360.66455,14.375
0.0,2360.66455,14.5
0.0,2360.66528,14.625
0.0,2360.66577,14.75
0.0,2360.66602,14.875
0.0,2360.66602,15.0
0.0,2360.66553,15.125
0.0,2360.66504,15.25
0.0,2360.66479,15.375
0.0,2360.66455,15.5
0.0,2360.66455,15.625
0.0,2360.66455,15.75
0.0,2360.66455,15.875
0.0,2360.66406,16.0
0.0,2360.66382,16.125
0.0,2360.66382,16.25
0.0,2360.66406,16.375
0.0,2360.66406,16.5
0.0,2360.66406,16.625
0.0,2360.66431,16.75
0.0,2360.66455,16.875
0.0,2360.66455,17.0
0.0,2360.66504,17.125
0.0,2360.66528,17.25
0.0,2360.66528,17.375
0.0,2360.66479,17.5
0.0,2360.66455,17.625
0.0,2360.66406,17.75
0.0,2360.66382,17.875
0.0,2360.66382,18.0
0.0,2360.66382,18.125
0.0,2360.66357,18.25
0.0,2360.66309,18.375
0.0,2360.66284,18.5
0.0,2360.66309,18.625
0.0,2360.66406,18.75
0.0,2360.66455,18.875
0.0,2360.66479,19.0
0.0,2360.66455,19.125
0.0,2360.66382,19.25
0.0,2360.66309,19.375
0.0,2360.66284,19.5
0.0,2360.66284,19.625
0.0,2360.66333,19.75
0.0,2360.66357,19.875
0.0,2360.66382,20.0
0.0,2360.66357,20.125
0.0,2360.66357,20.25
0.0,2360.66382,20.375
0.0,2360.66431,20.5
0.0,2360.66431,20.625
0.0,2360.66455,20.75
0.0,2360.66431,20.875
0.0,2360.66406,21.0
0.0,2360.66333,21.125
0.0,2360.66309,21.25
0.0,2360.66333,21.375
0.0,2360.66382,21.5
0.0,2360.66382,21.625
0.0,2360.66382,21.75
0.0,2360.66357,21.875
0.0,2360.66309,22.0
0.0,2360.6626,22.125
0.0,2360.6626,22.25
0.0,2360.66309,22.375
0.0,2360.66357,22.5
0.0,2360.66431,22.625
0.0,2360.66479,22.75
0.0,2360.66479,22.875
0.0,2360.66455,23.0
0.0,2360.66406,23.125
0.0,2360.66309,23.25
0.0,2360.66211,23.375
0.0,2360.66187,23.5
0.0,2360.66235,23.625
0.0,2360.66333,23.75
0.0,2360.66406,23.875
0.0,2360.66455,24.0
0.0,2360.66431,24.125
0.0,2360.66357,24.25
0.0,2360.66333,24.375
0.0,2360.66309,24.5
0.0,2360.66309,24.625
0.0,2360.66309,24.75
0.0,2360.66284,24.875
0.0,2360.6626,25.0
0.0,2360.66284,25.125
0.0,2360.66309,25.25
0.0,2360.66309,25.375
0.0,2360.66357,25.5
0.0,2360.66406,25.625
0.0,2360.66406,25.75
0.0,2360.66382,25.875
0.0,2360.66382,26.0
0.0,2360.66382,26.125
0.0,2360.66406,26.25
0.0,2360.66431,26.375
0.0,2360.66455,26.5
0.0,2360.66455,26.625
0.0,2360.66406,26.75
0.0,2360.66357,26.875
0.0,2360.66284,27.0
0.0,2360.66284,27.125
0.0,2360.66309,27.25
0.0,2360.66357,27.375
0.0,2360.66406,27.5
0.0,2360.66406,27.625
0.0,2360.66406,27.75
0.0,2360.66357,27.875
0.0,2360.66333,28.0
0.0,2360.66333,28.125
0.0,2360.66333,28.25
0.0,2360.66382,28.375
0.0,2360.66406,28.5
0.0,2360.66357,28.625
0.0,2360.66357,28.75
0.0,2360.66333,28.875
0.0,2360.66309,29.0
0.0,2360.66284,29.125
0.0,2360.6626,29.25
0.0,2360.66309,29.375
0.0,2360.66357,29.5
0.0,2360.66406,29.625
0.0,2360.66479,29.75
0.0,2360.66504,29.875
0.0,2360.66479,30.0
0.0,2360.66455,30.125
0.0,2360.66382,30.25
0.0,2360.66284,30.375
0.0,2360.66235,30.5
0.0,2360.66187,30.625
0.0,2360.66187,30.75
0.0,2360.66211,30.875
0.0,2360.66235,31.0
0.0,2360.66284,31.125
0.0,2360.66284,31.25
0.0,2360.66284,31.375
0.0,2360.66284,31.5
0.0,2360.6626,31.625
0.0,2360.6626,31.75
0.0,2360.6626,31.875
0.0,2360.66309,32.0
0.0,2360.66333,32.125
0.0,2360.66357,32.25
0.0,2360.66357,32.375
0.0,2360.66333,32.5
0.0,2360.66284,32.625
0.0,2360.66235,32.75
0.0,2360.66211,32.875
0.0,2360.66211,33.0
0.0,2360.6626,33.125
0.0,2360.66309,33.25
0.0,2360.66309,33.375
0.0,2360.66333,33.5
0.0,2360.66309,33.625
0.0,2360.6626,33.75
0.0,2360.66235,33.875
0.0,2360.6626,34.0
0.0,2360.66284,34.125
0.0,2360.66333,34.25
0.0,2360.66357,34.375
0.0,2360.66357,34.5
0.0,2360.66357,34.625
0.0,2360.66309,34.75
0.0,2360.66284,34.875
0.0,2360.66235,35.0
0.0,2360.66235,35.125
0.0,2360.66211,35.25
0.0,2360.66162,35.375
0.0,2360.66162,35.5
0.0,2360.66162,35.625
0.0,2360.66138,35.75
0.0,2360.66162,35.875
0.0,2360.66235,36.0
0.0,2360.66284,36.125
0.0,2360.66309,36.25
0.0,2360.66309,36.375
0.0,2360.66309,36.5
0.0,2360.66284,36.625
0.0,2360.6626,36.75
0.0,2360.66235,36.875
0.0,2360.66235,37.0
0.0,2360.66211,37.125
0.0,2360.66187,37.25
0.0,2360.66162,37.375
0.0,2360.66162,37.5
0.0,2360.66138,37.625
0.0,2360.66162,37.75
0.0,2360.66162,37.875
0.0,2360.66138,38.0
0.0,2360.66113,38.125
0.0,2360.66113,38.25
0.0,2360.66138,38.375
0.0,2360.66162,38.5
0.0,2360.66211,38.625
0.0,2360.66235,38.75
0.0,2360.66284,38.875
0.0,2360.66309,39.0
0.0,2360.66309,39.125
0.0,2360.66309,39.25
0.0,2360.6626,39.375
0.0,2360.66235,39.5
0.0,2360.66187,39.625
0.0,2360.66162,39.75
0.0,2360.66162,39.875
0.0,2360.66235,40.0
0.0,2360.66309,40.125
0.0,2360.66333,40.25
0.0,2360.66333,40.375
0.0,2360.66284,40.5
0.0,2360.66211,40.625
0.0,2360.66162,40.75
0.0,2360.66113,40.875
0.0,2360.66138,41.0
0.0,2360.66187,41.125
0.0,2360.66235,41.25
0.0,2360.66284,41.375
0.0,2360.66333,41.5
0.0,2360.66309,41.625
0.0,2360.6626,41.75
0.0,2360.66235,41.875
0.0,2360.66162,42.0
0.0,2360.66162,42.125
0.0,2360.66113,42.25
0.0,2360.66162,42.375
0.0,2360.66162,42.5
0.0,2360.66187,42.625
0.0,2360.66187,42.75
0.0,2360.66211,42.875
0.0,2360.66211,43.0
0.0,2360.66211,43.125
0.0,2360.66211,43.25
0.0,2360.66162,43.375
0.0,2360.66162,43.5
0.0,2360.66162,43.625
0.0,2360.66187,43.75
0.0,2360.66235,43.875
0.0,2360.66309,44.0
0.0,2360.66333,44.125
0.0,2360.66309,44.25
0.0,2360.66235,44.375
0.0,2360.66113,44.5
0.0,2360.6604,44.625
0.0,2360.66016,44.75
0.0,2360.66064,44.875
0.0,2360.66113,45.0
0.0,2360.66187,45.125
0.0,2360.6626,45.25
0.0,2360.66235,45.375
0.0,2360.66162,45.5
0.0,2360.66138,45.625
0.0,2360.66113,45.75
0.0,2360.66064,45.875
0.0,2360.66064,46.0
0.0,2360.66089,46.125
0.0,2360.66113,46.25
0.0,2360.66138,46.375
0.0,2360.66162,46.5
0.0,2360.66187,46.625
0.0,2360.66162,46.75
0.0,2360.66162,46.875
0.0,2360.66162,47.0
0.0,2360.66162,47.125
0.0,2360.66113,47.25
0.0,2360.66089,47.375
0.0,2360.6604,47.5
0.0,2360.66016,47.625
0.0,2360.66016,47.75
0.0,2360.66064,47.875
0.0,2360.66089,48.0
0.0,2360.66113,48.125
0.0,2360.66113,48.25
0.0,2360.66113,48.375
0.0,2360.66113,48.5
0.0,2360.66138,48.625
0.0,2360.66162,48.75
0.0,2360.66162,48.875
0.0,2360.66113,49.0
0.0,2360.66113,49.125
0.0,2360.66064,49.25
0.0,2360.66064,49.375
0.0,2360.66089,49.5
0.0,2360.66113,49.625
0.0,2360.66113,49.75
0.0,2360.66089,49.875
0.0,2360.66089,50.0
0.0,2360.66113,50.125
0.0,2360.66113,50.25
0.0,2360.66113,50.375
0.0,2360.66089,50.5
0.0,2360.66064,50.625
0.0,2360.6604,50.75
0.0,2360.66016,50.875
0.0,2360.66016,51.0
0.0,2360.6604,51.125
0.0,2360.66064,51.25
0.0,2360.66113,51.375
0.0,2360.66113,51.5
0.0,2360.66064,51.625
0.0,2360.66016,51.75
0.0,2360.65967,51.875
0.0,2360.65967,52.0
0.0,2360.65991,52.125
0.0,2360.66016,52.25
0.0,2360.66064,52.375
0.0,2360.66138,52.5
0.0,2360.66162,52.625
0.0,2360.66162,52.75
0.0,2360.66162,52.875
0.0,2360.66113,53.0
0.0,2360.66064,53.125
0.0,2360.66016,53.25
0.0,2360.65991,53.375
0.0,2360.65967,53.5
0.0,2360.65967,53.625
0.0,2360.65942,53.75
0.0,2360.65918,53.875
0.0,2360.65918,54.0
0.0,2360.65967,54.125
0.0,2360.66016,54.25
0.0,2360.66064,54.375
0.0,2360.66113,54.5
0.0,2360.66138,54.625
0.0,2360.66113,54.75
0.0,2360.66064,54.875
0.0,2360.6604,55.0
0.0,2360.66016,55.125
0.0,2360.65967,55.25
0.0,2360.65967,55.375
0.0,2360.65967,55.5
0.0,2360.65991,55.625
0.0,2360.6604,55.75
0.0,2360.66064,55.875
0.0,2360.66064,56.0
0.0,2360.66064,56.125
0.0,2360.66064,56.25
0.0,2360.6604,56.375
0.0,2360.66016,56.5
0.0,2360.65967,56.625
0.0,2360.65942,56.75
0.0,2360.65918,56.875
0.0,2360.65918,57.0
0.0,2360.65942,57.125
0.0,2360.65967,57.25
0.0,2360.65967,57.375
0.0,2360.65967,57.5
0.0,2360.65967,57.625
0.0,2360.66016,57.75
0.0,2360.66016,57.875
0.0,2360.66016,58.0
0.0,2360.65991,58.125
0.0,2360.66016,58.25
0.0,2360.66016,58.375
0.0,2360.65991,58.5
0.0,2360.65991,58.625
0.0,2360.65967,58.75
0.0,2360.65991,58.875
0.0,2360.65967,59.0
0.0,2360.65967,59.125
0.0,2360.65967,59.25
0.0,2360.65991,59.375
0.0,2360.66016,59.5
0.0,2360.66064,59.625
0.0,2360.66016,59.75
0.0,2360.66016,59.875
0.0,2360.65967,60.0
0.0,2360.65918,60.125
0.0,2360.65845,60.25
0.0,2360.6582,60.375
0.0,2360.65869,60.5
0.0,2360.65918,60.625
0.0,2360.65991,60.75
0.0,2360.66016,60.875
0.0,2360.65991,61.0
0.0,2360.65918,61.125
0.0,2360.65894,61.25
0.0,2360.65869,61.375
0.0,2360.65869,61.5
0.0,2360.65894,61.625
0.0,2360.65918,61.75
0.0,2360.65918,61.875
0.0,2360.65918,62.0
0.0,2360.65942,62.125
0.0,2360.65942,62.25
0.0,2360.65942,62.375
0.0,2360.65869,62.5
0.0,2360.65845,62.625
0.0,2360.65796,62.75
0.0,2360.65796,62.875
0.0,2360.65796,63.0
0.0,2360.65845,63.125
0.0,2360.65894,63.25
0.0,2360.65967,63.375
0.0,2360.65991,63.5
0.0,2360.66016,63.625
0.0,2360.66016,63.75
0.0,2360.65991,63.875
0.0,2360.65942,64.0
0.0,2360.65894,64.125
0.0,2360.65845,64.25
0.0,2360.65845,64.375
0.0,2360.6582,64.5
0.0,2360.65771,64.625
0.0,2360.65771,64.75
0.0,2360.65771,64.875
0.0,2360.65796,65.0
0.0,2360.65845,65.125
0.0,2360.65869,65.25
0.0,2360.65869,65.375
0.0,2360.6582,65.5
0.0,2360.65771,65.625
0.0,2360.65723,65.75
0.0,2360.65723,65.875
0.0,2360.65723,66.0
0.0,2360.65771,66.125
0.0,2360.65869,66.25
0.0,2360.65942,66.375
0.0,2360.65991,66.5
0.0,2360.65967,66.625
0.0,2360.65918,66.75
0.0,2360.65845,66.875
0.0,2360.65771,67.0
0.0,2360.65747,67.125
0.0,2360.65723,67.25
0.0,2360.65747,67.375
0.0,2360.65747,67.5
0.0,2360.65771,67.625
0.0,2360.6582,67.75
0.0,2360.65845,67.875
0.0,2360.65869,68.0
0.0,2360.65845,68.125
0.0,2360.65796,68.25
0.0,2360.65747,68.375
0.0,2360.65698,68.5
0.0,2360.65698,68.625
0.0,2360.65698,68.75
0.0,2360.65747,68.875
0.0,2360.65771,69.0
0.0,2360.65771,69.125
0.0,2360.65771,69.25
0.0,2360.65771,69.375
0.0,2360.65771,69.5
0.0,2360.65771,69.625
0.0,2360.65747,69.75
0.0,2360.65723,69.875
0.0,2360.65723,70.0
0.0,2360.65698,70.125
0.0,2360.65723,70.25
0.0,2360.65723,70.375
0.0,2360.65723,70.5
0.0,2360.65674,70.625
0.0,2360.65674,70.75
0.0,2360.65625,70.875
0.0,2360.65625,71.0
0.0,2360.65649,71.125
0.0,2360.65625,71.25
0.0,2360.65625,71.375
0.0,2360.65625,71.5
0.0,2360.65649,71.625
0.0,2360.65674,71.75
0.0,2360.65698,71.875
0.0,2360.65747,72.0
0.0,2360.65723,72.125
0.0,2360.65698,72.25
0.0,2360.65674,72.375
0.0,2360.65649,72.5
0.0,2360.65625,72.625
0.0,2360.65649,72.75
0.0,2360.65649,72.875
0.0,2360.65601,73.0
0.0,2360.65552,73.125
0.0,2360.65527,73.25
0.0,2360.65503,73.375
0.0,2360.65527,73.5
0.0,2360.65576,73.625
0.0,2360.65625,73.75
0.0,2360.65674,73.875
0.0,2360.65698,74.0
0.0,2360.65723,74.125
0.0,2360.65723,74.25
0.0,2360.65698,74.375
0.0,2360.65674,74.5
0.0,2360.65674,74.625
0.0,2360.65649,74.75
0.0,2360.65649,74.875
0.0,2360.65649,75.0
0.0,2360.65625,75.125
0.0,2360.65625,75.25
0.0,2360.65649,75.375
0.0,2360.65674,75.5
0.0,2360.65698,75.625
0.0,2360.65723,75.75
0.0,2360.65723,75.875
0.0,2360.65723,76.0
0.0,2360.65723,76.125
0.0,2360.65723,76.25
0.0,2360.65723,76.375
0.0,2360.65723,76.5
0.0,2360.65723,76.625
0.0,2360.65723,76.75
0.0,2360.65698,76.875
0.0,2360.65723,77.0
0.0,2360.65723,77.125
0.0,2360.65723,77.25
0.0,2360.65723,77.375
0.0,2360.65723,77.5
0.0,2360.65674,77.625
0.0,2360.65674,77.75
0.0,2360.65674,77.875
0.0,2360.65674,78.0
0.0,2360.65723,78.125
0.0,2360.65771,78.25
0.0,2360.6582,78.375
0.0,2360.6582,78.5
0.0,2360.65771,78.625
0.0,2360.65723,78.75
0.0,2360.65674,78.875
0.0,2360.65625,79.0
0.0,2360.65601,79.125
0.0,2360.65601,79.25
0.0,2360.65625,79.375
0.0,2360.65649,79.5
0.0,2360.65625,79.625
0.0,2360.65625,79.75
0.0,2360.65649,79.875
0.0,2360.65649,80.0
0.0,2360.65625,80.125
0.0,2360.65625,80.25
0.0,2360.65601,80.375
0.0,2360.65601,80.5
0.0,2360.65601,80.625
0.0,2360.65625,80.75
0.0,2360.65674,80.875
0.0,2360.65674,81.0
0.0,2360.65674,81.125
0.0,2360.65698,81.25
0.0,2360.65674,81.375
0.0,2360.65649,81.5
0.0,2360.65625,81.625
0.0,2360.65576,81.75
0.0,2360.65552,81.875
0.0,2360.65552,82.0
0.0,2360.65576,82.125
0.0,2360.65625,82.25
0.0,2360.65674,82.375
0.0,2360.65698,82.5
0.0,2360.65649,82.625
0.0,2360.65552,82.75
0.0,2360.65503,82.875
0.0,2360.65479,83.0
0.0,2360.65479,83.125
0.0,2360.65503,83.25
0.0,2360.65503,83.375
0.0,2360.65527,83.5
0.0,2360.65552,83.625
0.0,2360.65576,83.75
0.0,2360.65576,83.875
0.0,2360.65576,84.0
0.0,2360.65601,84.125
0.0,2360.65601,84.25
0.0,2360.65601,84.375
0.0,2360.65625,84.5
0.0,2360.65601,84.625
0.0,2360.65576,84.75
0.0,2360.65552,84.875
0.0,2360.65527,85.0
0.0,2360.65576,85.125
0.0,2360.65625,85.25
0.0,2360.65649,85.375
0.0,2360.65649,85.5
0.0,2360.65625,85.625
0.0,2360.65625,85.75
0.0,2360.65625,85.875
0.0,2360.65601,86.0
0.0,2360.65625,86.125
0.0,2360.65601,86.25
0.0,2360.65576,86.375
0.0,2360.65576,86.5
0.0,2360.65527,86.625
0.0,2360.65479,86.75
0.0,2360.6543,86.875
0.0,2360.6543,87.0
0.0,2360.65454,87.125
0.0,2360.65527,87.25
0.0,2360.65625,87.375
0.0,2360.65674,87.5
0.0,2360.65649,87.625
0.0,2360.65601,87.75
0.0,2360.65576,87.875
0.0,2360.65552,88.0
0.0,2360.65552,88.125
0.0,2360.65576,88.25
0.0,2360.65576,88.375
0.0,2360.65576,88.5
0.0,2360.65552,88.625
0.0,2360.65527,88.75
0.0,2360.65503,88.875
0.0,2360.65527,89.0
0.0,2360.65527,89.125
0.0,2360.65527,89.25
0.0,2360.65527,89.375
0.0,2360.65527,89.5
0.0,2360.65552,89.625
0.0,2360.65576,89.75
0.0,2360.65601,89.875
0.0,2360.65625,90.0
0.0,2360.65601,90.125
0.0,2360.65527,90.25
0.0,2360.65454,90.375
0.0,2360.6543,90.5
0.0,2360.65454,90.625
0.0,2360.65527,90.75
0.0,2360.65625,90.875
0.0,2360.65625,91.0
0.0,2360.65625,91.125
0.0,2360.65552,91.25
0.0,2360.65479,91.375
0.0,2360.6543,91.5
0.0,2360.65454,91.625
0.0,2360.65479,91.75
0.0,2360.65552,91.875
0.0,2360.65576,92.0
0.0,2360.65552,92.125
0.0,2360.65527,92.25
0.0,2360.65479,92.375
0.0,2360.6543,92.5
0.0,2360.65479,92.625
0.0,2360.65503,92.75
0.0,2360.65527,92.875
0.0,2360.65527,93.0
0.0,2360.65503,93.125
0.0,2360.6543,93.25
0.0,2360.65381,93.375
0.0,2360.65356,93.5
0.0,2360.65381,93.625
0.0,2360.6543,93.75
0.0,2360.65503,93.875
0.0,2360.65576,94.0
0.0,2360.65601,94.125
0.0,2360.65601,94.25
0.0,2360.65576,94.375
0.0,2360.65527,94.5
0.0,2360.65479,94.625
0.0,2360.6543,94.75
0.0,2360.6543,94.875
0.0,2360.65479,95.0
0.0,2360.65527,95.125
0.0,2360.65527,95.25
0.0,2360.65527,95.375
0.0,2360.65527,95.5
0.0,2360.65503,95.625
0.0,2360.65503,95.75
0.0,2360.65503,95.875
0.0,2360.65527,96.0
0.0,2360.65527,96.125
0.0,2360.65601,96.25
0.0,2360.65747,96.375
0.0,2360.65918,96.5
0.0,2360.6604,96.625
0.0,2360.66064,96.75
0.0,2360.66211,96.875
0.0,2360.66602,97.0
0.0,2360.67578,97.125
0.0,2360.69092,97.25
0.0,2360.71021,97.375
0.0,2360.73096,97.5
0.0,2360.74878,97.625
0.0,2360.76294,97.75
0.0,2360.77295,97.875
0.0,2360.7793,98.0
0.0,2360.7832,98.125
0.0,2360.78564,98.25
0.0,2360.78711,98.375
0.0,2360.78809,98.5
0.0,2360.78857,98.625
0.0,2360.78955,98.75
0.0,2360.79053,98.875
0.0,2360.79175,99.0
0.0,2360.79346,99.125
0.0,2360.79541,99.25
0.0,2360.79834,99.375
0.0,2360.80127,99.5
0.0,2360.8042,99.625
0.0,2360.80664,99.75
0.0,2360.80859,99.875
0.0,2360.80957,100.0
0.0,2360.80957,100.125
0.0,2360.80859,100.25
0.0,2360.80762,100.375
0.0,2360.8064,100.5
0.0,2360.80566,100.625
0.0,2360.80518,100.75
0.0,2360.80518,100.875
0.0,2360.80518,101.0
0.0,2360.80493,101.125
0.0,2360.80493,101.25
0.0,2360.80493,101.375
0.0,2360.80493,101.5
0.0,2360.80493,101.625
0.0,2360.80469,101.75
0.0,2360.80469,101.875
0.0,2360.80444,102.0
0.0,2360.80396,102.125
0.0,2360.80273,102.25
0.0,2360.7998,102.375
0.0,2360.79565,102.5
0.0,2360.78979,102.625
0.0,2360.78345,102.75
0.0,2360.77783,102.875
0.0,2360.77417,103.0
0.0,2360.77222,103.125
0.0,2360.77197,103.25
0.0,2360.77222,103.375
0.0,2360.77271,103.5
0.0,2360.77295,103.625
0.0,2360.77344,103.75
0.0,2360.77393,103.875
0.0,2360.77466,104.0
0.0,2360.77539,104.125
0.0,2360.77637,104.25
0.0,2360.77734,104.375
0.0,2360.77881,104.5
0.0,2360.78076,104.625
0.0,2360.78247,104.75
0.0,2360.78442,104.875
0.0,2360.78491,105.0
0.0,2360.78418,105.125
0.0,2360.78174,105.25
0.0,2360.77905,105.375
0.0,2360.77661,105.5
0.0,2360.77539,105.625
0.0,2360.77637,105.75
0.0,2360.77856,105.875
0.0,2360.78149,106.0
0.0,2360.78467,106.125
0.0,2360.78711,106.25
0.0,2360.78906,106.375
0.0,2360.79028,106.5
0.0,2360.79126,106.625
0.0,2360.79248,106.75
0.0,2360.79346,106.875
0.0,2360.79443,107.0
0.0,2360.79492,107.125
0.0,2360.79517,107.25
0.0,2360.79492,107.375
0.0,2360.79565,107.5
0.0,2360.79663,107.625
0.0,2360.79907,107.75
0.0,2360.80273,107.875
0.0,2360.80762,108.0
0.0,2360.83057,108.125
0.0,2360.93848,108.25
0.0,2361.22705,108.375
0.0,2361.76343,108.5
0.0,2362.53369,108.625
0.0,2363.43359,108.75
0.0,2364.302,108.875
0.0,2364.98999,109.0
0.0,2365.41992,109.125
0.0,2365.60791,109.25
0.0,2365.6394,109.375
0.0,2365.6123,109.5
0.0,2365.58105,109.625
0.0,2365.55542,109.75
0.0,2365.53345,109.875
0.0,2365.51416,110.0
0.0,2365.49658,110.125
0.0,2365.48022,110.25
0.0,2365.46436,110.375
0.0,2365.44946,110.5
0.0,2365.43628,110.625
0.0,2365.42505,110.75
0.0,2365.41602,110.875
0.0,2365.40845,111.0
0.0,2365.40161,111.125
0.0,2365.39502,111.25
0.0,2365.38745,111.375
0.0,2365.37915,111.5
0.0,2365.37012,111.625
0.0,2365.36011,111.75
0.0,2365.35059,111.875
0.0,2365.34082,112.0
0.0,2365.33179,112.125
0.0,2365.32349,112.25
0.0,2365.31519,112.375
0.0,2365.30762,112.5
0.0,2365.30005,112.625
0.0,2365.29346,112.75
0.0,2365.28735,112.875
0.0,2365.28223,113.0
0.0,2365.27734,113.125
0.0,2365.27246,113.25
0.0,2365.26685,113.375
0.0,2365.2605,113.5
0.0,2365.25391,113.625
0.0,2365.24731,113.75
0.0,2365.24146,113.875
0.0,2365.23779,114.0
0.0,2365.23877,114.125
0.0,2365.24512,114.25
0.0,2365.25635,114.375
0.0,2365.27051,114.5
0.0,2365.28442,114.625
0.0,2365.29419,114.75
0.0,2365.29883,114.875
0.0,2365.29834,115.0
0.0,2365.29443,115.125
0.0,2365.29004,115.25
0.0,2365.28613,115.375
0.0,2365.28198,115.5
0.0,2365.27783,115.625
0.0,2365.27417,115.75
0.0,2365.27002,115.875
0.0,2365.26636,116.0
0.0,2365.26318,116.125
0.0,2365.26025,116.25
0.0,2365.25708,116.375
0.0,2365.25317,116.5
0.0,2365.2478,116.625
0.0,2365.24121,116.75
0.0,2365.23438,116.875
0.0,2365.22803,117.0
0.0,2365.22314,117.125
0.0,2365.22021,117.25
0.0,2365.21875,117.375
0.0,2365.21777,117.5
0.0,2365.21606,117.625
0.0,2365.21411,117.75
0.0,2365.21191,117.875
0.0,2365.20996,118.0
0.0,2365.20801,118.125
0.0,2365.20654,118.25
0.0,2365.20435,118.375
0.0,2365.20215,118.5
0.0,2365.19897,118.625
0.0,2365.19556,118.75
0.0,2365.19214,118.875
0.0,2365.18896,119.0
0.0,2365.18701,119.125
0.0,2365.18506,119.25
0.0,2365.18408,119.375
0.0,2365.18311,119.5
0.0,2365.18237,119.625
0.0,2365.18115,119.75
0.0,2365.17944,119.875
0.0,2365.17676,120.0
0.0,2365.17358,120.125
0.0,2365.17041,120.25
0.0,2365.16675,120.375
0.0,2365.16309,120.5
0.0,2365.16016,120.625
0.0,2365.15747,120.75
0.0,2365.15454,120.875
0.0,2365.1521,121.0
0.0,2365.14966,121.125
0.0,2365.14771,121.25
0.0,2365.146,121.375
0.0,2365.14404,121.5
0.0,2365.14185,121.625
0.0,2365.13916,121.75
0.0,2365.13599,121.875
0.0,2365.13257,122.0
0.0,2365.12915,122.125
0.0,2365.12598,122.25
0.0,2365.12305,122.375
0.0,2365.12061,122.5
0.0,2365.11841,122.625
0.0,2365.11694,122.75
0.0,2365.11572,122.875
0.0,2365.11426,123.0
0.0,2365.11279,123.125
0.0,2365.11133,123.25
0.0,2365.10986,123.375
0.0,2365.10815,123.5
0.0,2365.1062,123.625
0.0,2365.10425,123.75
0.0,2365.10205,123.875
0.0,2365.09985,124.0
0.0,2365.09814,124.125
0.0,2365.09619,124.25
0.0,2365.09521,124.375
0.0,2365.09668,124.5
0.0,2365.10376,124.625
0.0,2365.12061,124.75
0.0,2365.15186,124.875
0.0,2365.20605,125.0
0.0,2365.30298,125.125
0.0,2365.47363,125.25
0.0,2365.75293,125.375
0.0,2366.16797,125.5
0.0,2366.72729,125.625
0.0,2367.4165,125.75
0.0,2368.20142,125.875
0.0,2369.04053,126.0
0.0,2369.89648,126.125
0.0,2370.74756,126.25
0.0,2371.58325,126.375
0.0,2372.40137,126.5
0.0,2373.20264,126.625
0.0,2373.98706,126.75
0.0,2374.75293,126.875
0.0,2375.49561,127.0
0.0,2376.21094,127.125
0.0,2376.89819,127.25
0.0,2377.56445,127.375
0.0,2378.2229,127.5
0.0,2378.88818,127.625
0.0,2379.57007,127.75
0.0,2380.26904,127.875
0.0,2380.97485,128.0
0.0,2381.67236,128.125
0.0,2382.34839,128.25
0.0,2382.99487,128.375
0.0,2383.60986,128.5
0.0,2384.19189,128.625
0.0,2384.7334,128.75
0.0,2385.22656,128.875
0.0,2385.6665,129.0
0.0,2386.05762,129.125
0.0,2386.41479,129.25
0.0,2386.75879,129.375
0.0,2387.10791,129.5
0.0,2387.47021,129.625
0.0,2387.84399,129.75
0.0,2388.21899,129.875
0.0,2388.58423,130.0
0.0,2388.92896,130.125
0.0,2389.24512,130.25
0.0,2389.52686,130.375
0.0,2389.77222,130.5
0.0,2389.98291,130.625
0.0,2390.16406,130.75
0.0,2390.32227,130.875
0.0,2390.46631,131.0
0.0,2390.60425,131.125
0.0,2390.74341,131.25
0.0,2390.88818,131.375
0.0,2391.03979,131.5
0.0,2391.19751,131.625
0.0,2391.36426,131.75
0.0,2391.55347,131.875
0.0,2391.78931,132.0
0.0,2392.10205,132.125
0.0,2392.51001,132.25
0.0,2393.00635,132.375
0.0,2393.55249,132.5
0.0,2394.09106,132.625
0.0,2394.56885,132.75
0.0,2394.95898,132.875
0.0,2395.27319,133.0
0.0,2395.5498,133.125
0.0,2395.83276,133.25
0.0,2396.15088,133.375
0.0,2396.50684,133.5
0.0,2396.88379,133.625
0.0,2397.26025,133.75
0.0,2397.62158,133.875
0.0,2397.96631,134.0
0.0,2398.30322,134.125
0.0,2398.65186,134.25
0.0,2399.03735,134.375
0.0,2399.48389,134.5
0.0,2400.00757,134.625
0.0,2400.61304,134.75
0.0,2401.28784,134.875
0.0,2402.00464,135.0
0.0,2402.72754,135.125
0.0,2403.42334,135.25
0.0,2404.06763,135.375
0.0,2404.6499,135.5
0.0,2405.1731,135.625
0.0,2405.64868,135.75
0.0,2406.09473,135.875
0.0,2406.52734,136.0
0.0,2406.95703,136.125
0.0,2407.38647,136.25
0.0,2407.81348,136.375
0.0,2408.23486,136.5
0.0,2408.65088,136.625
0.0,2409.06445,136.75
0.0,2409.47852,136.875
0.0,2409.89648,137.0
0.0,2410.32056,137.125
0.0,2410.75391,137.25
0.0,2411.20166,137.375
0.0,2411.66992,137.5
0.0,2412.16089,137.625
0.0,2412.67139,137.75
0.0,2413.19482,137.875
0.0,2413.72388,138.0
0.0,2414.25488,138.125
0.0,2414.78735,138.25
0.0,2415.32178,138.375
0.0,2415.85645,138.5
0.0,2416.38599,138.625
0.0,2416.90234,138.75
0.0,2417.40161,138.875
0.0,2417.88672,139.0
0.0,2418.36572,139.125
0.0,2418.8501,139.25
0.0,2419.34644,139.375
0.0,2419.85278,139.5
0.0,2420.35815,139.625
0.0,2420.84473,139.75
0.0,2421.29443,139.875
0.0,2421.69531,140.0
0.0,2422.04639,140.125
0.0,2422.35791,140.25
0.0,2422.64453,140.375
0.0,2422.91846,140.5
0.0,2423.18457,140.625
0.0,2423.43872,140.75
0.0,2423.67285,140.875
0.0,2423.88208,141.0
0.0,2424.06689,141.125
0.0,2424.23462,141.25
0.0,2424.39307,141.375
0.0,2424.54932,141.5
0.0,2424.70532,141.625
0.0,2424.86157,141.75
0.0,2425.01758,141.875
0.0,2425.17456,142.0
0.0,2425.33496,142.125
0.0,2425.50073,142.25
0.0,2425.67285,142.375
0.0,2425.85132,142.5
0.0,2426.03394,142.625
0.0,2426.21777,142.75
0.0,2426.39868,142.875
0.0,2426.57275,143.0
0.0,2426.73682,143.125
0.0,2426.88916,143.25
0.0,2427.03101,143.375
0.0,2427.16504,143.5
0.0,2427.29492,143.625
0.0,2427.4231,143.75
0.0,2427.55127,143.875
0.0,2427.67993,144.0
0.0,2427.80786,144.125
0.0,2427.93506,144.25
0.0,2428.06055,144.375
0.0,2428.18433,144.5
0.0,2428.30615,144.625
0.0,2428.42627,144.75
0.0,2428.54419,144.875
0.0,2428.65991,145.0
0.0,2428.77246,145.125
0.0,2428.88135,145.25
0.0,2428.9873,145.375
0.0,2429.09204,145.5
0.0,2429.19702,145.625
0.0,2429.30322,145.75
0.0,2429.41113,145.875
0.0,2429.51978,146.0
0.0,2429.62842,146.125
0.0,2429.73535,146.25
0.0,2429.84009,146.375
0.0,2429.94238,146.5
0.0,2430.04175,146.625
0.0,2430.13843,146.75
0.0,2430.23291,146.875
0.0,2430.32495,147.0
0.0,2430.41455,147.125
0.0,2430.5,147.25
0.0,2430.57959,147.375
0.0,2430.65161,147.5
0.0,2430.71606,147.625
0.0,2430.77417,147.75
0.0,2430.82715,147.875
0.0,2430.87695,148.0
0.0,2430.92529,148.125
0.0,2430.97192,148.25
0.0,2431.01782,148.375
0.0,2431.06299,148.5
0.0,2431.10742,148.625
0.0,2431.15161,148.75
0.0,2431.19556,148.875
0.0,2431.23926,149.0
0.0,2431.28198,149.125
0.0,2431.32349,149.25
0.0,2431.36401,149.375
0.0,2431.40259,149.5
0.0,2431.43896,149.625
0.0,2431.47266,149.75
0.0,2431.50439,149.875
0.0,2431.53345,150.0
0.0,2431.56104,150.125
0.0,2431.58691,150.25
0.0,2431.6123,150.375
0.0,2431.63672,150.5
0.0,2431.6604,150.625
0.0,2431.68359,150.75
0.0,2431.7063,150.875
0.0,2431.729,151.0
0.0,2431.75195,151.125
0.0,2431.77515,151.25
0.0,2431.79858,151.375
0.0,2431.82251,151.5
0.0,2431.84668,151.625
0.0,2431.87085,151.75
0.0,2431.89575,151.875
0.0,2431.92114,152.0
0.0,2431.94678,152.125
0.0,2431.97241,152.25
0.0,2431.99756,152.375
0.0,2432.021,152.5
0.0,2432.04321,152.625
0.0,2432.06348,152.75
0.0,2432.08276,152.875
0.0,2432.10156,153.0
0.0,2432.11987,153.125
0.0,2432.13818,153.25
0.0,2432.15601,153.375
0.0,2432.17334,153.5
0.0,2432.18994,153.625
0.0,2432.20557,153.75
0.0,2432.2207,153.875
0.0,2432.23511,154.0
0.0,2432.24902,154.125
0.0,2432.26245,154.25
0.0,2432.27539,154.375
0.0,2432.28711,154.5
0.0,2432.29834,154.625
0.0,2432.30884,154.75
0.0,2432.31982,154.875
0.0,2432.33154,155.0
0.0,2432.34424,155.125
0.0,2432.35718,155.25
0.0,2432.36987,155.375
0.0,2432.38184,155.5
0.0,2432.39258,155.625
0.0,2432.40259,155.75
0.0,2432.41211,155.875
0.0,2432.42163,156.0
0.0,2432.43115,156.125
0.0,2432.44092,156.25
0.0,2432.45068,156.375
0.0,2432.45996,156.5
0.0,2432.46899,156.625
0.0,2432.47778,156.75
0.0,2432.48584,156.875
0.0,2432.4939,157.0
0.0,2432.50195,157.125
0.0,2432.50977,157.25
0.0,2432.51709,157.375
0.0,2432.52344,157.5
0.0,2432.5293,157.625
0.0,2432.53442,157.75
0.0,2432.53906,157.875
0.0,2432.54272,158.0
0.0,2432.5459,158.125
0.0,2432.54834,158.25
0.0,2432.55005,158.375
0.0,2432.55127,158.5
0.0,2432.55225,158.625
0.0,2432.55347,158.75
0.0,2432.55493,158.875
0.0,2432.55615,159.0
0.0,2432.55688,159.125
0.0,2432.55664,159.25
0.0,2432.55542,159.375
0.0,2432.55322,159.5
0.0,2432.54932,159.625
0.0,2432.54443,159.75
0.0,2432.53882,159.875
0.0,2432.53271,160.0
0.0,2432.52637,160.125
0.0,2432.51953,160.25
0.0,2432.5127,160.375
0.0,2432.5061,160.5
0.0,2432.49927,160.625
0.0,2432.49219,160.75
0.0,2432.48486,160.875
0.0,2432.47729,161.0
0.0,2432.46948,161.125
0.0,2432.46191,161.25
0.0,2432.45459,161.375
0.0,2432.44702,161.5
0.0,2432.43872,161.625
0.0,2432.42969,161.75
0.0,2432.42041,161.875
0.0,2432.4104,162.0
0.0,2432.40063,162.125
0.0,2432.39038,162.25
0.0,2432.37988,162.375
0.0,2432.3689,162.5
0.0,2432.35791,162.625
0.0,2432.34741,162.75
0.0,2432.33691,162.875
0.0,2432.32666,163.0
0.0,2432.31592,163.125
0.0,2432.30493,163.25
0.0,2432.2937,163.375
0.0,2432.28174,163.5
0.0,2432.26953,163.625
0.0,2432.25732,163.75
0.0,2432.24976,163.875
0.0,2432.26099,164.0
0.0,2432.3042,164.125
0.0,2432.3833,164.25
0.0,2432.4873,164.375
0.0,2432.59302,164.5
0.0,2432.67432,164.625
0.0,2432.71436,164.75
0.0,2432.71069,164.875
0.0,2432.67529,165.0
0.0,2432.62622,165.125
0.0,2432.57715,165.25
0.0,2432.53149,165.375
0.0,2432.48828,165.5
0.0,2432.44629,165.625
0.0,2432.40576,165.75
0.0,2432.36621,165.875
0.0,2432.32715,166.0
0.0,2432.28857,166.125
0.0,2432.25024,166.25
0.0,2432.21289,166.375
0.0,2432.177,166.5
0.0,2432.14258,166.625
0.0,2432.10986,166.75
0.0,2432.07861,166.875
0.0,2432.04785,167.0
0.0,2432.0166,167.125
0.0,2431.98438,167.25
0.0,2431.95068,167.375
0.0,2431.91553,167.5
0.0,2431.87988,167.625
0.0,2431.84424,167.75
0.0,2431.80908,167.875
0.0,2431.7749,168.0
0.0,2431.74121,168.125
0.0,2431.70801,168.25
0.0,2431.67529,168.375
0.0,2431.64355,168.5
0.0,2431.6123,168.625
0.0,2431.58154,168.75
0.0,2431.55078,168.875
0.0,2431.51978,169.0
0.0,2431.48877,169.125
0.0,2431.45703,169.25
0.0,2431.42578,169.375
0.0,2431.39429,169.5
0.0,2431.36353,169.625
0.0,2431.33325,169.75
0.0,2431.30371,169.875
0.0,2431.27539,170.0
0.0,2431.24756,170.125
0.0,2431.2207,170.25
0.0,2431.19409,170.375
0.0,2431.16895,170.5
0.0,2431.14478,170.625
0.0,2431.12183,170.75
0.0,2431.09888,170.875
0.0,2431.07544,171.0
0.0,2431.05029,171.125
0.0,2431.02295,171.25
0.0,2430.99414,171.375
0.0,2430.96484,171.5
0.0,2430.93604,171.625
0.0,2430.90967,171.75
0.0,2430.88452,171.875
0.0,2430.86035,172.0
0.0,2430.83643,172.125
0.0,2430.81226,172.25
0.0,2430.78735,172.375
0.0,2430.76245,172.5
0.0,2430.73779,172.625
0.0,2430.71338,172.75
0.0,2430.68848,172.875
0.0,2430.6626,173.0
0.0,2430.6355,173.125
0.0,2430.60718,173.25
0.0,2430.57861,173.375
0.0,2430.55078,173.5
0.0,2430.52441,173.625
0.0,2430.49951,173.75
0.0,2430.47656,173.875
0.0,2430.45435,174.0
0.0,2430.43311,174.125
0.0,2430.41162,174.25
0.0,2430.39014,174.375
0.0,2430.36768,174.5
0.0,2430.34473,174.625
0.0,2430.32129,174.75
0.0,2430.29761,174.875
0.0,2430.27417,175.0
0.0,2430.25098,175.125
0.0,2430.22803,175.25
0.0,2430.20581,175.375
0.0,2430.18457,175.5
0.0,2430.16406,175.625
0.0,2430.14404,175.75
0.0,2430.12451,175.875
0.0,2430.10547,176.0
0.0,2430.08594,176.125
0.0,2430.06592,176.25
0.0,2430.04492,176.375
0.0,2430.02319,176.5
0.0,2430.00098,176.625
0.0,2429.97803,176.75
0.0,2429.95557,176.875
0.0,2429.93359,177.0
0.0,2429.91187,177.125
0.0,2429.89087,177.25
0.0,2429.87012,177.375
0.0,2429.84985,177.5
0.0,2429.82959,177.625
0.0,2429.80957,177.75
0.0,2429.78906,177.875
0.0,2429.76855,178.0
0.0,2429.74756,178.125
0.0,2429.72607,178.25
0.0,2429.7041,178.375
0.0,2429.68213,178.5
0.0,2429.65991,178.625
0.0,2429.63818,178.75
0.0,2429.61694,178.875
0.0,2429.59619,179.0
0.0,2429.57642,179.125
0.0,2429.55713,179.25
0.0,2429.53784,179.375
0.0,2429.5188,179.5
0.0,2429.49951,179.625
0.0,2429.48047,179.75
0.0,2429.46118,179.875
0.0,2429.44189,180.0
0.0,2429.42285,180.125
0.0,2429.40381,180.25
0.0,2429.38501,180.375
0.0,2429.36621,180.5
0.0,2429.34741,180.625
0.0,2429.32861,180.75
0.0,2429.31006,180.875
0.0,2429.29199,181.0
0.0,2429.27441,181.125
0.0,2429.25684,181.25
0.0,2429.23926,181.375
0.0,2429.22192,181.5
0.0,2429.20435,181.625
0.0,2429.18652,181.75
0.0,2429.16846,181.875
0.0,2429.15015,182.0
0.0,2429.13159,182.125
0.0,2429.11353,182.25
0.0,2429.09521,182.375
0.0,2429.0769,182.5
0.0,2429.05859,182.625
0.0,2429.04053,182.75
0.0,2429.02295,182.875
0.0,2429.00562,183.0
0.0,2428.98828,183.125
0.0,2428.9707,183.25
0.0,2428.95264,183.375
0.0,2428.93433,183.5
0.0,2428.91577,183.625
0.0,2428.89722,183.75
0.0,2428.87915,183.875
0.0,2428.86157,184.0
0.0,2428.84375,184.125
0.0,2428.82617,184.25
0.0,2428.80884,184.375
0.0,2428.7915,184.5
0.0,2428.77417,184.625
0.0,2428.75708,184.75
0.0,2428.74048,184.875
0.0,2428.72388,185.0
0.0,2428.70703,185.125
0.0,2428.69043,185.25
0.0,2428.67334,185.375
0.0,2428.65625,185.5
0.0,2428.6394,185.625
0.0,2428.6228,185.75
0.0,2428.60669,185.875
0.0,2428.59082,186.0
0.0,2428.57544,186.125
0.0,2428.56006,186.25
0.0,2428.54419,186.375
0.0,2428.52832,186.5
0.0,2428.51221,186.625
0.0,2428.49609,186.75
0.0,2428.47998,186.875
0.0,2428.46436,187.0
0.0,2428.44873,187.125
0.0,2428.43311,187.25
0.0,2428.41724,187.375
0.0,2428.40112,187.5
0.0,2428.38525,187.625
0.0,2428.36914,187.75
0.0,2428.35303,187.875
0.0,2428.3374,188.0
0.0,2428.32153,188.125
0.0,2428.30591,188.25
0.0,2428.29028,188.375
0.0,2428.2749,188.5
0.0,2428.25977,188.625
0.0,2428.24463,188.75
0.0,2428.229,188.875
0.0,2428.21338,189.0
0.0,2428.19751,189.125
0.0,2428.18164,189.25
0.0,2428.16553,189.375
0.0,2428.1499,189.5
0.0,2428.13477,189.625
0.0,2428.11987,189.75
0.0,2428.10498,189.875
0.0,2428.09058,190.0
0.0,2428.07617,190.125
0.0,2428.06152,190.25
0.0,2428.04614,190.375
0.0,2428.03125,190.5
0.0,2428.01611,190.625
0.0,2428.00146,190.75
0.0,2427.98682,190.875
0.0,2427.97266,191.0
0.0,2427.95825,191.125
0.0,2427.9436,191.25
0.0,2427.92896,191.375
0.0,2427.91406,191.5
0.0,2427.89941,191.625
0.0,2427.88525,191.75
0.0,2427.87109,191.875
0.0,2427.85742,192.0
0.0,2427.84399,192.125
0.0,2427.83008,192.25
0.0,2427.81616,192.375
0.0,2427.80176,192.5
0.0,2427.7876,192.625
0.0,2427.77344,192.75
0.0,2427.75952,192.875
0.0,2427.74536,193.0
0.0,2427.73145,193.125
0.0,2427.71753,193.25
0.0,2427.7041,193.375
0.0,2427.69019,193.5
0.0,2427.67676,193.625
0.0,2427.66309,193.75
0.0,2427.64893,193.875
0.0,2427.63501,194.0
0.0,2427.62085,194.125
0.0,2427.60718,194.25
0.0,2427.59375,194.375
0.0,2427.58081,194.5
0.0,2427.56787,194.625
0.0,2427.55469,194.75
0.0,2427.54077,194.875
0.0,2427.52637,195.0
0.0,2427.51196,195.125
0.0,2427.49731,195.25
0.0,2427.4834,195.375
0.0,2427.47021,195.5
0.0,2427.45752,195.625
0.0,2427.44507,195.75
0.0,2427.43213,195.875
0.0,2427.41919,196.0
0.0,2427.40552,196.125
0.0,2427.39136,196.25
0.0,2427.37744,196.375
0.0,2427.36426,196.5
0.0,2427.35107,196.625
0.0,2427.33838,196.75
0.0,2427.32544,196.875
0.0,2427.3125,197.0
0.0,2427.2998,197.125
0.0,2427.28662,197.25
0.0,2427.27393,197.375
0.0,2427.26123,197.5
0.0,2427.24829,197.625
0.0,2427.2356,197.75
0.0,2427.22266,197.875
0.0,2427.21045,198.0
0.0,2427.19775,198.125
0.0,2427.18506,198.25
0.0,2427.17236,198.375
0.0,2427.15967,198.5
0.0,2427.14722,198.625
0.0,2427.13477,198.75
0.0,2427.12256,198.875
0.0,2427.11011,199.0
0.0,2427.09741,199.125
0.0,2427.08472,199.25
0.0,2427.07251,199.375
0.0,2427.06006,199.5
0.0,2427.04834,199.625
0.0,2427.03638,199.75
0.0,2427.02393,199.875
0.0,2427.01172,200.0
0.0,2426.99927,200.125
0.0,2426.98706,200.25
0.0,2426.97485,200.375
0.0,2426.9624,200.5
0.0,2426.94995,200.625
0.0,2426.93726,200.75
0.0,2426.92505,200.875
0.0,2426.9126,201.0
0.0,2426.90088,201.125
0.0,2426.88867,201.25
0.0,2426.87646,201.375
0.0,2426.86426,201.5
0.0,2426.85205,201.625
0.0,2426.84009,201.75
0.0,2426.82812,201.875
0.0,2426.81616,202.0
0.0,2426.8042,202.125
0.0,2426.79272,202.25
0.0,2426.78101,202.375
0.0,2426.76953,202.5
0.0,2426.75781,202.625
0.0,2426.74658,202.75
0.0,2426.73486,202.875
0.0,2426.72314,203.0
0.0,2426.71118,203.125
0.0,2426.69922,203.25
0.0,2426.68701,203.375
0.0,2426.6748,203.5
0.0,2426.66309,203.625
0.0,2426.65137,203.75
0.0,2426.63989,203.875
0.0,2426.62866,204.0
0.0,2426.61719,204.125
0.0,2426.60547,204.25
0.0,2426.59399,204.375
0.0,2426.58203,204.5
0.0,2426.57031,204.625
0.0,2426.55859,204.75
0.0,2426.54712,204.875
0.0,2426.53564,205.0
0.0,2426.52441,205.125
0.0,2426.51343,205.25
0.0,2426.50244,205.375
0.0,2426.49121,205.5
0.0,2426.47998,205.625
0.0,2426.46875,205.75
0.0,2426.45752,205.875
0.0,2426.44629,206.0
0.0,2426.43604,206.125
0.0,2426.43604,206.25
0.0,2426.48291,206.375
0.0,2426.64673,206.5
0.0,2427.00879,206.625
0.0,2427.61157,206.75
0.0,2428.42773,206.875
0.0,2429.3606,207.0
0.0,2430.28271,207.125
0.0,2431.08569,207.25
0.0,2431.72266,207.375
0.0,2432.21436,207.5
0.0,2432.62109,207.625
0.0,2432.99976,207.75
0.0,2433.37769,207.875
0.0,2433.7561,208.0
0.0,2434.13062,208.125
0.0,2434.5022,208.25
0.0,2434.87085,208.375
0.0,2435.2373,208.5
0.0,2435.60181,208.625
0.0,2435.9646,208.75
0.0,2436.32471,208.875
0.0,2436.68115,209.0
0.0,2437.03296,209.125
0.0,2437.37988,209.25
0.0,2437.72241,209.375
0.0,2438.06128,209.5
0.0,2438.39844,209.625
0.0,2438.73438,209.75
0.0,2439.06909,209.875
0.0,2439.40161,210.0
0.0,2439.7312,210.125
0.0,2440.05688,210.25
0.0,2440.37866,210.375
0.0,2440.69702,210.5
0.0,2441.01245,210.625
0.0,2441.32593,210.75
0.0,2441.63721,210.875
0.0,2441.9436,211.0
0.0,2442.23096,211.125
0.0,2442.47266,211.25
0.0,2442.63818,211.375
0.0,2442.70557,211.5
0.0,2442.6731,211.625
0.0,2442.56152,211.75
0.0,2442.40601,211.875
0.0,2442.24219,212.0
0.0,2442.09375,212.125
0.0,2441.9668,212.25
0.0,2441.85596,212.375
0.0,2441.75244,212.5
0.0,2441.65283,212.625
0.0,2441.55713,212.75
0.0,2441.46631,212.875
0.0,2441.38159,213.0
0.0,2441.30322,213.125
0.0,2441.23218,213.25
0.0,2441.17114,213.375
0.0,2441.12695,213.5
0.0,2441.1145,213.625
0.0,2441.15381,213.75
0.0,2441.2627,213.875
4.44813,2441.44995,214.0
4.44813,2441.71167,214.125
4.44813,2442.03149,214.25
4.44813,2442.38672,214.375
4.44813,2442.75781,214.5
4.44813,2443.13013,214.625
4.44813,2443.49805,214.75
4.44813,2443.8606,214.875
4.44813,2444.21777,215.0
4.44813,2444.56909,215.125
4.44813,2444.91455,215.25
4.44813,2445.25464,215.375
4.44813,2445.58936,215.5
4.44813,2445.92017,215.625
4.44813,2446.24658,215.75
4.44813,2446.56885,215.875
4.44813,2446.88623,216.0
4.44813,2447.19922,216.125
4.44813,2447.50806,216.25
4.44813,2447.81299,216.375
4.44813,2448.11426,216.5
4.44813,2448.41211,216.625
4.44813,2448.70679,216.75
4.44813,2448.99854,216.875
4.44813,2449.28784,217.0
4.44813,2449.5752,217.125
4.44813,2449.86108,217.25
4.44813,2450.146,217.375
4.44813,2450.43018,217.5
4.44813,2450.71313,217.625
4.44813,2450.99463,217.75
4.44813,2451.27368,217.875
4.44813,2451.55127,218.0
4.44813,2451.8269,218.125
4.44813,2452.10132,218.25
4.44813,2452.375,218.375
4.44813,2452.64771,218.5
4.44813,2452.91919,218.625
4.44813,2453.18921,218.75
4.44813,2453.45776,218.875
4.44813,2453.72485,219.0
4.44813,2453.99121,219.125
4.44813,2454.25684,219.25
4.44813,2454.52148,219.375
4.44813,2454.7854,219.5
4.44813,2455.04883,219.625
4.44813,2455.31152,219.75
4.44813,2455.57373,219.875
4.44813,2455.83496,220.0
4.44813,2456.09473,220.125
4.44813,2456.35229,220.25
4.44813,2456.60767,220.375
4.44813,2456.86084,220.5
4.44813,2457.11279,220.625
4.44813,2457.36377,220.75
4.44813,2457.61475,220.875
4.44813,2457.86523,221.0
4.44813,2458.11572,221.125
4.44813,2458.36572,221.25
4.44813,2458.61499,221.375
4.44813,2458.86328,221.5
4.44813,2459.1106,221.625
4.44813,2459.35693,221.75
4.44813,2459.60229,221.875
4.44813,2459.84619,222.0
4.44813,2460.08887,222.125
4.44813,2460.33081,222.25
4.44813,2460.57227,222.375
4.44813,2460.81445,222.5
4.44813,2461.0564,222.625
4.44813,2461.29932,222.75
4.44813,2461.54297,222.875
4.44813,2461.78613,223.0
4.44813,2462.02856,223.125
4.44813,2462.26953,223.25
4.44813,2462.50879,223.375
4.44813,2462.74561,223.5
4.44813,2462.9812,223.625
4.44813,2463.21655,223.75
4.44813,2463.4519,223.875
4.44813,2463.68726,224.0
4.44813,2463.92285,224.125
4.44813,2464.15796,224.25
4.44813,2464.39258,224.375
4.44813,2464.62671,224.5
4.44813,2464.8606,224.625
4.44813,2465.09448,224.75
4.44813,2465.32861,224.875
4.44813,2465.56274,225.0
4.44813,2465.79639,225.125
4.44813,2466.0293,225.25
4.44813,2466.26147,225.375
4.44813,2466.49292,225.5
4.44813,2466.72388,225.625
4.44813,2466.95459,225.75
4.44813,2467.18555,225.875
4.44813,2467.41577,226.0
4.44813,2467.64551,226.125
4.44813,2467.87354,226.25
4.44813,2468.10059,226.375
4.44813,2468.32617,226.5
4.44813,2468.55078,226.625
4.44813,2468.7749,226.75
4.44813,2468.99829,226.875
4.44813,2469.22119,227.0
4.44813,2469.44409,227.125
4.44813,2469.66699,227.25
4.44813,2469.89014,227.375
4.44813,2470.11304,227.5
4.44813,2470.33594,227.625
4.44813,2470.55933,227.75
4.44813,2470.78247,227.875
4.44813,2471.00537,228.0
4.44813,2471.22778,228.125
4.44813,2471.44971,228.25
4.44813,2471.67163,228.375
4.44813,2471.89331,228.5
4.44813,2472.1167,228.625
4.44813,2472.34229,228.75
4.44813,2472.57104,228.875
4.44813,2472.80444,229.0
4.44813,2473.04297,229.125
4.44813,2473.28809,229.25
4.44813,2473.54004,229.375
4.44813,2473.7998,229.5
4.44813,2474.06714,229.625
4.44813,2474.34204,229.75
4.44813,2474.62329,229.875
4.44813,2474.9104,230.0
4.44813,2475.20264,230.125
4.44813,2475.5,230.25
4.44813,2475.80225,230.375
4.44813,2476.10913,230.5
4.44813,2476.42139,230.625
4.44813,2476.73877,230.75
4.44813,2477.06152,230.875
4.44813,2477.38916,231.0
4.44813,2477.72192,231.125
4.44813,2478.06055,231.25
4.44813,2478.40479,231.375
4.44813,2478.75488,231.5
4.44813,2479.11011,231.625
4.44813,2479.47095,231.75
4.44813,2479.83691,231.875
4.44813,2480.20752,232.0
4.44813,2480.58276,232.125
4.44813,2480.96338,232.25
4.44813,2481.34937,232.375
4.44813,2481.74194,232.5
4.44813,2482.1416,232.625
4.44813,2482.54907,232.75
4.44813,2482.96411,232.875
4.44813,2483.38623,233.0
4.44813,2483.81494,233.125
4.44813,2484.24927,233.25
4.44813,2484.68994,233.375
4.44813,2485.13672,233.5
4.44813,2485.5896,233.625
4.44813,2486.04883,233.75
4.44813,2486.51392,233.875
4.44813,2486.98511,234.0
4.44813,2487.46191,234.125
4.44813,2487.94385,234.25
4.44813,2488.4292,234.375
4.44813,2488.91626,234.5
4.44813,2489.40283,234.625
4.44813,2489.88745,234.75
4.44813,2490.36914,234.875
4.44813,2490.8479,235.0
4.44813,2491.32397,235.125
4.44813,2491.7981,235.25
4.44813,2492.26953,235.375
4.44813,2492.73828,235.5
4.44813,2493.2041,235.625
4.44813,2493.66699,235.75
4.44813,2494.12744,235.875
4.44813,2494.58569,236.0
4.44813,2495.04199,236.125
4.44813,2495.49585,236.25
4.44813,2495.94678,236.375
4.44813,2496.39526,236.5
4.44813,2496.84082,236.625
4.44813,2497.28467,236.75
4.44813,2497.72778,236.875
4.44813,2498.17017,237.0
4.44813,2498.61255,237.125
4.44813,2499.0542,237.25
4.44813,2499.49536,237.375
4.44813,2499.93604,237.5
4.44813,2500.37549,237.625
4.44813,2500.81348,237.75
4.44813,2501.25024,237.875
4.44813,2501.68506,238.0
4.44813,2502.11865,238.125
4.44813,2502.55078,238.25
4.44813,2502.98193,238.375
4.44813,2503.4126,238.5
4.44813,2503.84253,238.625
4.44813,2504.27197,238.75
4.44813,2504.7002,238.875
4.44813,2505.1272,239.0
4.44813,2505.55249,239.125
4.44813,2505.97583,239.25
4.44813,2506.39722,239.375
4.44813,2506.81665,239.5
4.44813,2507.23486,239.625
4.44813,2507.65259,239.75
4.44813,2508.0708,239.875
4.44813,2508.48877,240.0
4.44813,2508.90625,240.125
4.44813,2509.32275,240.25
4.44813,2509.73779,240.375
4.44813,2510.15161,240.5
4.44813,2510.56445,240.625
4.44813,2510.97729,240.75
4.44813,2511.38989,240.875
4.44813,2511.80225,241.0
4.44813,2512.21362,241.125
4.44813,2512.62427,241.25
4.44813,2513.03394,241.375
4.44813,2513.44287,241.5
4.44813,2513.85229,241.625
4.44813,2514.26221,241.75
4.44813,2514.67236,241.875
4.44813,2515.08179,242.0
4.44813,2515.49023,242.125
4.44813,2515.89697,242.25
4.44813,2516.30322,242.375
4.44813,2516.70898,242.5
4.44813,2517.11523,242.625
4.44813,2517.52148,242.75
4.44813,2517.92725,242.875
4.44813,2518.33252,243.0
4.44813,2518.73682,243.125
4.44813,2519.1394,243.25
4.44813,2519.54053,243.375
4.44813,2519.94019,243.5
4.44813,2520.33813,243.625
4.44813,2520.73486,243.75
4.44813,2521.13135,243.875
4.44813,2521.52759,244.0
4.44813,2521.9248,244.125
4.44813,2522.32202,244.25
4.44813,2522.71973,244.375
4.44813,2523.11621,244.5
4.44813,2523.51196,244.625
4.44813,2523.90625,244.75
4.44813,2524.2998,244.875
4.44813,2524.69287,245.0
4.44813,2525.08496,245.125
4.44813,2525.47632,245.25
4.44813,2525.86694,245.375
4.44813,2526.25659,245.5
4.44813,2526.64648,245.625
4.44813,2527.03662,245.75
4.44813,2527.42725,245.875
4.44813,2527.81812,246.0
4.44813,2528.2085,246.125
4.44813,2528.59766,246.25
4.44813,2528.98584,246.375
4.44813,2529.3728,246.5
4.44813,2529.75928,246.625
4.44813,2530.14551,246.75
4.44813,2530.53198,246.875
4.44813,2530.9187,247.0
4.44813,2531.30566,247.125
4.44813,2531.69214,247.25
4.44813,2532.07861,247.375
4.44813,2532.46338,247.5
4.44813,2532.84668,247.625
4.44813,2533.22754,247.75
4.44813,2533.60693,247.875
4.44813,2533.9856,248.0
4.44813,2534.36377,248.125
4.44813,2534.74243,248.25
4.44813,2535.12134,248.375
4.44813,2535.50049,248.5
4.44813,2535.87988,248.625
4.44813,2536.25952,248.75
4.44813,2536.6394,248.875
4.44813,2537.02026,249.0
4.44813,2537.40112,249.125
4.44813,2537.78223,249.25
4.44813,2538.1626,249.375
4.44813,2538.54102,249.5
4.44813,2538.91895,249.625
4.44813,2539.29565,249.75
4.44813,2539.67236,249.875
4.44813,2540.04883,250.0
4.44813,2540.42456,250.125
4.44813,2540.7998,250.25
4.44813,2541.17358,250.375
4.44813,2541.54639,250.5
4.44813,2541.91772,250.625
4.44813,2542.28735,250.75
4.44813,2542.65625,250.875
4.44813,2543.02393,251.0
4.44813,2543.39014,251.125
4.44813,2543.75586,251.25
4.44813,2544.12207,251.375
4.44813,2544.48901,251.5
4.44813,2544.85693,251.625
4.44813,2545.22559,251.75
4.44813,2545.59473,251.875
4.44813,2545.96362,252.0
4.44813,2546.33179,252.125
4.44813,2546.69971,252.25
4.44813,2547.06787,252.375
4.44813,2547.43652,252.5
4.44813,2547.80518,252.625
4.44813,2548.17334,252.75
4.44813,2548.54077,252.875
4.44813,2548.90649,253.0
4.44813,2549.27075,253.125
4.44813,2549.63428,253.25
4.44813,2549.99756,253.375
4.44813,2550.36157,253.5
4.44813,2550.72607,253.625
4.44813,2551.09131,253.75
4.44813,2551.45654,253.875
4.44813,2551.82202,254.0
4.44813,2552.18774,254.125
4.44813,2552.55322,254.25
4.44813,2552.9187,254.375
4.44813,2553.28369,254.5
4.44813,2553.64844,254.625
4.44813,2554.01221,254.75
4.44813,2554.37622,254.875
4.44813,2554.74072,255.0
4.44813,2555.10547,255.125
4.44813,2555.47095,255.25
4.44813,2555.83618,255.375
4.44813,2556.20093,255.5
4.44813,2556.56543,255.625
4.44813,2556.9292,255.75
4.44813,2557.29248,255.875
4.44813,2557.6543,256.0
4.44813,2558.01416,256.125
4.44813,2558.37402,256.25
4.44813,2558.7334,256.375
4.44813,2559.09326,256.5
4.44813,2559.4541,256.625
4.44813,2559.81592,256.75
4.44813,2560.17773,256.875
4.44813,2560.53979,257.0
4.44813,2560.90161,257.125
4.44813,2561.26318,257.25
4.44813,2561.62427,257.375
4.44813,2561.9856,257.5
4.44813,2562.34644,257.625
4.44813,2562.70703,257.75
4.44813,2563.06738,257.875
4.44813,2563.42676,258.0
4.44813,2563.7854,258.125
4.44813,2564.14258,258.25
4.44813,2564.49902,258.375
4.44813,2564.85498,258.5
4.44813,2565.21143,258.625
4.44813,2565.56909,258.75
4.44813,2565.92749,258.875
4.44813,2566.28638,259.0
4.44813,2566.64502,259.125
4.44813,2567.00244,259.25
4.44813,2567.35913,259.375
4.44813,2567.71606,259.5
4.44813,2568.07373,259.625
4.44813,2568.43213,259.75
4.44813,2568.79102,259.875
4.44813,2569.15063,260.0
4.44813,2569.50977,260.125
4.44813,2569.86841,260.25
4.44813,2570.22583,260.375
4.44813,2570.58154,260.5
4.44813,2570.93604,260.625
4.44813,2571.28979,260.75
4.44813,2571.6438,260.875
4.44813,2571.99902,261.0
4.44813,2572.3562,261.125
4.44813,2572.7146,261.25
4.44813,2573.07349,261.375
4.44813,2573.43188,261.5
4.44813,2573.78906,261.625
4.44813,2574.14551,261.75
4.44813,2574.50122,261.875
4.44813,2574.85645,262.0
4.44813,2575.21167,262.125
4.44813,2575.56714,262.25
4.44813,2575.92188,262.375
4.44813,2576.27637,262.5
4.44813,2576.63062,262.625
4.44813,2576.98438,262.75
4.44813,2577.33838,262.875
4.44813,2577.69214,263.0
4.44813,2578.04565,263.125
4.44813,2578.39868,263.25
4.44813,2578.75098,263.375
4.44813,2579.10229,263.5
4.44813,2579.45312,263.625
4.44813,2579.80371,263.75
4.44813,2580.15381,263.875
4.44813,2580.50415,264.0
4.44813,2580.85498,264.125
4.44813,2581.20532,264.25
4.44813,2581.55615,264.375
4.44813,2581.90674,264.5
4.44813,2582.25732,264.625
4.44813,2582.60791,264.75
4.44813,2582.95898,264.875
4.44813,2583.31104,265.0
4.44813,2583.66382,265.125
4.44813,2584.01782,265.25
4.44813,2584.37183,265.375
4.44813,2584.72607,265.5
4.44813,2585.08032,265.625
4.44813,2585.43433,265.75
4.44813,2585.78784,265.875
4.44813,2586.14111,266.0
4.44813,2586.49365,266.125
4.44813,2586.84521,266.25
4.44813,2587.19653,266.375
4.44813,2587.54785,266.5
4.44813,2587.89917,266.625
4.44813,2588.25195,266.75
4.44813,2588.60596,266.875
4.44813,2588.96021,267.0
4.44813,2589.3147,267.125
4.44813,2589.6687,267.25
4.44813,2590.02197,267.375
4.44813,2590.375,267.5
4.44813,2590.72852,267.625
4.44813,2591.08276,267.75
4.44813,2591.43774,267.875
4.44813,2591.79297,268.0
4.44813,2592.14819,268.125
4.44813,2592.50317,268.25
4.44813,2592.85815,268.375
4.44813,2593.21338,268.5
4.44813,2593.5686,268.625
4.44813,2593.92432,268.75
4.44813,2594.28003,268.875
4.44813,2594.63525,269.0
4.44813,2594.99023,269.125
4.44813,2595.34473,269.25
4.44813,2595.69873,269.375
4.44813,2596.05225,269.5
4.44813,2596.40527,269.625
4.44813,2596.75806,269.75
4.44813,2597.11133,269.875
4.44813,2597.4646,270.0
4.44813,2597.81812,270.125
4.44813,2598.17114,270.25
4.44813,2598.52368,270.375
4.44813,2598.87524,270.5
4.44813,2599.22607,270.625
4.44813,2599.57642,270.75
4.44813,2599.92627,270.875
4.44813,2600.27295,271.0
4.44813,2600.59595,271.125
4.44813,2600.84839,271.25
4.44813,2600.96753,271.375
4.44813,2600.90601,271.5
4.44813,2600.65527,271.625
4.44813,2600.25562,271.75
4.44813,2599.78223,271.875
4.44813,2599.31445,272.0
4.44813,2598.9043,272.125
4.44813,2598.56348,272.25
4.44813,2598.26953,272.375
4.44813,2597.99048,272.5
4.44813,2597.70898,272.625
4.44813,2597.42065,272.75
4.44813,2597.12891,272.875
4.44813,2596.83838,273.0
4.44813,2596.55396,273.125
4.44813,2596.28149,273.25
4.44813,2596.02441,273.375
4.44813,2595.78638,273.5
4.44813,2595.57153,273.625
4.44813,2595.39014,273.75
4.44813,2595.26562,273.875
4.44813,2595.23267,274.0
4.44813,2595.32764,274.125
5.28075,2595.57446,274.25
5.28075,2595.97144,274.375
5.28075,2596.49023,274.5
5.28075,2597.08398,274.625
5.28075,2597.70459,274.75
5.28075,2598.31665,274.875
5.28075,2598.90454,275.0
5.28075,2599.46753,275.125
5.28075,2600.00879,275.25
5.28075,2600.53296,275.375
5.28075,2601.04321,275.5
5.28075,2601.54224,275.625
5.28075,2602.03149,275.75
5.28075,2602.51147,275.875
5.28075,2602.98291,276.0
5.28075,2603.44678,276.125
5.28075,2603.90332,276.25
5.28075,2604.35303,276.375
5.28075,2604.79688,276.5
5.28075,2605.23486,276.625
5.28075,2605.66699,276.75
5.28075,2606.09448,276.875
5.28075,2606.51758,277.0
5.28075,2606.93652,277.125
5.28075,2607.35229,277.25
5.28075,2607.76514,277.375
5.28075,2608.17529,277.5
5.28075,2608.58276,277.625
5.28075,2608.9873,277.75
5.28075,2609.38843,277.875
5.28075,2609.78564,278.0
5.28075,2610.18018,278.125
5.28075,2610.57178,278.25
5.28075,2610.96167,278.375
5.28075,2611.35107,278.5
5.28075,2611.73926,278.625
5.28075,2612.12695,278.75
5.28075,2612.51318,278.875
5.28075,2612.89844,279.0
5.28075,2613.28174,279.125
5.28075,2613.66431,279.25
5.28075,2614.04639,279.375
5.28075,2614.42822,279.5
5.28075,2614.80933,279.625
5.28075,2615.18994,279.75
5.28075,2615.56885,279.875
5.28075,2615.94629,280.0
5.28075,2616.32129,280.125
5.28075,2616.69458,280.25
5.28075,2617.06616,280.375
5.28075,2617.4375,280.5
5.28075,2617.80859,280.625
5.28075,2618.18018,280.75
5.28075,2618.552,280.875
5.28075,2618.92383,281.0
5.28075,2619.29565,281.125
5.28075,2619.66675,281.25
5.28075,2620.03687,281.375
5.28075,2620.40601,281.5
5.28075,2620.77441,281.625
5.28075,2621.14233,281.75
5.28075,2621.51001,281.875
5.28075,2621.87793,282.0
5.28075,2622.24561,282.125
5.28075,2622.61206,282.25
5.28075,2622.97803,282.375
5.28075,2623.34375,282.5
5.28075,2623.70972,282.625
5.28075,2624.07666,282.75
5.28075,2624.44385,282.875
5.28075,2624.81079,283.0
5.28075,2625.17749,283.125
5.28075,2625.54395,283.25
5.28075,2625.91016,283.375
5.28075,2626.27686,283.5
5.28075,2626.64429,283.625
5.28075,2627.01123,283.75
5.28075,2627.37695,283.875
5.28075,2627.74146,284.0
5.28075,2628.10498,284.125
5.28075,2628.46777,284.25
5.28075,2628.83179,284.375
5.28075,2629.19678,284.5
5.28075,2629.5625,284.625
5.28075,2629.9292,284.75
5.28075,2630.2959,284.875
5.28075,2630.66211,285.0
5.28075,2631.02783,285.125
5.28075,2631.39258,285.25
5.28075,2631.75659,285.375
5.28075,2632.11938,285.5
5.28075,2632.48145,285.625
5.28075,2632.84399,285.75
5.28075,2633.20728,285.875
5.28075,2633.57178,286.0
5.28075,2633.9375,286.125
5.28075,2634.30347,286.25
5.28075,2634.66895,286.375
5.28075,2635.03394,286.5
5.28075,2635.39819,286.625
5.28075,2635.76172,286.75
5.28075,2636.12524,286.875
5.28075,2636.4895,287.0
5.28075,2636.854,287.125
5.28075,2637.21875,287.25
5.28075,2637.58301,287.375
5.28075,2637.94653,287.5
5.28075,2638.30957,287.625
5.28075,2638.67139,287.75
5.28075,2639.0332,287.875
5.28075,2639.39478,288.0
5.28075,2639.7561,288.125
5.28075,2640.11768,288.25
5.28075,2640.47925,288.375
5.28075,2640.8418,288.5
5.28075,2641.20508,288.625
5.28075,2641.56958,288.75
5.28075,2641.93359,288.875
5.28075,2642.29639,289.0
5.28075,2642.65771,289.125
5.28075,2643.01807,289.25
5.28075,2643.37915,289.375
5.28075,2643.7417,289.5
5.28075,2644.10596,289.625
5.28075,2644.47144,289.75
5.28075,2644.83594,289.875
5.28075,2645.19849,290.0
5.28075,2645.55884,290.125
5.28075,2645.91797,290.25
5.28075,2646.27783,290.375
5.28075,2646.63965,290.5
5.28075,2647.00391,290.625
5.28075,2647.37061,290.75
5.28075,2647.73828,290.875
5.28075,2648.10547,291.0
5.28075,2648.47266,291.125
5.28075,2648.83887,291.25
5.28075,2649.20459,291.375
5.28075,2649.57056,291.5
5.28075,2649.93652,291.625
5.28075,2650.30273,291.75
5.28075,2650.66919,291.875
5.28075,2651.0354,292.0
5.28075,2651.40161,292.125
5.28075,2651.76831,292.25
5.28075,2652.13501,292.375
5.28075,2652.50244,292.5
5.28075,2652.87012,292.625
5.28075,2653.23877,292.75
5.28075,2653.60767,292.875
5.28075,2653.97705,293.0
5.28075,2654.34644,293.125
5.28075,2654.71558,293.25
5.28075,2655.08398,293.375
5.28075,2655.4519,293.5
5.28075,2655.81934,293.625
5.28075,2656.18652,293.75
5.28075,2656.55273,293.875
5.28075,2656.91846,294.0
5.28075,2657.2832,294.125
5.28075,2657.64746,294.25
5.28075,2658.01221,294.375
5.28075,2658.37769,294.5
5.28075,2658.74414,294.625
5.28075,2659.11133,294.75
5.28075,2659.47852,294.875
5.28075,2659.84595,295.0
5.28075,2660.21338,295.125
5.28075,2660.58032,295.25
5.28075,2660.94678,295.375
5.28075,2661.31274,295.5
5.28075,2661.67749,295.625
5.28075,2662.04102,295.75
5.28075,2662.40356,295.875
5.28075,2662.76514,296.0
5.28075,2663.12744,296.125
5.28075,2663.49072,296.25
5.28075,2663.85498,296.375
5.28075,2664.22046,296.5
5.28075,2664.58691,296.625
5.28075,2664.9541,296.75
5.28075,2665.32153,296.875
5.28075,2665.6897,297.0
5.28075,2666.05908,297.125
5.28075,2666.42871,297.25
5.28075,2666.79883,297.375
5.28075,2667.1687,297.5
5.28075,2667.53711,297.625
5.28075,2667.90405,297.75
5.28075,2668.26929,297.875
5.28075,2668.63379,298.0
5.28075,2668.99829,298.125
5.28075,2669.36401,298.25
5.28075,2669.73096,298.375
5.28075,2670.09961,298.5
5.28075,2670.46973,298.625
5.28075,2670.84106,298.75
5.28075,2671.21338,298.875
5.28075,2671.58716,299.0
5.28075,2671.96118,299.125
5.28075,2672.33447,299.25
5.28075,2672.70654,299.375
5.28075,2673.07715,299.5
5.28075,2673.44629,299.625
5.28075,2673.8147,299.75
5.28075,2674.18311,299.875
5.28075,2674.55225,300.0
5.28075,2674.92188,300.125
5.28075,2675.29224,300.25
5.28075,2675.66357,300.375
5.28075,2676.03564,300.5
5.28075,2676.40918,300.625
5.28075,2676.7832,300.75
5.28075,2677.15747,300.875
5.28075,2677.53174,301.0
5.28075,2677.90601,301.125
5.28075,2678.2793,301.25
5.28075,2678.65186,301.375
5.28075,2679.02344,301.5
5.28075,2679.39478,301.625
5.28075,2679.76562,301.75
5.28075,2680.13623,301.875
5.28075,2680.50684,302.0
5.28075,2680.87744,302.125
5.28075,2681.24805,302.25
5.28075,2681.61865,302.375
5.28075,2681.98901,302.5
5.28075,2682.35986,302.625
5.28075,2682.73047,302.75
5.28075,2683.10156,302.875
5.28075,2683.47363,303.0
5.28075,2683.84644,303.125
5.28075,2684.21997,303.25
5.28075,2684.59326,303.375
5.28075,2684.96582,303.5
5.28075,2685.33643,303.625
5.28075,2685.70483,303.75
5.28075,2686.07227,303.875
5.28075,2686.43896,304.0
5.28075,2686.80713,304.125
5.28075,2687.17773,304.25
5.28075,2687.55078,304.375
5.28075,2687.92578,304.5
5.28075,2688.302,304.625
5.28075,2688.67871,304.75
5.28075,2689.05469,304.875
5.28075,2689.43066,305.0
5.28075,2689.80566,305.125
5.28075,2690.18115,305.25
5.28075,2690.55713,305.375
5.28075,2690.93408,305.5
5.28075,2691.31201,305.625
5.28075,2691.6897,305.75
5.28075,2692.06689,305.875
5.28075,2692.4436,306.0
5.28075,2692.81982,306.125
5.28075,2693.19531,306.25
5.28075,2693.57056,306.375
5.28075,2693.94531,306.5
5.28075,2694.32031,306.625
5.28075,2694.69629,306.75
5.28075,2695.07349,306.875
5.28075,2695.4519,307.0
5.28075,2695.83105,307.125
5.28075,2696.20972,307.25
5.28075,2696.58765,307.375
5.28075,2696.96484,307.5
5.28075,2697.34106,307.625
5.28075,2697.71777,307.75
5.28075,2698.09375,307.875
5.28075,2698.46973,308.0
5.28075,2698.84473,308.125
5.28075,2699.21924,308.25
5.28075,2699.59326,308.375
5.28075,2699.96826,308.5
5.28075,2700.34473,308.625
5.28075,2700.72314,308.75
5.28075,2701.10205,308.875
5.28075,2701.48096,309.0
5.28075,2701.8584,309.125
5.28075,2702.23364,309.25
5.28075,2702.60742,309.375
5.28075,2702.98145,309.5
5.28075,2703.35645,309.625
5.28075,2703.73364,309.75
5.28075,2704.11255,309.875
5.28075,2704.49194,310.0
5.28075,2704.87134,310.125
5.28075,2705.25049,310.25
5.28075,2705.62939,310.375
5.28075,2706.0083,310.5
5.28075,2706.3877,310.625
5.28075,2706.76685,310.75
5.28075,2707.14575,310.875
5.28075,2707.52441,311.0
5.28075,2707.9021,311.125
5.28075,2708.28027,311.25
5.28075,2708.65918,311.375
5.28075,2709.03906,311.5
5.28075,2709.41992,311.625
5.28075,2709.802,311.75
5.28075,2710.18506,311.875
5.28075,2710.5686,312.0
5.28075,2710.95264,312.125
5.28075,2711.3374,312.25
5.28075,2711.72314,312.375
5.28075,2712.10889,312.5
5.28075,2712.49463,312.625
5.28075,2712.87939,312.75
5.28075,2713.26392,312.875
5.28075,2713.64746,313.0
5.28075,2714.03052,313.125
5.28075,2714.41357,313.25
5.28075,2714.79663,313.375
5.28075,2715.18042,313.5
5.28075,2715.56543,313.625
5.28075,2715.95142,313.75
5.28075,2716.33887,313.875
5.28075,2716.72705,314.0
5.28075,2717.11499,314.125
5.28075,2717.50244,314.25
5.28075,2717.88892,314.375
5.28075,2718.27393,314.5
5.28075,2718.6582,314.625
5.28075,2719.04224,314.75
5.28075,2719.42627,314.875
5.28075,2719.81079,315.0
5.28075,2720.1958,315.125
5.28075,2720.58203,315.25
5.28075,2720.96924,315.375
5.28075,2721.35693,315.5
5.28075,2721.74512,315.625
5.28075,2722.13306,315.75
5.28075,2722.52148,315.875
5.28075,2722.91064,316.0
5.28075,2723.30078,316.125
5.28075,2723.69116,316.25
5.28075,2724.08081,316.375
5.28075,2724.46875,316.5
5.28075,2724.85425,316.625
5.28075,2725.23755,316.75
5.28075,2725.62012,316.875
5.28075,2726.00342,317.0
5.28075,2726.3877,317.125
5.28075,2726.77393,317.25
5.28075,2727.16113,317.375
5.28075,2727.54907,317.5
5.28075,2727.9375,317.625
5.28075,2728.32617,317.75
5.28075,2728.71558,317.875
5.28075,2729.10571,318.0
5.28075,2729.49707,318.125
5.28075,2729.88916,318.25
5.28075,2730.28125,318.375
5.28075,2730.67236,318.5
5.28075,2731.06299,318.625
5.28075,2731.45215,318.75
5.28075,2731.84106,318.875
5.28075,2732.23047,319.0
5.28075,2732.62061,319.125
5.28075,2733.01123,319.25
5.28075,2733.40259,319.375
5.28075,2733.79346,319.5
5.28075,2734.1853,319.625
5.28075,2734.57764,319.75
5.28075,2734.9707,319.875
5.28075,2735.36401,320.0
5.28075,2735.75781,320.125
5.28075,2736.15186,320.25
5.28075,2736.54541,320.375
5.28075,2736.93896,320.5
5.28075,2737.33252,320.625
5.28075,2737.72583,320.75
5.28075,2738.11914,320.875
5.28075,2738.51172,321.0
5.28075,2738.90381,321.125
5.28075,2739.29565,321.25
5.28075,2739.68799,321.375
5.28075,2740.08105,321.5
5.28075,2740.47632,321.625
5.28075,2740.87231,321.75
5.28075,2741.26587,321.875
5.28075,2741.62793,322.0
5.28075,2741.88745,322.125
5.28075,2741.95776,322.25
5.28075,2741.77905,322.375
5.28075,2741.354,322.5
5.28075,2740.75439,322.625
5.28075,2740.0957,322.75
5.28075,2739.48706,322.875
5.28075,2738.99194,323.0
5.28075,2738.60938,323.125
5.28075,2738.29272,323.25
5.28075,2737.98926,323.375
5.28075,2737.67383,323.5
5.28075,2737.34473,323.625
5.28075,2737.00562,323.75
5.28075,2736.66211,323.875
5.28075,2736.32153,324.0
5.28075,2735.99048,324.125
5.28075,2735.6748,324.25
5.28075,2735.3811,324.375
5.28075,2735.12134,324.5
5.28075,2734.91992,324.625
5.28075,2734.81299,324.75
5.28075,2734.84326,324.875
0.0,2735.04053,325.0
0.0,2735.41138,325.125
0.0,2735.93188,325.25
0.0,2736.55518,325.375
0.0,2737.22534,325.5
0.0,2737.89746,325.625
0.0,2738.54736,325.75
0.0,2739.16919,325.875
0.0,2739.76636,326.0
0.0,2740.34497,326.125
0.0,2740.90869,326.25
0.0,2741.46118,326.375
0.0,2742.00439,326.5
0.0,2742.54004,326.625
0.0,2743.06909,326.75
0.0,2743.59229,326.875
0.0,2744.10986,327.0
0.0,2744.62231,327.125
0.0,2745.12891,327.25
0.0,2745.63086,327.375
0.0,2746.12793,327.5
0.0,2746.62012,327.625
0.0,2747.10742,327.75
0.0,2747.58936,327.875
0.0,2748.06567,328.0
0.0,2748.53662,328.125
0.0,2749.0022,328.25
0.0,2749.46338,328.375
0.0,2749.92139,328.5
0.0,2750.37793,328.625
0.0,2750.83276,328.75
0.0,2751.28564,328.875
0.0,2751.73657,329.0
0.0,2752.18457,329.125
0.0,2752.62939,329.25
0.0,2753.07178,329.375
0.0,2753.51294,329.5
0.0,2753.95361,329.625
0.0,2754.39478,329.75
0.0,2754.83594,329.875
0.0,2755.27661,330.0
0.0,2755.71582,330.125
0.0,2756.15356,330.25
0.0,2756.58984,330.375
0.0,2757.0249,330.5
0.0,2757.45898,330.625
0.0,2757.89233,330.75
0.0,2758.32471,330.875
0.0,2758.75586,331.0
0.0,2759.18506,331.125
0.0,2759.61304,331.25
0.0,2760.03906,331.375
0.0,2760.46313,331.5
0.0,2760.88623,331.625
0.0,2761.30908,331.75
0.0,2761.73242,331.875
0.0,2762.15698,332.0
0.0,2762.58203,332.125
0.0,2763.00684,332.25
0.0,2763.43115,332.375
0.0,2763.85474,332.5
0.0,2764.27832,332.625
0.0,2764.70215,332.75
0.0,2765.12646,332.875
0.0,2765.55029,333.0
0.0,2765.97363,333.125
0.0,2766.39551,333.25
0.0,2766.81543,333.375
0.0,2767.23438,333.5
0.0,2767.65308,333.625
0.0,2768.07178,333.75
0.0,2768.49219,333.875
0.0,2768.91357,334.0
0.0,2769.33594,334.125
0.0,2769.75928,334.25
0.0,2770.18213,334.375
0.0,2770.60571,334.5
0.0,2771.02832,334.625
0.0,2771.4502,334.75
0.0,2771.87085,334.875
0.0,2772.28979,335.0
0.0,2772.70752,335.125
0.0,2773.12402,335.25
0.0,2773.54053,335.375
0.0,2773.95752,335.5
0.0,2774.375,335.625
0.0,2774.79395,335.75
0.0,2775.21387,335.875
0.0,2775.63525,336.0
0.0,2776.05835,336.125
0.0,2776.48193,336.25
0.0,2776.90625,336.375
0.0,2777.33008,336.5
0.0,2777.75293,336.625
0.0,2778.17334,336.75
0.0,2778.59253,336.875
0.0,2779.0105,337.0
0.0,2779.42847,337.125
0.0,2779.84668,337.25
0.0,2780.26587,337.375
0.0,2780.68555,337.5
0.0,2781.10596,337.625
0.0,2781.52661,337.75
0.0,2781.948,337.875
0.0,2782.37012,338.0
0.0,2782.79297,338.125
0.0,2783.21655,338.25
0.0,2783.63989,338.375
0.0,2784.06226,338.5
0.0,2784.48315,338.625
0.0,2784.90308,338.75
0.0,2785.32178,338.875
0.0,2785.74121,339.0
0.0,2786.16187,339.125
0.0,2786.58496,339.25
0.0,2787.00928,339.375
0.0,2787.43457,339.5
0.0,2787.86011,339.625
0.0,2788.28516,339.75
0.0,2788.71045,339.875
0.0,2789.13574,340.0
0.0,2789.56104,340.125
0.0,2789.98535,340.25
0.0,2790.4082,340.375
0.0,2790.82959,340.5
0.0,2791.24976,340.625
0.0,2791.6709,340.75
0.0,2792.09326,340.875
0.0,2792.51733,341.0
0.0,2792.94287,341.125
0.0,2793.36914,341.25
0.0,2793.79614,341.375
0.0,2794.22314,341.5
0.0,2794.65088,341.625
0.0,2795.0791,341.75
0.0,2795.50757,341.875
0.0,2795.93604,342.0
0.0,2796.36401,342.125
0.0,2796.79053,342.25
0.0,2797.21558,342.375
0.0,2797.6394,342.5
0.0,2798.06274,342.625
0.0,2798.48657,342.75
0.0,2798.91138,342.875
0.0,2799.3374,343.0
0.0,2799.76416,343.125
0.0,2800.19165,343.25
0.0,2800.62012,343.375
0.0,2801.05005,343.5
0.0,2801.48071,343.625
0.0,2801.9126,343.75
0.0,2802.34497,343.875
0.0,2802.77588,344.0
0.0,2803.20605,344.125
0.0,2803.63428,344.25
0.0,2804.06226,344.375
0.0,2804.49023,344.5
0.0,2804.91919,344.625
0.0,2805.34912,344.75
0.0,2805.77979,344.875
0.0,2806.21167,345.0
0.0,2806.64404,345.125
0.0,2807.0769,345.25
0.0,2807.51074,345.375
0.0,2807.9436,345.5
0.0,2808.37549,345.625
0.0,2808.80566,345.75
0.0,2809.23462,345.875
0.0,2809.66309,346.0
0.0,2810.0918,346.125
0.0,2810.52173,346.25
0.0,2810.95361,346.375
0.0,2811.38696,346.5
0.0,2811.82129,346.625
0.0,2812.2561,346.75
0.0,2812.69116,346.875
0.0,2813.12646,347.0
0.0,2813.56226,347.125
0.0,2813.99902,347.25
0.0,2814.43628,347.375
0.0,2814.87305,347.5
0.0,2815.30908,347.625
0.0,2815.74316,347.75
0.0,2816.17627,347.875
0.0,2816.60889,348.0
0.0,2817.04272,348.125
0.0,2817.47827,348.25
0.0,2817.91553,348.375
0.0,2818.35352,348.5
0.0,2818.79199,348.625
0.0,2819.22998,348.75
0.0,2819.66821,348.875
0.0,2820.10693,349.0
0.0,2820.5459,349.125
0.0,2820.9856,349.25
0.0,2821.42456,349.375
0.0,2821.86279,349.5
0.0,2822.29883,349.625
0.0,2822.7334,349.75
0.0,2823.16699,349.875
0.0,2823.60107,350.0
0.0,2824.03613,350.125
0.0,2824.4729,350.25
0.0,2824.91138,350.375
0.0,2825.35107,350.5
0.0,2825.7915,350.625
0.0,2826.23193,350.75
0.0,2826.67261,350.875
0.0,2827.11377,351.0
0.0,2827.55469,351.125
0.0,2827.99512,351.25
0.0,2828.43457,351.375
0.0,2828.87305,351.5
0.0,2829.31055,351.625
0.0,2829.74805,351.75
0.0,2830.18628,351.875
0.0,2830.62573,352.0
0.0,2831.06592,352.125
0.0,2831.5061,352.25
0.0,2831.94653,352.375
0.0,2832.38794,352.5
0.0,2832.83008,352.625
0.0,2833.27393,352.75
0.0,2833.71802,352.875
0.0,2834.16211,353.0
0.0,2834.60449,353.125
0.0,2835.04468,353.25
0.0,2835.4834,353.375
0.0,2835.9209,353.5
0.0,2836.35938,353.625
0.0,2836.79956,353.75
0.0,2837.24072,353.875
0.0,2837.68286,354.0
0.0,2838.12573,354.125
0.0,2838.56909,354.25
0.0,2839.0127,354.375
0.0,2839.45703,354.5
0.0,2839.9021,354.625
0.0,2840.34766,354.75
0.0,2840.79297,354.875
0.0,2841.23828,355.0
0.0,2841.68311,355.125
0.0,2842.12695,355.25
0.0,2842.57129,355.375
0.0,2843.01611,355.5
0.0,2843.46216,355.625
0.0,2843.90894,355.75
0.0,2844.35596,355.875
0.0,2844.80249,356.0
0.0,2845.24854,356.125
0.0,2845.69409,356.25
0.0,2846.14014,356.375
0.0,2846.58643,356.5
0.0,2847.0332,356.625
0.0,2847.48071,356.75
0.0,2847.92798,356.875
0.0,2848.375,357.0
0.0,2848.82153,357.125
0.0,2849.26782,357.25
0.0,2849.71411,357.375
0.0,2850.16016,357.5
0.0,2850.60596,357.625
0.0,2851.05225,357.75
0.0,2851.49902,357.875
0.0,2851.94629,358.0
0.0,2852.39233,358.125
0.0,2852.82593,358.25
0.0,2853.21558,358.375
0.0,2853.51489,358.5
0.0,2853.67603,358.625
0.0,2853.67017,358.75
0.0,2853.49902,358.875
0.0,2853.19824,359.0
0.0,2852.82178,359.125
0.0,2852.42261,359.25
0.0,2852.03613,359.375
0.0,2851.67505,359.5
0.0,2851.33716,359.625
0.0,2851.01685,359.75
0.0,2850.71143,359.875
0.0,2850.41943,360.0
0.0,2850.13794,360.125
0.0,2849.86646,360.25
0.0,2849.60376,360.375
0.0,2849.34937,360.5
0.0,2849.10205,360.625
0.0,2848.86108,360.75
0.0,2848.62646,360.875
0.0,2848.39697,361.0
0.0,2848.17236,361.125
0.0,2847.95264,361.25
0.0,2847.73657,361.375
0.0,2847.5249,361.5
0.0,2847.31641,361.625
0.0,2847.11255,361.75
0.0,2846.9126,361.875
0.0,2846.71729,362.0
0.0,2846.52588,362.125
0.0,2846.33838,362.25
0.0,2846.1543,362.375
0.0,2845.97314,362.5
0.0,2845.79492,362.625
0.0,2845.61987,362.75
0.0,2845.44775,362.875
0.0,2845.27832,363.0
0.0,2845.11133,363.125
0.0,2844.94604,363.25
0.0,2844.78271,363.375
0.0,2844.62134,363.5
0.0,2844.4624,363.625
0.0,2844.30518,363.75
0.0,2844.15088,363.875
0.0,2843.99951,364.0
0.0,2843.85107,364.125
0.0,2843.70508,364.25
0.0,2843.5603,364.375
0.0,2843.41699,364.5
0.0,2843.27466,364.625
0.0,2843.1333,364.75
0.0,2842.99316,364.875
0.0,2842.85449,365.0
0.0,2842.7168,365.125
0.0,2842.58008,365.25
0.0,2842.44531,365.375
0.0,2842.31152,365.5
0.0,2842.17969,365.625
0.0,2842.04932,365.75
0.0,2841.92041,365.875
0.0,2841.79297,366.0
0.0,2841.66699,366.125
0.0,2841.54248,366.25
0.0,2841.41846,366.375
0.0,2841.29541,366.5
0.0,2841.17285,366.625
0.0,2841.05078,366.75
0.0,2840.92969,366.875
0.0,2840.80981,367.0
0.0,2840.69141,367.125
0.0,2840.57471,367.25
0.0,2840.45874,367.375
0.0,2840.34375,367.5
0.0,2840.22949,367.625
0.0,2840.11572,367.75
0.0,2840.00293,367.875
0.0,2839.89111,368.0
0.0,2839.78003,368.125
0.0,2839.67041,368.25
0.0,2839.56177,368.375
0.0,2839.45361,368.5
0.0,2839.34619,368.625
0.0,2839.23975,368.75
0.0,2839.13354,368.875
0.0,2839.02832,369.0
0.0,2838.92334,369.125
0.0,2838.81909,369.25
0.0,2838.71533,369.375
0.0,2838.61255,369.5
0.0,2838.51099,369.625
0.0,2838.41064,369.75
0.0,2838.31152,369.875
0.0,2838.21289,370.0
0.0,2838.11401,370.125
0.0,2838.01562,370.25
0.0,2837.91748,370.375
0.0,2837.82007,370.5
0.0,2837.72314,370.625
0.0,2837.62646,370.75
0.0,2837.53027,370.875
0.0,2837.43433,371.0
0.0,2837.33911,371.125
0.0,2837.24438,371.25
0.0,2837.15088,371.375
0.0,2837.05786,371.5
0.0,2836.96533,371.625
0.0,2836.87305,371.75
0.0,2836.78076,371.875
0.0,2836.68896,372.0
0.0,2836.59717,372.125
0.0,2836.50635,372.25
0.0,2836.41626,372.375
0.0,2836.32666,372.5
0.0,2836.23804,372.625
0.0,2836.14966,372.75
0.0,2836.06201,372.875
0.0,2835.97437,373.0
0.0,2835.88745,373.125
0.0,2835.80127,373.25
0.0,2835.71582,373.375
0.0,2835.63037,373.5
0.0,2835.54468,373.625
0.0,2835.45898,373.75
0.0,2835.37354,373.875
0.0,2835.28857,374.0
0.0,2835.20459,374.125
0.0,2835.12134,374.25
0.0,2835.03857,374.375
0.0,2834.95654,374.5
0.0,2834.87402,374.625
0.0,2834.79199,374.75
0.0,2834.70996,374.875
0.0,2834.62842,375.0
0.0,2834.54736,375.125
0.0,2834.46704,375.25
0.0,2834.3877,375.375
0.0,2834.30859,375.5
0.0,2834.22974,375.625
0.0,2834.15112,375.75
0.0,2834.07202,375.875
0.0,2833.99268,376.0
0.0,2833.91333,376.125
0.0,2833.83447,376.25
0.0,2833.75586,376.375
0.0,2833.67871,376.5
0.0,2833.60254,376.625
0.0,2833.52686,376.75
0.0,2833.45142,376.875
0.0,2833.37598,377.0
0.0,2833.30078,377.125
0.0,2833.22559,377.25
0.0,2833.15039,377.375
0.0,2833.07544,377.5
0.0,2833.00098,377.625
0.0,2832.92725,377.75
0.0,2832.85376,377.875
0.0,2832.78076,378.0
0.0,2832.70801,378.125
0.0,2832.63574,378.25
0.0,2832.56396,378.375
0.0,2832.49243,378.5
0.0,2832.42139,378.625
0.0,2832.35083,378.75
0.0,2832.28052,378.875
0.0,2832.20972,379.0
0.0,2832.13916,379.125
0.0,2832.06787,379.25
0.0,2831.99658,379.375
0.0,2831.92603,379.5
0.0,2831.8562,379.625
0.0,2831.78735,379.75
0.0,2831.71924,379.875
0.0,2831.65112,380.0
0.0,2831.5835,380.125
0.0,2831.51562,380.25
0.0,2831.44824,380.375
0.0,2831.38062,380.5
0.0,2831.31348,380.625
0.0,2831.24658,380.75
0.0,2831.18066,380.875
0.0,2831.11426,381.0
0.0,2831.0481,381.125
0.0,2830.98242,381.25
0.0,2830.91699,381.375
0.0,2830.85205,381.5
0.0,2830.7876,381.625
0.0,2830.72314,381.75
0.0,2830.65869,381.875
0.0,2830.59448,382.0
0.0,2830.53027,382.125
0.0,2830.46631,382.25
0.0,2830.40283,382.375
0.0,2830.33911,382.5
0.0,2830.27588,382.625
0.0,2830.21313,382.75
0.0,2830.15015,382.875
0.0,2830.0874,383.0
0.0,2830.0249,383.125
0.0,2829.96289,383.25
0.0,2829.90088,383.375
0.0,2829.83984,383.5
0.0,2829.77881,383.625
0.0,2829.71777,383.75
0.0,2829.65674,383.875
0.0,2829.5957,384.0
0.0,2829.53491,384.125
0.0,2829.47461,384.25
0.0,2829.41455,384.375
0.0,2829.35474,384.5
0.0,2829.29492,384.625
0.0,2829.23535,384.75
0.0,2829.17554,384.875
0.0,2829.11572,385.0
0.0,2829.0564,385.125
0.0,2828.99731,385.25
0.0,2828.93896,385.375
0.0,2828.88062,385.5
0.0,2828.82275,385.625
0.0,2828.76514,385.75
0.0,2828.70752,385.875
0.0,2828.64966,386.0
0.0,2828.59155,386.125
0.0,2828.5332,386.25
0.0,2828.4751,386.375
0.0,2828.41699,386.5
0.0,2828.35986,386.625
0.0,2828.30273,386.75
0.0,2828.24609,386.875
0.0,2828.18994,387.0
0.0,2828.13354,387.125
0.0,2828.07739,387.25
0.0,2828.021,387.375
0.0,2827.9646,387.5
0.0,2827.9082,387.625
0.0,2827.85205,387.75
0.0,2827.79639,387.875
0.0,2827.74097,388.0
0.0,2827.68555,388.125
0.0,2827.63037,388.25
0.0,2827.57495,388.375
0.0,2827.52002,388.5
0.0,2827.46484,388.625
0.0,2827.40991,388.75
0.0,2827.35498,388.875
0.0,2827.30054,389.0
0.0,2827.24609,389.125
0.0,2827.19214,389.25
0.0,2827.13818,389.375
0.0,2827.08496,389.5
0.0,2827.03125,389.625
0.0,2826.97803,389.75
0.0,2826.92432,389.875
0.0,2826.87085,390.0
0.0,2826.81787,390.125
0.0,2826.76465,390.25
0.0,2826.71191,390.375
0.0,2826.65967,390.5
0.0,2826.60742,390.625
0.0,2826.55542,390.75
0.0,2826.50342,390.875
0.0,2826.45166,391.0
0.0,2826.39941,391.125
0.0,2826.34766,391.25
0.0,2826.29541,391.375
0.0,2826.24365,391.5
0.0,2826.19214,391.625
0.0,2826.14014,391.75
0.0,2826.08838,391.875
0.0,2826.03711,392.0
0.0,2825.98584,392.125
0.0,2825.93457,392.25
0.0,2825.88354,392.375
0.0,2825.83252,392.5
0.0,2825.78223,392.625
0.0,2825.73218,392.75
0.0,2825.68213,392.875
0.0,2825.63281,393.0
0.0,2825.58276,393.125
0.0,2825.53247,393.25
0.0,2825.48218,393.375
0.0,2825.43213,393.5
0.0,2825.38184,393.625
0.0,2825.33179,393.75
0.0,2825.28174,393.875
0.0,2825.2312,394.0
0.0,2825.18091,394.125
0.0,2825.13086,394.25
0.0,2825.0813,394.375
0.0,2825.03198,394.5
0.0,2824.98315,394.625
0.0,2824.93457,394.75
0.0,2824.88599,394.875
0.0,2824.83716,395.0
0.0,2824.78833,395.125
0.0,2824.7395,395.25
0.0,2824.69092,395.375
0.0,2824.64331,395.5
0.0,2824.5957,395.625
0.0,2824.5481,395.75
0.0,2824.5,395.875
0.0,2824.45068,396.0
0.0,2824.40015,396.125
0.0,2824.34814,396.25
0.0,2824.29468,396.375
0.0,2824.24072,396.5
0.0,2824.1875,396.625
0.0,2824.13525,396.75
0.0,2824.08472,396.875
0.0,2824.03564,397.0
0.0,2823.98779,397.125
0.0,2823.94043,397.25
0.0,2823.89307,397.375
0.0,2823.84521,397.5
0.0,2823.79761,397.625
0.0,2823.74951,397.75
0.0,2823.70166,397.875
0.0,2823.65356,398.0
0.0,2823.6062,398.125
0.0,2823.55908,398.25
0.0,2823.51318,398.375
0.0,2823.4668,398.5
0.0,2823.42114,398.625
0.0,2823.375,398.75
0.0,2823.3291,398.875
0.0,2823.28296,399.0
0.0,2823.23682,399.125
0.0,2823.19092,399.25
0.0,2823.14575,399.375
0.0,2823.10034,399.5
0.0,2823.05518,399.625
0.0,2823.01025,399.75
0.0,2822.96533,399.875
0.0,2822.92041,400.0
0.0,2822.87598,400.125
0.0,2822.8313,400.25
0.0,2822.78662,400.375
0.0,2822.74194,400.5
0.0,2822.69678,400.625
0.0,2822.65112,400.75
0.0,2822.60596,400.875
0.0,2822.56079,401.0
0.0,2822.51587,401.125
0.0,2822.47119,401.25
0.0,2822.42651,401.375
0.0,2822.38208,401.5
0.0,2822.3374,401.625
0.0,2822.29297,401.75
0.0,2822.24829,401.875
0.0,2822.20361,402.0
0.0,2822.15894,402.125
0.0,2822.1145,402.25
0.0,2822.07031,402.375
0.0,2822.02637,402.5
0.0,2821.98267,402.625
0.0,2821.93945,402.75
0.0,2821.89624,402.875
0.0,2821.85352,403.0
0.0,2821.81079,403.125
0.0,2821.76831,403.25
0.0,2821.72607,403.375
0.0,2821.68384,403.5
0.0,2821.6416,403.625
0.0,2821.59912,403.75
0.0,2821.55664,403.875
0.0,2821.51465,404.0
0.0,2821.47339,404.125
0.0,2821.43213,404.25
0.0,2821.39062,404.375
0.0,2821.34863,404.5
0.0,2821.3064,404.625
0.0,2821.26392,404.75
0.0,2821.22119,404.875
0.0,2821.1792,405.0
0.0,2821.1377,405.125
0.0,2821.09644,405.25
0.0,2821.05518,405.375
0.0,2821.01465,405.5
0.0,2820.97388,405.625
0.0,2820.93311,405.75
0.0,2820.89258,405.875
0.0,2820.85181,406.0
0.0,2820.81104,406.125
0.0,2820.77051,406.25
0.0,2820.73022,406.375
0.0,2820.69019,406.5
0.0,2820.65039,406.625
0.0,2820.61035,406.75
0.0,2820.57056,406.875
0.0,2820.53027,407.0
0.0,2820.48975,407.125
0.0,2820.44922,407.25
0.0,2820.40869,407.375
0.0,2820.36768,407.5
0.0,2820.32715,407.625
0.0,2820.28662,407.75
0.0,2820.24609,407.875
0.0,2820.20557,408.0
0.0,2820.16553,408.125
0.0,2820.12573,408.25
0.0,2820.08618,408.375
0.0,2820.04688,408.5
0.0,2820.00732,408.625
0.0,2819.96802,408.75
0.0,2819.92847,408.875
0.0,2819.88892,409.0
0.0,2819.84985,409.125
0.0,2819.81079,409.25
0.0,2819.77124,409.375
0.0,2819.73193,409.5
0.0,2819.69238,409.625
0.0,2819.65332,409.75
0.0,2819.61426,409.875
0.0,2819.5752,410.0
0.0,2819.53662,410.125
0.0,2819.49731,410.25
0.0,2819.45825,410.375
0.0,2819.41895,410.5
0.0,2819.37939,410.625
0.0,2819.34033,410.75
0.0,2819.30127,410.875
0.0,2819.26245,411.0
0.0,2819.22412,411.125
0.0,2819.18555,411.25
0.0,2819.14722,411.375
0.0,2819.10889,411.5
0.0,2819.07031,411.625
0.0,2819.03174,411.75
0.0,2818.99316,411.875
0.0,2818.95483,412.0
0.0,2818.9165,412.125
0.0,2818.87842,412.25
0.0,2818.83984,412.375
0.0,2818.80176,412.5
0.0,2818.76318,412.625
0.0,2818.72437,412.75
0.0,2818.68579,412.875
0.0,2818.64746,413.0
0.0,2818.60913,413.125
0.0,2818.5708,413.25
0.0,2818.53296,413.375
0.0,2818.49536,413.5
0.0,2818.45776,413.625
0.0,2818.42017,413.75
0.0,2818.38232,413.875
0.0,2818.34424,414.0
0.0,2818.3064,414.125
0.0,2818.26855,414.25
0.0,2818.23145,414.375
0.0,2818.19458,414.5
0.0,2818.15771,414.625
0.0,2818.12109,414.75
0.0,2818.08398,414.875
0.0,2818.04639,415.0
0.0,2818.00879,415.125
0.0,2817.97119,415.25
0.0,2817.93408,415.375
0.0,2817.89673,415.5
0.0,2817.86035,415.625
0.0,2817.82397,415.75
0.0,2817.78833,415.875
0.0,2817.75244,416.0
0.0,2817.7168,416.125
0.0,2817.68018,416.25
0.0,2817.64355,416.375
0.0,2817.6062,416.5
0.0,2817.56934,416.625
0.0,2817.53223,416.75
0.0,2817.49561,416.875
0.0,2817.45923,417.0
0.0,2817.4231,417.125
0.0,2817.38721,417.25
0.0,2817.35156,417.375
0.0,2817.31567,417.5
0.0,2817.28003,417.625
0.0,2817.2439,417.75
0.0,2817.20776,417.875
0.0,2817.17188,418.0
0.0,2817.1355,418.125
0.0,2817.09912,418.25
0.0,2817.06226,418.375
0.0,2817.02588,418.5
0.0,2816.98999,418.625
0.0,2816.95483,418.75
0.0,2816.91992,418.875
0.0,2816.88501,419.0
0.0,2816.8501,419.125
0.0,2816.8147,419.25
0.0,2816.7793,419.375
0.0,2816.74463,419.5
0.0,2816.70972,419.625
0.0,2816.67529,419.75
0.0,2816.64062,419.875
0.0,2816.60596,420.0
0.0,2816.57153,420.125
0.0,2816.53735,420.25
0.0,2816.50342,420.375
0.0,2816.46948,420.5
0.0,2816.43506,420.625
0.0,2816.40015,420.75
0.0,2816.36523,420.875
0.0,2816.33105,421.0
0.0,2816.29688,421.125
0.0,2816.26294,421.25
0.0,2816.22925,421.375
0.0,2816.19604,421.5
0.0,2816.16235,421.625
0.0,2816.12866,421.75
0.0,2816.09448,421.875
0.0,2816.0603,422.0
0.0,2816.02637,422.125
0.0,2815.99292,422.25
0.0,2815.95972,422.375
0.0,2815.92651,422.5
0.0,2815.89307,422.625
0.0,2815.85986,422.75
0.0,2815.82666,422.875
0.0,2815.79395,423.0
0.0,2815.76123,423.125
0.0,2815.72803,423.25
0.0,2815.69434,423.375
0.0,2815.66016,423.5
0.0,2815.62573,423.625
0.0,2815.59204,423.75
0.0,2815.55884,423.875
0.0,2815.52612,424.0
0.0,2815.49316,424.125
0.0,2815.46045,424.25
0.0,2815.427,424.375
0.0,2815.39355,424.5
0.0,2815.36011,424.625
0.0,2815.32642,424.75
0.0,2815.29297,424.875
0.0,2815.26025,425.0
0.0,2815.22754,425.125
0.0,2815.19482,425.25
0.0,2815.16211,425.375
0.0,2815.12915,425.5
0.0,2815.09619,425.625
0.0,2815.06348,425.75
0.0,2815.03076,425.875
0.0,2814.99902,426.0
0.0,2814.96753,426.125
0.0,2814.93579,426.25
0.0,2814.90405,426.375
0.0,2814.87183,426.5
0.0,2814.83984,426.625
0.0,2814.80762,426.75
0.0,2814.77588,426.875
0.0,2814.74463,427.0
0.0,2814.71362,427.125
0.0,2814.68286,427.25
0.0,2814.65186,427.375
0.0,2814.62085,427.5
0.0,2814.5896,427.625
0.0,2814.55859,427.75
0.0,2814.52759,427.875
0.0,2814.49609,428.0
0.0,2814.46436,428.125
0.0,2814.43237,428.25
0.0,2814.40112,428.375
0.0,2814.37061,428.5
0.0,2814.34082,428.625
0.0,2814.31079,428.75
0.0,2814.28003,428.875
0.0,2814.24805,429.0
0.0,2814.21509,429.125
0.0,2814.18237,429.25
0.0,2814.14966,429.375
0.0,2814.11768,429.5
0.0,2814.08618,429.625
0.0,2814.05469,429.75
0.0,2814.02344,429.875
0.0,2813.99243,430.0
0.0,2813.96118,430.125
0.0,2813.92969,430.25
0.0,2813.89795,430.375
0.0,2813.86572,430.5
0.0,2813.83398,430.625
0.0,2813.80225,430.75
0.0,2813.77124,430.875
0.0,2813.74072,431.0
0.0,2813.70972,431.125
0.0,2813.67896,431.25
0.0,2813.64795,431.375
0.0,2813.6167,431.5
0.0,2813.58545,431.625
0.0,2813.55444,431.75
0.0,2813.52344,431.875
0.0,2813.49268,432.0
0.0,2813.46216,432.125
0.0,2813.43164,432.25
0.0,2813.40088,432.375
0.0,2813.37012,432.5
0.0,2813.33936,432.625
0.0,2813.30908,432.75
0.0,2813.2793,432.875
0.0,2813.24951,433.0
0.0,2813.21973,433.125
0.0,2813.18994,433.25
0.0,2813.15918,433.375
0.0,2813.12817,433.5
0.0,2813.09717,433.625
0.0,2813.06641,433.75
0.0,2813.03589,433.875
0.0,2813.00562,434.0
0.0,2812.97559,434.125
0.0,2812.94531,434.25
0.0,2812.91528,434.375
0.0,2812.88525,434.5
0.0,2812.85522,434.625
0.0,2812.8252,434.75
0.0,2812.79468,434.875
0.0,2812.76465,435.0
0.0,2812.73462,435.125
0.0,2812.70483,435.25
0.0,2812.67529,435.375
0.0,2812.64551,435.5
0.0,2812.61597,435.625
0.0,2812.58569,435.75
0.0,2812.55542,435.875
0.0,2812.52539,436.0
0.0,2812.49561,436.125
0.0,2812.46606,436.25
0.0,2812.43652,436.375
0.0,2812.40625,436.5
0.0,2812.37598,436.625
0.0,2812.3457,436.75
0.0,2812.31543,436.875
0.0,2812.28564,437.0
0.0,2812.25635,437.125
0.0,2812.22705,437.25
0.0,2812.19751,437.375
0.0,2812.16797,437.5
0.0,2812.13794,437.625
0.0,2812.1084,437.75
0.0,2812.07861,437.875
0.0,2812.04956,438.0
0.0,2812.02075,438.125
0.0,2811.99194,438.25
0.0,2811.96338,438.375
0.0,2811.93457,438.5
0.0,2811.90503,438.625
0.0,2811.875,438.75
0.0,2811.84521,438.875
0.0,2811.81567,439.0
0.0,2811.78662,439.125
0.0,2811.75854,439.25
0.0,2811.73022,439.375
0.0,2811.70215,439.5
0.0,2811.67334,439.625
0.0,2811.64453,439.75
0.0,2811.61523,439.875
0.0,2811.58594,440.0
0.0,2811.55664,440.125
0.0,2811.52734,440.25
0.0,2811.49878,440.375
0.0,2811.47021,440.5
0.0,2811.44189,440.625
0.0,2811.41357,440.75
0.0,2811.38525,440.875
0.0,2811.35645,441.0
0.0,2811.32764,441.125
0.0,2811.29883,441.25
0.0,2811.27026,441.375
0.0,2811.24219,441.5
0.0,2811.21387,441.625
0.0,2811.18579,441.75
0.0,2811.15771,441.875
0.0,2811.12939,442.0
0.0,2811.10083,442.125
0.0,2811.07275,442.25
0.0,2811.04443,442.375
0.0,2811.0166,442.5
0.0,2810.98853,442.625
0.0,2810.96069,442.75
0.0,2810.93237,442.875
0.0,2810.90381,443.0
0.0,2810.87549,443.125
0.0,2810.84741,443.25
0.0,2810.81982,443.375
0.0,2810.79224,443.5
0.0,2810.76465,443.625
0.0,2810.73633,443.75
0.0,2810.7085,443.875
0.0,2810.68066,444.0
0.0,2810.65308,444.125
0.0,2810.62549,444.25
0.0,2810.59741,444.375
0.0,2810.56958,444.5
0.0,2810.5415,444.625
0.0,2810.51416,444.75
0.0,2810.48633,444.875
0.0,2810.45898,445.0
0.0,2810.4314,445.125
0.0,2810.40381,445.25
0.0,2810.37598,445.375
0.0,2810.34863,445.5
0.0,2810.32129,445.625
0.0,2810.29395,445.75
0.0,2810.2666,445.875
0.0,2810.23926,446.0
0.0,2810.21191,446.125
0.0,2810.18457,446.25
0.0,2810.15771,446.375
0.0,2810.13086,446.5
0.0,2810.10425,446.625
0.0,2810.07764,446.75
0.0,2810.05176,446.875
0.0,2810.02563,447.0
0.0,2809.99951,447.125
0.0,2809.97363,447.25
0.0,2809.94727,447.375
0.0,2809.92065,447.5
0.0,2809.89453,447.625
0.0,2809.86816,447.75
0.0,2809.84204,447.875
0.0,2809.81592,448.0
0.0,2809.78979,448.125
0.0,2809.76367,448.25
0.0,2809.73755,448.375
0.0,2809.71143,448.5
0.0,2809.68555,448.625
0.0,2809.65942,448.75
0.0,2809.63379,448.875
0.0,2809.60791,449.0
0.0,2809.58203,449.125
0.0,2809.55615,449.25
0.0,2809.53003,449.375
0.0,2809.50415,449.5
0.0,2809.47803,449.625
0.0,2809.45215,449.75
0.0,2809.42651,449.875
0.0,2809.40088,450.0
0.0,2809.37524,450.125
0.0,2809.34912,450.25
0.0,2809.32324,450.375
0.0,2809.29736,450.5
0.0,2809.27148,450.625
0.0,2809.24609,450.75
0.0,2809.2207,450.875
0.0,2809.19531,451.0
0.0,2809.17017,451.125
0.0,2809.14502,451.25
0.0,2809.11963,451.375
0.0,2809.09448,451.5
0.0,2809.06885,451.625
0.0,2809.04297,451.75
0.0,2809.01709,451.875
0.0,2808.99121,452.0
0.0,2808.96558,452.125
0.0,2808.94043,452.25
0.0,2808.91553,452.375
0.0,2808.89062,452.5
0.0,2808.86572,452.625
0.0,2808.84082,452.75
0.0,2808.81543,452.875
0.0,2808.79004,453.0
0.0,2808.76465,453.125
0.0,2808.73926,453.25
0.0,2808.71387,453.375
0.0,2808.68872,453.5
0.0,2808.66406,453.625
0.0,2808.6394,453.75
0.0,2808.61475,453.875
0.0,2808.58984,454.0
0.0,2808.5647,454.125
0.0,2808.53931,454.25
0.0,2808.51416,454.375
0.0,2808.48877,454.5
0.0,2808.46387,454.625
0.0,2808.43872,454.75
0.0,2808.41382,454.875
0.0,2808.38867,455.0
0.0,2808.36426,455.125
0.0,2808.3396,455.25
0.0,2808.31494,455.375
0.0,2808.29053,455.5
0.0,2808.26611,455.625
0.0,2808.24194,455.75
0.0,2808.21777,455.875
0.0,2808.19287,456.0
0.0,2808.16821,456.125
0.0,2808.14355,456.25
0.0,2808.11865,456.375
0.0,2808.09375,456.5
0.0,2808.06909,456.625
0.0,2808.04419,456.75
0.0,2808.01929,456.875
0.0,2807.99463,457.0
0.0,2807.96973,457.125
0.0,2807.94482,457.25
0.0,2807.92017,457.375
0.0,2807.89551,457.5
0.0,2807.87085,457.625
0.0,2807.8457,457.75
0.0,2807.82104,457.875
0.0,2807.79688,458.0
0.0,2807.77246,458.125
0.0,2807.74854,458.25
0.0,2807.72437,458.375
0.0,2807.7002,458.5
0.0,2807.67578,458.625
0.0,2807.65137,458.75
0.0,2807.62695,458.875
0.0,2807.60303,459.0
0.0,2807.5791,459.125
0.0,2807.55542,459.25
0.0,2807.53174,459.375
0.0,2807.50806,459.5
0.0,2807.48438,459.625
0.0,2807.46069,459.75
0.0,2807.43701,459.875
0.0,2807.41333,460.0
0.0,2807.38916,460.125
0.0,2807.36499,460.25
0.0,2807.34033,460.375
0.0,2807.31616,460.5
0.0,2807.29199,460.625
0.0,2807.26807,460.75
0.0,2807.2439,460.875
0.0,2807.21973,461.0
0.0,2807.19482,461.125
0.0,2807.17017,461.25
0.0,2807.14575,461.375
0.0,2807.12207,461.5
0.0,2807.09912,461.625
0.0,2807.07568,461.75
0.0,2807.05249,461.875
0.0,2807.02905,462.0
0.0,2807.00513,462.125
0.0,2806.98096,462.25
0.0,2806.95679,462.375
0.0,2806.93262,462.5
0.0,2806.90869,462.625
0.0,2806.88477,462.75
0.0,2806.86133,462.875
0.0,2806.83813,463.0
0.0,2806.81494,463.125
0.0,2806.79224,463.25
0.0,2806.7688,463.375
0.0,2806.74512,463.5
0.0,2806.72119,463.625
0.0,2806.69775,463.75
0.0,2806.67407,463.875
0.0,2806.65063,464.0
0.0,2806.62695,464.125
0.0,2806.60352,464.25
0.0,2806.57983,464.375
0.0,2806.5564,464.5
0.0,2806.5332,464.625
0.0,2806.51001,464.75
0.0,2806.48706,464.875
0.0,2806.46387,465.0
0.0,2806.44043,465.125
0.0,2806.41724,465.25
0.0,2806.3938,465.375
0.0,2806.37036,465.5
0.0,2806.34717,465.625
0.0,2806.32373,465.75
0.0,2806.30078,465.875
0.0,2806.27759,466.0
0.0,2806.25464,466.125
0.0,2806.23145,466.25
0.0,2806.20825,466.375
0.0,2806.18481,466.5
0.0,2806.16162,466.625
0.0,2806.13818,466.75
0.0,2806.11475,466.875
0.0,2806.09204,467.0
0.0,2806.06934,467.125
0.0,2806.04639,467.25
0.0,2806.02344,467.375
0.0,2806.00024,467.5
0.0,2805.97729,467.625
0.0,2805.95435,467.75
0.0,2805.9314,467.875
0.0,2805.90869,468.0
0.0,2805.88574,468.125
0.0,2805.86279,468.25
0.0,2805.84033,468.375
0.0,2805.81787,468.5
0.0,2805.79541,468.625
0.0,2805.77295,468.75
0.0,2805.75024,468.875
0.0,2805.72729,469.0
0.0,2805.7041,469.125
0.0,2805.68091,469.25
0.0,2805.6582,469.375
0.0,2805.63599,469.5
0.0,2805.61377,469.625
0.0,2805.5918,469.75
0.0,2805.56934,469.875
0.0,2805.54639,470.0
0.0,2805.52319,470.125
0.0,2805.49927,470.25
0.0,2805.47485,470.375
0.0,2805.44946,470.5
0.0,2805.42334,470.625
0.0,2805.39648,470.75
0.0,2805.36963,470.875
0.0,2805.34302,471.0
0.0,2805.31714,471.125
0.0,2805.29175,471.25
0.0,2805.26709,471.375
0.0,2805.24219,471.5
0.0,2805.2168,471.625
0.0,2805.19092,471.75
0.0,2805.16504,471.875
0.0,2805.13892,472.0
0.0,2805.11304,472.125
0.0,2805.0874,472.25
0.0,2805.06226,472.375
0.0,2805.03711,472.5
0.0,2805.01172,472.625
0.0,2804.98633,472.75
0.0,2804.96069,472.875
0.0,2804.93506,473.0
0.0,2804.90991,473.125
0.0,2804.88525,473.25
0.0,2804.86084,473.375
0.0,2804.83643,473.5
0.0,2804.81201,473.625
0.0,2804.7876,473.75
0.0,2804.7627,473.875
0.0,2804.73779,474.0
0.0,2804.71313,474.125
0.0,2804.68848,474.25
0.0,2804.66431,474.375
0.0,2804.64014,474.5
0.0,2804.61548,474.625
0.0,2804.59106,474.75
0.0,2804.56665,474.875
0.0,2804.54224,475.0
0.0,2804.51831,475.125
0.0,2804.49463,475.25
0.0,2804.47168,475.375
0.0,2804.44849,475.5
0.0,2804.42505,475.625
0.0,2804.40161,475.75
0.0,2804.37793,475.875
0.0,2804.354,476.0
0.0,2804.33081,476.125
0.0,2804.30762,476.25
0.0,2804.28418,476.375
0.0,2804.26074,476.5
0.0,2804.23682,476.625
0.0,2804.21289,476.75
0.0,2804.18896,476.875
0.0,2804.16553,477.0
0.0,2804.14209,477.125
0.0,2804.11865,477.25
0.0,2804.09546,477.375
0.0,2804.07227,477.5
0.0,2804.04907,477.625
0.0,2804.02588,477.75
0.0,2804.00244,477.875
0.0,2803.97876,478.0
0.0,2803.95459,478.125
0.0,2803.93018,478.25
0.0,2803.90625,478.375
0.0,2803.88281,478.5
0.0,2803.85962,478.625
0.0,2803.83691,478.75
0.0,2803.81421,478.875
0.0,2803.7915,479.0
0.0,2803.7688,479.125
0.0,2803.74609,479.25
0.0,2803.7229,479.375
0.0,2803.7002,479.5
0.0,2803.67749,479.625
0.0,2803.65479,479.75
0.0,2803.63257,479.875
0.0,2803.60986,480.0
0.0,2803.58691,480.125
0.0,2803.56372,480.25
0.0,2803.54077,480.375
0.0,2803.51758,480.5
0.0,2803.49512,480.625
0.0,2803.47217,480.75
0.0,2803.44971,480.875
0.0,2803.427,481.0
0.0,2803.4043,481.125
0.0,2803.38135,481.25
0.0,2803.35889,481.375
0.0,2803.33618,481.5
0.0,2803.31396,481.625
0.0,2803.29199,481.75
0.0,2803.26904,481.875
0.0,2803.24634,482.0
0.0,2803.22314,482.125
0.0,2803.2002,482.25
0.0,2803.17798,482.375
0.0,2803.15601,482.5
0.0,2803.13379,482.625
0.0,2803.11182,482.75
0.0,2803.0896,482.875
0.0,2803.06714,483.0
0.0,2803.04468,483.125
0.0,2803.02222,483.25
0.0,2803.0,483.375
0.0,2802.97803,483.5
0.0,2802.95581,483.625
0.0,2802.93359,483.75
0.0,2802.91138,483.875
0.0,2802.8894,484.0
0.0,2802.8667,484.125
0.0,2802.84448,484.25
0.0,2802.82251,484.375
0.0,2802.80078,484.5
0.0,2802.7793,484.625
0.0,2802.75781,484.75
0.0,2802.73633,484.875
0.0,2802.71436,485.0
0.0,2802.69238,485.125
0.0,2802.67041,485.25
0.0,2802.64844,485.375
0.0,2802.62671,485.5
0.0,2802.60498,485.625
0.0,2802.58325,485.75
0.0,2802.56104,485.875
0.0,2802.53906,486.0
0.0,2802.51709,486.125
0.0,2802.49512,486.25
0.0,2802.47363,486.375
0.0,2802.45166,486.5
0.0,2802.43018,486.625
0.0,2802.4082,486.75
0.0,2802.38672,486.875
0.0,2802.36548,487.0
0.0,2802.34448,487.125
0.0,2802.323,487.25
0.0,2802.30127,487.375
0.0,2802.27979,487.5
0.0,2802.25732,487.625
0.0,2802.23535,487.75
0.0,2802.21338,487.875
0.0,2802.19214,488.0
0.0,2802.17139,488.125
0.0,2802.15063,488.25
0.0,2802.13037,488.375
0.0,2802.10889,488.5
0.0,2802.0874,488.625
0.0,2802.06543,488.75
0.0,2802.04321,488.875
0.0,2802.02148,489.0
0.0,2802.0,489.125
0.0,2801.97876,489.25
0.0,2801.95728,489.375
0.0,2801.93652,489.5
0.0,2801.91528,489.625
0.0,2801.89404,489.75
0.0,2801.87305,489.875
0.0,2801.85156,490.0
0.0,2801.83008,490.125
0.0,2801.80884,490.25
0.0,2801.7876,490.375
0.0,2801.76685,490.5
0.0,2801.74585,490.625
0.0,2801.72485,490.75
0.0,2801.70361,490.875
0.0,2801.68188,491.0
0.0,2801.6604,491.125
0.0,2801.63892,491.25
0.0,2801.61743,491.375
0.0,2801.59595,491.5
0.0,2801.57422,491.625
0.0,2801.55249,491.75
0.0,2801.53052,491.875
0.0,2801.50903,492.0
0.0,2801.4873,492.125
0.0,2801.46582,492.25
0.0,2801.44434,492.375
0.0,2801.42261,492.5
0.0,2801.40088,492.625
0.0,2801.37915,492.75
0.0,2801.35742,492.875
0.0,2801.33667,493.0
0.0,2801.31592,493.125
0.0,2801.29492,493.25
0.0,2801.27441,493.375
0.0,2801.25293,493.5
0.0,2801.23193,493.625
0.0,2801.21094,493.75
0.0,2801.1897,493.875
0.0,2801.16895,494.0
0.0,2801.14795,494.125
0.0,2801.1272,494.25
0.0,2801.10596,494.375
0.0,2801.08472,494.5
0.0,2801.06372,494.625
0.0,2801.04272,494.75
0.0,2801.02173,494.875
0.0,2801.00122,495.0
0.0,2800.98096,495.125
0.0,2800.96045,495.25
0.0,2800.94043,495.375
0.0,2800.91992,495.5
0.0,2800.89941,495.625
0.0,2800.87939,495.75
0.0,2800.85913,495.875
0.0,2800.83862,496.0
0.0,2800.81812,496.125
0.0,2800.79736,496.25
0.0,2800.77637,496.375
0.0,2800.75513,496.5
0.0,2800.73438,496.625
0.0,2800.71387,496.75
0.0,2800.69336,496.875
0.0,2800.67334,497.0
0.0,2800.65332,497.125
0.0,2800.6333,497.25
0.0,2800.61328,497.375
0.0,2800.59277,497.5
0.0,2800.57251,497.625
0.0,2800.55225,497.75
0.0,2800.53223,497.875
0.0,2800.51172,498.0
0.0,2800.49072,498.125
0.0,2800.46997,498.25
0.0,2800.44873,498.375
0.0,2800.42822,498.5
0.0,2800.4082,498.625
0.0,2800.38818,498.75
0.0,2800.36865,498.875
0.0,2800.34888,499.0
0.0,2800.32935,499.125
0.0,2800.30933,499.25
0.0,2800.28882,499.375
0.0,2800.26855,499.5
0.0,2800.24805,499.625
0.0,2800.22729,499.75
0.0,2800.20703,499.875
0.0,2800.18652,500.0
0.0,2800.16675,500.125
0.0,2800.14697,500.25
0.0,2800.1272,500.375
0.0,2800.10742,500.5
0.0,2800.08789,500.625
0.0,2800.06812,500.75
0.0,2800.04858,500.875
0.0,2800.02881,501.0
0.0,2800.00879,501.125
0.0,2799.98804,501.25
0.0,2799.96753,501.375
0.0,2799.94727,501.5
0.0,2799.92749,501.625
0.0,2799.90796,501.75
0.0,2799.88867,501.875
0.0,2799.86914,502.0
0.0,2799.84961,502.125
0.0,2799.83008,502.25
0.0,2799.81006,502.375
0.0,2799.79053,502.5
0.0,2799.771,502.625
0.0,2799.75146,502.75
0.0,2799.73145,502.875
0.0,2799.71143,503.0
0.0,2799.69165,503.125
0.0,2799.67188,503.25
0.0,2799.65234,503.375
0.0,2799.63354,503.5
0.0,2799.61475,503.625
0.0,2799.5957,503.75
0.0,2799.57642,503.875
0.0,2799.55664,504.0
0.0,2799.53687,504.125
0.0,2799.51733,504.25
0.0,2799.49805,504.375
0.0,2799.479,504.5
0.0,2799.45996,504.625
0.0,2799.44092,504.75
0.0,2799.42139,504.875
0.0,2799.4021,505.0
0.0,2799.38257,505.125
0.0,2799.36353,505.25
0.0,2799.34473,505.375
0.0,2799.32568,505.5
0.0,2799.30664,505.625
0.0,2799.2876,505.75
0.0,2799.26831,505.875
0.0,2799.24902,506.0
0.0,2799.22974,506.125
0.0,2799.21069,506.25
0.0,2799.19165,506.375
0.0,2799.17236,506.5
0.0,2799.15356,506.625
0.0,2799.13452,506.75
0.0,2799.11572,506.875
0.0,2799.09692,507.0
0.0,2799.07788,507.125
0.0,2799.05884,507.25
0.0,2799.04004,507.375
0.0,2799.02124,507.5
0.0,2799.00244,507.625
0.0,2798.98364,507.75
0.0,2798.9646,507.875
0.0,2798.94531,508.0
0.0,2798.92554,508.125
0.0,2798.90601,508.25
0.0,2798.88647,508.375
0.0,2798.86694,508.5
0.0,2798.84741,508.625
0.0,2798.82788,508.75
0.0,2798.80884,508.875
0.0,2798.79004,509.0
0.0,2798.77148,509.125
0.0,2798.75269,509.25
0.0,2798.73364,509.375
0.0,2798.71411,509.5
0.0,2798.69482,509.625
0.0,2798.67554,509.75
0.0,2798.65625,509.875
0.0,2798.63721,510.0
0.0,2798.61792,510.125
0.0,2798.59863,510.25
0.0,2798.57959,510.375
0.0,2798.56055,510.5
0.0,2798.54175,510.625
0.0,2798.52295,510.75
0.0,2798.50342,510.875
0.0,2798.48438,511.0
0.0,2798.46509,511.125
0.0,2798.44604,511.25
0.0,2798.42725,511.375
0.0,2798.4082,511.5
0.0,2798.38867,511.625
0.0,2798.36914,511.75
0.0,2798.34912,511.875
0.0,2798.32959,512.0
0.0,2798.31104,512.125
0.0,2798.29199,512.25
0.0,2798.27368,512.375
0.0,2798.25488,512.5
0.0,2798.23633,512.625
0.0,2798.21777,512.75
0.0,2798.19849,512.875
0.0,2798.17944,513.0
0.0,2798.1604,513.125
0.0,2798.14136,513.25
0.0,2798.12256,513.375
0.0,2798.10425,513.5
0.0,2798.08569,513.625
0.0,2798.06689,513.75
0.0,2798.04736,513.875
0.0,2798.02783,514.0
0.0,2798.0083,514.125
0.0,2797.9895,514.25
0.0,2797.9707,514.375
0.0,2797.95239,514.5
0.0,2797.93359,514.625
0.0,2797.91455,514.75
0.0,2797.89478,514.875
0.0,2797.87549,515.0
0.0,2797.85693,515.125
0.0,2797.83887,515.25
0.0,2797.82129,515.375
0.0,2797.80322,515.5
0.0,2797.78418,515.625
0.0,2797.76538,515.75
0.0,2797.74634,515.875
0.0,2797.72729,516.0
0.0,2797.70874,516.125
0.0,2797.69043,516.25
0.0,2797.67212,516.375
0.0,2797.65356,516.5
0.0,2797.63477,516.625
0.0,2797.61572,516.75
0.0,2797.59668,516.875
0.0,2797.57812,517.0
0.0,2797.55981,517.125
0.0,2797.54199,517.25
0.0,2797.52393,517.375
0.0,2797.50586,517.5
0.0,2797.48706,517.625
0.0,2797.46851,517.75
0.0,2797.44971,517.875
0.0,2797.43164,518.0
0.0,2797.41382,518.125
0.0,2797.39624,518.25
0.0,2797.37842,518.375
0.0,2797.36035,518.5
0.0,2797.34229,518.625
0.0,2797.32349,518.75
0.0,2797.30518,518.875
0.0,2797.28662,519.0
0.0,2797.26855,519.125
0.0,2797.25049,519.25
0.0,2797.23242,519.375
0.0,2797.21436,519.5
0.0,2797.19604,519.625
0.0,2797.17749,519.75
0.0,2797.15918,519.875
0.0,2797.14062,520.0
0.0,2797.12256,520.125
0.0,2797.10474,520.25
0.0,2797.08691,520.375
0.0,2797.06885,520.5
0.0,2797.05078,520.625
0.0,2797.03223,520.75
0.0,2797.01343,520.875
0.0,2796.99438,521.0
0.0,2796.97559,521.125
0.0,2796.95703,521.25
0.0,2796.93921,521.375
0.0,2796.92188,521.5
0.0,2796.9043,521.625
0.0,2796.88696,521.75
0.0,2796.86914,521.875
0.0,2796.85132,522.0
0.0,2796.83325,522.125
0.0,2796.81519,522.25
0.0,2796.79736,522.375
0.0,2796.77979,522.5
0.0,2796.76196,522.625
0.0,2796.74438,522.75
0.0,2796.72681,522.875
0.0,2796.70923,523.0
0.0,2796.69165,523.125
0.0,2796.67432,523.25
0.0,2796.65674,523.375
0.0,2796.6394,523.5
0.0,2796.62207,523.625
0.0,2796.60449,523.75
0.0,2796.58691,523.875
0.0,2796.56934,524.0
0.0,2796.55127,524.125
0.0,2796.53369,524.25
0.0,2796.51587,524.375
0.0,2796.49854,524.5
0.0,2796.48096,524.625
0.0,2796.46362,524.75
0.0,2796.44629,524.875
0.0,2796.4292,525.0
0.0,2796.41211,525.125
0.0,2796.39502,525.25
0.0,2796.37793,525.375
0.0,2796.36084,525.5
0.0,2796.34326,525.625
0.0,2796.32568,525.75
0.0,2796.30835,525.875
0.0,2796.2915,526.0
0.0,2796.27417,526.125
0.0,2796.25684,526.25
0.0,2796.2395,526.375
0.0,2796.22168,526.5
0.0,2796.20386,526.625
0.0,2796.18579,526.75
0.0,2796.16821,526.875
0.0,2796.15088,527.0
0.0,2796.13379,527.125
0.0,2796.1167,527.25
0.0,2796.09912,527.375
0.0,2796.08154,527.5
0.0,2796.06445,527.625
0.0,2796.04712,527.75
0.0,2796.03003,527.875
0.0,2796.0127,528.0
0.0,2795.99561,528.125
0.0,2795.97729,528.25
0.0,2795.95972,528.375
0.0,2795.94238,528.5
0.0,2795.92505,528.625
0.0,2795.90796,528.75
0.0,2795.89087,528.875
0.0,2795.87354,529.0
0.0,2795.85596,529.125
0.0,2795.83887,529.25
0.0,2795.82129,529.375
0.0,2795.80371,529.5
0.0,2795.78662,529.625
0.0,2795.76904,529.75
0.0,2795.75171,529.875
0.0,2795.73511,530.0
0.0,2795.71851,530.125
0.0,2795.70166,530.25
0.0,2795.68506,530.375
0.0,2795.66821,530.5
0.0,2795.65088,530.625
0.0,2795.63281,530.75
0.0,2795.61499,530.875
0.0,2795.59717,531.0
0.0,2795.58008,531.125
0.0,2795.56299,531.25
0.0,2795.54639,531.375
0.0,2795.53003,531.5
0.0,2795.51318,531.625
0.0,2795.49585,531.75
0.0,2795.47852,531.875
0.0,2795.46118,532.0
0.0,2795.44434,532.125
0.0,2795.42749,532.25
0.0,2795.41089,532.375
0.0,2795.39429,532.5
0.0,2795.3772,532.625
0.0,2795.35986,532.75
0.0,2795.34302,532.875
0.0,2795.32666,533.0
0.0,2795.31152,533.125
0.0,2795.29834,533.25
0.0,2795.28784,533.375
0.0,2795.27954,533.5
0.0,2795.27173,533.625
0.0,2795.26318,533.75
0.0,2795.2522,533.875
0.0,2795.23828,534.0
0.0,2795.22144,534.125
0.0,2795.20264,534.25
0.0,2795.18335,534.375
0.0,2795.16455,534.5
0.0,2795.14551,534.625
0.0,2795.12744,534.75
0.0,2795.10938,534.875
0.0,2795.09131,535.0
0.0,2795.07324,535.125
0.0,2795.05542,535.25
0.0,2795.03735,535.375
0.0,2795.01953,535.5
0.0,2795.00146,535.625
0.0,2794.98364,535.75
0.0,2794.96558,535.875
0.0,2794.94775,536.0
0.0,2794.93042,536.125
0.0,2794.91309,536.25
0.0,2794.896,536.375
0.0,2794.87891,536.5
0.0,2794.86133,536.625
0.0,2794.84375,536.75
0.0,2794.82568,536.875
0.0,2794.80762,537.0
0.0,2794.79004,537.125
0.0,2794.77344,537.25
0.0,2794.75659,537.375
0.0,2794.73999,537.5
0.0,2794.72339,537.625
0.0,2794.70605,537.75
0.0,2794.68848,537.875
0.0,2794.6709,538.0
0.0,2794.65332,538.125
0.0,2794.63574,538.25
0.0,2794.61841,538.375
0.0,2794.60107,538.5
0.0,2794.58398,538.625
0.0,2794.56714,538.75
0.0,2794.55005,538.875
0.0,2794.53296,539.0
0.0,2794.51611,539.125
0.0,2794.49951,539.25
0.0,2794.48291,539.375
0.0,2794.46582,539.5
0.0,2794.44849,539.625
0.0,2794.43115,539.75
0.0,2794.41382,539.875
0.0,2794.39697,540.0
0.0,2794.38037,540.125
0.0,2794.36401,540.25
0.0,2794.3479,540.375
0.0,2794.33105,540.5
0.0,2794.31396,540.625
0.0,2794.29688,540.75
0.0,2794.27979,540.875
0.0,2794.26318,541.0
0.0,2794.24634,541.125
0.0,2794.22949,541.25
0.0,2794.2124,541.375
0.0,2794.19556,541.5
0.0,2794.17896,541.625
0.0,2794.16211,541.75
0.0,2794.14575,541.875
0.0,2794.12988,542.0
0.0,2794.11328,542.125
0.0,2794.09644,542.25
0.0,2794.07959,542.375
0.0,2794.06201,542.5
0.0,2794.04517,542.625
0.0,2794.02832,542.75
0.0,2794.01196,542.875
0.0,2793.99561,543.0
0.0,2793.979,543.125
0.0,2793.96289,543.25
0.0,2793.94629,543.375
0.0,2793.92969,543.5
0.0,2793.91309,543.625
0.0,2793.89624,543.75
0.0,2793.87988,543.875
0.0,2793.86353,544.0
0.0,2793.84668,544.125
0.0,2793.83032,544.25
0.0,2793.81372,544.375
0.0,2793.79712,544.5
0.0,2793.78076,544.625
0.0,2793.76465,544.75
0.0,2793.74902,544.875
0.0,2793.73315,545.0
0.0,2793.7168,545.125
0.0,2793.69995,545.25
0.0,2793.68262,545.375
0.0,2793.66479,545.5
0.0,2793.64746,545.625
0.0,2793.63062,545.75
0.0,2793.61426,545.875
0.0,2793.59839,546.0
0.0,2793.58301,546.125
0.0,2793.56714,546.25
0.0,2793.55127,546.375
0.0,2793.53516,546.5
0.0,2793.51904,546.625
0.0,2793.50244,546.75
0.0,2793.48608,546.875
0.0,2793.46899,547.0
0.0,2793.45239,547.125
0.0,2793.43604,547.25
0.0,2793.41968,547.375
0.0,2793.40381,547.5
0.0,2793.3877,547.625
0.0,2793.37109,547.75
0.0,2793.35474,547.875
0.0,2793.33838,548.0
0.0,2793.32178,548.125
0.0,2793.30469,548.25
0.0,2793.28809,548.375
0.0,2793.27173,548.5
0.0,2793.25586,548.625
0.0,2793.24023,548.75
0.0,2793.22461,548.875
0.0,2793.20874,549.0
0.0,2793.19238,549.125
0.0,2793.17578,549.25
0.0,2793.15918,549.375
0.0,2793.14233,549.5
0.0,2793.12598,549.625
0.0,2793.10986,549.75
0.0,2793.09399,549.875
0.0,2793.07812,550.0
0.0,2793.06226,550.125
0.0,2793.04639,550.25
0.0,2793.03027,550.375
0.0,2793.01392,550.5
0.0,2792.99756,550.625
0.0,2792.9812,550.75
0.0,2792.96509,550.875
0.0,2792.94873,551.0
0.0,2792.93262,551.125
0.0,2792.9165,551.25
0.0,2792.90088,551.375
0.0,2792.88525,551.5
0.0,2792.86963,551.625
0.0,2792.85376,551.75
0.0,2792.8374,551.875
0.0,2792.82104,552.0
0.0,2792.80469,552.125
0.0,2792.78833,552.25
0.0,2792.77246,552.375
0.0,2792.75635,552.5
0.0,2792.74048,552.625
0.0,2792.72485,552.75
0.0,2792.70923,552.875
0.0,2792.69336,553.0
0.0,2792.67725,553.125
0.0,2792.66113,553.25
0.0,2792.64502,553.375
0.0,2792.62915,553.5
0.0,2792.61377,553.625
0.0,2792.59839,553.75
0.0,2792.58301,553.875
0.0,2792.56738,554.0
0.0,2792.55127,554.125
0.0,2792.5354,554.25
0.0,2792.51953,554.375
0.0,2792.50391,554.5
0.0,2792.48828,554.625
0.0,2792.4729,554.75
0.0,2792.45752,554.875
0.0,2792.44189,555.0
0.0,2792.42578,555.125
0.0,2792.40991,555.25
0.0,2792.39355,555.375
0.0,2792.37793,555.5
0.0,2792.36182,555.625
0.0,2792.34619,555.75
0.0,2792.33032,555.875
0.0,2792.31445,556.0
0.0,2792.29883,556.125
0.0,2792.28345,556.25
0.0,2792.26807,556.375
0.0,2792.25317,556.5
0.0,2792.23779,556.625
0.0,2792.22217,556.75
0.0,2792.20605,556.875
0.0,2792.19019,557.0
0.0,2792.17456,557.125
0.0,2792.15918,557.25
0.0,2792.14404,557.375
0.0,2792.12842,557.5
0.0,2792.11279,557.625
0.0,2792.09717,557.75
0.0,2792.08105,557.875
0.0,2792.06543,558.0
0.0,2792.05005,558.125
0.0,2792.03467,558.25
0.0,2792.01904,558.375
0.0,2792.00342,558.5
0.0,2791.9873,558.625
0.0,2791.97119,558.75
0.0,2791.95557,558.875
0.0,2791.93994,559.0
0.0,2791.92456,559.125
0.0,2791.90942,559.25
0.0,2791.89404,559.375
0.0,2791.87866,559.5
0.0,2791.86304,559.625
0.0,2791.84717,559.75
0.0,2791.83154,559.875
0.0,2791.81567,560.0
0.0,2791.80029,560.125
0.0,2791.78467,560.25
0.0,2791.76855,560.375
0.0,2791.75293,560.5
0.0,2791.73755,560.625
0.0,2791.72241,560.75
0.0,2791.70752,560.875
0.0,2791.69263,561.0
0.0,2791.67725,561.125
0.0,2791.66211,561.25
0.0,2791.64648,561.375
0.0,2791.63086,561.5
0.0,2791.61572,561.625
0.0,2791.60083,561.75
0.0,2791.58618,561.875
0.0,2791.57104,562.0
0.0,2791.55591,562.125
0.0,2791.54053,562.25
0.0,2791.52466,562.375
0.0,2791.50928,562.5
0.0,2791.49341,562.625
0.0,2791.47803,562.75
0.0,2791.46265,562.875
0.0,2791.44727,563.0
0.0,2791.43237,563.125
0.0,2791.41724,563.25
0.0,2791.40234,563.375
0.0,2791.38721,563.5
0.0,2791.37207,563.625
0.0,2791.35693,563.75
0.0,2791.3418,563.875
0.0,2791.32666,564.0
0.0,2791.31177,564.125
0.0,2791.29663,564.25
0.0,2791.28101,564.375
0.0,2791.26587,564.5
0.0,2791.25,564.625
0.0,2791.23535,564.75
0.0,2791.2207,564.875
0.0,2791.20654,565.0
0.0,2791.19238,565.125
0.0,2791.17822,565.25
0.0,2791.16357,565.375
0.0,2791.14893,565.5
0.0,2791.13403,565.625
0.0,2791.11938,565.75
0.0,2791.10474,565.875
0.0,2791.08984,566.0
0.0,2791.07471,566.125
0.0,2791.05957,566.25
0.0,2791.04443,566.375
0.0,2791.02954,566.5
0.0,2791.01465,566.625
0.0,2790.99951,566.75
0.0,2790.98486,566.875
0.0,2790.96973,567.0
0.0,2790.95508,567.125
0.0,2790.94019,567.25
0.0,2790.92554,567.375
0.0,2790.91064,567.5
0.0,2790.89551,567.625
0.0,2790.88037,567.75
0.0,2790.86548,567.875
0.0,2790.85132,568.0
0.0,2790.83716,568.125
0.0,2790.82251,568.25
0.0,2790.80737,568.375
0.0,2790.79175,568.5
0.0,2790.77588,568.625
0.0,2790.76074,568.75
0.0,2790.74609,568.875
0.0,2790.73145,569.0
0.0,2790.71729,569.125
0.0,2790.70239,569.25
0.0,2790.68774,569.375
0.0,2790.6731,569.5
0.0,2790.65845,569.625
0.0,2790.6438,569.75
0.0,2790.62891,569.875
0.0,2790.61475,570.0
0.0,2790.59985,570.125
0.0,2790.58423,570.25
0.0,2790.5686,570.375
0.0,2790.55298,570.5
0.0,2790.5376,570.625
0.0,2790.52246,570.75
0.0,2790.5083,570.875
0.0,2790.49365,571.0
0.0,2790.47925,571.125
0.0,2790.4646,571.25
0.0,2790.4502,571.375
0.0,2790.43555,571.5
0.0,2790.42139,571.625
0.0,2790.40723,571.75
0.0,2790.39258,571.875
0.0,2790.37744,572.0
0.0,2790.3623,572.125
0.0,2790.34766,572.25
0.0,2790.33276,572.375
0.0,2790.3186,572.5
0.0,2790.30396,572.625
0.0,2790.28931,572.75
0.0,2790.27441,572.875
0.0,2790.26001,573.0
0.0,2790.24609,573.125
0.0,2790.23218,573.25
0.0,2790.21777,573.375
0.0,2790.20361,573.5
0.0,2790.18848,573.625
0.0,2790.17334,573.75
0.0,2790.1582,573.875
0.0,2790.1438,574.0
0.0,2790.12939,574.125
0.0,2790.11523,574.25
0.0,2790.10156,574.375
0.0,2790.0874,574.5
0.0,2790.07324,574.625
0.0,2790.05859,574.75
0.0,2790.04395,574.875
0.0,2790.02905,575.0
0.0,2790.01416,575.125
0.0,2789.99951,575.25
0.0,2789.98486,575.375
0.0,2789.97095,575.5
0.0,2789.95728,575.625
0.0,2789.9436,575.75
0.0,2789.9292,575.875
0.0,2789.91455,576.0
0.0,2789.8999,576.125
0.0,2789.88525,576.25
0.0,2789.87109,576.375
0.0,2789.85718,576.5
0.0,2789.84326,576.625
0.0,2789.8291,576.75
0.0,2789.81494,576.875
0.0,2789.80029,577.0
0.0,2789.78613,577.125
0.0,2789.77148,577.25
0.0,2789.75684,577.375
0.0,2789.74194,577.5
0.0,2789.72729,577.625
0.0,2789.7124,577.75
0.0,2789.69849,577.875
0.0,2789.68481,578.0
0.0,2789.67114,578.125
0.0,2789.65747,578.25
0.0,2789.64307,578.375
0.0,2789.62744,578.5
0.0,2789.61157,578.625
0.0,2789.59521,578.75
0.0,2789.57935,578.875
0.0,2789.56396,579.0
0.0,2789.54956,579.125
0.0,2789.53589,579.25
0.0,2789.52197,579.375
0.0,2789.50781,579.5
0.0,2789.49341,579.625
0.0,2789.47876,579.75
0.0,2789.46484,579.875
0.0,2789.45093,580.0
0.0,2789.43726,580.125
0.0,2789.42383,580.25
0.0,2789.40967,580.375
0.0,2789.39551,580.5
0.0,2789.3811,580.625
0.0,2789.3667,580.75
0.0,2789.35278,580.875
0.0,2789.33911,581.0
0.0,2789.32544,581.125
0.0,2789.31152,581.25
0.0,2789.29761,581.375
0.0,2789.28369,581.5
0.0,2789.27026,581.625
0.0,2789.25635,581.75
0.0,2789.24292,581.875
0.0,2789.22925,582.0
0.0,2789.21533,582.125
0.0,2789.20117,582.25
0.0,2789.18652,582.375
0.0,2789.17236,582.5
0.0,2789.1582,582.625
0.0,2789.14453,582.75
0.0,2789.13062,582.875
0.0,2789.1167,583.0
0.0,2789.10303,583.125
0.0,2789.08887,583.25
0.0,2789.07471,583.375
0.0,2789.0603,583.5
0.0,2789.0459,583.625
0.0,2789.03149,583.75
0.0,2789.01685,583.875
0.0,2789.00293,584.0
0.0,2788.98901,584.125
0.0,2788.97534,584.25
0.0,2788.96167,584.375
0.0,2788.94775,584.5
0.0,2788.93335,584.625
0.0,2788.91895,584.75
0.0,2788.9043,584.875
0.0,2788.88965,585.0
0.0,2788.87524,585.125
0.0,2788.86084,585.25
0.0,2788.84668,585.375
0.0,2788.83252,585.5
0.0,2788.8186,585.625
0.0,2788.80469,585.75
0.0,2788.79053,585.875
0.0,2788.77661,586.0
0.0,2788.76294,586.125
0.0,2788.74902,586.25
0.0,2788.73486,586.375
0.0,2788.7207,586.5
0.0,2788.70654,586.625
0.0,2788.69263,586.75
0.0,2788.67871,586.875
0.0,2788.66504,587.0
0.0,2788.65137,587.125
0.0,2788.63794,587.25
0.0,2788.62402,587.375
0.0,2788.60938,587.5
0.0,2788.59473,587.625
0.0,2788.58008,587.75
0.0,2788.56592,587.875
0.0,2788.55176,588.0
0.0,2788.53809,588.125
0.0,2788.5249,588.25
0.0,2788.51147,588.375
0.0,2788.4978,588.5
0.0,2788.48389,588.625
0.0,2788.46973,588.75
0.0,2788.45557,588.875
0.0,2788.44189,589.0
0.0,2788.42798,589.125
0.0,2788.41431,589.25
0.0,2788.40063,589.375
0.0,2788.38672,589.5
0.0,2788.37256,589.625
0.0,2788.3584,589.75
0.0,2788.34424,589.875
0.0,2788.33057,590.0
0.0,2788.31689,590.125
0.0,2788.30322,590.25
0.0,2788.28979,590.375
0.0,2788.27661,590.5
0.0,2788.26343,590.625
0.0,2788.24951,590.75
0.0,2788.23584,590.875
0.0,2788.22192,591.0
0.0,2788.20752,591.125
0.0,2788.19385,591.25
0.0,2788.17969,591.375
0.0,2788.16626,591.5
0.0,2788.15234,591.625
0.0,2788.13867,591.75
0.0,2788.12476,591.875
0.0,2788.11084,592.0
0.0,2788.09717,592.125
0.0,2788.08325,592.25
0.0,2788.06982,592.375
0.0,2788.0564,592.5
0.0,2788.04321,592.625
0.0,2788.03003,592.75
0.0,2788.01685,592.875
0.0,2788.00317,593.0
0.0,2787.98901,593.125
0.0,2787.97485,593.25
0.0,2787.96069,593.375
0.0,2787.94678,593.5
0.0,2787.93311,593.625
0.0,2787.91943,593.75
0.0,2787.90576,593.875
0.0,2787.89209,594.0
0.0,2787.87842,594.125
0.0,2787.86475,594.25
0.0,2787.85107,594.375
0.0,2787.83765,594.5
0.0,2787.82446,594.625
0.0,2787.81104,594.75
0.0,2787.79785,594.875
0.0,2787.78418,595.0
0.0,2787.77051,595.125
0.0,2787.75708,595.25
0.0,2787.74365,595.375
0.0,2787.72998,595.5
0.0,2787.71631,595.625
0.0,2787.70215,595.75
0.0,2787.6875,595.875
0.0,2787.67212,596.0
0.0,2787.65576,596.125
0.0,2787.6416,596.25
0.0,2787.64209,596.375
0.0,2787.68896,596.5
0.0,2787.83276,596.625
0.0,2788.12842,596.75
0.0,2788.61743,596.875
0.0,2789.31128,597.0
0.0,2790.18628,597.125
0.0,2791.19385,597.25
0.0,2792.27588,597.375
0.0,2793.38574,597.5
0.0,2794.49487,597.625
0.0,2795.59082,597.75
0.0,2796.67017,597.875
0.0,2797.73145,598.0
0.0,2798.77539,598.125
0.0,2799.80151,598.25
0.0,2800.81079,598.375
0.0,2801.80225,598.5
0.0,2802.77661,598.625
0.0,2803.73535,598.75
0.0,2804.68066,598.875
0.0,2805.61597,599.0
0.0,2806.54346,599.125
0.0,2807.46436,599.25
0.0,2808.37891,599.375
0.0,2809.28638,599.5
0.0,2810.18604,599.625
0.0,2811.07812,599.75
0.0,2811.96216,599.875
0.0,2812.83838,600.0
0.0,2813.70776,600.125
0.0,2814.56909,600.25
0.0,2815.42261,600.375
0.0,2816.2688,600.5
0.0,2817.10791,600.625
0.0,2817.94165,600.75
0.0,2818.771,600.875
0.0,2819.59692,601.0
0.0,2820.41895,601.125
0.0,2821.23584,601.25
0.0,2822.04736,601.375
0.0,2822.85254,601.5
0.0,2823.65259,601.625
0.0,2824.44775,601.75
0.0,2825.23926,601.875
0.0,2826.0271,602.0
0.0,2826.81055,602.125
0.0,2827.58984,602.25
0.0,2828.36475,602.375
0.0,2829.13574,602.5
0.0,2829.90381,602.625
0.0,2830.66968,602.75
0.0,2831.43359,602.875
0.0,2832.19482,603.0
0.0,2832.95215,603.125
0.0,2833.70459,603.25
0.0,2834.45264,603.375
0.0,2835.1958,603.5
0.0,2835.93506,603.625
0.0,2836.6709,603.75
0.0,2837.40454,603.875
0.0,2838.13599,604.0
0.0,2838.86523,604.125
0.0,2839.59253,604.25
0.0,2840.31738,604.375
0.0,2841.03955,604.5
0.0,2841.75879,604.625
0.0,2842.47583,604.75
0.0,2843.19043,604.875
0.0,2843.90332,605.0
0.0,2844.61377,605.125
0.0,2845.32153,605.25
0.0,2846.02686,605.375
0.0,2846.729,605.5
0.0,2847.42822,605.625
0.0,2848.12549,605.75
0.0,2848.82007,605.875
0.0,2849.51245,606.0
0.0,2850.20215,606.125
0.0,2850.88892,606.25
0.0,2851.57251,606.375
0.0,2852.25342,606.5
0.0,2852.93262,606.625
0.0,2853.61084,606.75
0.0,2854.28955,606.875
0.0,2854.96753,607.0
0.0,2855.64502,607.125
0.0,2856.32129,607.25
0.0,2856.99634,607.375
0.0,2857.66992,607.5
0.0,2858.34204,607.625
0.0,2859.01294,607.75
0.0,2859.68237,607.875
0.0,2860.34912,608.0
0.0,2861.01343,608.125
0.0,2861.6748,608.25
0.0,2862.33252,608.375
0.0,2862.98779,608.5
0.0,2863.64111,608.625
0.0,2864.29346,608.75
0.0,2864.94531,608.875
0.0,2865.59692,609.0
0.0,2866.24878,609.125
0.0,2866.90039,609.25
0.0,2867.55078,609.375
0.0,2868.19995,609.5
0.0,2868.8479,609.625
0.0,2869.49438,609.75
0.0,2870.1394,609.875
0.0,2870.7832,610.0
0.0,2871.42529,610.125
0.0,2872.06592,610.25
0.0,2872.7041,610.375
0.0,2873.34131,610.5
0.0,2873.97705,610.625
0.0,2874.6123,610.75
0.0,2875.24756,610.875
0.0,2875.88232,611.0
0.0,2876.51245,611.125
0.0,2877.11084,611.25
0.0,2877.60669,611.375
0.0,2877.8999,611.5
0.0,2877.90649,611.625
0.0,2877.6062,611.75
0.0,2877.06055,611.875
0.0,2876.39648,612.0
0.0,2875.75244,612.125
0.0,2875.22485,612.25
0.0,2874.83813,612.375
0.0,2874.55225,612.5
0.0,2874.30249,612.625
0.0,2874.04492,612.75
0.0,2873.76416,612.875
0.0,2873.46191,613.0
0.0,2873.14502,613.125
0.0,2872.82324,613.25
0.0,2872.50659,613.375
0.0,2872.20557,613.5
0.0,2871.92871,613.625
0.0,2871.68701,613.75
0.0,2871.49902,613.875
0.0,2871.39819,614.0
0.0,2871.42725,614.125
5.46939,2871.62866,614.25
5.46939,2872.02563,614.375
5.46939,2872.61206,614.5
5.46939,2873.35059,614.625
5.46939,2874.18359,614.75
5.46939,2875.05298,614.875
5.46939,2875.91577,615.0
5.46939,2876.75293,615.125
5.46939,2877.56177,615.25
5.46939,2878.34692,615.375
5.46939,2879.11499,615.5
5.46939,2879.87158,615.625
5.46939,2880.61963,615.75
5.46939,2881.36108,615.875
5.46939,2882.09473,616.0
5.46939,2882.82007,616.125
5.46939,2883.53711,616.25
5.46939,2884.24561,616.375
5.46939,2884.94629,616.5
5.46939,2885.64014,616.625
5.46939,2886.32764,616.75
5.46939,2887.00854,616.875
5.46939,2887.68408,617.0
5.46939,2888.35474,617.125
5.46939,2889.02124,617.25
5.46939,2889.68384,617.375
5.46939,2890.34326,617.5
5.46939,2890.99902,617.625
5.46939,2891.65259,617.75
5.46939,2892.30371,617.875
5.46939,2892.95264,618.0
5.46939,2893.59937,618.125
5.46939,2894.24316,618.25
5.46939,2894.88306,618.375
5.46939,2895.51904,618.5
5.46939,2896.15063,618.625
5.46939,2896.7793,618.75
5.46939,2897.40527,618.875
5.46939,2898.02954,619.0
5.46939,2898.65137,619.125
5.46939,2899.27173,619.25
5.46939,2899.89014,619.375
5.46939,2900.50732,619.5
5.46939,2901.12329,619.625
5.46939,2901.73828,619.75
5.46939,2902.35327,619.875
5.46939,2902.96729,620.0
5.46939,2903.58105,620.125
5.46939,2904.19287,620.25
5.46939,2904.80273,620.375
5.46939,2905.41016,620.5
5.46939,2906.01465,620.625
5.46939,2906.61646,620.75
5.46939,2907.2168,620.875
5.46939,2907.81592,621.0
5.46939,2908.41455,621.125
5.46939,2909.01343,621.25
5.46939,2909.61328,621.375
5.46939,2910.21387,621.5
5.46939,2910.81567,621.625
5.46939,2911.41724,621.75
5.46939,2912.01733,621.875
5.46939,2912.61401,622.0
5.46939,2913.20728,622.125
5.46939,2913.79834,622.25
5.46939,2914.38818,622.375
5.46939,2914.97852,622.5
5.46939,2915.56982,622.625
5.46939,2916.16187,622.75
5.46939,2916.75439,622.875
5.46939,2917.34644,623.0
5.46939,2917.93774,623.125
5.46939,2918.52734,623.25
5.46939,2919.11694,623.375
5.46939,2919.70581,623.5
5.46939,2920.29443,623.625
5.46939,2920.88208,623.75
5.46939,2921.46875,623.875
5.46939,2922.05371,624.0
5.46939,2922.6377,624.125
5.46939,2923.2207,624.25
5.46939,2923.80371,624.375
5.46939,2924.38696,624.5
5.46939,2924.97021,624.625
5.46939,2925.55371,624.75
5.46939,2926.13721,624.875
5.46939,2926.7207,625.0
5.46939,2927.30469,625.125
5.46939,2927.8877,625.25
5.46939,2928.46924,625.375
5.46939,2929.04883,625.5
5.46939,2929.62671,625.625
5.46939,2930.20337,625.75
5.46939,2930.78003,625.875
5.46939,2931.35767,626.0
5.46939,2931.93579,626.125
5.46939,2932.51489,626.25
5.46939,2933.09399,626.375
5.46939,2933.67383,626.5
5.46939,2934.25391,626.625
5.46939,2934.8335,626.75
5.46939,2935.41235,626.875
5.46939,2935.98926,627.0
5.46939,2936.56421,627.125
5.46939,2937.1377,627.25
5.46939,2937.71045,627.375
5.46939,2938.28296,627.5
5.46939,2938.8562,627.625
5.46939,2939.43042,627.75
5.46939,2940.00537,627.875
5.46939,2940.58057,628.0
5.46939,2941.15527,628.125
5.46939,2941.72852,628.25
5.46939,2942.30005,628.375
5.46939,2942.87061,628.5
5.46939,2943.44116,628.625
5.46939,2944.01196,628.75
5.46939,2944.58447,628.875
5.46939,2945.15796,629.0
5.46939,2945.73242,629.125
5.46939,2946.30615,629.25
5.46939,2946.87866,629.375
5.46939,2947.44971,629.5
5.46939,2948.02002,629.625
5.46939,2948.59106,629.75
5.46939,2949.16357,629.875
5.46939,2949.73706,630.0
5.46939,2950.31079,630.125
5.46939,2950.88354,630.25
5.46939,2951.45483,630.375
5.46939,2952.0249,630.5
5.46939,2952.59473,630.625
5.46939,2953.16602,630.75
5.46939,2953.73877,630.875
5.46939,2954.31323,631.0
5.46939,2954.88818,631.125
5.46939,2955.46338,631.25
5.46939,2956.0376,631.375
5.46939,2956.61035,631.5
5.46939,2957.18115,631.625
5.46939,2957.75024,631.75
5.46939,2958.31885,631.875
5.46939,2958.88696,632.0
5.46939,2959.45605,632.125
5.46939,2960.02612,632.25
5.46939,2960.59766,632.375
5.46939,2961.16992,632.5
5.46939,2961.74316,632.625
5.46939,2962.31616,632.75
5.46939,2962.88916,632.875
5.46939,2963.46118,633.0
5.46939,2964.03125,633.125
5.46939,2964.59912,633.25
5.46939,2965.16528,633.375
5.46939,2965.72998,633.5
5.46939,2966.29419,633.625
5.46939,2966.85962,633.75
5.46939,2967.42627,633.875
5.46939,2967.99487,634.0
5.46939,2968.56494,634.125
5.46939,2969.13599,634.25
5.46939,2969.70825,634.375
5.46939,2970.28101,634.5
5.46939,2970.85352,634.625
5.46939,2971.42554,634.75
5.46939,2971.99634,634.875
5.46939,2972.56616,635.0
5.46939,2973.13501,635.125
5.46939,2973.70361,635.25
5.46939,2974.27271,635.375
5.46939,2974.84277,635.5
5.46939,2975.41382,635.625
5.46939,2975.98584,635.75
5.46939,2976.55884,635.875
5.46939,2977.1333,636.0
5.46939,2977.7085,636.125
5.46939,2978.28369,636.25
5.46939,2978.85815,636.375
5.46939,2979.43066,636.5
5.46939,2980.00073,636.625
5.46939,2980.5686,636.75
5.46939,2981.1355,636.875
5.46939,2981.70312,637.0
5.46939,2982.27124,637.125
5.46939,2982.84009,637.25
5.46939,2983.40918,637.375
5.46939,2983.97925,637.5
5.46939,2984.55054,637.625
5.46939,2985.12402,637.75
5.46939,2985.69849,637.875
5.46939,2986.27344,638.0
5.46939,2986.8479,638.125
5.46939,2987.41992,638.25
5.46939,2987.99023,638.375
5.46939,2988.56006,638.5
5.46939,2989.12915,638.625
5.46939,2989.69922,638.75
5.46939,2990.27002,638.875
5.46939,2990.84131,639.0
5.46939,2991.41431,639.125
5.46939,2991.98853,639.25
5.46939,2992.5625,639.375
5.46939,2993.13574,639.5
5.46939,2993.70654,639.625
5.46939,2994.2749,639.75
5.46939,2994.84229,639.875
5.46939,2995.40991,640.0
5.46939,2995.97852,640.125
5.46939,2996.5481,640.25
5.46939,2997.11865,640.375
5.46939,2997.68921,640.5
5.46939,2998.26001,640.625
5.46939,2998.8313,640.75
5.46939,2999.40308,640.875
5.46939,2999.97437,641.0
5.46939,3000.54541,641.125
5.46939,3001.11572,641.25
5.46939,3001.68579,641.375
5.46939,3002.25537,641.5
5.46939,3002.82593,641.625
5.46939,3003.39697,641.75
5.46939,3003.96875,641.875
5.46939,3004.5415,642.0
5.46939,3005.11353,642.125
5.46939,3005.68433,642.25
5.46939,3006.25391,642.375
5.46939,3006.82153,642.5
5.46939,3007.3894,642.625
5.46939,3007.9585,642.75
5.46939,3008.52979,642.875
5.46939,3009.10327,643.0
5.46939,3009.67773,643.125
5.46939,3010.25244,643.25
5.46939,3010.82715,643.375
5.46939,3011.40186,643.5
5.46939,3011.97705,643.625
5.46939,3012.55322,643.75
5.46939,3013.12939,643.875
5.46939,3013.70508,644.0
5.46939,3014.27979,644.125
5.46939,3014.85327,644.25
5.46939,3015.42603,644.375
5.46939,3015.99829,644.5
5.46939,3016.5708,644.625
5.46939,3017.14355,644.75
5.46939,3017.71729,644.875
5.46939,3018.29272,645.0
5.46939,3018.86987,645.125
5.46939,3019.44873,645.25
5.46939,3020.02905,645.375
5.46939,3020.60767,645.5
5.46939,3021.18457,645.625
5.46939,3021.75928,645.75
5.46939,3022.33228,645.875
5.46939,3022.90527,646.0
5.46939,3023.47827,646.125
5.46939,3024.05249,646.25
5.46939,3024.62744,646.375
5.46939,3025.20361,646.5
5.46939,3025.78101,646.625
5.46939,3026.35889,646.75
5.46939,3026.9375,646.875
5.46939,3027.51465,647.0
5.46939,3028.09106,647.125
5.46939,3028.66602,647.25
5.46939,3029.24023,647.375
5.46939,3029.81445,647.5
5.46939,3030.38965,647.625
5.46939,3030.96582,647.75
5.46939,3031.5437,647.875
5.46939,3032.12231,648.0
5.46939,3032.70166,648.125
5.46939,3033.28125,648.25
5.46939,3033.86035,648.375
5.46939,3034.43848,648.5
5.46939,3035.01562,648.625
5.46939,3035.5918,648.75
5.46939,3036.16748,648.875
5.46939,3036.74292,649.0
5.46939,3037.31885,649.125
5.46939,3037.89526,649.25
5.46939,3038.47168,649.375
5.46939,3039.04785,649.5
5.46939,3039.62402,649.625
5.46939,3040.20093,649.75
5.46939,3040.77832,649.875
5.46939,3041.35596,650.0
5.46939,3041.93311,650.125
5.46939,3042.50977,650.25
5.46939,3043.08472,650.375
5.46939,3043.65991,650.5
5.46939,3044.23633,650.625
5.46939,3044.8147,650.75
5.46939,3045.39502,650.875
5.46939,3045.97656,651.0
5.46939,3046.55811,651.125
5.46939,3047.13965,651.25
5.46939,3047.72021,651.375
5.46939,3048.30103,651.5
5.46939,3048.88086,651.625
5.46939,3049.45923,651.75
5.46939,3050.03613,651.875
5.46939,3050.6123,652.0
5.46939,3051.18799,652.125
5.46939,3051.76367,652.25
5.46939,3052.33936,652.375
5.46939,3052.91553,652.5
5.46939,3053.4917,652.625
5.46939,3054.06787,652.75
5.46939,3054.64429,652.875
5.46939,3055.22021,653.0
5.46939,3055.79492,653.125
5.46939,3056.36768,653.25
5.46939,3056.93896,653.375
5.46939,3057.50928,653.5
5.46939,3058.07935,653.625
5.46939,3058.65039,653.75
5.46939,3059.2229,653.875
5.46939,3059.79688,654.0
5.46939,3060.37207,654.125
5.46939,3060.94824,654.25
5.46939,3061.52539,654.375
5.46939,3062.10254,654.5
5.46939,3062.67871,654.625
5.46939,3063.25342,654.75
5.46939,3063.82617,654.875
5.46939,3064.39746,655.0
5.46939,3064.96777,655.125
5.46939,3065.53809,655.25
5.46939,3066.10889,655.375
5.46939,3066.68066,655.5
5.46939,3067.25342,655.625
5.46939,3067.8269,655.75
5.46939,3068.40112,655.875
5.46939,3068.97607,656.0
5.46939,3069.55176,656.125
5.46939,3070.12695,656.25
5.46939,3070.70166,656.375
5.46939,3071.27539,656.5
5.46939,3071.84766,656.625
5.46939,3072.41943,656.75
5.46939,3072.99097,656.875
5.46939,3073.56323,657.0
5.46939,3074.13672,657.125
5.46939,3074.71167,657.25
5.46939,3075.28906,657.375
5.46939,3075.86865,657.5
5.46939,3076.44922,657.625
5.46939,3077.02979,657.75
5.46939,3077.60889,657.875
5.46939,3078.18555,658.0
5.46939,3078.75977,658.125
5.46939,3079.33301,658.25
5.46939,3079.90601,658.375
5.46939,3080.47998,658.5
5.46939,3081.05615,658.625
5.46939,3081.63354,658.75
5.46939,3082.21289,658.875
5.46939,3082.79346,659.0
5.46939,3083.37451,659.125
5.46939,3083.95557,659.25
5.46939,3084.53613,659.375
5.46939,3085.11523,659.5
5.46939,3085.69385,659.625
5.46939,3086.27222,659.75
5.46939,3086.85132,659.875
5.46939,3087.43188,660.0
5.46939,3088.01367,660.125
5.46939,3088.59619,660.25
5.46939,3089.17871,660.375
5.46939,3089.76123,660.5
5.46939,3090.34424,660.625
5.46939,3090.92676,660.75
5.46939,3091.5083,660.875
5.46939,3092.08887,661.0
5.46939,3092.66846,661.125
5.46939,3093.24756,661.25
5.46939,3093.82715,661.375
5.46939,3094.40796,661.5
5.46939,3094.99072,661.625
5.46939,3095.57471,661.75
5.46939,3096.15967,661.875
5.46939,3096.74512,662.0
5.46939,3097.33057,662.125
5.46939,3097.91504,662.25
5.46939,3098.49536,662.375
5.46939,3099.03857,662.5
5.46939,3099.45068,662.625
5.46939,3099.6084,662.75
5.46939,3099.41943,662.875
5.46939,3098.87866,663.0
5.46939,3098.08154,663.125
4.96296,3097.19092,663.25
4.96296,3096.36963,663.375
4.96296,3095.71436,663.5
4.96296,3095.23096,663.625
4.96296,3094.85059,663.75
4.96296,3094.48926,663.875
4.96296,3094.10107,664.0
4.96296,3093.67749,664.125
4.96296,3093.22168,664.25
4.96296,3092.74341,664.375
4.96296,3092.25586,664.5
4.96296,3091.77344,664.625
4.96296,3091.31104,664.75
4.96296,3090.8811,664.875
4.96296,3090.49561,665.0
4.96296,3090.17285,665.125
4.96296,3089.94141,665.25
4.96296,3089.84326,665.375
4.96296,3089.9209,665.5
4.96296,3090.20483,665.625
4.96296,3090.69678,665.75
4.96296,3091.36719,665.875
4.96296,3092.16064,666.0
4.96296,3093.01562,666.125
4.96296,3093.88135,666.25
4.96296,3094.72852,666.375
4.96296,3095.54834,666.5
4.96296,3096.3418,666.625
4.96296,3097.11328,666.75
4.96296,3097.86963,666.875
4.96296,3098.61499,667.0
4.96296,3099.35254,667.125
4.96296,3100.08301,667.25
4.96296,3100.80615,667.375
4.96296,3101.52295,667.5
4.96296,3102.2334,667.625
4.96296,3102.93945,667.75
4.96296,3103.64209,667.875
4.96296,3104.34082,668.0
4.96296,3105.03613,668.125
4.96296,3105.72705,668.25
4.96296,3106.4126,668.375
4.96296,3107.09277,668.5
4.96296,3107.76733,668.625
4.96296,3108.4375,668.75
4.96296,3109.10449,668.875
4.96296,3109.76904,669.0
4.96296,3110.43213,669.125
4.96296,3111.09375,669.25
4.96296,3111.75195,669.375
4.96296,3112.40625,669.5
4.96296,3113.05469,669.625
4.96296,3113.69873,669.75
4.96296,3114.33862,669.875
4.96296,3114.97656,670.0
4.96296,3115.61304,670.125
4.96296,3116.24854,670.25
4.96296,3116.88135,670.375
4.96296,3117.51221,670.5
4.96296,3118.14062,670.625
4.96296,3118.76758,670.75
4.96296,3119.39355,670.875
4.96296,3120.01953,671.0
4.96296,3120.64502,671.125
4.96296,3121.26904,671.25
4.96296,3121.89209,671.375
4.96296,3122.51392,671.5
4.96296,3123.13379,671.625
4.96296,3123.75391,671.75
4.96296,3124.37402,671.875
4.96296,3124.99463,672.0
4.96296,3125.61499,672.125
4.96296,3126.23486,672.25
4.96296,3126.85303,672.375
4.96296,3127.46924,672.5
4.96296,3128.08325,672.625
4.96296,3128.69531,672.75
4.96296,3129.30615,672.875
4.96296,3129.91602,673.0
4.96296,3130.52393,673.125
4.96296,3131.13013,673.25
4.96296,3131.7356,673.375
4.96296,3132.34009,673.5
4.96296,3132.94385,673.625
4.96296,3133.54663,673.75
4.96296,3134.14795,673.875
4.96296,3134.74756,674.0
4.96296,3135.34546,674.125
4.96296,3135.94263,674.25
4.96296,3136.53955,674.375
4.96296,3137.13721,674.5
4.96296,3137.73633,674.625
4.96296,3138.33594,674.75
4.96296,3138.93628,674.875
4.96296,3139.53662,675.0
4.96296,3140.13721,675.125
4.96296,3140.73779,675.25
4.96296,3141.33813,675.375
4.96296,3141.93726,675.5
4.96296,3142.53418,675.625
4.96296,3143.12793,675.75
4.96296,3143.71973,675.875
4.96296,3144.3103,676.0
4.96296,3144.90063,676.125
4.96296,3145.49219,676.25
4.96296,3146.08496,676.375
4.96296,3146.67871,676.5
4.96296,3147.27368,676.625
4.96296,3147.86963,676.75
4.96296,3148.46582,676.875
4.96296,3149.06201,677.0
4.96296,3149.65771,677.125
4.96296,3150.25293,677.25
4.96296,3150.84692,677.375
4.96296,3151.44092,677.5
4.96296,3152.03442,677.625
4.96296,3152.62891,677.75
4.96296,3153.2251,677.875
4.96296,3153.823,678.0
4.96296,3154.42285,678.125
4.96296,3155.02344,678.25
4.96296,3155.62354,678.375
4.96296,3156.22241,678.5
4.96296,3156.81934,678.625
4.96296,3157.41382,678.75
4.96296,3158.00708,678.875
4.96296,3158.59937,679.0
4.96296,3159.19116,679.125
4.96296,3159.7832,679.25
4.96296,3160.375,679.375
4.96296,3160.96729,679.5
4.96296,3161.56104,679.625
4.96296,3162.15625,679.75
4.96296,3162.75195,679.875
4.96296,3163.34814,680.0
4.96296,3163.94409,680.125
4.96296,3164.53857,680.25
4.96296,3165.13208,680.375
4.96296,3165.72485,680.5
4.96296,3166.31738,680.625
4.96296,3166.91016,680.75
4.96296,3167.50342,680.875
4.96296,3168.09766,681.0
4.96296,3168.69238,681.125
4.96296,3169.2876,681.25
4.96296,3169.88184,681.375
4.96296,3170.4751,681.5
4.96296,3171.06689,681.625
4.96296,3171.65747,681.75
4.96296,3172.24829,681.875
4.96296,3172.83984,682.0
4.96296,3173.43164,682.125
4.96296,3174.02393,682.25
4.96296,3174.61646,682.375
4.96296,3175.20898,682.5
4.96296,3175.80176,682.625
4.96296,3176.39551,682.75
4.96296,3176.98901,682.875
4.96296,3177.58252,683.0
4.96296,3178.17456,683.125
4.96296,3178.76562,683.25
4.96296,3179.35596,683.375
4.96296,3179.94678,683.5
4.96296,3180.53931,683.625
4.96296,3181.13379,683.75
4.96296,3181.72949,683.875
4.96296,3182.32666,684.0
4.96296,3182.92383,684.125
4.96296,3183.52051,684.25
4.96296,3184.11646,684.375
4.96296,3184.71069,684.5
4.96296,3185.30322,684.625
4.96296,3185.89502,684.75
4.96296,3186.48633,684.875
4.96296,3187.07837,685.0
4.96296,3187.6709,685.125
4.96296,3188.26416,685.25
4.96296,3188.85864,685.375
4.96296,3189.45312,685.5
4.96296,3190.04883,685.625
4.96296,3190.64453,685.75
4.96296,3191.2417,685.875
4.96296,3191.83936,686.0
4.96296,3192.43823,686.125
4.96296,3193.03809,686.25
4.96296,3193.63818,686.375
4.96296,3194.23877,686.5
4.96296,3194.83936,686.625
4.96296,3195.4397,686.75
4.96296,3196.04004,686.875
4.96296,3196.6416,687.0
4.96296,3197.24414,687.125
4.96296,3197.84668,687.25
4.96296,3198.44775,687.375
4.96296,3199.04736,687.5
4.96296,3199.64355,687.625
4.96296,3200.23828,687.75
4.96296,3200.83057,687.875
4.96296,3201.42334,688.0
4.96296,3202.01709,688.125
4.96296,3202.61182,688.25
4.96296,3203.20801,688.375
4.96296,3203.80518,688.5
4.96296,3204.40381,688.625
4.96296,3205.00293,688.75
4.96296,3205.60303,688.875
4.96296,3206.20264,689.0
4.96296,3206.80078,689.125
4.96296,3207.39771,689.25
4.96296,3207.99341,689.375
4.96296,3208.58887,689.5
4.96296,3209.18457,689.625
4.96296,3209.78174,689.75
4.96296,3210.38037,689.875
4.96296,3210.98022,690.0
4.96296,3211.58057,690.125
4.96296,3212.18018,690.25
4.96296,3212.77808,690.375
4.96296,3213.37305,690.5
4.96296,3213.96631,690.625
4.96296,3214.55859,690.75
4.96296,3215.15234,690.875
4.96296,3215.74854,691.0
4.96296,3216.34717,691.125
4.96296,3216.94727,691.25
4.96296,3217.54883,691.375
4.96296,3218.1499,691.5
4.96296,3218.75098,691.625
4.96296,3219.35132,691.75
4.96296,3219.95068,691.875
4.96296,3220.54932,692.0
4.96296,3221.14624,692.125
4.96296,3221.74316,692.25
4.96296,3222.34033,692.375
4.96296,3222.93799,692.5
4.96296,3223.53564,692.625
4.96296,3224.1333,692.75
4.96296,3224.73047,692.875
4.96296,3225.32666,693.0
4.96296,3225.92285,693.125
4.96296,3226.5188,693.25
4.96296,3227.11523,693.375
4.96296,3227.71069,693.5
4.96296,3228.30566,693.625
4.96296,3228.8999,693.75
4.96296,3229.49414,693.875
4.96296,3230.08862,694.0
4.96296,3230.68457,694.125
4.96296,3231.28052,694.25
4.96296,3231.87744,694.375
4.96296,3232.47485,694.5
4.96296,3233.07227,694.625
4.96296,3233.66992,694.75
4.96296,3234.26709,694.875
4.96296,3234.86426,695.0
4.96296,3235.46143,695.125
4.96296,3236.05908,695.25
4.96296,3236.65625,695.375
4.96296,3237.25415,695.5
4.96296,3237.85156,695.625
4.96296,3238.44849,695.75
4.96296,3239.04541,695.875
4.96296,3239.64258,696.0
4.96296,3240.24072,696.125
4.96296,3240.83887,696.25
4.96296,3241.43555,696.375
4.96296,3242.03027,696.5
4.96296,3242.62427,696.625
4.96296,3243.21655,696.75
4.96296,3243.80859,696.875
4.96296,3244.40088,697.0
4.96296,3244.9939,697.125
4.96296,3245.58838,697.25
4.96296,3246.18506,697.375
4.96296,3246.78418,697.5
4.96296,3247.38525,697.625
4.96296,3247.98682,697.75
4.96296,3248.5874,697.875
4.96296,3249.18604,698.0
4.96296,3249.78271,698.125
4.96296,3250.37842,698.25
4.96296,3250.97363,698.375
4.96296,3251.56982,698.5
4.96296,3252.1665,698.625
4.96296,3252.76367,698.75
4.96296,3253.36182,698.875
4.96296,3253.96021,699.0
4.96296,3254.55762,699.125
4.96296,3255.15332,699.25
4.96296,3255.74707,699.375
4.96296,3256.33911,699.5
4.96296,3256.93164,699.625
4.96296,3257.52563,699.75
4.96296,3258.12207,699.875
4.96296,3258.71924,700.0
4.96296,3259.31689,700.125
4.96296,3259.91455,700.25
4.96296,3260.51221,700.375
4.96296,3261.11108,700.5
4.96296,3261.71216,700.625
4.96296,3262.31543,700.75
4.96296,3262.92065,700.875
4.96296,3263.52734,701.0
4.96296,3264.13525,701.125
4.96296,3264.74463,701.25
4.96296,3265.35498,701.375
4.96296,3265.96631,701.5
4.96296,3266.57788,701.625
4.96296,3267.19043,701.75
4.96296,3267.80273,701.875
4.96296,3268.41528,702.0
4.96296,3269.02661,702.125
4.96296,3269.63501,702.25
4.96296,3270.23975,702.375
4.96296,3270.84033,702.5
4.96296,3271.43896,702.625
4.96296,3272.03613,702.75
4.96296,3272.63477,702.875
4.96296,3273.23584,703.0
4.96296,3273.83838,703.125
4.96296,3274.44287,703.25
4.96296,3275.04834,703.375
4.96296,3275.65552,703.5
4.96296,3276.2627,703.625
4.96296,3276.86963,703.75
4.96296,3277.4751,703.875
4.96296,3278.07812,704.0
4.96296,3278.68042,704.125
4.96296,3279.28125,704.25
4.96296,3279.88257,704.375
4.96296,3280.48535,704.5
4.96296,3281.08911,704.625
4.96296,3281.69385,704.75
4.96296,3282.29932,704.875
4.96296,3282.90552,705.0
4.96296,3283.51221,705.125
4.96296,3284.11963,705.25
4.96296,3284.72754,705.375
4.96296,3285.33643,705.5
4.96296,3285.94604,705.625
4.96296,3286.55688,705.75
4.96296,3287.16895,705.875
4.96296,3287.78101,706.0
4.96296,3288.39355,706.125
4.96296,3289.00562,706.25
4.96296,3289.61719,706.375
4.96296,3290.22852,706.5
4.96296,3290.83936,706.625
4.96296,3291.44922,706.75
4.96296,3292.05762,706.875
4.96296,3292.66455,707.0
4.96296,3293.27002,707.125
4.96296,3293.87354,707.25
4.96296,3294.47705,707.375
4.96296,3295.08032,707.5
4.96296,3295.68408,707.625
4.96296,3296.28979,707.75
4.96296,3296.89746,707.875
4.96296,3297.50537,708.0
4.96296,3298.11255,708.125
4.96296,3298.71729,708.25
4.96296,3299.31982,708.375
4.96296,3299.92188,708.5
4.96296,3300.52441,708.625
4.96296,3301.12793,708.75
4.96296,3301.73193,708.875
4.96296,3302.33643,709.0
4.96296,3302.93921,709.125
4.96296,3303.5415,709.25
4.96296,3304.14331,709.375
4.96296,3304.74561,709.5
4.96296,3305.34912,709.625
4.96296,3305.95312,709.75
4.96296,3306.55762,709.875
4.96296,3307.1626,710.0
4.96296,3307.76855,710.125
4.96296,3308.37549,710.25
4.96296,3308.98438,710.375
4.96296,3309.5957,710.5
4.96296,3310.20825,710.625
4.96296,3310.82227,710.75
4.96296,3311.4375,710.875
4.96296,3312.05225,711.0
4.96296,3312.66504,711.125
4.96296,3313.27637,711.25
4.96296,3313.8855,711.375
4.96296,3314.49316,711.5
4.96296,3315.1001,711.625
4.96296,3315.70703,711.75
4.96296,3316.31519,711.875
4.96296,3316.92358,712.0
4.96296,3317.53223,712.125
4.96296,3318.14038,712.25
4.96296,3318.7478,712.375
4.96296,3319.35352,712.5
4.96296,3319.95776,712.625
4.96296,3320.55957,712.75
4.96296,3321.15967,712.875
4.96296,3321.75854,713.0
4.96296,3322.35864,713.125
4.96296,3322.95898,713.25
4.96296,3323.56079,713.375
4.96296,3324.16309,713.5
4.96296,3324.76562,713.625
4.96296,3325.36963,713.75
4.96296,3325.97461,713.875
4.96296,3326.57617,714.0
4.96296,3327.13867,714.125
4.96296,3327.56445,714.25
4.96296,3327.72412,714.375
4.96296,3327.52075,714.5
4.96296,3326.94482,714.625
4.96296,3326.09082,714.75
4.96296,3325.12158,714.875
4.96296,3324.2041,715.0
4.96296,3323.43994,715.125
4.96296,3322.8396,715.25
4.96296,3322.33643,715.375
4.96296,3321.84668,715.5
4.96296,3321.32202,715.625
4.96296,3320.75195,715.75
4.96296,3320.14038,715.875
4.96296,3319.49902,716.0
4.96296,3318.8457,716.125
4.96296,3318.19922,716.25
4.96296,3317.57812,716.375
4.96296,3317.0,716.5
4.96296,3316.47656,716.625
4.96296,3316.01514,716.75
4.96296,3315.62305,716.875
4.96296,3315.32007,717.0
4.96296,3315.14258,717.125
5.17874,3315.1377,717.25
5.17874,3315.34375,717.375
5.17874,3315.77393,717.5
5.17874,3316.40454,717.625
5.17874,3317.18335,717.75
5.17874,3318.0459,717.875
5.17874,3318.93896,718.0
5.17874,3319.82812,718.125
5.17874,3320.7002,718.25
5.17874,3321.55029,718.375
5.17874,3322.37793,718.5
5.17874,3323.18604,718.625
5.17874,3323.97607,718.75
5.17874,3324.75293,718.875
5.17874,3325.51953,719.0
5.17874,3326.27783,719.125
5.17874,3327.03027,719.25
5.17874,3327.77637,719.375
5.17874,3328.51758,719.5
5.17874,3329.25488,719.625
5.17874,3329.98828,719.75
5.17874,3330.71875,719.875
5.17874,3331.4458,720.0
5.17874,3332.16895,720.125
5.17874,3332.88721,720.25
5.17874,3333.60107,720.375
5.17874,3334.31152,720.5
5.17874,3335.01782,720.625
5.17874,3335.72095,720.75
5.17874,3336.41992,720.875
5.17874,3337.11523,721.0
5.17874,3337.8064,721.125
5.17874,3338.49512,721.25
5.17874,3339.1814,721.375
5.17874,3339.86597,721.5
5.17874,3340.54834,721.625
5.17874,3341.229,721.75
5.17874,3341.90723,721.875
5.17874,3342.58301,722.0
5.17874,3343.25684,722.125
5.17874,3343.92822,722.25
5.17874,3344.59692,722.375
5.17874,3345.2627,722.5
5.17874,3345.92529,722.625
5.17874,3346.58374,722.75
5.17874,3347.23828,722.875
5.17874,3347.88867,723.0
5.17874,3348.53564,723.125
5.17874,3349.17993,723.25
5.17874,3349.82202,723.375
5.17874,3350.46191,723.5
5.17874,3351.10132,723.625
5.17874,3351.73975,723.75
5.17874,3352.37744,723.875
5.17874,3353.01465,724.0
5.17874,3353.65063,724.125
5.17874,3354.28442,724.25
5.17874,3354.91504,724.375
5.17874,3355.54224,724.5
5.17874,3356.16626,724.625
5.17874,3356.78857,724.75
5.17874,3357.40918,724.875
5.17874,3358.0293,725.0
5.17874,3358.64795,725.125
5.17874,3359.26514,725.25
5.17874,3359.88037,725.375
5.17874,3360.49512,725.5
5.17874,3361.11035,725.625
5.17874,3361.72559,725.75
5.17874,3362.34082,725.875
5.17874,3362.95459,726.0
5.17874,3363.56689,726.125
5.17874,3364.17822,726.25
5.17874,3364.78857,726.375
5.17874,3365.39868,726.5
5.17874,3366.00879,726.625
5.17874,3366.61816,726.75
5.17874,3367.22705,726.875
5.17874,3367.83569,727.0
5.17874,3368.44409,727.125
5.17874,3369.05322,727.25
5.17874,3369.66284,727.375
5.17874,3370.27148,727.5
5.17874,3370.87769,727.625
5.17874,3371.4812,727.75
5.17874,3372.08203,727.875
5.17874,3372.68042,728.0
5.17874,3373.27832,728.125
5.17874,3373.87646,728.25
5.17874,3374.47412,728.375
5.17874,3375.07202,728.5
5.17874,3375.66919,728.625
5.17874,3376.26587,728.75
5.17874,3376.8623,728.875
5.17874,3377.4585,729.0
5.17874,3378.0542,729.125
5.17874,3378.64795,729.25
5.17874,3379.23926,729.375
5.17874,3379.8291,729.5
5.17874,3380.41748,729.625
5.17874,3381.00513,729.75
5.17874,3381.59326,729.875
5.17874,3382.18115,730.0
5.17874,3382.77002,730.125
5.17874,3383.35889,730.25
5.17874,3383.94897,730.375
5.17874,3384.54004,730.5
5.17874,3385.13135,730.625
5.17874,3385.72144,730.75
5.17874,3386.31055,730.875
5.17874,3386.89795,731.0
5.17874,3387.48389,731.125
5.17874,3388.06909,731.25
5.17874,3388.6543,731.375
5.17874,3389.23999,731.5
5.17874,3389.82593,731.625
5.17874,3390.41187,731.75
5.17874,3390.99756,731.875
5.17874,3391.58301,732.0
5.17874,3392.16772,732.125
5.17874,3392.75098,732.25
5.17874,3393.33301,732.375
5.17874,3393.91211,732.5
5.17874,3394.48877,732.625
5.17874,3395.06274,732.75
5.17874,3395.63574,732.875
5.17874,3396.2085,733.0
5.17874,3396.78125,733.125
5.17874,3397.354,733.25
5.17874,3397.92725,733.375
5.17874,3398.50073,733.5
5.17874,3399.07568,733.625
5.17874,3399.65259,733.75
5.17874,3400.23047,733.875
5.17874,3400.80859,734.0
5.17874,3401.38525,734.125
5.17874,3401.95996,734.25
5.17874,3402.53223,734.375
5.17874,3403.10352,734.5
5.17874,3403.67505,734.625
5.17874,3404.2478,734.75
5.17874,3404.82153,734.875
5.17874,3405.39697,735.0
5.17874,3405.97314,735.125
5.17874,3406.55078,735.25
5.17874,3407.12891,735.375
5.17874,3407.70703,735.5
5.17874,3408.28516,735.625
5.17874,3408.86304,735.75
5.17874,3409.43994,735.875
5.17874,3410.01709,736.0
5.17874,3410.59204,736.125
5.17874,3411.16431,736.25
5.17874,3411.73364,736.375
5.17874,3412.29932,736.5
5.17874,3412.86182,736.625
5.17874,3413.42139,736.75
5.17874,3413.97754,736.875
5.17874,3414.53076,737.0
5.17874,3415.08154,737.125
5.17874,3415.63037,737.25
5.17874,3416.17847,737.375
5.17874,3416.72583,737.5
5.17874,3417.27246,737.625
5.17874,3417.81714,737.75
5.17874,3418.35791,737.875
5.17874,3418.89526,738.0
5.17874,3419.42822,738.125
5.17874,3419.95703,738.25
5.17874,3420.48193,738.375
5.17874,3421.00146,738.5
5.17874,3421.51709,738.625
5.17874,3422.02881,738.75
5.17874,3422.54004,738.875
5.17874,3423.05518,739.0
5.17874,3423.57642,739.125
5.17874,3424.1062,739.25
5.17874,3424.64429,739.375
5.17874,3425.18799,739.5
5.17874,3425.73462,739.625
5.17874,3426.28271,739.75
5.17874,3426.83057,739.875
5.17874,3427.37744,740.0
5.17874,3427.92358,740.125
5.17874,3428.46948,740.25
5.17874,3429.01562,740.375
5.17874,3429.5625,740.5
5.17874,3430.11035,740.625
5.17874,3430.66064,740.75
5.17874,3431.21338,740.875
5.17874,3431.76904,741.0
5.17874,3432.32715,741.125
5.17874,3432.88672,741.25
5.17874,3433.4458,741.375
5.17874,3434.00244,741.5
5.17874,3434.55518,741.625
5.17874,3435.104,741.75
5.17874,3435.65063,741.875
5.17874,3436.19751,742.0
5.17874,3436.74658,742.125
5.17874,3437.30029,742.25
5.17874,3437.8584,742.375
5.17874,3438.42065,742.5
5.17874,3438.98584,742.625
5.17874,3439.55322,742.75
5.17874,3440.12305,742.875
5.17874,3440.69482,743.0
5.17874,3441.26807,743.125
5.17874,3441.84131,743.25
5.17874,3442.4126,743.375
5.17874,3442.98096,743.5
5.17874,3443.54541,743.625
5.17874,3444.10669,743.75
5.17874,3444.66602,743.875
5.17874,3445.22437,744.0
5.17874,3445.78198,744.125
5.17874,3446.33862,744.25
5.17874,3446.89404,744.375
5.17874,3447.44727,744.5
5.17874,3447.99902,744.625
5.17874,3448.54761,744.75
5.17874,3449.09448,744.875
5.17874,3449.64111,745.0
5.17874,3450.18799,745.125
5.17874,3450.73608,745.25
5.17874,3451.2854,745.375
5.17874,3451.83545,745.5
5.17874,3452.38403,745.625
5.17874,3452.93115,745.75
5.17874,3453.47559,745.875
5.17874,3454.01855,746.0
5.17874,3454.55884,746.125
5.17874,3455.09668,746.25
5.17874,3455.63135,746.375
5.17874,3456.16211,746.5
5.17874,3456.69019,746.625
5.17874,3457.21777,746.75
5.17874,3457.74609,746.875
5.17874,3458.2771,747.0
5.17874,3458.81104,747.125
5.17874,3459.34766,747.25
5.17874,3459.88623,747.375
5.17874,3460.42822,747.5
5.17874,3460.97192,747.625
5.17874,3461.51758,747.75
5.17874,3462.06348,747.875
5.17874,3462.60742,748.0
5.17874,3463.14893,748.125
5.17874,3463.68799,748.25
5.17874,3464.22559,748.375
5.17874,3464.7627,748.5
5.17874,3465.30029,748.625
5.17874,3465.83789,748.75
5.17874,3466.37549,748.875
5.17874,3466.91357,749.0
5.17874,3467.45117,749.125
5.17874,3467.98828,749.25
5.17874,3468.52441,749.375
5.17874,3469.05811,749.5
5.17874,3469.58838,749.625
5.17874,3470.11572,749.75
5.17874,3470.64111,749.875
5.17874,3471.1665,750.0
5.17874,3471.69238,750.125
5.17874,3472.21924,750.25
5.17874,3472.74707,750.375
5.17874,3473.2749,750.5
5.17874,3473.80322,750.625
5.17874,3474.33105,750.75
5.17874,3474.85889,750.875
5.17874,3475.38525,751.0
5.17874,3475.91113,751.125
5.17874,3476.43555,751.25
5.17874,3476.95898,751.375
5.17874,3477.48096,751.5
5.17874,3478.00269,751.625
5.17874,3478.5249,751.75
5.17874,3479.04785,751.875
5.17874,3479.57202,752.0
5.17874,3480.09814,752.125
5.17874,3480.62598,752.25
5.17874,3481.1543,752.375
5.17874,3481.68262,752.5
5.17874,3482.20972,752.625
5.17874,3482.73438,752.75
5.17874,3483.25635,752.875
5.17874,3483.77686,753.0
5.17874,3484.29541,753.125
5.17874,3484.81421,753.25
5.17874,3485.33252,753.375
5.17874,3485.85107,753.5
5.17874,3486.37061,753.625
5.17874,3486.89014,753.75
5.17874,3487.41016,753.875
5.17874,3487.92944,754.0
5.17874,3488.448,754.125
5.17874,3488.96533,754.25
5.17874,3489.48047,754.375
5.17874,3489.99487,754.5
5.17874,3490.50635,754.625
5.17874,3491.01709,754.75
5.17874,3491.52686,754.875
5.17874,3492.03662,755.0
5.17874,3492.54736,755.125
5.17874,3493.06055,755.25
5.17874,3493.57568,755.375
5.17874,3494.09253,755.5
5.17874,3494.6084,755.625
5.17874,3495.12207,755.75
5.17874,3495.63281,755.875
5.17874,3496.14111,756.0
5.17874,3496.64795,756.125
5.17874,3497.15503,756.25
5.17874,3497.66162,756.375
5.17874,3498.16846,756.5
5.17874,3498.67554,756.625
5.17874,3499.18262,756.75
5.17874,3499.68945,756.875
5.17874,3500.19824,757.0
5.17874,3500.70605,757.125
5.17874,3501.21289,757.25
5.17874,3501.71729,757.375
5.17874,3502.21851,757.5
5.17874,3502.7168,757.625
5.17874,3503.21387,757.75
5.17874,3503.71094,757.875
5.17874,3504.20923,758.0
5.17874,3504.70874,758.125
5.17874,3505.21045,758.25
5.17874,3505.71484,758.375
5.17874,3506.22168,758.5
5.17874,3506.73242,758.625
5.17874,3507.24585,758.75
5.17874,3507.76123,758.875
5.17874,3508.27588,759.0
5.17874,3508.7876,759.125
5.17874,3509.29492,759.25
5.17874,3509.79834,759.375
5.17874,3510.29785,759.5
5.17874,3510.79492,759.625
5.17874,3511.28955,759.75
5.17874,3511.7832,759.875
5.17874,3512.27612,760.0
5.17874,3512.76807,760.125
5.17874,3513.2583,760.25
5.17874,3513.74609,760.375
5.17874,3514.22998,760.5
5.17874,3514.70972,760.625
5.17874,3515.18652,760.75
5.17874,3515.6604,760.875
5.17874,3516.13403,761.0
5.17874,3516.60718,761.125
5.17874,3517.08105,761.25
5.17874,3517.55493,761.375
5.17874,3518.02881,761.5
5.17874,3518.50244,761.625
5.17874,3518.9751,761.75
5.17874,3519.44702,761.875
5.17874,3519.9165,762.0
5.17874,3520.38208,762.125
5.17874,3520.84253,762.25
5.17874,3521.2959,762.375
5.17874,3521.74268,762.5
5.17874,3522.18164,762.625
5.17874,3522.61328,762.75
5.17874,3523.03564,762.875
5.17874,3523.44751,763.0
5.17874,3523.84668,763.125
5.17874,3524.23145,763.25
5.17874,3524.60303,763.375
5.17874,3524.96313,763.5
5.17874,3525.31494,763.625
5.17874,3525.66064,763.75
5.17874,3526.00098,763.875
5.17874,3526.33569,764.0
5.17874,3526.66553,764.125
5.17874,3526.99023,764.25
5.17874,3527.31201,764.375
5.17874,3527.63184,764.5
5.17874,3527.95117,764.625
5.17874,3528.271,764.75
5.17874,3528.5918,764.875
5.17874,3528.91382,765.0
5.17874,3529.23657,765.125
5.17874,3529.55933,765.25
5.17874,3529.88232,765.375
5.17874,3530.20361,765.5
5.17874,3530.52344,765.625
5.17874,3530.83887,765.75
5.17874,3531.12085,765.875
5.17874,3531.19482,766.0
5.17874,3530.69287,766.125
5.17874,3529.25073,766.25
5.17874,3526.73242,766.375
5.17874,3523.35498,766.5
5.17874,3519.63647,766.625
5.17874,3516.19824,766.75
5.17874,3513.49463,766.875
5.17874,3511.6543,767.0
5.17874,3510.4834,767.125
5.17874,3509.62939,767.25
5.17874,3508.80615,767.375
5.17874,3507.92358,767.5
5.17874,3506.98218,767.625
5.17874,3505.99072,767.75
5.17874,3504.96289,767.875
5.17874,3503.91675,768.0
5.17874,3502.87378,768.125
5.17874,3501.85498,768.25
5.17874,3500.87915,768.375
5.17874,3499.96191,768.5
5.17874,3499.11914,768.625
5.17874,3498.375,768.75
5.17874,3497.76709,768.875
5.17874,3497.34131,769.0
5.17874,3497.13672,769.125
5.17874,3497.16772,769.25
5.17874,3497.41626,769.375
5.17874,3497.83203,769.5
5.17874,3498.35181,769.625
5.17874,3498.92017,769.75
5.17874,3499.50146,769.875
5.17874,3500.08008,770.0
5.17874,3500.65039,770.125
5.17874,3501.21021,770.25
5.17874,3501.75806,770.375
5.17874,3502.29517,770.5
5.17874,3502.82227,770.625
5.17874,3503.34253,770.75
5.17874,3503.85693,770.875
5.17874,3504.36597,771.0
5.17874,3504.86914,771.125
5.17874,3505.36572,771.25
5.17874,3505.85449,771.375
5.17874,3506.33594,771.5
5.17874,3506.80957,771.625
5.17874,3507.27612,771.75
5.17874,3507.73535,771.875
5.17874,3508.18652,772.0
5.17874,3508.62988,772.125
5.17874,3509.06445,772.25
5.17874,3509.4917,772.375
5.17874,3509.9104,772.5
5.17874,3510.32202,772.625
5.17874,3510.72754,772.75
5.17874,3511.12793,772.875
5.17874,3511.52246,773.0
5.17874,3511.91187,773.125
5.17874,3512.29541,773.25
5.17874,3512.67236,773.375
5.17874,3513.04175,773.5
5.17874,3513.40234,773.625
5.17874,3513.75317,773.75
5.17874,3514.09424,773.875
5.17874,3514.42651,774.0
5.17874,3514.74902,774.125
5.17874,3515.06348,774.25
5.17874,3515.36914,774.375
5.17874,3515.66577,774.5
5.17874,3515.95312,774.625
5.17874,3516.23145,774.75
5.17874,3516.50195,774.875
5.17874,3516.76465,775.0
5.17874,3517.02002,775.125
5.17874,3517.26733,775.25
5.17874,3517.50586,775.375
5.17874,3517.73486,775.5
5.17874,3517.9541,775.625
5.17874,3518.16284,775.75
5.17874,3518.36157,775.875
5.17874,3518.55127,776.0
5.17874,3518.73291,776.125
5.17874,3518.90771,776.25
5.17874,3519.07715,776.375
5.17874,3519.24146,776.5
5.17874,3519.40186,776.625
5.17874,3519.55811,776.75
5.17874,3519.7085,776.875
5.17874,3519.85278,777.0
5.17874,3519.99023,777.125
5.17874,3520.12183,777.25
5.17874,3520.24707,777.375
5.17874,3520.36743,777.5
5.17874,3520.4834,777.625
5.17874,3520.59473,777.75
5.17874,3520.70215,777.875
5.17874,3520.80566,778.0
5.17874,3520.90576,778.125
5.17874,3521.00244,778.25
5.17874,3521.09473,778.375
5.17874,3521.18384,778.5
5.17874,3521.26904,778.625
5.17874,3521.35156,778.75
5.17874,3521.43213,778.875
5.17874,3521.51245,779.0
5.17874,3521.59473,779.125
5.17874,3521.67969,779.25
5.17874,3521.76807,779.375
5.17874,3521.85913,779.5
5.17874,3521.95142,779.625
5.17874,3522.04248,779.75
5.17874,3522.13184,779.875
5.17874,3522.21875,780.0
5.17874,3522.30273,780.125
5.17874,3522.38379,780.25
5.17874,3522.46143,780.375
5.17874,3522.53516,780.5
5.17874,3522.60547,780.625
5.17874,3522.67212,780.75
5.17874,3522.73633,780.875
5.17874,3522.79858,781.0
5.17874,3522.85938,781.125
5.17874,3522.91846,781.25
5.17874,3522.97559,781.375
5.17874,3523.03076,781.5
5.17874,3523.08203,781.625
5.17874,3523.12939,781.75
5.17874,3523.17285,781.875
5.17874,3523.21143,782.0
5.17874,3523.24609,782.125
5.17874,3523.27588,782.25
5.17874,3523.30127,782.375
5.17874,3523.3208,782.5
5.17874,3523.33545,782.625
5.17874,3523.34473,782.75
5.17874,3523.35059,782.875
5.17874,3523.35449,783.0
5.17874,3523.35791,783.125
5.17874,3523.3623,783.25
5.17874,3523.36768,783.375
5.17874,3523.37256,783.5
5.17874,3523.37598,783.625
5.17874,3523.37646,783.75
5.17874,3523.3728,783.875
5.17874,3523.36401,784.0
5.17874,3523.3501,784.125
5.17874,3523.33105,784.25
5.17874,3523.30396,784.375
5.17874,3523.26904,784.5
5.17874,3523.22656,784.625
5.17874,3523.17773,784.75
5.17874,3523.12549,784.875
5.17874,3523.07324,785.0
5.17874,3523.02441,785.125
5.17874,3522.98071,785.25
5.17874,3522.94287,785.375
5.17874,3522.91113,785.5
5.17874,3522.88574,785.625
5.17874,3522.86743,785.75
5.17874,3522.85693,785.875
5.17874,3522.85498,786.0
5.17874,3522.86279,786.125
5.17874,3522.87964,786.25
5.17874,3522.90356,786.375
5.17874,3522.93213,786.5
5.17874,3522.96118,786.625
5.17874,3522.98584,786.75
5.17874,3523.00244,786.875
5.17874,3523.00854,787.0
5.17874,3523.00317,787.125
5.17874,3522.98706,787.25
5.17874,3522.95996,787.375
5.17874,3522.92188,787.5
5.17874,3522.87256,787.625
5.17874,3522.81006,787.75
5.17874,3522.7334,787.875
5.17874,3522.64307,788.0
5.17874,3522.54053,788.125
5.17874,3522.42627,788.25
5.17874,3522.30127,788.375
5.17874,3522.16602,788.5
5.17874,3522.02002,788.625
5.17874,3521.86279,788.75
5.17874,3521.69336,788.875
5.17874,3521.50952,789.0
5.17874,3521.31079,789.125
5.17874,3521.0957,789.25
5.17874,3520.86377,789.375
5.17874,3520.61548,789.5
5.17874,3520.35254,789.625
5.17874,3520.07666,789.75
5.17874,3519.78931,789.875
5.17874,3519.49219,790.0
5.17874,3519.1853,790.125
5.17874,3518.86865,790.25
5.17874,3518.54053,790.375
5.17874,3518.19727,790.5
5.17874,3517.83643,790.625
5.17874,3517.45557,790.75
5.17874,3517.05273,790.875
5.17874,3516.62671,791.0
5.17874,3516.17627,791.125
5.17874,3515.70166,791.25
5.17874,3515.20312,791.375
5.17874,3514.68164,791.5
5.17874,3514.1377,791.625
5.17874,3513.57178,791.75
5.17874,3512.98486,791.875
5.17874,3512.37744,792.0
5.17874,3511.75,792.125
5.17874,3511.10254,792.25
5.17874,3510.43433,792.375
5.17874,3509.74463,792.5
5.17874,3509.03467,792.625
5.17874,3508.30347,792.75
5.17874,3507.5542,792.875
5.17874,3506.78882,793.0
5.17874,3506.00903,793.125
5.17874,3505.21582,793.25
5.17874,3504.4082,793.375
5.17874,3503.58545,793.5
5.17874,3502.74805,793.625
5.17874,3501.89526,793.75
5.17874,3501.02734,793.875
5.17874,3500.14551,794.0
5.17874,3499.25,794.125
5.17874,3498.34082,794.25
5.17874,3497.41846,794.375
5.17874,3496.48242,794.5
5.17874,3495.53442,794.625
5.17874,3494.57422,794.75
5.17874,3493.60254,794.875
5.17874,3492.61768,795.0
5.17874,3491.61743,795.125
5.17874,3490.6001,795.25
5.17874,3489.56494,795.375
5.17874,3488.51416,795.5
5.17874,3487.45166,795.625
5.17874,3486.38086,795.75
5.17874,3485.30396,795.875
5.17874,3484.22266,796.0
5.17874,3483.13672,796.125
5.17874,3482.04883,796.25
5.17874,3480.9624,796.375
5.17874,3479.88232,796.5
5.17874,3478.81201,796.625
5.17874,3477.75342,796.75
5.17874,3476.70703,796.875
5.17874,3475.67188,797.0
5.17874,3474.64697,797.125
5.17874,3473.63037,797.25
5.17874,3472.62085,797.375
5.17874,3471.61523,797.5
5.17874,3470.60986,797.625
5.17874,3469.60254,797.75
5.17874,3468.5918,797.875
5.17874,3467.57739,798.0
5.17874,3466.56079,798.125
5.17874,3465.54297,798.25
5.17874,3464.52393,798.375
5.17874,3463.50342,798.5
5.17874,3462.48071,798.625
5.17874,3461.45605,798.75
5.17874,3460.4314,798.875
5.17874,3459.40771,799.0
5.17874,3458.38721,799.125
5.17874,3457.36938,799.25
5.17874,3456.354,799.375
5.17874,3455.34082,799.5
5.17874,3454.32983,799.625
5.17874,3453.32275,799.75
5.17874,3452.32227,799.875
5.17874,3451.32983,800.0
5.17874,3450.34668,800.125
5.17874,3449.37354,800.25
5.17874,3448.40894,800.375
5.17874,3447.45068,800.5
5.17874,3446.49609,800.625
5.17874,3445.54077,800.75
5.17874,3444.58276,800.875
5.17874,3443.62109,801.0
5.17874,3442.65723,801.125
5.17874,3441.69336,801.25
5.17874,3440.73242,801.375
5.17874,3439.77612,801.5
5.17874,3438.82471,801.625
5.17874,3437.875,801.75
5.17874,3436.92407,801.875
5.17874,3435.96973,802.0
5.17874,3435.01123,802.125
5.17874,3434.04834,802.25
5.17874,3433.0835,802.375
5.17874,3432.11816,802.5
5.17874,3431.1543,802.625
5.17874,3430.19214,802.75
5.17874,3429.23315,802.875
5.17874,3428.27686,803.0
5.17874,3427.32471,803.125
5.17874,3426.37695,803.25
5.17874,3425.43359,803.375
5.17874,3424.49365,803.5
5.17874,3423.55713,803.625
5.17874,3422.62207,803.75
5.17874,3421.68726,803.875
5.17874,3420.75195,804.0
5.17874,3419.81567,804.125
5.17874,3418.87939,804.25
5.17874,3417.94434,804.375
5.17874,3417.01123,804.5
5.17874,3416.08032,804.625
5.17874,3415.1499,804.75
5.17874,3414.21802,804.875
5.17874,3413.28076,805.0
5.17874,3412.33691,805.125
5.17874,3411.3833,805.25
5.17874,3410.41895,805.375
5.17874,3409.44312,805.5
5.17874,3408.4563,805.625
5.17874,3407.45996,805.75
5.17874,3406.45508,805.875
5.17874,3405.44238,806.0
5.17874,3404.42285,806.125
5.17874,3403.39697,806.25
5.17874,3402.3667,806.375
5.17874,3401.33447,806.5
5.17874,3400.30249,806.625
5.17874,3399.27393,806.75
5.17874,3398.24951,806.875
5.17874,3397.22876,807.0
5.17874,3396.21191,807.125
5.17874,3395.19775,807.25
5.17874,3394.18652,807.375
5.17874,3393.177,807.5
5.17874,3392.16797,807.625
5.17874,3391.15869,807.75
5.17874,3390.14941,807.875
5.17874,3389.13965,808.0
5.17874,3388.12988,808.125
5.17874,3387.12085,808.25
5.17874,3386.11182,808.375
5.17874,3385.10376,808.5
5.17874,3384.09717,808.625
5.17874,3383.09473,808.75
5.17874,3382.09863,808.875
5.17874,3381.11182,809.0
5.17874,3380.13525,809.125
5.17874,3379.16895,809.25
5.17874,3378.21289,809.375
5.17874,3377.26489,809.5
5.17874,3376.32324,809.625
5.17874,3375.38574,809.75
5.17874,3374.45093,809.875
5.17874,3373.51904,810.0
5.17874,3372.58936,810.125
5.17874,3371.6626,810.25
5.17874,3370.73828,810.375
5.17874,3369.8147,810.5
5.17874,3368.89209,810.625
5.17874,3367.97021,810.75
5.17874,3367.05029,810.875
5.17874,3366.13379,811.0
5.17874,3365.22021,811.125
5.17874,3364.30933,811.25
5.17874,3363.39893,811.375
5.17874,3362.48877,811.5
5.17874,3361.57861,811.625
5.17874,3360.67139,811.75
5.17874,3359.76904,811.875
5.17874,3358.875,812.0
5.17874,3357.98901,812.125
5.17874,3357.11182,812.25
5.17874,3356.24268,812.375
5.17874,3355.3833,812.5
5.17874,3354.53418,812.625
5.17874,3353.69482,812.75
5.17874,3352.86572,812.875
5.17874,3352.04419,813.0
5.17874,3351.22852,813.125
5.17874,3350.41675,813.25
5.17874,3349.6084,813.375
5.17874,3348.80322,813.5
5.17874,3348.00244,813.625
5.17874,3347.20654,813.75
5.17874,3346.41479,813.875
5.17874,3345.62646,814.0
5.17874,3344.8418,814.125
5.17874,3344.0603,814.25
5.17874,3343.28027,814.375
5.17874,3342.50049,814.5
5.17874,3341.71899,814.625
5.17874,3340.93433,814.75
5.17874,3340.14526,814.875
5.17874,3339.35327,815.0
5.17874,3338.56055,815.125
5.17874,3337.76904,815.25
5.17874,3336.98169,815.375
5.17874,3336.19922,815.5
5.17874,3335.42334,815.625
5.17874,3334.65479,815.75
5.17874,3333.89258,815.875
5.17874,3333.13647,816.0
5.17874,3332.38599,816.125
5.17874,3331.64062,816.25
5.17874,3330.90063,816.375
5.17874,3330.16455,816.5
5.17874,3329.43262,816.625
5.17874,3328.70483,816.75
5.17874,3327.98022,816.875
5.17874,3327.25977,817.0
5.17874,3326.5437,817.125
5.17874,3325.83252,817.25
5.17874,3325.12744,817.375
5.17874,3324.43066,817.5
5.17874,3323.73975,817.625
5.17874,3323.03174,817.75
5.17874,3322.22974,817.875
5.17874,3321.21191,818.0
5.17874,3319.86719,818.125
5.17874,3318.15576,818.25
5.17874,3316.14111,818.375
5.17874,3313.97144,818.5
5.17874,3311.82227,818.625
5.17874,3309.82324,818.75
5.17874,3308.01709,818.875
5.17874,3306.3606,819.0
5.17874,3304.77246,819.125
5.17874,3303.19043,819.25
5.17874,3301.59277,819.375
5.17874,3299.97949,819.5
5.17874,3298.35913,819.625
5.17874,3296.74561,819.75
5.17874,3295.15527,819.875
5.17874,3293.60547,820.0
5.17874,3292.11157,820.125
5.17874,3290.68652,820.25
5.17874,3289.34473,820.375
5.17874,3288.11133,820.5
5.17874,3287.02246,820.625
5.20392,3286.11768,820.75
5.20392,3285.42725,820.875
5.20392,3284.95508,821.0
5.20392,3284.6748,821.125
5.20392,3284.53613,821.25
5.20392,3284.47998,821.375
5.20392,3284.45752,821.5
5.20392,3284.43945,821.625
5.20392,3284.4165,821.75
5.20392,3284.38672,821.875
5.20392,3284.3501,822.0
5.20392,3284.30762,822.125
5.20392,3284.26025,822.25
5.20392,3284.21045,822.375
5.20392,3284.15869,822.5
5.20392,3284.10547,822.625
5.20392,3284.05151,822.75
5.20392,3283.99658,822.875
5.20392,3283.94043,823.0
5.20392,3283.88477,823.125
5.20392,3283.82983,823.25
5.20392,3283.77637,823.375
5.20392,3283.72461,823.5
5.20392,3283.67432,823.625
5.20392,3283.62598,823.75
5.20392,3283.5791,823.875
5.20392,3283.53296,824.0
5.20392,3283.48706,824.125
5.20392,3283.44189,824.25
5.20392,3283.39746,824.375
5.20392,3283.35376,824.5
5.20392,3283.31104,824.625
5.20392,3283.26953,824.75
5.20392,3283.22949,824.875
5.20392,3283.18994,825.0
5.20392,3283.15088,825.125
5.20392,3283.11255,825.25
5.20392,3283.07495,825.375
5.20392,3283.03735,825.5
5.20392,3283.0,825.625
5.20392,3282.96265,825.75
5.20392,3282.92627,825.875
5.20392,3282.89111,826.0
5.20392,3282.85718,826.125
5.20392,3282.82471,826.25
5.20392,3282.79346,826.375
5.20392,3282.7627,826.5
5.20392,3282.73193,826.625
5.20392,3282.70093,826.75
5.20392,3282.67041,826.875
5.20392,3282.64014,827.0
5.20392,3282.61182,827.125
5.20392,3282.58472,827.25
5.20392,3282.55908,827.375
5.20392,3282.53394,827.5
5.20392,3282.50903,827.625
5.20392,3282.4834,827.75
5.20392,3282.45703,827.875
5.20392,3282.43018,828.0
5.20392,3282.4043,828.125
5.20392,3282.37891,828.25
5.20392,3282.354,828.375
5.20392,3282.33008,828.5
5.20392,3282.30615,828.625
5.20392,3282.28125,828.75
5.20392,3282.25586,828.875
5.20392,3282.23022,829.0
5.20392,3282.20508,829.125
5.20392,3282.17969,829.25
5.20392,3282.15381,829.375
5.20392,3282.12744,829.5
5.20392,3282.10059,829.625
5.20392,3282.07324,829.75
5.20392,3282.04639,829.875
5.20392,3282.021,830.0
5.20392,3281.99683,830.125
5.20392,3281.97363,830.25
5.20392,3281.95215,830.375
5.20392,3281.93164,830.5
5.20392,3281.91211,830.625
5.20392,3281.89404,830.75
5.20392,3281.87646,830.875
5.20392,3281.86035,831.0
5.20392,3281.84473,831.125
5.20392,3281.82959,831.25
5.20392,3281.81372,831.375
5.20392,3281.79688,831.5
5.20392,3281.77856,831.625
5.20392,3281.75928,831.75
5.20392,3281.73975,831.875
5.20392,3281.71973,832.0
5.20392,3281.69922,832.125
5.20392,3281.67725,832.25
5.20392,3281.65381,832.375
5.20392,3281.62891,832.5
5.20392,3281.60181,832.625
5.20392,3281.57275,832.75
5.20392,3281.5415,832.875
5.20392,3281.50928,833.0
5.20392,3281.47559,833.125
5.20392,3281.44067,833.25
5.20392,3281.40503,833.375
5.20392,3281.36865,833.5
5.20392,3281.33154,833.625
5.20392,3281.29297,833.75
5.20392,3281.25342,833.875
5.20392,3281.21289,834.0
5.20392,3281.17041,834.125
5.20392,3281.12598,834.25
5.20392,3281.07959,834.375
5.20392,3281.03125,834.5
5.20392,3280.98267,834.625
5.20392,3280.93457,834.75
5.20392,3280.88794,834.875
5.20392,3280.84229,835.0
5.20392,3280.79883,835.125
5.20392,3280.75635,835.25
5.20392,3280.71484,835.375
5.20392,3280.67432,835.5
5.20392,3280.63379,835.625
5.20392,3280.59326,835.75
5.20392,3280.55127,835.875
5.20392,3280.50757,836.0
5.20392,3280.46289,836.125
5.20392,3280.41748,836.25
5.20392,3280.37256,836.375
5.20392,3280.32837,836.5
5.20392,3280.28589,836.625
5.20392,3280.24365,836.75
5.20392,3280.20166,836.875
5.20392,3280.15918,837.0
5.20392,3280.11621,837.125
5.20392,3280.073,837.25
5.20392,3280.0293,837.375
5.20392,3279.98535,837.5
5.20392,3279.94165,837.625
5.20392,3279.89893,837.75
5.20392,3279.85742,837.875
5.20392,3279.81641,838.0
5.20392,3279.77612,838.125
5.20392,3279.73682,838.25
5.20392,3279.69824,838.375
5.20392,3279.66162,838.5
5.20392,3279.62793,838.625
5.20392,3279.59619,838.75
5.20392,3279.56689,838.875
5.20392,3279.53906,839.0
5.20392,3279.51221,839.125
5.20392,3279.4856,839.25
5.20392,3279.46021,839.375
5.20392,3279.43457,839.5
5.20392,3279.40967,839.625
5.20392,3279.38525,839.75
5.20392,3279.36084,839.875
5.20392,3279.3374,840.0
5.20392,3279.31396,840.125
5.20392,3279.29053,840.25
5.20392,3279.26709,840.375
5.20392,3279.24292,840.5
5.20392,3279.21777,840.625
5.20392,3279.19287,840.75
5.20392,3279.16748,840.875
5.20392,3279.14185,841.0
5.20392,3279.11572,841.125
5.20392,3279.08911,841.25
5.20392,3279.06226,841.375
5.20392,3279.03638,841.5
5.20392,3279.01172,841.625
5.20392,3278.98877,841.75
5.20392,3278.9668,841.875
5.20392,3278.94531,842.0
5.20392,3278.92432,842.125
5.20392,3278.90381,842.25
5.20392,3278.88403,842.375
5.20392,3278.86548,842.5
5.20392,3278.84814,842.625
5.20392,3278.83105,842.75
5.20392,3278.81396,842.875
5.20392,3278.79712,843.0
5.20392,3278.78003,843.125
5.20392,3278.76318,843.25
5.20392,3278.74561,843.375
5.20392,3278.72803,843.5
5.20392,3278.70947,843.625
5.20392,3278.68994,843.75
5.20392,3278.66968,843.875
5.20392,3278.65039,844.0
5.20392,3278.63281,844.125
5.20392,3278.61646,844.25
5.20392,3278.60156,844.375
5.20392,3278.5874,844.5
5.20392,3278.57373,844.625
5.20392,3278.56104,844.75
5.20392,3278.5481,844.875
5.20392,3278.53442,845.0
5.20392,3278.52002,845.125
5.20392,3278.50391,845.25
5.20392,3278.48682,845.375
5.20392,3278.46899,845.5
5.20392,3278.45068,845.625
5.20392,3278.43213,845.75
5.20392,3278.41357,845.875
5.20392,3278.39551,846.0
5.20392,3278.37744,846.125
5.20392,3278.35864,846.25
5.20392,3278.33936,846.375
5.20392,3278.31885,846.5
5.20392,3278.29736,846.625
5.20392,3278.27466,846.75
5.20392,3278.25049,846.875
5.20392,3278.22461,847.0
5.20392,3278.19849,847.125
5.20392,3278.17139,847.25
5.20392,3278.14404,847.375
5.20392,3278.11597,847.5
5.20392,3278.08691,847.625
5.20392,3278.05615,847.75
5.20392,3278.02539,847.875
5.20392,3277.99365,848.0
5.20392,3277.9624,848.125
5.20392,3277.93164,848.25
5.20392,3277.90039,848.375
5.20392,3277.86816,848.5
5.20392,3277.83447,848.625
5.20392,3277.79907,848.75
5.20392,3277.76245,848.875
5.20392,3277.72583,849.0
5.20392,3277.68945,849.125
5.20392,3277.65381,849.25
5.20392,3277.61987,849.375
5.20392,3277.58594,849.5
5.20392,3277.55273,849.625
5.20392,3277.51855,849.75
5.20392,3277.48389,849.875
5.20392,3277.44873,850.0
5.20392,3277.41357,850.125
5.20392,3277.37866,850.25
5.20392,3277.34375,850.375
5.20392,3277.30835,850.5
5.20392,3277.27246,850.625
5.20392,3277.23633,850.75
5.20392,3277.19946,850.875
5.20392,3277.16187,851.0
5.20392,3277.12402,851.125
5.20392,3277.08545,851.25
5.20392,3277.04639,851.375
5.20392,3277.00684,851.5
5.20392,3276.96582,851.625
5.20392,3276.92334,851.75
5.20392,3276.87988,851.875
5.20392,3276.83496,852.0
5.20392,3276.79004,852.125
5.20392,3276.74487,852.25
5.20392,3276.69897,852.375
5.20392,3276.65234,852.5
5.20392,3276.60449,852.625
5.20392,3276.55469,852.75
5.20392,3276.50342,852.875
5.20392,3276.4502,853.0
5.20392,3276.39502,853.125
5.20392,3276.33936,853.25
5.20392,3276.28271,853.375
5.20392,3276.22632,853.5
5.20392,3276.17041,853.625
5.20392,3276.11475,853.75
5.20392,3276.05811,853.875
5.20392,3276.0,854.0
5.20392,3275.93848,854.125
5.20392,3275.87378,854.25
5.20392,3275.80615,854.375
5.20392,3275.73633,854.5
5.20392,3275.66504,854.625
5.20392,3275.59277,854.75
5.20392,3275.51929,854.875
5.20392,3275.44458,855.0
5.20392,3275.36914,855.125
5.20392,3275.29395,855.25
5.20392,3275.21997,855.375
5.20392,3275.14624,855.5
5.20392,3275.07373,855.625
5.20392,3275.00171,855.75
5.20392,3274.92993,855.875
5.20392,3274.85889,856.0
5.20392,3274.78857,856.125
5.20392,3274.71875,856.25
5.20392,3274.65015,856.375
5.20392,3274.58203,856.5
5.20392,3274.51392,856.625
5.20392,3274.4458,856.75
5.20392,3274.37744,856.875
5.20392,3274.30811,857.0
5.20392,3274.23828,857.125
5.20392,3274.16797,857.25
5.20392,3274.09668,857.375
5.20392,3274.02637,857.5
5.20392,3273.95605,857.625
5.20392,3273.88818,857.75
5.20392,3273.82227,857.875
5.20392,3273.7583,858.0
5.20392,3273.6958,858.125
5.20392,3273.63428,858.25
5.20392,3273.57422,858.375
5.20392,3273.51562,858.5
5.20392,3273.45898,858.625
5.20392,3273.4043,858.75
5.20392,3273.35254,858.875
5.20392,3273.30273,859.0
5.20392,3273.25488,859.125
5.20392,3273.20898,859.25
5.20392,3273.16357,859.375
5.20392,3273.11987,859.5
5.20392,3273.07666,859.625
5.20392,3273.03467,859.75
5.20392,3272.99365,859.875
5.20392,3272.95361,860.0
5.20392,3272.91577,860.125
5.20392,3272.87988,860.25
5.20392,3272.84619,860.375
5.20392,3272.81445,860.5
5.20392,3272.78467,860.625
5.20392,3272.75757,860.75
5.20392,3272.73242,860.875
5.20392,3272.71045,861.0
5.20392,3272.69092,861.125
5.20392,3272.67383,861.25
5.20392,3272.65918,861.375
5.20392,3272.646,861.5
5.20392,3272.63428,861.625
5.20392,3272.62427,861.75
5.20392,3272.61621,861.875
5.20392,3272.61035,862.0
5.20392,3272.60547,862.125
5.20392,3272.60156,862.25
5.20392,3272.59814,862.375
5.20392,3272.59473,862.5
5.20392,3272.59277,862.625
5.20392,3272.59204,862.75
5.20392,3272.59253,862.875
5.20392,3272.59473,863.0
5.20392,3272.59863,863.125
5.20392,3272.60352,863.25
5.20392,3272.60986,863.375
5.20392,3272.61743,863.5
5.20392,3272.62573,863.625
5.20392,3272.63477,863.75
5.20392,3272.64404,863.875
5.20392,3272.65405,864.0
5.20392,3272.66406,864.125
5.20392,3272.67383,864.25
5.20392,3272.68408,864.375
5.20392,3272.69336,864.5
5.20392,3272.70264,864.625
5.20392,3272.71289,864.75
5.20392,3272.72339,864.875
5.20392,3272.73511,865.0
5.20392,3272.74658,865.125
5.20392,3272.7583,865.25
5.20392,3272.77002,865.375
5.20392,3272.78125,865.5
5.20392,3272.79321,865.625
5.20392,3272.80615,865.75
5.20392,3272.81934,865.875
5.20392,3272.83276,866.0
5.20392,3272.84595,866.125
5.20392,3272.85913,866.25
5.20392,3272.87158,866.375
5.20392,3272.88477,866.5
5.20392,3272.89819,866.625
5.20392,3272.91138,866.75
5.20392,3272.92383,866.875
5.20392,3272.93506,867.0
5.20392,3272.94458,867.125
5.20392,3272.95239,867.25
5.20392,3272.95947,867.375
5.20392,3272.96606,867.5
5.20392,3272.97314,867.625
5.20392,3272.9812,867.75
5.20392,3272.98877,867.875
5.20392,3272.99561,868.0
5.20392,3273.00146,868.125
5.20392,3273.00562,868.25
5.20392,3273.00806,868.375
5.20392,3273.00928,868.5
5.20392,3273.00879,868.625
5.20392,3273.00732,868.75
5.20392,3273.00439,868.875
5.20392,3273.00098,869.0
5.20392,3272.99561,869.125
5.20392,3272.9563,869.25
5.20392,3272.77197,869.375
5.20392,3272.28027,869.5
5.20392,3271.34839,869.625
5.20392,3269.95142,869.75
5.20392,3268.20312,869.875
5.20392,3266.32349,870.0
5.20392,3264.5437,870.125
5.20392,3263.01807,870.25
5.20392,3261.77246,870.375
5.20392,3260.72363,870.5
5.20392,3259.74854,870.625
5.20392,3258.77002,870.75
5.20392,3257.76172,870.875
5.20392,3256.7229,871.0
5.20392,3255.66309,871.125
5.20392,3254.59521,871.25
5.20392,3253.53613,871.375
5.20392,3252.50244,871.5
5.20392,3251.50781,871.625
5.20392,3250.56372,871.75
5.20392,3249.68286,871.875
5.20392,3248.88818,872.0
5.20392,3248.21533,872.125
5.17874,3247.70605,872.25
5.17874,3247.39331,872.375
5.17874,3247.2876,872.5
5.17874,3247.36719,872.625
5.17874,3247.58496,872.75
5.17874,3247.88135,872.875
5.17874,3248.20532,873.0
5.17874,3248.52393,873.125
5.17874,3248.82471,873.25
5.17874,3249.1062,873.375
5.17874,3249.36987,873.5
5.17874,3249.61743,873.625
5.17874,3249.85303,873.75
5.17874,3250.0791,873.875
5.17874,3250.29688,874.0
5.17874,3250.50732,874.125
5.17874,3250.71045,874.25
5.17874,3250.90552,874.375
5.17874,3251.0918,874.5
5.17874,3251.27002,874.625
5.17874,3251.44141,874.75
5.17874,3251.6062,874.875
5.17874,3251.76587,875.0
5.17874,3251.92163,875.125
5.17874,3252.07324,875.25
5.17874,3252.22021,875.375
5.17874,3252.36328,875.5
5.17874,3252.50244,875.625
5.17874,3252.6377,875.75
5.17874,3252.76953,875.875
5.17874,3252.89746,876.0
5.17874,3253.02197,876.125
5.17874,3253.14233,876.25
5.17874,3253.25928,876.375
5.17874,3253.37354,876.5
5.17874,3253.48584,876.625
5.17874,3253.59692,876.75
5.17874,3253.70557,876.875
5.17874,3253.81201,877.0
5.17874,3253.91431,877.125
5.17874,3254.01343,877.25
5.17874,3254.10889,877.375
5.17874,3254.20142,877.5
5.17874,3254.29126,877.625
5.17874,3254.37891,877.75
5.17874,3254.46387,877.875
5.17874,3254.54736,878.0
5.17874,3254.62915,878.125
5.17874,3254.70996,878.25
5.17874,3254.79053,878.375
5.17874,3254.87012,878.5
5.17874,3254.948,878.625
5.17874,3255.02368,878.75
5.17874,3255.09717,878.875
5.17874,3255.16895,879.0
5.17874,3255.23926,879.125
5.17874,3255.30908,879.25
5.17874,3255.37866,879.375
5.17874,3255.44824,879.5
5.17874,3255.5166,879.625
5.17874,3255.58398,879.75
5.17874,3255.65015,879.875
5.17874,3255.71509,880.0
5.17874,3255.77832,880.125
5.17874,3255.84033,880.25
5.17874,3255.90063,880.375
5.17874,3255.95923,880.5
5.17874,3256.01562,880.625
5.17874,3256.07007,880.75
5.17874,3256.12305,880.875
5.17874,3256.17529,881.0
5.17874,3256.22803,881.125
5.17874,3256.28076,881.25
5.17874,3256.33423,881.375
5.17874,3256.38745,881.5
5.17874,3256.44043,881.625
5.17874,3256.49341,881.75
5.17874,3256.5459,881.875
5.17874,3256.59839,882.0
5.17874,3256.65088,882.125
5.17874,3256.70312,882.25
5.17874,3256.75537,882.375
5.17874,3256.80664,882.5
5.17874,3256.85693,882.625
5.17874,3256.90674,882.75
5.17874,3256.95581,882.875
5.17874,3257.00439,883.0
5.17874,3257.05225,883.125
5.17874,3257.09937,883.25
5.17874,3257.146,883.375
5.17874,3257.19214,883.5
5.17874,3257.2373,883.625
5.17874,3257.28125,883.75
5.17874,3257.32446,883.875
5.17874,3257.36548,884.0
5.17874,3257.40576,884.125
5.17874,3257.44556,884.25
5.17874,3257.48535,884.375
5.17874,3257.5249,884.5
5.17874,3257.56543,884.625
5.17874,3257.60547,884.75
5.17874,3257.64575,884.875
5.17874,3257.68555,885.0
5.17874,3257.72559,885.125
5.17874,3257.76562,885.25
5.17874,3257.80469,885.375
5.17874,3257.84326,885.5
5.17874,3257.88135,885.625
5.17874,3257.91846,885.75
5.17874,3257.95532,885.875
5.17874,3257.9917,886.0
5.17874,3258.02832,886.125
5.17874,3258.06592,886.25
5.17874,3258.10449,886.375
5.17874,3258.14355,886.5
5.17874,3258.18311,886.625
5.17874,3258.22266,886.75
5.17874,3258.26074,886.875
5.17874,3258.29761,887.0
5.17874,3258.33398,887.125
5.17874,3258.36987,887.25
5.17874,3258.40405,887.375
5.17874,3258.4375,887.5
5.17874,3258.46924,887.625
5.17874,3258.50049,887.75
5.17874,3258.53223,887.875
5.17874,3258.56567,888.0
5.17874,3258.60059,888.125
5.17874,3258.63721,888.25
5.17874,3258.67432,888.375
5.17874,3258.71191,888.5
5.17874,3258.74902,888.625
5.17874,3258.78564,888.75
5.17874,3258.82104,888.875
5.17874,3258.85498,889.0
5.17874,3258.88818,889.125
5.17874,3258.92065,889.25
5.17874,3258.95264,889.375
5.17874,3258.98486,889.5
5.17874,3259.01562,889.625
5.17874,3259.04517,889.75
5.17874,3259.073,889.875
5.17874,3259.09961,890.0
5.17874,3259.12646,890.125
5.17874,3259.1543,890.25
5.17874,3259.18286,890.375
5.17874,3259.21143,890.5
5.17874,3259.23926,890.625
5.17874,3259.26562,890.75
5.17874,3259.29004,890.875
5.17874,3259.31348,891.0
5.17874,3259.33691,891.125
5.17874,3259.36035,891.25
5.17874,3259.38379,891.375
5.17874,3259.40771,891.5
5.17874,3259.43091,891.625
5.17874,3259.45361,891.75
5.17874,3259.47559,891.875
5.17874,3259.49707,892.0
5.17874,3259.51807,892.125
5.17874,3259.53955,892.25
5.17874,3259.56055,892.375
5.17874,3259.58154,892.5
5.17874,3259.60254,892.625
5.17874,3259.62378,892.75
5.17874,3259.64502,892.875
5.17874,3259.66602,893.0
5.17874,3259.68701,893.125
5.17874,3259.70825,893.25
5.17874,3259.73022,893.375
5.17874,3259.75293,893.5
5.17874,3259.77515,893.625
5.17874,3259.79761,893.75
5.17874,3259.81934,893.875
5.17874,3259.83984,894.0
5.17874,3259.85962,894.125
5.17874,3259.87744,894.25
5.17874,3259.89429,894.375
5.17874,3259.91016,894.5
5.17874,3259.92529,894.625
5.17874,3259.94043,894.75
5.17874,3259.95605,894.875
5.17874,3259.97168,895.0
5.17874,3259.98755,895.125
5.17874,3260.0022,895.25
5.17874,3260.01538,895.375
5.17874,3260.02759,895.5
5.17874,3260.03857,895.625
5.17874,3260.05078,895.75
5.17874,3260.06348,895.875
5.17874,3260.07764,896.0
5.17874,3260.09277,896.125
5.17874,3260.10962,896.25
5.17874,3260.12695,896.375
5.17874,3260.14404,896.5
5.17874,3260.16064,896.625
5.17874,3260.17578,896.75
5.17874,3260.18994,896.875
5.17874,3260.20166,897.0
5.17874,3260.21265,897.125
5.17874,3260.22412,897.25
5.17874,3260.23682,897.375
5.17874,3260.25024,897.5
5.17874,3260.26416,897.625
5.17874,3260.27832,897.75
5.17874,3260.29199,897.875
5.17874,3260.30615,898.0
5.17874,3260.32056,898.125
5.17874,3260.33496,898.25
5.17874,3260.34961,898.375
5.17874,3260.36279,898.5
5.17874,3260.37524,898.625
5.17874,3260.38745,898.75
5.17874,3260.3999,898.875
5.17874,3260.41357,899.0
5.17874,3260.42822,899.125
5.17874,3260.44287,899.25
5.17874,3260.45581,899.375
5.17874,3260.46777,899.5
5.17874,3260.47803,899.625
5.17874,3260.48828,899.75
5.17874,3260.49854,899.875
5.17874,3260.50928,900.0
5.17874,3260.52051,900.125
5.17874,3260.53223,900.25
5.17874,3260.54419,900.375
5.17874,3260.55713,900.5
5.17874,3260.57031,900.625
5.17874,3260.5835,900.75
5.17874,3260.59619,900.875
5.17874,3260.60742,901.0
5.17874,3260.61816,901.125
5.17874,3260.62793,901.25
5.17874,3260.63696,901.375
5.17874,3260.64551,901.5
5.17874,3260.65381,901.625
5.17874,3260.6626,901.75
5.17874,3260.6709,901.875
5.17874,3260.68042,902.0
5.17874,3260.69019,902.125
5.17874,3260.69971,902.25
5.17874,3260.70898,902.375
5.17874,3260.71802,902.5
5.17874,3260.72656,902.625
5.17874,3260.7356,902.75
5.17874,3260.74414,902.875
5.17874,3260.75244,903.0
5.17874,3260.7605,903.125
5.17874,3260.76758,903.25
5.17874,3260.77295,903.375
5.17874,3260.77734,903.5
5.17874,3260.78223,903.625
5.17874,3260.7876,903.75
5.17874,3260.7937,903.875
5.17874,3260.80127,904.0
5.17874,3260.80908,904.125
5.17874,3260.81738,904.25
5.17874,3260.82568,904.375
5.17874,3260.83398,904.5
5.17874,3260.84229,904.625
5.17874,3260.85156,904.75
5.17874,3260.86182,904.875
5.17874,3260.87256,905.0
5.17874,3260.88525,905.125
5.17874,3260.89795,905.25
5.17874,3260.91089,905.375
5.17874,3260.92261,905.5
5.17874,3260.93262,905.625
5.17874,3260.94141,905.75
5.17874,3260.94873,905.875
5.17874,3260.9563,906.0
5.17874,3260.96411,906.125
5.17874,3260.97241,906.25
5.17874,3260.98145,906.375
5.17874,3260.99121,906.5
5.17874,3261.00049,906.625
5.17874,3261.01025,906.75
5.17874,3261.02051,906.875
5.17874,3261.03149,907.0
5.17874,3261.04248,907.125
5.17874,3261.0542,907.25
5.17874,3261.06543,907.375
5.17874,3261.07617,907.5
5.17874,3261.08691,907.625
5.17874,3261.09717,907.75
5.17874,3261.10889,907.875
5.17874,3261.12158,908.0
5.17874,3261.13477,908.125
5.17874,3261.14868,908.25
5.17874,3261.16309,908.375
5.17874,3261.17749,908.5
5.17874,3261.19287,908.625
5.17874,3261.20947,908.75
5.17874,3261.22754,908.875
5.17874,3261.24634,909.0
5.17874,3261.26611,909.125
5.17874,3261.28711,909.25
5.17874,3261.30859,909.375
5.17874,3261.32959,909.5
5.17874,3261.35059,909.625
5.17874,3261.37109,909.75
5.17874,3261.39185,909.875
5.17874,3261.41138,910.0
5.17874,3261.43042,910.125
5.17874,3261.44824,910.25
5.17874,3261.46484,910.375
5.17874,3261.48145,910.5
5.17874,3261.49951,910.625
5.17874,3261.51807,910.75
5.17874,3261.5376,910.875
5.17874,3261.55664,911.0
5.17874,3261.57495,911.125
5.17874,3261.5918,911.25
5.17874,3261.60791,911.375
5.17874,3261.62329,911.5
5.17874,3261.63916,911.625
5.17874,3261.65479,911.75
5.17874,3261.6709,911.875
5.17874,3261.6875,912.0
5.17874,3261.70508,912.125
5.17874,3261.7229,912.25
5.17874,3261.74146,912.375
5.17874,3261.76025,912.5
5.17874,3261.7793,912.625
5.17874,3261.79883,912.75
5.17874,3261.81909,912.875
5.17874,3261.84082,913.0
5.17874,3261.86377,913.125
5.17874,3261.88916,913.25
5.17874,3261.91553,913.375
5.17874,3261.94336,913.5
5.17874,3261.97168,913.625
5.17874,3262.0,913.75
5.17874,3262.02783,913.875
5.17874,3262.05493,914.0
5.17874,3262.08105,914.125
5.17874,3262.10693,914.25
5.17874,3262.13232,914.375
5.17874,3262.1582,914.5
5.17874,3262.18433,914.625
5.17874,3262.21045,914.75
5.17874,3262.23657,914.875
5.17874,3262.26221,915.0
5.17874,3262.28687,915.125
5.17874,3262.31079,915.25
5.17874,3262.33398,915.375
5.17874,3262.35693,915.5
5.17874,3262.38062,915.625
5.17874,3262.40503,915.75
5.17874,3262.43115,915.875
5.17874,3262.4585,916.0
5.17874,3262.48633,916.125
5.17874,3262.51367,916.25
5.17874,3262.54053,916.375
5.17874,3262.56689,916.5
5.17874,3262.59302,916.625
5.17874,3262.61816,916.75
5.17874,3262.64355,916.875
5.17874,3262.66772,917.0
5.17874,3262.69238,917.125
5.17874,3262.71729,917.25
5.17874,3262.74316,917.375
5.17874,3262.76953,917.5
5.17874,3262.7959,917.625
5.17874,3262.82202,917.75
5.17874,3262.84717,917.875
5.17874,3262.87158,918.0
5.17874,3262.896,918.125
5.17874,3262.91968,918.25
5.17874,3262.94336,918.375
5.17874,3262.9668,918.5
5.17874,3262.98975,918.625
5.17874,3263.01318,918.75
5.17874,3263.03662,918.875
5.17874,3263.06006,919.0
5.17874,3263.0835,919.125
5.17874,3263.10791,919.25
5.17874,3263.13379,919.375
5.17874,3263.16113,919.5
5.17874,3263.18945,919.625
5.17874,3263.21802,919.75
5.17874,3263.24658,919.875
5.17874,3263.2749,920.0
5.17874,3263.30322,920.125
5.17874,3263.33154,920.25
5.17874,3263.36133,920.375
5.17874,3263.3916,920.5
5.17874,3263.42236,920.625
5.17874,3263.44751,920.75
5.17874,3263.42554,920.875
5.17874,3263.25122,921.0
5.17874,3262.78711,921.125
5.17874,3261.93506,921.25
5.17874,3260.69214,921.375
5.17874,3259.16699,921.5
5.17874,3257.54004,921.625
5.17874,3255.9917,921.75
5.17874,3254.62866,921.875
5.17874,3253.4585,922.0
5.17874,3252.40967,922.125
5.17874,3251.39478,922.25
5.17874,3250.36719,922.375
5.17874,3249.31763,922.5
5.17874,3248.25098,922.625
5.17874,3247.17847,922.75
5.17874,3246.11523,922.875
5.17874,3245.07715,923.0
5.17874,3244.0791,923.125
5.17874,3243.1333,923.25
5.17874,3242.24585,923.375
5.17874,3241.4187,923.5
5.17874,3240.65234,923.625
5.17874,3239.96094,923.75
5.17874,3239.37573,923.875
5.20385,3238.94141,924.0
5.20385,3238.69824,924.125
5.20385,3238.6626,924.25
5.20385,3238.81763,924.375
5.20385,3239.11523,924.5
5.20385,3239.49561,924.625
5.20385,3239.90454,924.75
5.20385,3240.31006,924.875
5.20385,3240.69971,925.0
5.20385,3241.07178,925.125
5.20385,3241.42725,925.25
5.20385,3241.76929,925.375
5.20385,3242.09863,925.5
5.20385,3242.41699,925.625
5.20385,3242.72461,925.75
5.20385,3243.02222,925.875
5.20385,3243.30981,926.0
5.20385,3243.58838,926.125
5.20385,3243.85889,926.25
5.20385,3244.12207,926.375
5.20385,3244.37891,926.5
5.20385,3244.62939,926.625
5.20385,3244.87305,926.75
5.20385,3245.11084,926.875
5.20385,3245.34351,927.0
5.20385,3245.57104,927.125
5.20385,3245.79541,927.25
5.20385,3246.01587,927.375
5.20385,3246.23291,927.5
5.20385,3246.4458,927.625
5.20385,3246.65527,927.75
5.20385,3246.86084,927.875
5.20385,3247.06348,928.0
5.20385,3247.26294,928.125
5.20385,3247.45923,928.25
5.20385,3247.6521,928.375
5.20385,3247.84229,928.5
5.20385,3248.02881,928.625
5.20385,3248.21289,928.75
5.20385,3248.39404,928.875
5.20385,3248.57324,929.0
5.20385,3248.75049,929.125
5.20385,3248.92603,929.25
5.20385,3249.1001,929.375
5.20385,3249.27246,929.5
5.20385,3249.44336,929.625
5.20385,3249.61328,929.75
5.20385,3249.78076,929.875
5.20385,3249.94629,930.0
5.20385,3250.10938,930.125
5.20385,3250.271,930.25
5.20385,3250.4314,930.375
5.20385,3250.5918,930.5
5.20385,3250.75122,930.625
5.20385,3250.90991,930.75
5.20385,3251.06689,930.875
5.20385,3251.22119,931.0
5.20385,3251.37402,931.125
5.20385,3251.52539,931.25
5.20385,3251.67603,931.375
5.20385,3251.8269,931.5
5.20385,3251.97729,931.625
5.20385,3252.12695,931.75
5.20385,3252.2749,931.875
5.20385,3252.42114,932.0
5.20385,3252.56494,932.125
5.20385,3252.70703,932.25
5.20385,3252.84814,932.375
5.20385,3252.98779,932.5
5.20385,3253.12744,932.625
5.20385,3253.2666,932.75
5.20385,3253.40601,932.875
5.20385,3253.54517,933.0
5.20385,3253.68384,933.125
5.20385,3253.82129,933.25
5.20385,3253.95728,933.375
5.20385,3254.0918,933.5
5.20385,3254.22485,933.625
5.20385,3254.35718,933.75
5.20385,3254.48975,933.875
5.20385,3254.62305,934.0
5.20385,3254.7561,934.125
5.20385,3254.88965,934.25
5.20385,3255.02271,934.375
5.20385,3255.1543,934.5
5.20385,3255.28442,934.625
5.20385,3255.4126,934.75
5.20385,3255.53955,934.875
5.20385,3255.66602,935.0
5.20385,3255.79224,935.125
5.20385,3255.91919,935.25
5.20385,3256.0459,935.375
5.20385,3256.17139,935.5
5.20385,3256.29492,935.625
5.20385,3256.41699,935.75
5.20385,3256.5376,935.875
5.20385,3256.6582,936.0
5.20385,3256.77905,936.125
5.20385,3256.90088,936.25
5.20385,3257.02344,936.375
5.20385,3257.14697,936.5
5.20385,3257.27148,936.625
5.20385,3257.39648,936.75
5.20385,3257.52148,936.875
5.20385,3257.646,937.0
5.20385,3257.76929,937.125
5.20385,3257.89062,937.25
5.20385,3258.01025,937.375
5.20385,3258.12891,937.5
5.20385,3258.24658,937.625
5.20385,3258.36377,937.75
5.20385,3258.48047,937.875
5.20385,3258.59717,938.0
5.20385,3258.71436,938.125
5.20385,3258.83081,938.25
5.20385,3258.94727,938.375
5.20385,3259.06323,938.5
5.20385,3259.17822,938.625
5.20385,3259.29248,938.75
5.20385,3259.40527,938.875
5.20385,3259.51709,939.0
5.20385,3259.62695,939.125
5.20385,3259.73633,939.25
5.20385,3259.84473,939.375
5.20385,3259.9541,939.5
5.20385,3260.06396,939.625
5.20385,3260.17407,939.75
5.20385,3260.28467,939.875
5.20385,3260.39453,940.0
5.20385,3260.50293,940.125
5.20385,3260.6084,940.25
5.20385,3260.71143,940.375
5.20385,3260.8125,940.5
5.20385,3260.91284,940.625
5.20385,3261.01318,940.75
5.20385,3261.11426,940.875
5.20385,3261.21558,941.0
5.20385,3261.31689,941.125
5.20385,3261.41846,941.25
5.20385,3261.52002,941.375
5.20385,3261.62183,941.5
5.20385,3261.72412,941.625
5.20385,3261.8269,941.75
5.20385,3261.93018,941.875
5.20385,3262.03369,942.0
5.20385,3262.13721,942.125
5.20385,3262.23975,942.25
5.20385,3262.34058,942.375
5.20385,3262.43994,942.5
5.20385,3262.53711,942.625
5.20385,3262.6333,942.75
5.20385,3262.729,942.875
5.20385,3262.82471,943.0
5.20385,3262.9209,943.125
5.20385,3263.01636,943.25
5.20385,3263.11035,943.375
5.20385,3263.20264,943.5
5.20385,3263.29346,943.625
5.20385,3263.38306,943.75
5.20385,3263.47314,943.875
5.20385,3263.56299,944.0
5.20385,3263.65381,944.125
5.20385,3263.74487,944.25
5.20385,3263.83594,944.375
5.20385,3263.927,944.5
5.20385,3264.01807,944.625
5.20385,3264.10815,944.75
5.20385,3264.19824,944.875
5.20385,3264.2876,945.0
5.20385,3264.37549,945.125
5.20385,3264.46216,945.25
5.20385,3264.54736,945.375
5.20385,3264.63135,945.5
5.20385,3264.71533,945.625
5.20385,3264.79834,945.75
5.20385,3264.88135,945.875
5.20385,3264.96411,946.0
5.20385,3265.04614,946.125
5.20385,3265.12769,946.25
5.20385,3265.2085,946.375
5.20385,3265.28955,946.5
5.20385,3265.37061,946.625
5.20385,3265.45166,946.75
5.20385,3265.53345,946.875
5.20385,3265.61523,947.0
5.20385,3265.69604,947.125
5.20385,3265.77637,947.25
5.20385,3265.85596,947.375
5.20385,3265.93481,947.5
5.20385,3266.0127,947.625
5.20385,3266.09033,947.75
5.20385,3266.16846,947.875
5.20385,3266.24731,948.0
5.20385,3266.3269,948.125
5.20385,3266.40625,948.25
5.20385,3266.48438,948.375
5.20385,3266.56079,948.5
5.20385,3266.63623,948.625
5.20385,3266.71143,948.75
5.20385,3266.78662,948.875
5.20385,3266.86328,949.0
5.20385,3266.94092,949.125
5.20385,3267.01953,949.25
5.20385,3267.09839,949.375
5.20385,3267.17627,949.5
5.20385,3267.25244,949.625
5.20385,3267.32812,949.75
5.20385,3267.40283,949.875
5.20385,3267.47778,950.0
5.20385,3267.55273,950.125
5.20385,3267.62671,950.25
5.20385,3267.69971,950.375
5.20385,3267.771,950.5
5.20385,3267.84082,950.625
5.20385,3267.90918,950.75
5.20385,3267.97778,950.875
5.20385,3268.04639,951.0
5.20385,3268.11597,951.125
5.20385,3268.18555,951.25
5.20385,3268.25537,951.375
5.20385,3268.32471,951.5
5.20385,3268.39258,951.625
5.20385,3268.4585,951.75
5.20385,3268.52319,951.875
5.20385,3268.5874,952.0
5.20385,3268.65063,952.125
5.20385,3268.71387,952.25
5.20385,3268.77637,952.375
5.20385,3268.83862,952.5
5.20385,3268.89966,952.625
5.20385,3268.95947,952.75
5.20385,3269.01831,952.875
5.20385,3269.07617,953.0
5.20385,3269.13428,953.125
5.20385,3269.19336,953.25
5.20385,3269.25269,953.375
5.20385,3269.31274,953.5
5.20385,3269.37231,953.625
5.20385,3269.43115,953.75
5.20385,3269.48975,953.875
5.20385,3269.54858,954.0
5.20385,3269.60864,954.125
5.20385,3269.66943,954.25
5.20385,3269.73047,954.375
5.20385,3269.79077,954.5
5.20385,3269.85034,954.625
5.20385,3269.90869,954.75
5.20385,3269.96582,954.875
5.20385,3270.02197,955.0
5.20385,3270.07764,955.125
5.20385,3270.13281,955.25
5.20385,3270.18799,955.375
5.20385,3270.24316,955.5
5.20385,3270.29883,955.625
5.20385,3270.35327,955.75
5.20385,3270.40771,955.875
5.20385,3270.46045,956.0
5.20385,3270.51221,956.125
5.20385,3270.56201,956.25
5.20385,3270.61084,956.375
5.20385,3270.65771,956.5
5.20385,3270.70435,956.625
5.20385,3270.75098,956.75
5.20385,3270.79785,956.875
5.20385,3270.8457,957.0
5.20385,3270.89429,957.125
5.20385,3270.94434,957.25
5.20385,3270.99463,957.375
5.20385,3271.04639,957.5
5.20385,3271.09888,957.625
5.20385,3271.15234,957.75
5.20385,3271.20654,957.875
5.20385,3271.26147,958.0
5.20385,3271.31641,958.125
5.20385,3271.37109,958.25
5.20385,3271.42505,958.375
5.20385,3271.47852,958.5
5.20385,3271.53247,958.625
5.20385,3271.5874,958.75
5.20385,3271.64355,958.875
5.20385,3271.70117,959.0
5.20385,3271.75952,959.125
5.20385,3271.81787,959.25
5.20385,3271.87622,959.375
5.20385,3271.93335,959.5
5.20385,3271.98999,959.625
5.20385,3272.0459,959.75
5.20385,3272.10205,959.875
5.20385,3272.15869,960.0
5.20385,3272.21582,960.125
5.20385,3272.27344,960.25
5.20385,3272.33008,960.375
5.20385,3272.38721,960.5
5.20385,3272.44482,960.625
5.20385,3272.50439,960.75
5.20385,3272.56641,960.875
5.20385,3272.63013,961.0
5.20385,3272.69482,961.125
5.20385,3272.75977,961.25
5.20385,3272.82373,961.375
5.20385,3272.88696,961.5
5.20385,3272.94946,961.625
5.20385,3273.01221,961.75
5.20385,3273.07495,961.875
5.20385,3273.1377,962.0
5.20385,3273.2002,962.125
5.20385,3273.26245,962.25
5.20385,3273.32422,962.375
5.20385,3273.3855,962.5
5.20385,3273.4458,962.625
5.20385,3273.50537,962.75
5.20385,3273.56494,962.875
5.20385,3273.62451,963.0
5.20385,3273.68506,963.125
5.20385,3273.74658,963.25
5.20385,3273.80859,963.375
5.20385,3273.87109,963.5
5.20385,3273.93408,963.625
5.20385,3273.99609,963.75
5.20385,3274.05762,963.875
5.20385,3274.11865,964.0
5.20385,3274.1792,964.125
5.20385,3274.23901,964.25
5.20385,3274.29858,964.375
5.20385,3274.35815,964.5
5.20385,3274.41699,964.625
5.20385,3274.47559,964.75
5.20385,3274.53394,964.875
5.20385,3274.5918,965.0
5.20385,3274.64966,965.125
5.20385,3274.70752,965.25
5.20385,3274.76562,965.375
5.20385,3274.82349,965.5
5.20385,3274.88086,965.625
5.20385,3274.93701,965.75
5.20385,3274.9917,965.875
5.20385,3275.04541,966.0
5.20385,3275.09912,966.125
5.20385,3275.15332,966.25
5.20385,3275.2085,966.375
5.20385,3275.26514,966.5
5.20385,3275.32178,966.625
5.20385,3275.37817,966.75
5.20385,3275.43433,966.875
5.20385,3275.48975,967.0
5.20385,3275.54541,967.125
5.20385,3275.60132,967.25
5.20385,3275.65869,967.375
5.20385,3275.71777,967.5
5.20385,3275.7771,967.625
5.20385,3275.83643,967.75
5.20385,3275.8938,967.875
5.20385,3275.94922,968.0
5.20385,3276.00293,968.125
5.20385,3276.05615,968.25
5.20385,3276.10889,968.375
5.20385,3276.16235,968.5
5.20385,3276.21631,968.625
5.20385,3276.27051,968.75
5.20385,3276.32397,968.875
5.20385,3276.37744,969.0
5.20385,3276.43115,969.125
5.20385,3276.48608,969.25
5.20385,3276.54224,969.375
5.20385,3276.6001,969.5
5.20385,3276.65967,969.625
5.20385,3276.71875,969.75
5.20385,3276.7771,969.875
5.20385,3276.83398,970.0
5.20385,3276.8894,970.125
5.20385,3276.94434,970.25
5.20385,3276.99902,970.375
5.20385,3277.05347,970.5
5.20385,3277.1084,970.625
5.20385,3277.16309,970.75
5.20385,3277.2168,970.875
5.20385,3277.26929,971.0
5.20385,3277.32031,971.125
5.20385,3277.36963,971.25
5.20385,3277.41846,971.375
5.20385,3277.46631,971.5
5.20385,3277.51392,971.625
5.20385,3277.56055,971.75
5.20385,3277.60645,971.875
5.20385,3277.65186,972.0
5.20385,3277.69678,972.125
5.20385,3277.7417,972.25
5.20385,3277.78369,972.375
5.20385,3277.77441,972.5
5.20385,3277.57642,972.625
5.20385,3277.01367,972.75
5.20385,3275.96558,972.875
5.20385,3274.44678,973.0
5.20385,3272.6167,973.125
5.20385,3270.72803,973.25
5.20385,3269.0166,973.375
5.20385,3267.6123,973.5
5.20385,3266.50464,973.625
5.20385,3265.57837,973.75
5.20385,3264.70264,973.875
5.20385,3263.81299,974.0
5.20385,3262.89697,974.125
5.20385,3261.95703,974.25
5.20385,3261.00244,974.375
5.20385,3260.04736,974.5
5.20385,3259.10742,974.625
5.20385,3258.19873,974.75
5.20385,3257.33521,974.875
5.20385,3256.52734,975.0
5.20385,3255.78564,975.125
5.20385,3255.1272,975.25
5.20385,3254.5835,975.375
5.17874,3254.19336,975.5
5.17874,3253.9939,975.625
5.17874,3253.99902,975.75
5.17874,3254.19434,975.875
5.17874,3254.53369,976.0
5.17874,3254.95801,976.125
5.17874,3255.4126,976.25
5.17874,3255.8623,976.375
5.17874,3256.29297,976.5
5.17874,3256.70215,976.625
5.17874,3257.09131,976.75
5.17874,3257.46167,976.875
5.17874,3257.81665,977.0
5.17874,3258.15747,977.125
5.17874,3258.48584,977.25
5.17874,3258.80396,977.375
5.17874,3259.11182,977.5
5.17874,3259.41016,977.625
5.17874,3259.69995,977.75
5.17874,3259.9812,977.875
5.17874,3260.25464,978.0
5.17874,3260.52051,978.125
5.17874,3260.78076,978.25
5.17874,3261.03491,978.375
5.17874,3261.28394,978.5
5.17874,3261.52734,978.625
5.17874,3261.76611,978.75
5.17874,3261.99951,978.875
5.17874,3262.22974,979.0
5.17874,3262.45605,979.125
5.17874,3262.67969,979.25
5.17874,3262.90015,979.375
5.17874,3263.11768,979.5
5.17874,3263.33228,979.625
5.17874,3263.54346,979.75
5.17874,3263.75195,979.875
5.17874,3263.95752,980.0
5.17874,3264.16016,980.125
5.17874,3264.36084,980.25
5.17874,3264.55859,980.375
5.17874,3264.75293,980.5
5.17874,3264.94434,980.625
5.17874,3265.1333,980.75
5.17874,3265.32031,980.875
5.17874,3265.50684,981.0
5.17874,3265.69263,981.125
5.17874,3265.87842,981.25
5.17874,3266.06348,981.375
5.17874,3266.24756,981.5
5.17874,3266.4292,981.625
5.17874,3266.60791,981.75
5.17874,3266.78271,981.875
5.17874,3266.95264,982.0
5.17874,3267.11743,982.125
5.17874,3267.27734,982.25
5.17874,3267.43311,982.375
5.17874,3267.58496,982.5
5.17874,3267.73511,982.625
5.17874,3267.88428,982.75
5.17874,3268.03223,982.875
5.17874,3268.17993,983.0
5.17874,3268.32666,983.125
5.17874,3268.47314,983.25
5.17874,3268.62036,983.375
5.17874,3268.76758,983.5
5.17874,3268.91504,983.625
5.17874,3269.06348,983.75
5.17874,3269.21143,983.875
5.17874,3269.35986,984.0
5.17874,3269.50977,984.125
5.17874,3269.66113,984.25
5.17874,3269.81445,984.375
5.17874,3269.96924,984.5
5.17874,3270.12402,984.625
5.17874,3270.27783,984.75
5.17874,3270.43042,984.875
5.17874,3270.58179,985.0
5.17874,3270.73291,985.125
5.17874,3270.88477,985.25
5.17874,3271.03613,985.375
5.17874,3271.18701,985.5
5.17874,3271.33618,985.625
5.17874,3271.48315,985.75
5.17874,3271.62891,985.875
5.17874,3271.77344,986.0
5.17874,3271.91748,986.125
5.17874,3272.06055,986.25
5.17874,3272.20361,986.375
5.17874,3272.34668,986.5
5.17874,3272.4895,986.625
5.17874,3272.63232,986.75
5.17874,3272.77539,986.875
5.17874,3272.91699,987.0
5.17874,3273.05762,987.125
5.17874,3273.19629,987.25
5.17874,3273.33447,987.375
5.17874,3273.47217,987.5
5.17874,3273.60889,987.625
5.17874,3273.74561,987.75
5.17874,3273.8811,987.875
5.17874,3274.01611,988.0
5.17874,3274.14966,988.125
5.17874,3274.28223,988.25
5.17874,3274.41357,988.375
5.17874,3274.5437,988.5
5.17874,3274.67285,988.625
5.17874,3274.80127,988.75
5.17874,3274.92896,988.875
5.17874,3275.05566,989.0
5.17874,3275.18188,989.125
5.17874,3275.30762,989.25
5.17874,3275.43262,989.375
5.17874,3275.55811,989.5
5.17874,3275.68335,989.625
5.17874,3275.80884,989.75
5.17874,3275.93433,989.875
5.17874,3276.05957,990.0
5.17874,3276.18457,990.125
5.17874,3276.30908,990.25
5.17874,3276.43311,990.375
5.17874,3276.55566,990.5
5.17874,3276.67725,990.625
5.17874,3276.79688,990.75
5.17874,3276.91553,990.875
5.17874,3277.0332,991.0
5.17874,3277.15039,991.125
5.17874,3277.26562,991.25
5.17874,3277.38037,991.375
5.17874,3277.49365,991.5
5.17874,3277.60547,991.625
5.17874,3277.7168,991.75
5.17874,3277.82788,991.875
5.17874,3277.9375,992.0
5.17874,3278.04663,992.125
5.17874,3278.15527,992.25
5.17874,3278.26489,992.375
5.17874,3278.37549,992.5
5.17874,3278.4873,992.625
5.17874,3278.59985,992.75
5.17874,3278.71191,992.875
5.17874,3278.82275,993.0
5.17874,3278.93311,993.125
5.17874,3279.04297,993.25
5.17874,3279.15332,993.375
5.17874,3279.26489,993.5
5.17874,3279.37695,993.625
5.17874,3279.48877,993.75
5.17874,3279.60059,993.875
5.17874,3279.71069,994.0
5.17874,3279.82031,994.125
5.17874,3279.92871,994.25
5.17874,3280.03711,994.375
5.17874,3280.14502,994.5
5.17874,3280.25195,994.625
5.17874,3280.35791,994.75
5.17874,3280.46362,994.875
5.17874,3280.56934,995.0
5.17874,3280.67505,995.125
5.17874,3280.78149,995.25
5.17874,3280.88721,995.375
5.17874,3280.99219,995.5
5.17874,3281.0957,995.625
5.17874,3281.19775,995.75
5.17874,3281.29834,995.875
5.17874,3281.39795,996.0
5.17874,3281.49854,996.125
5.17874,3281.59912,996.25
5.17874,3281.70117,996.375
5.17874,3281.80322,996.5
5.17874,3281.90576,996.625
5.17874,3282.00781,996.75
5.17874,3282.10938,996.875
5.17874,3282.20996,997.0
5.17874,3282.3103,997.125
5.17874,3282.40991,997.25
5.17874,3282.50879,997.375
5.17874,3282.60742,997.5
5.17874,3282.70605,997.625
5.17874,3282.80469,997.75
5.17874,3282.90283,997.875
5.17874,3283.0,998.0
5.17874,3283.09668,998.125
5.17874,3283.19238,998.25
5.17874,3283.28809,998.375
5.17874,3283.3833,998.5
5.17874,3283.47852,998.625
5.17874,3283.57373,998.75
5.17874,3283.66699,998.875
5.17874,3283.75928,999.0
5.17874,3283.84961,999.125
5.17874,3283.93823,999.25
5.17874,3284.02637,999.375
5.17874,3284.11353,999.5
5.17874,3284.20044,999.625
5.17874,3284.2876,999.75
5.17874,3284.37329,999.875
5.17874,3284.45801,1000.0
5.17874,3284.54175,1000.125
5.17874,3284.62476,1000.25
5.17874,3284.70752,1000.375
5.17874,3284.79004,1000.5
5.17874,3284.87183,1000.625
5.17874,3284.95215,1000.75
5.17874,3285.03125,1000.875
5.17874,3285.10864,1001.0
5.17874,3285.18604,1001.125
5.17874,3285.26318,1001.25
5.17874,3285.34082,1001.375
5.17874,3285.4187,1001.5
5.17874,3285.49609,1001.625
5.17874,3285.57275,1001.75
5.17874,3285.64917,1001.875
5.17874,3285.7251,1002.0
5.17874,3285.80127,1002.125
5.17874,3285.87695,1002.25
5.17874,3285.95264,1002.375
5.17874,3286.02783,1002.5
5.17874,3286.10205,1002.625
5.17874,3286.1748,1002.75
5.17874,3286.24609,1002.875
5.17874,3286.31689,1003.0
5.17874,3286.38721,1003.125
5.17874,3286.45703,1003.25
5.17874,3286.52661,1003.375
5.17874,3286.59546,1003.5
5.17874,3286.66284,1003.625
5.17874,3286.729,1003.75
5.17874,3286.79492,1003.875
5.17874,3286.86035,1004.0
5.17874,3286.92603,1004.125
5.17874,3286.99219,1004.25
5.17874,3287.05811,1004.375
5.17874,3287.12354,1004.5
5.17874,3287.18774,1004.625
5.17874,3287.25098,1004.75
5.17874,3287.31299,1004.875
5.17874,3287.37402,1005.0
5.17874,3287.43408,1005.125
5.17874,3287.49365,1005.25
5.17874,3287.55322,1005.375
5.17874,3287.61377,1005.5
5.17874,3287.67529,1005.625
5.17874,3287.7373,1005.75
5.17874,3287.7998,1005.875
5.17874,3287.86133,1006.0
5.17874,3287.92139,1006.125
5.17874,3287.97949,1006.25
5.17874,3288.03613,1006.375
5.17874,3288.09229,1006.5
5.17874,3288.14795,1006.625
5.17874,3288.20361,1006.75
5.17874,3288.25928,1006.875
5.17874,3288.31567,1007.0
5.17874,3288.37256,1007.125
5.17874,3288.43018,1007.25
5.17874,3288.48779,1007.375
5.17874,3288.54639,1007.5
5.17874,3288.60449,1007.625
5.17874,3288.6626,1007.75
5.17874,3288.72021,1007.875
5.17874,3288.77783,1008.0
5.17874,3288.83545,1008.125
5.17874,3288.89355,1008.25
5.17874,3288.95288,1008.375
5.17874,3289.0127,1008.5
5.17874,3289.07373,1008.625
5.17874,3289.13525,1008.75
5.17874,3289.19678,1008.875
5.17874,3289.25879,1009.0
5.17874,3289.31934,1009.125
5.17874,3289.38037,1009.25
5.17874,3289.44067,1009.375
5.17874,3289.50073,1009.5
5.17874,3289.56079,1009.625
5.17874,3289.62134,1009.75
5.17874,3289.68335,1009.875
5.17874,3289.74634,1010.0
5.17874,3289.81006,1010.125
5.17874,3289.87524,1010.25
5.17874,3289.94092,1010.375
5.17874,3290.00684,1010.5
5.17874,3290.07324,1010.625
5.17874,3290.13916,1010.75
5.17874,3290.20483,1010.875
5.17874,3290.27051,1011.0
5.17874,3290.33618,1011.125
5.17874,3290.40283,1011.25
5.17874,3290.47021,1011.375
5.17874,3290.53857,1011.5
5.17874,3290.60693,1011.625
5.17874,3290.67529,1011.75
5.17874,3290.74292,1011.875
5.17874,3290.80957,1012.0
5.17874,3290.87549,1012.125
5.17874,3290.93994,1012.25
5.17874,3291.00439,1012.375
5.17874,3291.06836,1012.5
5.17874,3291.13184,1012.625
5.17874,3291.19409,1012.75
5.17874,3291.25537,1012.875
5.17874,3291.31543,1013.0
5.17874,3291.37451,1013.125
5.17874,3291.43262,1013.25
5.17874,3291.48999,1013.375
5.17874,3291.54688,1013.5
5.17874,3291.60303,1013.625
5.17874,3291.65942,1013.75
5.17874,3291.71582,1013.875
5.17874,3291.77197,1014.0
5.17874,3291.82861,1014.125
5.17874,3291.88525,1014.25
5.17874,3291.94189,1014.375
5.17874,3291.99756,1014.5
5.17874,3292.05273,1014.625
5.17874,3292.10791,1014.75
5.17874,3292.16211,1014.875
5.17874,3292.21582,1015.0
5.17874,3292.26953,1015.125
5.17874,3292.32275,1015.25
5.17874,3292.37646,1015.375
5.17874,3292.42969,1015.5
5.17874,3292.48389,1015.625
5.17874,3292.5376,1015.75
5.17874,3292.59229,1015.875
5.17874,3292.64697,1016.0
5.17874,3292.70239,1016.125
5.17874,3292.7583,1016.25
5.17874,3292.81396,1016.375
5.17874,3292.86914,1016.5
5.17874,3292.92285,1016.625
5.17874,3292.9751,1016.75
5.17874,3293.02563,1016.875
5.17874,3293.07471,1017.0
5.17874,3293.1228,1017.125
5.17874,3293.16943,1017.25
5.17874,3293.21436,1017.375
5.17874,3293.25732,1017.5
5.17874,3293.29834,1017.625
5.17874,3293.33643,1017.75
5.17874,3293.37207,1017.875
5.17874,3293.40479,1018.0
5.17874,3293.43408,1018.125
5.17874,3293.46094,1018.25
5.17874,3293.48535,1018.375
5.17874,3293.50781,1018.5
5.17874,3293.5293,1018.625
5.17874,3293.55078,1018.75
5.17874,3293.57129,1018.875
5.17874,3293.59229,1019.0
5.17874,3293.6123,1019.125
5.17874,3293.63086,1019.25
5.17874,3293.64893,1019.375
5.17874,3293.66602,1019.5
5.17874,3293.68213,1019.625
5.17874,3293.69775,1019.75
5.17874,3293.71313,1019.875
5.17874,3293.72803,1020.0
5.17874,3293.74365,1020.125
5.17874,3293.75952,1020.25
5.17874,3293.77612,1020.375
5.17874,3293.79443,1020.5
5.17874,3293.81299,1020.625
5.17874,3293.8313,1020.75
5.17874,3293.84961,1020.875
5.17874,3293.86719,1021.0
5.17874,3293.88428,1021.125
5.17874,3293.90234,1021.25
5.17874,3293.92041,1021.375
5.17874,3293.93945,1021.5
5.17874,3293.95898,1021.625
5.17874,3293.979,1021.75
5.17874,3293.99902,1021.875
5.17874,3294.01953,1022.0
5.17874,3294.04053,1022.125
5.17874,3294.0625,1022.25
5.17874,3294.08545,1022.375
5.17874,3294.10986,1022.5
5.17874,3294.13623,1022.625
5.17874,3294.16309,1022.75
5.17874,3294.19141,1022.875
5.17874,3294.22021,1023.0
5.17874,3294.24976,1023.125
5.17874,3294.2793,1023.25
5.17874,3294.30811,1023.375
5.17874,3294.33691,1023.5
5.17874,3294.36572,1023.625
5.17874,3294.39453,1023.75
5.17874,3294.4248,1023.875
5.17874,3294.45605,1024.0
5.17874,3294.47241,1024.125
5.17874,3294.40747,1024.25
5.17874,3294.13672,1024.375
5.17874,3293.53564,1024.5
5.17874,3292.54688,1024.625
5.17874,3291.22168,1024.75
5.17874,3289.70654,1024.875
5.17874,3288.19043,1025.0
5.17874,3286.8208,1025.125
5.17874,3285.65723,1025.25
5.17874,3284.66357,1025.375
5.17874,3283.75146,1025.5
5.17874,3282.84619,1025.625
5.17874,3281.9209,1025.75
5.17874,3280.97632,1025.875
5.17874,3280.01953,1026.0
5.17874,3279.06348,1026.125
5.17874,3278.12402,1026.25
5.17874,3277.21655,1026.375
5.17874,3276.35449,1026.5
5.17874,3275.54736,1026.625
5.17874,3274.80029,1026.75
5.17874,3274.1167,1026.875
5.17874,3273.51001,1027.0
5.17874,3273.00903,1027.125
5.20388,3272.65479,1027.25
5.20388,3272.48389,1027.375
5.20388,3272.51221,1027.5
5.20388,3272.72412,1027.625
5.20388,3273.07275,1027.75
5.20388,3273.49756,1027.875
5.20388,3273.94556,1028.0
5.20388,3274.38306,1028.125
5.20388,3274.79785,1028.25
5.20388,3275.18945,1028.375
5.20388,3275.56055,1028.5
5.20388,3275.91382,1028.625
5.20388,3276.25122,1028.75
5.20388,3276.57471,1028.875
5.20388,3276.88599,1029.0
5.20388,3277.18555,1029.125
5.20388,3277.47412,1029.25
5.20388,3277.75293,1029.375
5.20388,3278.02246,1029.5
5.20388,3278.28369,1029.625
5.20388,3278.53809,1029.75
5.20388,3278.78662,1029.875
5.20388,3279.02954,1030.0
5.20388,3279.26758,1030.125
5.20388,3279.49951,1030.25
5.20388,3279.72607,1030.375
5.20388,3279.94702,1030.5
5.20388,3280.16357,1030.625
5.20388,3280.37646,1030.75
5.20388,3280.58643,1030.875
5.20388,3280.7937,1031.0
5.20388,3280.99707,1031.125
5.20388,3281.19727,1031.25
5.20388,3281.39355,1031.375
5.20388,3281.58691,1031.5
5.20388,3281.77734,1031.625
5.20388,3281.96509,1031.75
5.20388,3282.15039,1031.875
5.20388,3282.33398,1032.0
5.20388,3282.51611,1032.125
5.20388,3282.69727,1032.25
5.20388,3282.87646,1032.375
5.20388,3283.0542,1032.5
5.20388,3283.22974,1032.625
5.20388,3283.40381,1032.75
5.20388,3283.57642,1032.875
5.20388,3283.74683,1033.0
5.20388,3283.91479,1033.125
5.20388,3284.0791,1033.25
5.20388,3284.24072,1033.375
5.20388,3284.39941,1033.5
5.20388,3284.55664,1033.625
5.20388,3284.71338,1033.75
5.20388,3284.87012,1033.875
5.20388,3285.02612,1034.0
5.20388,3285.18115,1034.125
5.20388,3285.33447,1034.25
5.20388,3285.48584,1034.375
5.20388,3285.63574,1034.5
5.20388,3285.78369,1034.625
5.20388,3285.93164,1034.75
5.20388,3286.0791,1034.875
5.20388,3286.22607,1035.0
5.20388,3286.37256,1035.125
5.20388,3286.51709,1035.25
5.20388,3286.65967,1035.375
5.20388,3286.80029,1035.5
5.20388,3286.93994,1035.625
5.20388,3287.07812,1035.75
5.20388,3287.21558,1035.875
5.20388,3287.35229,1036.0
5.20388,3287.48877,1036.125
5.20388,3287.62402,1036.25
5.20388,3287.75879,1036.375
5.20388,3287.89258,1036.5
5.20388,3288.02588,1036.625
5.20388,3288.15869,1036.75
5.20388,3288.29053,1036.875
5.20388,3288.42139,1037.0
5.20388,3288.55151,1037.125
5.20388,3288.68018,1037.25
5.20388,3288.80811,1037.375
5.20388,3288.9353,1037.5
5.20388,3289.06152,1037.625
5.20388,3289.18799,1037.75
5.20388,3289.31348,1037.875
5.20388,3289.43799,1038.0
5.20388,3289.56055,1038.125
5.20388,3289.68213,1038.25
5.20388,3289.80127,1038.375
5.20388,3289.91992,1038.5
5.20388,3290.03857,1038.625
5.20388,3290.1582,1038.75
5.20388,3290.27881,1038.875
5.20388,3290.39966,1039.0
5.20388,3290.52002,1039.125
5.20388,3290.63965,1039.25
5.20388,3290.75781,1039.375
5.20388,3290.87451,1039.5
5.20388,3290.99023,1039.625
5.20388,3291.10522,1039.75
5.20388,3291.22046,1039.875
5.20388,3291.33594,1040.0
5.20388,3291.45117,1040.125
5.20388,3291.56787,1040.25
5.20388,3291.68457,1040.375
5.20388,3291.80127,1040.5
5.20388,3291.91772,1040.625
5.20388,3292.03369,1040.75
5.20388,3292.14819,1040.875
5.20388,3292.26123,1041.0
5.20388,3292.37256,1041.125
5.20388,3292.48242,1041.25
5.20388,3292.59131,1041.375
5.20388,3292.7002,1041.5
5.20388,3292.80908,1041.625
5.20388,3292.91797,1041.75
5.20388,3293.02588,1041.875
5.20388,3293.13281,1042.0
5.20388,3293.23804,1042.125
5.20388,3293.34277,1042.25
5.20388,3293.44629,1042.375
5.20388,3293.54932,1042.5
5.20388,3293.65283,1042.625
5.20388,3293.75586,1042.75
5.20388,3293.85767,1042.875
5.20388,3293.9585,1043.0
5.20388,3294.05859,1043.125
5.20388,3294.15674,1043.25
5.20388,3294.25513,1043.375
5.20388,3294.35254,1043.5
5.20388,3294.4502,1043.625
5.20388,3294.54736,1043.75
5.20388,3294.64453,1043.875
5.20388,3294.74121,1044.0
5.20388,3294.8374,1044.125
5.20388,3294.93408,1044.25
5.20388,3295.02979,1044.375
5.20388,3295.12549,1044.5
5.20388,3295.22119,1044.625
5.20388,3295.31592,1044.75
5.20388,3295.41113,1044.875
5.20388,3295.50586,1045.0
5.20388,3295.60107,1045.125
5.20388,3295.69531,1045.25
5.20388,3295.78906,1045.375
5.20388,3295.88135,1045.5
5.20388,3295.9729,1045.625
5.20388,3296.06299,1045.75
5.20388,3296.15283,1045.875
5.20388,3296.24316,1046.0
5.20388,3296.33301,1046.125
5.20388,3296.42334,1046.25
5.20388,3296.51367,1046.375
5.20388,3296.604,1046.5
5.20388,3296.69385,1046.625
5.20388,3296.78369,1046.75
5.20388,3296.87305,1046.875
5.20388,3296.96191,1047.0
5.20388,3297.0498,1047.125
5.20388,3297.13721,1047.25
5.20388,3297.22388,1047.375
5.20388,3297.30933,1047.5
5.20388,3297.39404,1047.625
5.20388,3297.47705,1047.75
5.20388,3297.55859,1047.875
5.20388,3297.63916,1048.0
5.20388,3297.71924,1048.125
5.20388,3297.7998,1048.25
5.20388,3297.88086,1048.375
5.20388,3297.9624,1048.5
5.20388,3298.04395,1048.625
5.20388,3298.125,1048.75
5.20388,3298.20508,1048.875
5.20388,3298.28516,1049.0
5.20388,3298.36475,1049.125
5.20388,3298.4458,1049.25
5.20388,3298.52832,1049.375
5.20388,3298.61157,1049.5
5.20388,3298.69531,1049.625
5.20388,3298.77881,1049.75
5.20388,3298.86157,1049.875
5.20388,3298.94434,1050.0
5.20388,3299.02661,1050.125
5.20388,3299.10889,1050.25
5.20388,3299.19141,1050.375
5.20388,3299.27441,1050.5
5.20388,3299.35718,1050.625
5.20388,3299.4397,1050.75
5.20388,3299.52148,1050.875
5.20388,3299.60254,1051.0
5.20388,3299.68335,1051.125
5.20388,3299.76416,1051.25
5.20388,3299.84521,1051.375
5.20388,3299.92749,1051.5
5.20388,3300.0105,1051.625
5.20388,3300.09375,1051.75
5.20388,3300.17676,1051.875
5.20388,3300.25879,1052.0
5.20388,3300.34058,1052.125
5.20388,3300.4209,1052.25
5.20388,3300.50049,1052.375
5.20388,3300.57959,1052.5
5.20388,3300.65869,1052.625
5.20388,3300.73755,1052.75
5.20388,3300.81714,1052.875
5.20388,3300.89697,1053.0
5.20388,3300.97803,1053.125
5.20388,3301.06055,1053.25
5.20388,3301.1438,1053.375
5.20388,3301.22778,1053.5
5.20388,3301.31055,1053.625
5.20388,3301.39185,1053.75
5.20388,3301.47046,1053.875
5.20388,3301.54663,1054.0
5.20388,3301.62158,1054.125
5.20388,3301.69531,1054.25
5.20388,3301.76807,1054.375
5.20388,3301.83984,1054.5
5.20388,3301.91064,1054.625
5.20388,3301.98096,1054.75
5.20388,3302.05054,1054.875
5.20388,3302.11963,1055.0
5.20388,3302.18848,1055.125
5.20388,3302.25781,1055.25
5.20388,3302.32666,1055.375
5.20388,3302.39551,1055.5
5.20388,3302.46436,1055.625
5.20388,3302.53271,1055.75
5.20388,3302.6001,1055.875
5.20388,3302.66504,1056.0
5.20388,3302.72827,1056.125
5.20388,3302.78906,1056.25
5.20388,3302.84863,1056.375
5.20388,3302.90698,1056.5
5.20388,3302.96582,1056.625
5.20388,3303.0249,1056.75
5.20388,3303.08447,1056.875
5.20388,3303.1438,1057.0
5.20388,3303.20288,1057.125
5.20388,3303.26123,1057.25
5.20388,3303.31982,1057.375
5.20388,3303.37793,1057.5
5.20388,3303.43652,1057.625
5.20388,3303.49487,1057.75
5.20388,3303.55322,1057.875
5.20388,3303.61182,1058.0
5.20388,3303.66968,1058.125
5.20388,3303.72778,1058.25
5.20388,3303.78564,1058.375
5.20388,3303.84253,1058.5
5.20388,3303.89795,1058.625
5.20388,3303.9519,1058.75
5.20388,3304.00537,1058.875
5.20388,3304.05908,1059.0
5.20388,3304.11475,1059.125
5.20388,3304.17334,1059.25
5.20388,3304.23438,1059.375
5.20388,3304.29639,1059.5
5.20388,3304.35742,1059.625
5.20388,3304.41699,1059.75
5.20388,3304.47559,1059.875
5.20388,3304.53271,1060.0
5.20388,3304.58984,1060.125
5.20388,3304.64795,1060.25
5.20388,3304.70654,1060.375
5.20388,3304.7666,1060.5
5.20388,3304.82764,1060.625
5.20388,3304.89087,1060.75
5.20388,3304.95508,1060.875
5.20388,3305.021,1061.0
5.20388,3305.08716,1061.125
5.20388,3305.15332,1061.25
5.20388,3305.21777,1061.375
5.20388,3305.28174,1061.5
5.20388,3305.34521,1061.625
5.20388,3305.40869,1061.75
5.20388,3305.47339,1061.875
5.20388,3305.53906,1062.0
5.20388,3305.60522,1062.125
5.20388,3305.67114,1062.25
5.20388,3305.73633,1062.375
5.20388,3305.80029,1062.5
5.20388,3305.86426,1062.625
5.20388,3305.92798,1062.75
5.20388,3305.99292,1062.875
5.20388,3306.05811,1063.0
5.20388,3306.12378,1063.125
5.20388,3306.18848,1063.25
5.20388,3306.25244,1063.375
5.20388,3306.31543,1063.5
5.20388,3306.37842,1063.625
5.20388,3306.44141,1063.75
5.20388,3306.50439,1063.875
5.20388,3306.56738,1064.0
5.20388,3306.63013,1064.125
5.20388,3306.69189,1064.25
5.20388,3306.75269,1064.375
5.20388,3306.81348,1064.5
5.20388,3306.87402,1064.625
5.20388,3306.93481,1064.75
5.20388,3306.99487,1064.875
5.20388,3307.0542,1065.0
5.20388,3307.1123,1065.125
5.20388,3307.16846,1065.25
5.20388,3307.22363,1065.375
5.20388,3307.27832,1065.5
5.20388,3307.33203,1065.625
5.20388,3307.38525,1065.75
5.20388,3307.43799,1065.875
5.20388,3307.49121,1066.0
5.20388,3307.54443,1066.125
5.20388,3307.59814,1066.25
5.20388,3307.6521,1066.375
5.20388,3307.70605,1066.5
5.20388,3307.75977,1066.625
5.20388,3307.81299,1066.75
5.20388,3307.86694,1066.875
5.20388,3307.92139,1067.0
5.20388,3307.97656,1067.125
5.20388,3308.03271,1067.25
5.20388,3308.08936,1067.375
5.20388,3308.14648,1067.5
5.20388,3308.2041,1067.625
5.20388,3308.26221,1067.75
5.20388,3308.32031,1067.875
5.20388,3308.37817,1068.0
5.20388,3308.43652,1068.125
5.20388,3308.49463,1068.25
5.20388,3308.55322,1068.375
5.20388,3308.61206,1068.5
5.20388,3308.67139,1068.625
5.20388,3308.73096,1068.75
5.20388,3308.79102,1068.875
5.20388,3308.85205,1069.0
5.20388,3308.91479,1069.125
5.20388,3308.97949,1069.25
5.20388,3309.04565,1069.375
5.20388,3309.11328,1069.5
5.20388,3309.18066,1069.625
5.20388,3309.24658,1069.75
5.20388,3309.3103,1069.875
5.20388,3309.37207,1070.0
5.20388,3309.43311,1070.125
5.20388,3309.49487,1070.25
5.20388,3309.55713,1070.375
5.20388,3309.62036,1070.5
5.20388,3309.68506,1070.625
5.20388,3309.75049,1070.75
5.20388,3309.81567,1070.875
5.20388,3309.88086,1071.0
5.20388,3309.94482,1071.125
5.20388,3310.00757,1071.25
5.20388,3310.06934,1071.375
5.20388,3310.12988,1071.5
5.20388,3310.18994,1071.625
5.20388,3310.24951,1071.75
5.20388,3310.30957,1071.875
5.20388,3310.37085,1072.0
5.20388,3310.43262,1072.125
5.20388,3310.49512,1072.25
5.20388,3310.55811,1072.375
5.20388,3310.62061,1072.5
5.20388,3310.68311,1072.625
5.20388,3310.74414,1072.75
5.20388,3310.80469,1072.875
5.20388,3310.86377,1073.0
5.20388,3310.92139,1073.125
5.20388,3310.97705,1073.25
5.20388,3311.03271,1073.375
5.20388,3311.08862,1073.5
5.20388,3311.146,1073.625
5.20388,3311.20508,1073.75
5.20388,3311.26562,1073.875
5.20388,3311.32666,1074.0
5.20388,3311.38721,1074.125
5.20388,3311.44727,1074.25
5.20388,3311.50684,1074.375
5.20388,3311.56494,1074.5
5.20388,3311.62207,1074.625
5.20388,3311.67773,1074.75
5.20388,3311.73291,1074.875
5.20388,3311.7876,1075.0
5.20388,3311.84277,1075.125
5.20388,3311.89844,1075.25
5.20388,3311.95459,1075.375
5.20388,3312.01074,1075.5
5.20388,3312.06445,1075.625
5.20388,3312.07324,1075.75
5.20388,3311.90283,1075.875
5.20388,3311.37549,1076.0
5.20388,3310.36304,1076.125
5.20388,3308.87329,1076.25
5.20388,3307.06592,1076.375
5.20388,3305.20361,1076.5
5.20388,3303.53711,1076.625
5.20388,3302.2085,1076.75
5.20388,3301.21094,1076.875
5.20388,3300.42432,1077.0
5.20388,3299.70386,1077.125
5.20388,3298.97119,1077.25
5.20388,3298.20752,1077.375
5.20388,3297.41406,1077.5
5.20388,3296.60083,1077.625
5.20388,3295.78027,1077.75
5.20388,3294.96899,1077.875
5.20388,3294.18237,1078.0
5.20388,3293.4353,1078.125
5.20388,3292.73975,1078.25
5.20388,3292.10522,1078.375
5.20388,3291.54883,1078.5
5.20388,3291.09937,1078.625
5.17874,3290.79565,1078.75
5.17874,3290.67236,1078.875
5.17874,3290.74609,1079.0
5.17874,3291.00098,1079.125
5.17874,3291.39331,1079.25
5.17874,3291.86279,1079.375
5.17874,3292.35303,1079.5
5.17874,3292.82715,1079.625
5.17874,3293.27148,1079.75
5.17874,3293.6853,1079.875
5.17874,3294.07275,1080.0
5.17874,3294.43848,1080.125
5.17874,3294.78613,1080.25
5.17874,3295.11768,1080.375
5.17874,3295.43604,1080.5
5.17874,3295.7417,1080.625
5.17874,3296.03516,1080.75
5.17874,3296.31787,1080.875
5.17874,3296.5896,1081.0
5.17874,3296.85205,1081.125
5.17874,3297.10547,1081.25
5.17874,3297.35107,1081.375
5.17874,3297.5896,1081.5
5.17874,3297.82178,1081.625
5.17874,3298.04785,1081.75
5.17874,3298.26904,1081.875
5.17874,3298.48438,1082.0
5.17874,3298.69385,1082.125
5.17874,3298.89844,1082.25
5.17874,3299.09839,1082.375
5.17874,3299.29492,1082.5
5.17874,3299.48877,1082.625
5.17874,3299.67969,1082.75
5.17874,3299.86768,1082.875
5.17874,3300.05249,1083.0
5.17874,3300.23438,1083.125
5.17874,3300.41382,1083.25
5.17874,3300.58887,1083.375
5.17874,3300.7605,1083.5
5.17874,3300.92725,1083.625
5.17874,3301.09009,1083.75
5.17874,3301.24976,1083.875
5.17874,3301.40674,1084.0
5.17874,3301.5625,1084.125
5.17874,3301.7168,1084.25
5.17874,3301.87061,1084.375
5.17874,3302.02393,1084.5
5.17874,3302.17676,1084.625
5.17874,3302.3291,1084.75
5.17874,3302.48096,1084.875
5.17874,3302.63086,1085.0
5.17874,3302.77979,1085.125
5.17874,3302.92651,1085.25
5.17874,3303.07202,1085.375
5.17874,3303.21729,1085.5
5.17874,3303.3623,1085.625
5.17874,3303.50708,1085.75
5.17874,3303.65234,1085.875
5.17874,3303.79785,1086.0
5.17874,3303.94287,1086.125
5.17874,3304.08594,1086.25
5.17874,3304.22705,1086.375
5.17874,3304.36597,1086.5
5.17874,3304.50244,1086.625
5.17874,3304.63623,1086.75
5.17874,3304.76855,1086.875
5.17874,3304.90039,1087.0
5.17874,3305.03125,1087.125
5.17874,3305.16187,1087.25
5.17874,3305.2915,1087.375
5.17874,3305.4209,1087.5
5.17874,3305.55005,1087.625
5.17874,3305.67871,1087.75
5.17874,3305.80615,1087.875
5.17874,3305.93311,1088.0
5.17874,3306.05859,1088.125
5.17874,3306.18262,1088.25
5.17874,3306.30518,1088.375
5.17874,3306.42627,1088.5
5.17874,3306.5459,1088.625
5.17874,3306.66504,1088.75
5.17874,3306.78369,1088.875
5.17874,3306.90283,1089.0
5.17874,3307.02148,1089.125
5.17874,3307.13965,1089.25
5.17874,3307.25586,1089.375
5.17874,3307.37109,1089.5
5.17874,3307.48438,1089.625
5.17874,3307.59717,1089.75
5.17874,3307.70972,1089.875
5.17874,3307.82227,1090.0
5.17874,3307.93457,1090.125
5.17874,3308.04565,1090.25
5.17874,3308.15527,1090.375
5.17874,3308.26416,1090.5
5.17874,3308.37256,1090.625
5.17874,3308.48096,1090.75
5.17874,3308.59009,1090.875
5.17874,3308.69995,1091.0
5.17874,3308.80957,1091.125
5.17874,3308.91895,1091.25
5.17874,3309.02563,1091.375
5.17874,3309.12988,1091.5
5.17874,3309.23145,1091.625
5.17874,3309.33105,1091.75
5.17874,3309.42969,1091.875
5.17874,3309.52905,1092.0
5.17874,3309.62891,1092.125
5.17874,3309.72949,1092.25
5.17874,3309.83081,1092.375
5.17874,3309.93286,1092.5
5.17874,3310.03467,1092.625
5.17874,3310.13574,1092.75
5.17874,3310.23633,1092.875
5.17874,3310.33545,1093.0
5.17874,3310.43311,1093.125
5.17874,3310.5293,1093.25
5.17874,3310.625,1093.375
5.17874,3310.72021,1093.5
5.17874,3310.81592,1093.625
5.17874,3310.91162,1093.75
5.17874,3311.00635,1093.875
5.17874,3311.10034,1094.0
5.17874,3311.19287,1094.125
5.17874,3311.28418,1094.25
5.17874,3311.375,1094.375
5.17874,3311.46558,1094.5
5.17874,3311.55566,1094.625
5.17874,3311.64575,1094.75
5.17874,3311.73584,1094.875
5.17874,3311.82666,1095.0
5.17874,3311.91748,1095.125
5.17874,3312.0083,1095.25
5.17874,3312.09912,1095.375
5.17874,3312.18896,1095.5
5.17874,3312.27832,1095.625
5.17874,3312.3667,1095.75
5.17874,3312.4541,1095.875
5.17874,3312.54102,1096.0
5.17874,3312.62646,1096.125
5.17874,3312.71045,1096.25
5.17874,3312.79395,1096.375
5.17874,3312.87646,1096.5
5.17874,3312.95898,1096.625
5.17874,3313.0415,1096.75
5.17874,3313.12476,1096.875
5.17874,3313.2085,1097.0
5.17874,3313.29346,1097.125
5.17874,3313.37866,1097.25
5.17874,3313.46484,1097.375
5.17874,3313.55005,1097.5
5.17874,3313.63477,1097.625
5.17874,3313.71826,1097.75
5.17874,3313.80127,1097.875
5.17874,3313.8833,1098.0
5.17874,3313.96484,1098.125
5.17874,3314.04639,1098.25
5.17874,3314.12793,1098.375
5.17874,3314.20996,1098.5
5.17874,3314.29199,1098.625
5.17874,3314.37451,1098.75
5.17874,3314.4563,1098.875
5.17874,3314.5376,1099.0
5.17874,3314.61768,1099.125
5.17874,3314.69678,1099.25
5.17874,3314.7749,1099.375
5.17874,3314.85156,1099.5
5.17874,3314.92798,1099.625
5.17874,3315.00391,1099.75
5.17874,3315.07959,1099.875
5.17874,3315.1543,1100.0
5.17874,3315.229,1100.125
5.17874,3315.30273,1100.25
5.17874,3315.37646,1100.375
5.17874,3315.4502,1100.5
5.17874,3315.52368,1100.625
5.17874,3315.59717,1100.75
5.17874,3315.67041,1100.875
5.17874,3315.74316,1101.0
5.17874,3315.81592,1101.125
5.17874,3315.88916,1101.25
5.17874,3315.9624,1101.375
5.17874,3316.03687,1101.5
5.17874,3316.11108,1101.625
5.17874,3316.18506,1101.75
5.17874,3316.25879,1101.875
5.17874,3316.33154,1102.0
5.17874,3316.4043,1102.125
5.17874,3316.47705,1102.25
5.17874,3316.55127,1102.375
5.17874,3316.62622,1102.5
5.17874,3316.70264,1102.625
5.17874,3316.78027,1102.75
5.17874,3316.8584,1102.875
5.17874,3316.93604,1103.0
5.17874,3317.01318,1103.125
5.17874,3317.0874,1103.25
5.17874,3317.16064,1103.375
5.17874,3317.23242,1103.5
5.17874,3317.3042,1103.625
5.17874,3317.37744,1103.75
5.17874,3317.45288,1103.875
5.17874,3317.52979,1104.0
5.17874,3317.60791,1104.125
5.17874,3317.68555,1104.25
5.17874,3317.76294,1104.375
5.17874,3317.83984,1104.5
5.17874,3317.91699,1104.625
5.17874,3317.9939,1104.75
5.17874,3318.06982,1104.875
5.17874,3318.14429,1105.0
5.17874,3318.21704,1105.125
5.17874,3318.28809,1105.25
5.17874,3318.35742,1105.375
5.17874,3318.42603,1105.5
5.17874,3318.49316,1105.625
5.17874,3318.56006,1105.75
5.17874,3318.62549,1105.875
5.17874,3318.69019,1106.0
5.17874,3318.75415,1106.125
5.17874,3318.81763,1106.25
5.17874,3318.88062,1106.375
5.17874,3318.94336,1106.5
5.17874,3319.00586,1106.625
5.17874,3319.0686,1106.75
5.17874,3319.13208,1106.875
5.17874,3319.19653,1107.0
5.17874,3319.26196,1107.125
5.17874,3319.32764,1107.25
5.17874,3319.39307,1107.375
5.17874,3319.45703,1107.5
5.17874,3319.52051,1107.625
5.17874,3319.58398,1107.75
5.17874,3319.64746,1107.875
5.17874,3319.71143,1108.0
5.17874,3319.77588,1108.125
5.17874,3319.83984,1108.25
5.17874,3319.90283,1108.375
5.17874,3319.96606,1108.5
5.17874,3320.02856,1108.625
5.17874,3320.09131,1108.75
5.17874,3320.15381,1108.875
5.17874,3320.21558,1109.0
5.17874,3320.27637,1109.125
5.17874,3320.33691,1109.25
5.17874,3320.39697,1109.375
5.17874,3320.45752,1109.5
5.17874,3320.5188,1109.625
5.17874,3320.58057,1109.75
5.17874,3320.64307,1109.875
5.17874,3320.70532,1110.0
5.17874,3320.76709,1110.125
5.17874,3320.82861,1110.25
5.17874,3320.89014,1110.375
5.17874,3320.95215,1110.5
5.17874,3321.01611,1110.625
5.17874,3321.08105,1110.75
5.17874,3321.14771,1110.875
5.17874,3321.21533,1111.0
5.17874,3321.28271,1111.125
5.17874,3321.34985,1111.25
5.17874,3321.41553,1111.375
5.17874,3321.48047,1111.5
5.17874,3321.54517,1111.625
5.17874,3321.60962,1111.75
5.17874,3321.67334,1111.875
5.17874,3321.73682,1112.0
5.17874,3321.79858,1112.125
5.17874,3321.85913,1112.25
5.17874,3321.91846,1112.375
5.17874,3321.97754,1112.5
5.17874,3322.03613,1112.625
5.17874,3322.0957,1112.75
5.17874,3322.15576,1112.875
5.17874,3322.21533,1113.0
5.17874,3322.27417,1113.125
5.17874,3322.33105,1113.25
5.17874,3322.38623,1113.375
5.17874,3322.44043,1113.5
5.17874,3322.49463,1113.625
5.17874,3322.5498,1113.75
5.17874,3322.60669,1113.875
5.17874,3322.66431,1114.0
5.17874,3322.72217,1114.125
5.17874,3322.7793,1114.25
5.17874,3322.83545,1114.375
5.17874,3322.89111,1114.5
5.17874,3322.94629,1114.625
5.17874,3323.00171,1114.75
5.17874,3323.05688,1114.875
5.17874,3323.11133,1115.0
5.17874,3323.16455,1115.125
5.17874,3323.2168,1115.25
5.17874,3323.26831,1115.375
5.17874,3323.31982,1115.5
5.17874,3323.37085,1115.625
5.17874,3323.42285,1115.75
5.17874,3323.47559,1115.875
5.17874,3323.52905,1116.0
5.17874,3323.58203,1116.125
5.17874,3323.63477,1116.25
5.17874,3323.68652,1116.375
5.17874,3323.73804,1116.5
5.17874,3323.78955,1116.625
5.17874,3323.84082,1116.75
5.17874,3323.89233,1116.875
5.17874,3323.94409,1117.0
5.17874,3323.99536,1117.125
5.17874,3324.0459,1117.25
5.17874,3324.09668,1117.375
5.17874,3324.14795,1117.5
5.17874,3324.19971,1117.625
5.17874,3324.25244,1117.75
5.17874,3324.30566,1117.875
5.17874,3324.35938,1118.0
5.17874,3324.41357,1118.125
5.17874,3324.46777,1118.25
5.17874,3324.521,1118.375
5.17874,3324.57422,1118.5
5.17874,3324.62744,1118.625
5.17874,3324.68066,1118.75
5.17874,3324.73364,1118.875
5.17874,3324.78613,1119.0
5.17874,3324.8374,1119.125
5.17874,3324.8894,1119.25
5.17874,3324.94189,1119.375
5.17874,3324.99561,1119.5
5.17874,3325.05029,1119.625
5.17874,3325.10547,1119.75
5.17874,3325.1604,1119.875
5.17874,3325.21509,1120.0
5.17874,3325.26929,1120.125
5.17874,3325.32275,1120.25
5.17874,3325.37549,1120.375
5.17874,3325.42773,1120.5
5.17874,3325.47852,1120.625
5.17874,3325.52881,1120.75
5.17874,3325.57861,1120.875
5.17874,3325.62891,1121.0
5.17874,3325.67847,1121.125
5.17874,3325.729,1121.25
5.17874,3325.7793,1121.375
5.17874,3325.83008,1121.5
5.17874,3325.88135,1121.625
5.17874,3325.93311,1121.75
5.17874,3325.98413,1121.875
5.17874,3326.0354,1122.0
5.17874,3326.08667,1122.125
5.17874,3326.13867,1122.25
5.17874,3326.19092,1122.375
5.17874,3326.24365,1122.5
5.17874,3326.29614,1122.625
5.17874,3326.34814,1122.75
5.17874,3326.40039,1122.875
5.17874,3326.45215,1123.0
5.17874,3326.50439,1123.125
5.17874,3326.55762,1123.25
5.17874,3326.61108,1123.375
5.17874,3326.66431,1123.5
5.17874,3326.71729,1123.625
5.17874,3326.76953,1123.75
5.17874,3326.82178,1123.875
5.17874,3326.87402,1124.0
5.17874,3326.92627,1124.125
5.17874,3326.979,1124.25
5.17874,3327.03101,1124.375
5.17874,3327.08252,1124.5
5.17874,3327.13232,1124.625
5.17874,3327.18115,1124.75
5.17874,3327.229,1124.875
5.17874,3327.27637,1125.0
5.17874,3327.32422,1125.125
5.17874,3327.37256,1125.25
5.17874,3327.4209,1125.375
5.17874,3327.46973,1125.5
5.17874,3327.51807,1125.625
5.17874,3327.56592,1125.75
5.17874,3327.61353,1125.875
5.17874,3327.66064,1126.0
5.17874,3327.70801,1126.125
5.17874,3327.75488,1126.25
5.17874,3327.80225,1126.375
5.17874,3327.8501,1126.5
5.17874,3327.89844,1126.625
5.17874,3327.94775,1126.75
5.17874,3327.99707,1126.875
5.17874,3328.04688,1127.0
5.17874,3328.0957,1127.125
5.17874,3328.14355,1127.25
5.17874,3328.18652,1127.375
5.17874,3328.18994,1127.5
5.17874,3328.06079,1127.625
5.17874,3327.67407,1127.75
5.17874,3326.94141,1127.875
5.17874,3325.86084,1128.0
5.17874,3324.53369,1128.125
5.17874,3323.12939,1128.25
5.17874,3321.81421,1128.375
5.17874,3320.68799,1128.5
5.17874,3319.75342,1128.625
5.17874,3318.9397,1128.75
5.17874,3318.1582,1128.875
5.17874,3317.36133,1129.0
5.17874,3316.53906,1129.125
5.17874,3315.69678,1129.25
5.17874,3314.8457,1129.375
5.17874,3313.99951,1129.5
5.17874,3313.17285,1129.625
5.17874,3312.37939,1129.75
5.17874,3311.63477,1129.875
5.17874,3310.96631,1130.0
5.17874,3310.41699,1130.125
5.17874,3310.03418,1130.25
5.17874,3309.85449,1130.375
0.0,3309.88867,1130.5
0.0,3310.11182,1130.625
0.0,3310.47266,1130.75
0.0,3310.90747,1130.875
0.0,3311.35986,1131.0
0.0,3311.79272,1131.125
0.0,3312.19189,1131.25
0.0,3312.55664,1131.375
0.0,3312.89087,1131.5
0.0,3313.19922,1131.625
0.0,3313.48584,1131.75
0.0,3313.75537,1131.875
0.0,3314.01074,1132.0
0.0,3314.25391,1132.125
0.0,3314.48633,1132.25
0.0,3314.70801,1132.375
0.0,3314.92041,1132.5
0.0,3315.125,1132.625
0.0,3315.32202,1132.75
0.0,3315.51367,1132.875
0.0,3315.69995,1133.0
0.0,3315.88184,1133.125
0.0,3316.05908,1133.25
0.0,3316.23193,1133.375
0.0,3316.40088,1133.5
0.0,3316.56567,1133.625
0.0,3316.72632,1133.75
0.0,3316.88428,1133.875
0.0,3317.03906,1134.0
0.0,3317.19165,1134.125
0.0,3317.34229,1134.25
0.0,3317.49072,1134.375
0.0,3317.63721,1134.5
0.0,3317.78125,1134.625
0.0,3317.9231,1134.75
0.0,3318.06421,1134.875
0.0,3318.2041,1135.0
0.0,3318.34326,1135.125
0.0,3318.48169,1135.25
0.0,3318.61816,1135.375
0.0,3318.75244,1135.5
0.0,3318.88501,1135.625
0.0,3319.01587,1135.75
0.0,3319.14551,1135.875
0.0,3319.27393,1136.0
0.0,3319.40137,1136.125
0.0,3319.52808,1136.25
0.0,3319.65283,1136.375
0.0,3319.77588,1136.5
0.0,3319.89648,1136.625
0.0,3320.01587,1136.75
0.0,3320.1333,1136.875
0.0,3320.24902,1137.0
0.0,3320.36328,1137.125
0.0,3320.47559,1137.25
0.0,3320.58496,1137.375
0.0,3320.69238,1137.5
0.0,3320.79883,1137.625
0.0,3320.90454,1137.75
0.0,3321.00977,1137.875
0.0,3321.11426,1138.0
0.0,3321.21802,1138.125
0.0,3321.32056,1138.25
0.0,3321.42017,1138.375
0.0,3321.50488,1138.5
0.0,3321.54102,1138.625
0.0,3321.47461,1138.75
0.0,3321.24805,1138.875
0.0,3320.82178,1139.0
0.0,3320.1958,1139.125
0.0,3319.4082,1139.25
0.0,3318.52539,1139.375
0.0,3317.61328,1139.5
0.0,3316.72241,1139.625
0.0,3315.87305,1139.75
0.0,3315.06592,1139.875
0.0,3314.29639,1140.0
0.0,3313.55908,1140.125
0.0,3312.85083,1140.25
0.0,3312.16748,1140.375
0.0,3311.50537,1140.5
0.0,3310.86206,1140.625
0.0,3310.23438,1140.75
0.0,3309.62061,1140.875
0.0,3309.01855,1141.0
0.0,3308.42822,1141.125
0.0,3307.84961,1141.25
0.0,3307.28174,1141.375
0.0,3306.72485,1141.5
0.0,3306.17725,1141.625
0.0,3305.63867,1141.75
0.0,3305.10815,1141.875
0.0,3304.58887,1142.0
0.0,3304.09082,1142.125
0.0,3303.6228,1142.25
0.0,3303.1875,1142.375
0.0,3302.77734,1142.5
0.0,3302.37671,1142.625
0.0,3301.96729,1142.75
0.0,3301.53662,1142.875
0.0,3301.08105,1143.0
0.0,3300.60864,1143.125
0.0,3300.13013,1143.25
0.0,3299.65527,1143.375
0.0,3299.18701,1143.5
0.0,3298.72461,1143.625
0.0,3298.26904,1143.75
0.0,3297.81982,1143.875
0.0,3297.37622,1144.0
0.0,3296.93848,1144.125
0.0,3296.50684,1144.25
0.0,3296.07983,1144.375
0.0,3295.65796,1144.5
0.0,3295.24072,1144.625
0.0,3294.82861,1144.75
0.0,3294.42017,1144.875
0.0,3294.01489,1145.0
0.0,3293.6123,1145.125
0.0,3293.21191,1145.25
0.0,3292.81445,1145.375
0.0,3292.41943,1145.5
0.0,3292.02783,1145.625
0.0,3291.63989,1145.75
0.0,3291.25537,1145.875
0.0,3290.87476,1146.0
0.0,3290.49805,1146.125
0.0,3290.125,1146.25
0.0,3289.75537,1146.375
0.0,3289.38818,1146.5
0.0,3289.02344,1146.625
0.0,3288.6604,1146.75
0.0,3288.29932,1146.875
0.0,3287.93945,1147.0
0.0,3287.58203,1147.125
0.0,3287.22681,1147.25
0.0,3286.87476,1147.375
0.0,3286.52539,1147.5
0.0,3286.17871,1147.625
0.0,3285.83398,1147.75
0.0,3285.49121,1147.875
0.0,3285.14966,1148.0
0.0,3284.80981,1148.125
0.0,3284.47119,1148.25
0.0,3284.13403,1148.375
0.0,3283.7981,1148.5
0.0,3283.46436,1148.625
0.0,3283.13379,1148.75
0.0,3282.80737,1148.875
0.0,3282.48486,1149.0
0.0,3282.1665,1149.125
0.0,3281.85059,1149.25
0.0,3281.53711,1149.375
0.0,3281.22559,1149.5
0.0,3280.91553,1149.625
0.0,3280.60742,1149.75
0.0,3280.30103,1149.875
0.0,3279.99609,1150.0
0.0,3279.69287,1150.125
0.0,3279.39087,1150.25
0.0,3279.08936,1150.375
0.0,3278.78955,1150.5
0.0,3278.49048,1150.625
0.0,3278.19312,1150.75
0.0,3277.89697,1150.875
0.0,3277.60303,1151.0
0.0,3277.31152,1151.125
0.0,3277.02222,1151.25
0.0,3276.73438,1151.375
0.0,3276.44775,1151.5
0.0,3276.1626,1151.625
0.0,3275.87817,1151.75
0.0,3275.5957,1151.875
0.0,3275.3147,1152.0
0.0,3275.03564,1152.125
0.0,3274.7583,1152.25
0.0,3274.48242,1152.375
0.0,3274.20679,1152.5
0.0,3273.93262,1152.625
0.0,3273.65918,1152.75
0.0,3273.38794,1152.875
0.0,3273.11865,1153.0
0.0,3272.85132,1153.125
0.0,3272.58594,1153.25
0.0,3272.32202,1153.375
0.0,3272.05908,1153.5
0.0,3271.79736,1153.625
0.0,3271.53687,1153.75
0.0,3271.27686,1153.875
0.0,3271.01855,1154.0
0.0,3270.76001,1154.125
0.0,3270.50244,1154.25
0.0,3270.24512,1154.375
0.0,3269.98926,1154.5
0.0,3269.73511,1154.625
0.0,3269.48242,1154.75
0.0,3269.23145,1154.875
0.0,3268.98242,1155.0
0.0,3268.73438,1155.125
0.0,3268.48779,1155.25
0.0,3268.24219,1155.375
0.0,3267.99805,1155.5
0.0,3267.75488,1155.625
0.0,3267.51245,1155.75
0.0,3267.27075,1155.875
0.0,3267.02979,1156.0
0.0,3266.79004,1156.125
0.0,3266.55127,1156.25
0.0,3266.31494,1156.375
0.0,3266.07959,1156.5
0.0,3265.84619,1156.625
0.0,3265.61304,1156.75
0.0,3265.38037,1156.875
0.0,3265.14795,1157.0
0.0,3264.91553,1157.125
0.0,3264.68408,1157.25
0.0,3264.45312,1157.375
0.0,3264.22388,1157.5
0.0,3263.99536,1157.625
0.0,3263.76855,1157.75
0.0,3263.54297,1157.875
0.0,3263.31885,1158.0
0.0,3263.09595,1158.125
0.0,3262.87402,1158.25
0.0,3262.65332,1158.375
0.0,3262.43262,1158.5
0.0,3262.2124,1158.625
0.0,3261.99268,1158.75
0.0,3261.77393,1158.875
0.0,3261.55591,1159.0
0.0,3261.33911,1159.125
0.0,3261.12354,1159.25
0.0,3260.90967,1159.375
0.0,3260.69629,1159.5
0.0,3260.48389,1159.625
0.0,3260.27173,1159.75
0.0,3260.05957,1159.875
0.0,3259.8479,1160.0
0.0,3259.63696,1160.125
0.0,3259.42725,1160.25
0.0,3259.21899,1160.375
0.0,3259.01172,1160.5
0.0,3258.80615,1160.625
0.0,3258.60156,1160.75
0.0,3258.39844,1160.875
0.0,3258.1958,1161.0
0.0,3257.99365,1161.125
0.0,3257.79199,1161.25
0.0,3257.59082,1161.375
0.0,3257.39014,1161.5
0.0,3257.19043,1161.625
0.0,3256.99219,1161.75
0.0,3256.79492,1161.875
0.0,3256.59912,1162.0
0.0,3256.40405,1162.125
0.0,3256.20947,1162.25
0.0,3256.01562,1162.375
0.0,3255.82227,1162.5
0.0,3255.63037,1162.625
0.0,3255.43799,1162.75
0.0,3255.24634,1162.875
0.0,3255.05518,1163.0
0.0,3254.8645,1163.125
0.0,3254.67432,1163.25
0.0,3254.4856,1163.375
0.0,3254.29785,1163.5
0.0,3254.11133,1163.625
0.0,3253.9248,1163.75
0.0,3253.73877,1163.875
0.0,3253.55322,1164.0
0.0,3253.36841,1164.125
0.0,3253.18384,1164.25
0.0,3253.00049,1164.375
0.0,3252.81665,1164.5
0.0,3252.6333,1164.625
0.0,3252.4502,1164.75
0.0,3252.26758,1164.875
0.0,3252.08594,1165.0
0.0,3251.90527,1165.125
0.0,3251.72559,1165.25
0.0,3251.54663,1165.375
0.0,3251.36816,1165.5
0.0,3251.18994,1165.625
0.0,3251.01196,1165.75
0.0,3250.83447,1165.875
0.0,3250.65747,1166.0
0.0,3250.48145,1166.125
0.0,3250.30664,1166.25
0.0,3250.13232,1166.375
0.0,3249.95898,1166.5
0.0,3249.78662,1166.625
0.0,3249.61475,1166.75
0.0,3249.44336,1166.875
0.0,3249.27295,1167.0
0.0,3249.10303,1167.125
0.0,3248.93311,1167.25
0.0,3248.76343,1167.375
0.0,3248.59375,1167.5
0.0,3248.42456,1167.625
0.0,3248.25635,1167.75
0.0,3248.08936,1167.875
0.0,3247.92358,1168.0
0.0,3247.75977,1168.125
0.0,3247.59619,1168.25
0.0,3247.43262,1168.375
0.0,3247.26855,1168.5
0.0,3247.10449,1168.625
0.0,3246.94043,1168.75
0.0,3246.77661,1168.875
0.0,3246.61377,1169.0
0.0,3246.45166,1169.125
0.0,3246.29053,1169.25
0.0,3246.13013,1169.375
0.0,3245.97046,1169.5
0.0,3245.81152,1169.625
0.0,3245.65381,1169.75
0.0,3245.49634,1169.875
0.0,3245.33887,1170.0
0.0,3245.18164,1170.125
0.0,3245.02368,1170.25
0.0,3244.86597,1170.375
0.0,3244.70947,1170.5
0.0,3244.5542,1170.625
0.0,3244.3999,1170.75
0.0,3244.24683,1170.875
0.0,3244.09424,1171.0
0.0,3243.94165,1171.125
0.0,3243.78906,1171.25
0.0,3243.63745,1171.375
0.0,3243.48608,1171.5
0.0,3243.33545,1171.625
0.0,3243.18506,1171.75
0.0,3243.03516,1171.875
0.0,3242.8855,1172.0
0.0,3242.73682,1172.125
0.0,3242.58887,1172.25
0.0,3242.44214,1172.375
0.0,3242.2959,1172.5
0.0,3242.1499,1172.625
0.0,3242.00439,1172.75
0.0,3241.85815,1172.875
0.0,3241.71191,1173.0
0.0,3241.56616,1173.125
0.0,3241.42041,1173.25
0.0,3241.27539,1173.375
0.0,3241.13062,1173.5
0.0,3240.98633,1173.625
0.0,3240.84277,1173.75
0.0,3240.69995,1173.875
0.0,3240.55811,1174.0
0.0,3240.41699,1174.125
0.0,3240.27588,1174.25
0.0,3240.13428,1174.375
0.0,3239.9917,1174.5
0.0,3239.84814,1174.625
0.0,3239.70483,1174.75
0.0,3239.56104,1174.875
0.0,3239.41919,1175.0
0.0,3239.27881,1175.125
0.0,3239.13965,1175.25
0.0,3239.00146,1175.375
0.0,3238.86377,1175.5
0.0,3238.72607,1175.625
0.0,3238.58887,1175.75
0.0,3238.45166,1175.875
0.0,3238.31494,1176.0
0.0,3238.17871,1176.125
0.0,3238.04272,1176.25
0.0,3237.90771,1176.375
0.0,3237.77295,1176.5
0.0,3237.63916,1176.625
0.0,3237.50635,1176.75
0.0,3237.37402,1176.875
0.0,3237.24219,1177.0
0.0,3237.11084,1177.125
0.0,3236.97925,1177.25
0.0,3236.84741,1177.375
0.0,3236.71582,1177.5
0.0,3236.58496,1177.625
0.0,3236.45435,1177.75
0.0,3236.32495,1177.875
0.0,3236.19653,1178.0
0.0,3236.06885,1178.125
0.0,3235.94141,1178.25
0.0,3235.81445,1178.375
0.0,3235.6875,1178.5
0.0,3235.56055,1178.625
0.0,3235.43384,1178.75
0.0,3235.30737,1178.875
0.0,3235.18091,1179.0
0.0,3235.05444,1179.125
0.0,3234.92822,1179.25
0.0,3234.80225,1179.375
0.0,3234.67725,1179.5
0.0,3234.55298,1179.625
0.0,3234.42969,1179.75
0.0,3234.30713,1179.875
0.0,3234.18457,1180.0
0.0,3234.0625,1180.125
0.0,3233.94043,1180.25
0.0,3233.81787,1180.375
0.0,3233.6958,1180.5
0.0,3233.57422,1180.625
0.0,3233.45312,1180.75
0.0,3233.33203,1180.875
0.0,3233.21143,1181.0
0.0,3233.09082,1181.125
0.0,3232.97119,1181.25
0.0,3232.85156,1181.375
0.0,3232.73242,1181.5
0.0,3232.61377,1181.625
0.0,3232.49512,1181.75
0.0,3232.37671,1181.875
0.0,3232.25806,1182.0
0.0,3232.1394,1182.125
0.0,3232.02124,1182.25
0.0,3231.90332,1182.375
0.0,3231.78613,1182.5
0.0,3231.66943,1182.625
0.0,3231.55371,1182.75
0.0,3231.43848,1182.875
0.0,3231.32324,1183.0
0.0,3231.20801,1183.125
0.0,3231.09277,1183.25
0.0,3230.97705,1183.375
0.0,3230.86133,1183.5
0.0,3230.74634,1183.625
0.0,3230.63184,1183.75
0.0,3230.51904,1183.875
0.0,3230.40747,1184.0
0.0,3230.29639,1184.125
0.0,3230.18506,1184.25
0.0,3230.07324,1184.375
0.0,3229.96069,1184.5
0.0,3229.84863,1184.625
0.0,3229.73608,1184.75
0.0,3229.62451,1184.875
0.0,3229.51367,1185.0
0.0,3229.40356,1185.125
0.0,3229.29395,1185.25
0.0,3229.18506,1185.375
0.0,3229.07568,1185.5
0.0,3228.96729,1185.625
0.0,3228.85889,1185.75
0.0,3228.75146,1185.875
0.0,3228.64404,1186.0
0.0,3228.53662,1186.125
0.0,3228.4292,1186.25
0.0,3228.32202,1186.375
0.0,3228.21436,1186.5
0.0,3228.10742,1186.625
0.0,3228.00146,1186.75
0.0,3227.89648,1186.875
0.0,3227.79248,1187.0
0.0,3227.68872,1187.125
0.0,3227.58545,1187.25
0.0,3227.48193,1187.375
0.0,3227.37793,1187.5
0.0,3227.27295,1187.625
0.0,3227.16821,1187.75
0.0,3227.06348,1187.875
0.0,3226.95898,1188.0
0.0,3226.85547,1188.125
0.0,3226.75293,1188.25
0.0,3226.65088,1188.375
0.0,3226.54932,1188.5
0.0,3226.448,1188.625
0.0,3226.34668,1188.75
0.0,3226.24561,1188.875
0.0,3226.14429,1189.0
0.0,3226.04248,1189.125
0.0,3225.94043,1189.25
0.0,3225.8374,1189.375
0.0,3225.73438,1189.5
0.0,3225.63135,1189.625
0.0,3225.5293,1189.75
0.0,3225.42871,1189.875
0.0,3225.32959,1190.0
0.0,3225.23193,1190.125
0.0,3225.13428,1190.25
0.0,3225.03662,1190.375
0.0,3224.93872,1190.5
0.0,3224.84082,1190.625
0.0,3224.74268,1190.75
0.0,3224.64526,1190.875
0.0,3224.54712,1191.0
0.0,3224.44971,1191.125
0.0,3224.35156,1191.25
0.0,3224.25342,1191.375
0.0,3224.15576,1191.5
0.0,3224.05859,1191.625
0.0,3223.96143,1191.75
0.0,3223.86475,1191.875
0.0,3223.76904,1192.0
0.0,3223.67334,1192.125
0.0,3223.57812,1192.25
0.0,3223.4834,1192.375
0.0,3223.38867,1192.5
0.0,3223.29443,1192.625
0.0,3223.2002,1192.75
0.0,3223.10645,1192.875
0.0,3223.0127,1193.0
0.0,3222.91943,1193.125
0.0,3222.82642,1193.25
0.0,3222.73291,1193.375
0.0,3222.6394,1193.5
0.0,3222.5459,1193.625
0.0,3222.45215,1193.75
0.0,3222.3584,1193.875
0.0,3222.26538,1194.0
0.0,3222.17285,1194.125
0.0,3222.07983,1194.25
0.0,3221.9873,1194.375
0.0,3221.89551,1194.5
0.0,3221.8042,1194.625
0.0,3221.71265,1194.75
0.0,3221.62158,1194.875
0.0,3221.53125,1195.0
0.0,3221.44067,1195.125
0.0,3221.35059,1195.25
0.0,3221.2605,1195.375
0.0,3221.17114,1195.5
0.0,3221.08154,1195.625
0.0,3220.99268,1195.75
0.0,3220.9043,1195.875
0.0,3220.81641,1196.0
0.0,3220.72876,1196.125
0.0,3220.64136,1196.25
0.0,3220.55322,1196.375
0.0,3220.46533,1196.5
0.0,3220.3772,1196.625
0.0,3220.28906,1196.75
0.0,3220.20166,1196.875
0.0,3220.11426,1197.0
0.0,3220.02734,1197.125
0.0,3219.93994,1197.25
0.0,3219.85376,1197.375
0.0,3219.76758,1197.5
0.0,3219.68213,1197.625
0.0,3219.59717,1197.75
0.0,3219.51221,1197.875
0.0,3219.427,1198.0
0.0,3219.34229,1198.125
0.0,3219.25732,1198.25
0.0,3219.17285,1198.375
0.0,3219.08838,1198.5
0.0,3219.00415,1198.625
0.0,3218.91992,1198.75
0.0,3218.83594,1198.875
0.0,3218.75293,1199.0
0.0,3218.66992,1199.125
0.0,3218.5874,1199.25
0.0,3218.50464,1199.375
0.0,3218.42188,1199.5
0.0,3218.33838,1199.625
0.0,3218.25439,1199.75
0.0,3218.1709,1199.875
0.0,3218.08643,1200.0
0.0,3218.00293,1200.125
0.0,3217.91992,1200.25
0.0,3217.83691,1200.375
0.0,3217.75488,1200.5
0.0,3217.67285,1200.625
0.0,3217.59131,1200.75
0.0,3217.50928,1200.875
0.0,3217.42773,1201.0
0.0,3217.34644,1201.125
0.0,3217.26514,1201.25
0.0,3217.18433,1201.375
0.0,3217.104,1201.5
0.0,3217.02295,1201.625
0.0,3216.94312,1201.75
0.0,3216.86279,1201.875
0.0,3216.7832,1202.0
0.0,3216.70312,1202.125
0.0,3216.62305,1202.25
0.0,3216.54297,1202.375
0.0,3216.46265,1202.5
0.0,3216.38232,1202.625
0.0,3216.30225,1202.75
0.0,3216.22217,1202.875
0.0,3216.14209,1203.0
0.0,3216.06274,1203.125
0.0,3215.9834,1203.25
0.0,3215.90479,1203.375
0.0,3215.82617,1203.5
0.0,3215.74731,1203.625
0.0,3215.66846,1203.75
0.0,3215.59082,1203.875
0.0,3215.5127,1204.0
0.0,3215.43555,1204.125
0.0,3215.3584,1204.25
0.0,3215.28149,1204.375
0.0,3215.2041,1204.5
0.0,3215.12646,1204.625
0.0,3215.04883,1204.75
0.0,3214.9707,1204.875
0.0,3214.89282,1205.0
0.0,3214.81494,1205.125
0.0,3214.7373,1205.25
0.0,3214.66064,1205.375
0.0,3214.58398,1205.5
0.0,3214.50781,1205.625
0.0,3214.43115,1205.75
0.0,3214.35474,1205.875
0.0,3214.27759,1206.0
0.0,3214.20068,1206.125
0.0,3214.12427,1206.25
0.0,3214.04834,1206.375
0.0,3213.97266,1206.5
0.0,3213.89746,1206.625
0.0,3213.82178,1206.75
0.0,3213.74634,1206.875
0.0,3213.6709,1207.0
0.0,3213.59619,1207.125
0.0,3213.52148,1207.25
0.0,3213.44727,1207.375
0.0,3213.37354,1207.5
0.0,3213.29907,1207.625
0.0,3213.22412,1207.75
0.0,3213.14941,1207.875
0.0,3213.07422,1208.0
0.0,3212.99976,1208.125
0.0,3212.92554,1208.25
0.0,3212.85205,1208.375
0.0,3212.77832,1208.5
0.0,3212.70508,1208.625
0.0,3212.63159,1208.75
0.0,3212.55786,1208.875
0.0,3212.48438,1209.0
0.0,3212.41064,1209.125
0.0,3212.33691,1209.25
0.0,3212.2627,1209.375
0.0,3212.18872,1209.5
0.0,3212.11475,1209.625
0.0,3212.0415,1209.75
0.0,3211.96826,1209.875
0.0,3211.89551,1210.0
0.0,3211.82227,1210.125
0.0,3211.74902,1210.25
0.0,3211.6748,1210.375
0.0,3211.60156,1210.5
0.0,3211.52783,1210.625
0.0,3211.45581,1210.75
0.0,3211.38379,1210.875
0.0,3211.31201,1211.0
0.0,3211.24023,1211.125
0.0,3211.16895,1211.25
0.0,3211.09717,1211.375
0.0,3211.02563,1211.5
0.0,3210.95508,1211.625
0.0,3210.88477,1211.75
0.0,3210.81494,1211.875
0.0,3210.74512,1212.0
0.0,3210.67529,1212.125
0.0,3210.60547,1212.25
0.0,3210.53613,1212.375
0.0,3210.46606,1212.5
0.0,3210.396,1212.625
0.0,3210.32593,1212.75
0.0,3210.25586,1212.875
0.0,3210.18555,1213.0
0.0,3210.11523,1213.125
0.0,3210.04517,1213.25
0.0,3209.97559,1213.375
0.0,3209.90625,1213.5
0.0,3209.83765,1213.625
0.0,3209.76929,1213.75
0.0,3209.70117,1213.875
0.0,3209.6333,1214.0
0.0,3209.56519,1214.125
0.0,3209.49756,1214.25
0.0,3209.4292,1214.375
0.0,3209.36157,1214.5
0.0,3209.29395,1214.625
0.0,3209.22705,1214.75
0.0,3209.16016,1214.875
0.0,3209.09399,1215.0
0.0,3209.02759,1215.125
0.0,3208.96094,1215.25
0.0,3208.89453,1215.375
0.0,3208.82886,1215.5
0.0,3208.76318,1215.625
0.0,3208.69775,1215.75
0.0,3208.63257,1215.875
0.0,3208.56738,1216.0
0.0,3208.50146,1216.125
0.0,3208.43579,1216.25
0.0,3208.36914,1216.375
0.0,3208.30273,1216.5
0.0,3208.23682,1216.625
0.0,3208.1709,1216.75
0.0,3208.10547,1216.875
0.0,3208.04126,1217.0
0.0,3207.97729,1217.125
0.0,3207.91333,1217.25
0.0,3207.84985,1217.375
0.0,3207.78662,1217.5
0.0,3207.72314,1217.625
0.0,3207.65894,1217.75
0.0,3207.59473,1217.875
0.0,3207.52979,1218.0
0.0,3207.46484,1218.125
0.0,3207.3999,1218.25
0.0,3207.33545,1218.375
0.0,3207.27124,1218.5
0.0,3207.20703,1218.625
0.0,3207.14307,1218.75
0.0,3207.0791,1218.875
0.0,3207.01562,1219.0
0.0,3206.95215,1219.125
0.0,3206.88867,1219.25
0.0,3206.82544,1219.375
0.0,3206.76318,1219.5
0.0,3206.70044,1219.625
0.0,3206.63794,1219.75
0.0,3206.57495,1219.875
0.0,3206.51221,1220.0
0.0,3206.44897,1220.125
0.0,3206.38599,1220.25
0.0,3206.32324,1220.375
0.0,3206.26099,1220.5
0.0,3206.19971,1220.625
0.0,3206.13867,1220.75
0.0,3206.07715,1220.875
0.0,3206.01562,1221.0
0.0,3205.95361,1221.125
0.0,3205.8916,1221.25
0.0,3205.82983,1221.375
0.0,3205.76831,1221.5
0.0,3205.70703,1221.625
0.0,3205.64648,1221.75
0.0,3205.58594,1221.875
0.0,3205.52563,1222.0
0.0,3205.46582,1222.125
0.0,3205.40625,1222.25
0.0,3205.34668,1222.375
0.0,3205.2876,1222.5
0.0,3205.22827,1222.625
0.0,3205.1687,1222.75
0.0,3205.10889,1222.875
0.0,3205.04956,1223.0
0.0,3204.98999,1223.125
0.0,3204.93018,1223.25
0.0,3204.87109,1223.375
0.0,3204.81201,1223.5
0.0,3204.75293,1223.625
0.0,3204.69482,1223.75
0.0,3204.63672,1223.875
0.0,3204.57886,1224.0
0.0,3204.52051,1224.125
0.0,3204.4624,1224.25
0.0,3204.40479,1224.375
0.0,3204.34717,1224.5
0.0,3204.29004,1224.625
0.0,3204.23389,1224.75
0.0,3204.17773,1224.875
0.0,3204.12109,1225.0
0.0,3204.0647,1225.125
0.0,3204.0083,1225.25
0.0,3203.9519,1225.375
0.0,3203.896,1225.5
0.0,3203.84033,1225.625
0.0,3203.78467,1225.75
0.0,3203.729,1225.875
0.0,3203.67285,1226.0
0.0,3203.61719,1226.125
0.0,3203.56152,1226.25
0.0,3203.50635,1226.375
0.0,3203.45068,1226.5
0.0,3203.39551,1226.625
0.0,3203.33984,1226.75
0.0,3203.28467,1226.875
0.0,3203.22949,1227.0
0.0,3203.17432,1227.125
0.0,3203.11914,1227.25
0.0,3203.06445,1227.375
0.0,3203.00977,1227.5
0.0,3202.95508,1227.625
0.0,3202.90088,1227.75
0.0,3202.84668,1227.875
0.0,3202.79199,1228.0
0.0,3202.73779,1228.125
0.0,3202.68384,1228.25
0.0,3202.62988,1228.375
0.0,3202.57617,1228.5
0.0,3202.52295,1228.625
0.0,3202.46948,1228.75
0.0,3202.41626,1228.875
0.0,3202.36279,1229.0
0.0,3202.30933,1229.125
0.0,3202.25586,1229.25
0.0,3202.20288,1229.375
0.0,3202.1499,1229.5
0.0,3202.09741,1229.625
0.0,3202.04443,1229.75
0.0,3201.9917,1229.875
0.0,3201.93896,1230.0
0.0,3201.88623,1230.125
0.0,3201.8335,1230.25
0.0,3201.78125,1230.375
0.0,3201.72876,1230.5
0.0,3201.67627,1230.625
0.0,3201.62402,1230.75
0.0,3201.57178,1230.875
0.0,3201.52002,1231.0
0.0,3201.46875,1231.125
0.0,3201.41724,1231.25
0.0,3201.36597,1231.375
0.0,3201.31494,1231.5
0.0,3201.26367,1231.625
0.0,3201.2124,1231.75
0.0,3201.16138,1231.875
0.0,3201.11035,1232.0
0.0,3201.05957,1232.125
0.0,3201.00854,1232.25
0.0,3200.95703,1232.375
0.0,3200.90601,1232.5
0.0,3200.85449,1232.625
0.0,3200.80371,1232.75
0.0,3200.75342,1232.875
0.0,3200.70312,1233.0
0.0,3200.65356,1233.125
0.0,3200.60425,1233.25
0.0,3200.55469,1233.375
0.0,3200.50537,1233.5
0.0,3200.45605,1233.625
0.0,3200.40747,1233.75
0.0,3200.35938,1233.875
0.0,3200.31104,1234.0
0.0,3200.26294,1234.125
0.0,3200.2146,1234.25
0.0,3200.16626,1234.375
0.0,3200.11768,1234.5
0.0,3200.06934,1234.625
0.0,3200.021,1234.75
0.0,3199.97266,1234.875
0.0,3199.92432,1235.0
0.0,3199.87598,1235.125
0.0,3199.82715,1235.25
0.0,3199.77881,1235.375
0.0,3199.73022,1235.5
0.0,3199.68188,1235.625
0.0,3199.63452,1235.75
0.0,3199.58716,1235.875
0.0,3199.54028,1236.0
0.0,3199.49316,1236.125
0.0,3199.44482,1236.25
0.0,3199.39526,1236.375
0.0,3199.34473,1236.5
0.0,3199.29321,1236.625
0.0,3199.24219,1236.75
0.0,3199.19238,1236.875
0.0,3199.14355,1237.0
0.0,3199.0957,1237.125
0.0,3199.04883,1237.25
0.0,3199.00244,1237.375
0.0,3198.95581,1237.5
0.0,3198.90894,1237.625
0.0,3198.86157,1237.75
0.0,3198.81494,1237.875
0.0,3198.76758,1238.0
0.0,3198.7207,1238.125
0.0,3198.67383,1238.25
0.0,3198.62695,1238.375
0.0,3198.58008,1238.5
0.0,3198.53296,1238.625
0.0,3198.48584,1238.75
0.0,3198.43848,1238.875
0.0,3198.39136,1239.0
0.0,3198.34424,1239.125
0.0,3198.29785,1239.25
0.0,3198.25098,1239.375
0.0,3198.20557,1239.5
0.0,3198.16016,1239.625
0.0,3198.11572,1239.75
0.0,3198.07178,1239.875
0.0,3198.02783,1240.0
0.0,3197.9834,1240.125
0.0,3197.93799,1240.25
0.0,3197.89258,1240.375
0.0,3197.84692,1240.5
0.0,3197.80127,1240.625
0.0,3197.75586,1240.75
0.0,3197.71094,1240.875
0.0,3197.66553,1241.0
0.0,3197.62061,1241.125
0.0,3197.57495,1241.25
0.0,3197.5293,1241.375
0.0,3197.48389,1241.5
0.0,3197.43848,1241.625
0.0,3197.39404,1241.75
0.0,3197.34961,1241.875
0.0,3197.30518,1242.0
0.0,3197.26074,1242.125
0.0,3197.21606,1242.25
0.0,3197.17139,1242.375
0.0,3197.1272,1242.5
0.0,3197.0835,1242.625
0.0,3197.04004,1242.75
0.0,3196.99658,1242.875
0.0,3196.95312,1243.0
0.0,3196.90967,1243.125
0.0,3196.86621,1243.25
0.0,3196.82202,1243.375
0.0,3196.77832,1243.5
0.0,3196.73535,1243.625
0.0,3196.69238,1243.75
0.0,3196.64893,1243.875
0.0,3196.60547,1244.0
0.0,3196.56152,1244.125
0.0,3196.51782,1244.25
0.0,3196.47363,1244.375
0.0,3196.43042,1244.5
0.0,3196.38794,1244.625
0.0,3196.34521,1244.75
0.0,3196.30273,1244.875
0.0,3196.26025,1245.0
0.0,3196.21704,1245.125
0.0,3196.17432,1245.25
0.0,3196.13159,1245.375
0.0,3196.08936,1245.5
0.0,3196.0481,1245.625
0.0,3196.00635,1245.75
0.0,3195.96533,1245.875
0.0,3195.92358,1246.0
0.0,3195.88232,1246.125
0.0,3195.84009,1246.25
0.0,3195.79736,1246.375
0.0,3195.75488,1246.5
0.0,3195.71216,1246.625
0.0,3195.66992,1246.75
0.0,3195.62744,1246.875
0.0,3195.58594,1247.0
0.0,3195.54419,1247.125
0.0,3195.50342,1247.25
0.0,3195.46289,1247.375
0.0,3195.42236,1247.5
0.0,3195.38232,1247.625
0.0,3195.3418,1247.75
0.0,3195.30176,1247.875
0.0,3195.26172,1248.0
0.0,3195.22119,1248.125
0.0,3195.18066,1248.25
0.0,3195.1394,1248.375
0.0,3195.09839,1248.5
0.0,3195.05713,1248.625
0.0,3195.01611,1248.75
0.0,3194.9751,1248.875
0.0,3194.93457,1249.0
0.0,3194.89404,1249.125
0.0,3194.85449,1249.25
0.0,3194.81494,1249.375
0.0,3194.77588,1249.5
0.0,3194.73706,1249.625
0.0,3194.69824,1249.75
0.0,3194.65918,1249.875
0.0,3194.62036,1250.0
0.0,3194.58154,1250.125
0.0,3194.54248,1250.25
0.0,3194.50293,1250.375
0.0,3194.46289,1250.5
0.0,3194.42285,1250.625
0.0,3194.38232,1250.75
0.0,3194.34229,1250.875
0.0,3194.30225,1251.0
0.0,3194.2627,1251.125
0.0,3194.2229,1251.25
0.0,3194.18286,1251.375
0.0,3194.14307,1251.5
0.0,3194.10327,1251.625
0.0,3194.06372,1251.75
0.0,3194.02441,1251.875
0.0,3193.98584,1252.0
0.0,3193.94727,1252.125
0.0,3193.90845,1252.25
0.0,3193.86963,1252.375
0.0,3193.83154,1252.5
0.0,3193.79297,1252.625
0.0,3193.75391,1252.75
0.0,3193.71533,1252.875
0.0,3193.67578,1253.0
0.0,3193.63647,1253.125
0.0,3193.59717,1253.25
0.0,3193.55859,1253.375
0.0,3193.52051,1253.5
0.0,3193.48291,1253.625
0.0,3193.44531,1253.75
0.0,3193.40796,1253.875
0.0,3193.37012,1254.0
0.0,3193.33252,1254.125
0.0,3193.29541,1254.25
0.0,3193.25854,1254.375
0.0,3193.22217,1254.5
0.0,3193.18555,1254.625
0.0,3193.14941,1254.75
0.0,3193.11328,1254.875
0.0,3193.07715,1255.0
0.0,3193.04053,1255.125
0.0,3193.00439,1255.25
0.0,3192.96777,1255.375
0.0,3192.93164,1255.5
0.0,3192.896,1255.625
0.0,3192.85986,1255.75
0.0,3192.82422,1255.875
0.0,3192.78906,1256.0
0.0,3192.75439,1256.125
0.0,3192.72021,1256.25
0.0,3192.68652,1256.375
0.0,3192.65283,1256.5
0.0,3192.61963,1256.625
0.0,3192.58691,1256.75
0.0,3192.55444,1256.875
0.0,3192.52197,1257.0
0.0,3192.48975,1257.125
0.0,3192.45703,1257.25
0.0,3192.42505,1257.375
0.0,3192.39307,1257.5
0.0,3192.36084,1257.625
0.0,3192.32861,1257.75
0.0,3192.29663,1257.875
0.0,3192.26416,1258.0
0.0,3192.23169,1258.125
0.0,3192.2002,1258.25
0.0,3192.16895,1258.375
0.0,3192.13818,1258.5
0.0,3192.10767,1258.625
0.0,3192.07764,1258.75
0.0,3192.04785,1258.875
0.0,3192.01782,1259.0
0.0,3191.98853,1259.125
0.0,3191.95947,1259.25
0.0,3191.93066,1259.375
0.0,3191.90234,1259.5
0.0,3191.87427,1259.625
0.0,3191.84668,1259.75
0.0,3191.81934,1259.875
0.0,3191.79199,1260.0
0.0,3191.76514,1260.125
0.0,3191.73877,1260.25
0.0,3191.71191,1260.375
0.0,3191.68604,1260.5
0.0,3191.65967,1260.625
0.0,3191.63379,1260.75
0.0,3191.60815,1260.875
0.0,3191.58276,1261.0
0.0,3191.55713,1261.125
0.0,3191.53076,1261.25
0.0,3191.50513,1261.375
0.0,3191.47925,1261.5
0.0,3191.45435,1261.625
0.0,3191.42969,1261.75
0.0,3191.40527,1261.875
0.0,3191.38086,1262.0
0.0,3191.35645,1262.125
0.0,3191.33203,1262.25
0.0,3191.30737,1262.375
0.0,3191.2832,1262.5
0.0,3191.25903,1262.625
0.0,3191.23413,1262.75
0.0,3191.20898,1262.875
0.0,3191.18384,1263.0
0.0,3191.15942,1263.125
0.0,3191.13477,1263.25
0.0,3191.11084,1263.375
0.0,3191.08667,1263.5
0.0,3191.06201,1263.625
0.0,3191.03687,1263.75
0.0,3191.01099,1263.875
0.0,3190.98535,1264.0
0.0,3190.95947,1264.125
0.0,3190.93384,1264.25
0.0,3190.90796,1264.375
0.0,3190.88159,1264.5
0.0,3190.85547,1264.625
0.0,3190.82886,1264.75
0.0,3190.80273,1264.875
0.0,3190.77637,1265.0
0.0,3190.74951,1265.125
0.0,3190.72314,1265.25
0.0,3190.69653,1265.375
0.0,3190.66992,1265.5
0.0,3190.64429,1265.625
0.0,3190.61841,1265.75
0.0,3190.59253,1265.875
0.0,3190.56616,1266.0
0.0,3190.53906,1266.125
0.0,3190.51172,1266.25
0.0,3190.48389,1266.375
0.0,3190.45605,1266.5
0.0,3190.42871,1266.625
0.0,3190.40186,1266.75
0.0,3190.375,1266.875
0.0,3190.34814,1267.0
0.0,3190.3208,1267.125
0.0,3190.29248,1267.25
0.0,3190.26416,1267.375
0.0,3190.23584,1267.5
0.0,3190.20801,1267.625
0.0,3190.18018,1267.75
0.0,3190.15234,1267.875
0.0,3190.12402,1268.0
0.0,3190.09521,1268.125
0.0,3190.06616,1268.25
0.0,3190.03711,1268.375
0.0,3190.0083,1268.5
0.0,3189.98047,1268.625
0.0,3189.95166,1268.75
0.0,3189.92285,1268.875
0.0,3189.89307,1269.0
0.0,3189.86304,1269.125
0.0,3189.83301,1269.25
0.0,3189.80371,1269.375
0.0,3189.77466,1269.5
0.0,3189.74609,1269.625
0.0,3189.7168,1269.75
0.0,3189.68774,1269.875
0.0,3189.65869,1270.0
0.0,3189.62939,1270.125
0.0,3189.6001,1270.25
0.0,3189.57129,1270.375
0.0,3189.54199,1270.5
0.0,3189.5127,1270.625
0.0,3189.48291,1270.75
0.0,3189.45264,1270.875
0.0,3189.42188,1271.0
0.0,3189.39087,1271.125
0.0,3189.36035,1271.25
0.0,3189.32959,1271.375
0.0,3189.29858,1271.5
0.0,3189.26807,1271.625
0.0,3189.2373,1271.75
0.0,3189.20605,1271.875
0.0,3189.17529,1272.0
0.0,3189.14453,1272.125
0.0,3189.11401,1272.25
0.0,3189.0835,1272.375
0.0,3189.05298,1272.5
0.0,3189.02246,1272.625
0.0,3188.99121,1272.75
0.0,3188.96045,1272.875
0.0,3188.92969,1273.0
0.0,3188.89893,1273.125
0.0,3188.86768,1273.25
0.0,3188.83691,1273.375
0.0,3188.80591,1273.5
0.0,3188.77515,1273.625
0.0,3188.74414,1273.75
0.0,3188.71338,1273.875
0.0,3188.68311,1274.0
0.0,3188.65283,1274.125
0.0,3188.62231,1274.25
0.0,3188.5918,1274.375
0.0,3188.56104,1274.5
0.0,3188.52905,1274.625
0.0,3188.49658,1274.75
0.0,3188.46362,1274.875
0.0,3188.43018,1275.0
0.0,3188.39697,1275.125
0.0,3188.36426,1275.25
0.0,3188.33154,1275.375
0.0,3188.29858,1275.5
0.0,3188.26562,1275.625
0.0,3188.23242,1275.75
0.0,3188.19922,1275.875
0.0,3188.16602,1276.0
0.0,3188.13379,1276.125
0.0,3188.10107,1276.25
0.0,3188.06836,1276.375
0.0,3188.03589,1276.5
0.0,3188.00342,1276.625
0.0,3187.97192,1276.75
0.0,3187.94019,1276.875
0.0,3187.90918,1277.0
0.0,3187.87793,1277.125
0.0,3187.84668,1277.25
0.0,3187.81494,1277.375
0.0,3187.78345,1277.5
0.0,3187.7522,1277.625
0.0,3187.72021,1277.75
0.0,3187.68848,1277.875
0.0,3187.65625,1278.0
0.0,3187.62451,1278.125
0.0,3187.59277,1278.25
0.0,3187.56128,1278.375
0.0,3187.52979,1278.5
0.0,3187.49854,1278.625
0.0,3187.46777,1278.75
0.0,3187.43701,1278.875
0.0,3187.40625,1279.0
0.0,3187.37549,1279.125
0.0,3187.34473,1279.25
0.0,3187.31421,1279.375
0.0,3187.28394,1279.5
0.0,3187.25366,1279.625
0.0,3187.22363,1279.75
0.0,3187.1936,1279.875
0.0,3187.16333,1280.0
0.0,3187.1333,1280.125
0.0,3187.10278,1280.25
0.0,3187.073,1280.375
0.0,3187.04346,1280.5
0.0,3187.01416,1280.625
0.0,3186.98511,1280.75
0.0,3186.95654,1280.875
0.0,3186.92773,1281.0
0.0,3186.89966,1281.125
0.0,3186.87207,1281.25
0.0,3186.84595,1281.375
0.0,3186.82031,1281.5
0.0,3186.79541,1281.625
0.0,3186.77051,1281.75
0.0,3186.74561,1281.875
0.0,3186.7207,1282.0
0.0,3186.69629,1282.125
0.0,3186.67188,1282.25
0.0,3186.64746,1282.375
0.0,3186.62305,1282.5
0.0,3186.59863,1282.625
0.0,3186.57373,1282.75
0.0,3186.54956,1282.875
0.0,3186.52539,1283.0
0.0,3186.50122,1283.125
0.0,3186.47754,1283.25
0.0,3186.4541,1283.375
0.0,3186.43018,1283.5
0.0,3186.40601,1283.625
0.0,3186.38184,1283.75
0.0,3186.35693,1283.875
0.0,3186.33203,1284.0
0.0,3186.30664,1284.125
0.0,3186.28101,1284.25
0.0,3186.25513,1284.375
0.0,3186.22925,1284.5
0.0,3186.20337,1284.625
0.0,3186.17725,1284.75
0.0,3186.15161,1284.875
0.0,3186.12549,1285.0
0.0,3186.09985,1285.125
0.0,3186.07373,1285.25
0.0,3186.04834,1285.375
0.0,3186.02246,1285.5
0.0,3185.99683,1285.625
0.0,3185.97095,1285.75
0.0,3185.94434,1285.875
0.0,3185.91724,1286.0
0.0,3185.88965,1286.125
0.0,3185.86206,1286.25
0.0,3185.83423,1286.375
0.0,3185.80664,1286.5
0.0,3185.77832,1286.625
0.0,3185.75049,1286.75
0.0,3185.72217,1286.875
0.0,3185.6936,1287.0
0.0,3185.66553,1287.125
0.0,3185.6377,1287.25
0.0,3185.61035,1287.375
0.0,3185.58301,1287.5
0.0,3185.55615,1287.625
0.0,3185.5293,1287.75
0.0,3185.50293,1287.875
0.0,3185.47705,1288.0
0.0,3185.45166,1288.125
0.0,3185.42676,1288.25
0.0,3185.40137,1288.375
0.0,3185.37646,1288.5
0.0,3185.35156,1288.625
0.0,3185.32642,1288.75
0.0,3185.30176,1288.875
0.0,3185.27734,1289.0
0.0,3185.25195,1289.125
0.0,3185.22656,1289.25
0.0,3185.2002,1289.375
0.0,3185.17432,1289.5
0.0,3185.14893,1289.625
0.0,3185.12329,1289.75
0.0,3185.0979,1289.875
0.0,3185.07202,1290.0
0.0,3185.04565,1290.125
0.0,3185.01855,1290.25
0.0,3184.99121,1290.375
0.0,3184.96338,1290.5
0.0,3184.93579,1290.625
0.0,3184.90771,1290.75
0.0,3184.87891,1290.875
0.0,3184.84961,1291.0
0.0,3184.81934,1291.125
0.0,3184.78906,1291.25
0.0,3184.7583,1291.375
0.0,3184.72754,1291.5
0.0,3184.69678,1291.625
0.0,3184.66602,1291.75
0.0,3184.63525,1291.875
0.0,3184.60449,1292.0
0.0,3184.57397,1292.125
0.0,3184.54395,1292.25
0.0,3184.51367,1292.375
0.0,3184.48389,1292.5
0.0,3184.45361,1292.625
0.0,3184.4231,1292.75
0.0,3184.39233,1292.875
0.0,3184.36133,1293.0
0.0,3184.33008,1293.125
0.0,3184.29834,1293.25
0.0,3184.2666,1293.375
0.0,3184.23438,1293.5
0.0,3184.20215,1293.625
0.0,3184.17041,1293.75
0.0,3184.13867,1293.875
0.0,3184.10742,1294.0
0.0,3184.07617,1294.125
0.0,3184.04419,1294.25
0.0,3184.01221,1294.375
0.0,3183.97998,1294.5
0.0,3183.94922,1294.625
0.0,3183.91968,1294.75
0.0,3183.88965,1294.875
0.0,3183.85889,1295.0
0.0,3183.82642,1295.125
0.0,3183.79272,1295.25
0.0,3183.75757,1295.375
0.0,3183.72266,1295.5
0.0,3183.68848,1295.625
0.0,3183.65527,1295.75
0.0,3183.62207,1295.875
0.0,3183.58936,1296.0
0.0,3183.55566,1296.125
0.0,3183.52246,1296.25
0.0,3183.48926,1296.375
0.0,3183.45557,1296.5
0.0,3183.42188,1296.625
0.0,3183.3877,1296.75
0.0,3183.35254,1296.875
0.0,3183.31738,1297.0
0.0,3183.28223,1297.125
0.0,3183.24731,1297.25
0.0,3183.21289,1297.375
0.0,3183.17822,1297.5
0.0,3183.14429,1297.625
0.0,3183.11035,1297.75
0.0,3183.07617,1297.875
0.0,3183.04248,1298.0
0.0,3183.00879,1298.125
0.0,3182.9751,1298.25
0.0,3182.94141,1298.375
0.0,3182.90845,1298.5
0.0,3182.87573,1298.625
0.0,3182.84351,1298.75
0.0,3182.81152,1298.875
0.0,3182.77979,1299.0
0.0,3182.74805,1299.125
0.0,3182.71777,1299.25
0.0,3182.6875,1299.375
0.0,3182.65747,1299.5
0.0,3182.6272,1299.625
0.0,3182.59668,1299.75
0.0,3182.56641,1299.875
0.0,3182.53564,1300.0
0.0,3182.50513,1300.125
0.0,3182.4751,1300.25
0.0,3182.44482,1300.375
0.0,3182.41504,1300.5
0.0,3182.38477,1300.625
0.0,3182.35498,1300.75
0.0,3182.32471,1300.875
0.0,3182.2959,1301.0
0.0,3182.26733,1301.125
0.0,3182.23926,1301.25
0.0,3182.21143,1301.375
0.0,3182.18359,1301.5
0.0,3182.15576,1301.625
0.0,3182.12744,1301.75
0.0,3182.09937,1301.875
0.0,3182.0708,1302.0
0.0,3182.04272,1302.125
0.0,3182.01465,1302.25
0.0,3181.98804,1302.375
0.0,3181.96094,1302.5
0.0,3181.93408,1302.625
0.0,3181.90649,1302.75
0.0,3181.87842,1302.875
0.0,3181.85034,1303.0
0.0,3181.82227,1303.125
0.0,3181.79443,1303.25
0.0,3181.76685,1303.375
0.0,3181.73877,1303.5
0.0,3181.71045,1303.625
0.0,3181.68188,1303.75
0.0,3181.65332,1303.875
0.0,3181.62451,1304.0
0.0,3181.59595,1304.125
0.0,3181.56738,1304.25
0.0,3181.53906,1304.375
0.0,3181.51074,1304.5
0.0,3181.48242,1304.625
0.0,3181.45386,1304.75
0.0,3181.42529,1304.875
0.0,3181.39697,1305.0
0.0,3181.36865,1305.125
0.0,3181.34082,1305.25
0.0,3181.31299,1305.375
0.0,3181.28516,1305.5
0.0,3181.25732,1305.625
0.0,3181.229,1305.75
0.0,3181.20142,1305.875
0.0,3181.17383,1306.0
0.0,3181.14648,1306.125
0.0,3181.11963,1306.25
0.0,3181.09277,1306.375
0.0,3181.06592,1306.5
0.0,3181.03882,1306.625
0.0,3181.01172,1306.75
0.0,3180.98486,1306.875
0.0,3180.95752,1307.0
0.0,3180.93066,1307.125
0.0,3180.90283,1307.25
0.0,3180.87451,1307.375
0.0,3180.84619,1307.5
0.0,3180.81738,1307.625
0.0,3180.78906,1307.75
0.0,3180.7605,1307.875
0.0,3180.73242,1308.0
0.0,3180.70435,1308.125
0.0,3180.67578,1308.25
0.0,3180.64697,1308.375
0.0,3180.61768,1308.5
0.0,3180.58838,1308.625
0.0,3180.55933,1308.75
0.0,3180.53003,1308.875
0.0,3180.50122,1309.0
0.0,3180.47217,1309.125
0.0,3180.44336,1309.25
0.0,3180.41455,1309.375
0.0,3180.38623,1309.5
0.0,3180.35742,1309.625
0.0,3180.32764,1309.75
0.0,3180.29858,1309.875
0.0,3180.26904,1310.0
0.0,3180.23926,1310.125
0.0,3180.20996,1310.25
0.0,3180.18018,1310.375
0.0,3180.15063,1310.5
0.0,3180.12085,1310.625
0.0,3180.09131,1310.75
0.0,3180.06104,1310.875
0.0,3180.03076,1311.0
0.0,3180.00049,1311.125
0.0,3179.97021,1311.25
0.0,3179.94019,1311.375
0.0,3179.9104,1311.5
0.0,3179.88086,1311.625
0.0,3179.85156,1311.75
0.0,3179.82227,1311.875
0.0,3179.79297,1312.0
0.0,3179.76392,1312.125
0.0,3179.73486,1312.25
0.0,3179.70654,1312.375
0.0,3179.67822,1312.5
0.0,3179.65039,1312.625
0.0,3179.62207,1312.75
0.0,3179.59326,1312.875
0.0,3179.5647,1313.0
0.0,3179.53516,1313.125
0.0,3179.50586,1313.25
0.0,3179.47656,1313.375
0.0,3179.44653,1313.5
0.0,3179.4165,1313.625
0.0,3179.38599,1313.75
0.0,3179.35498,1313.875
0.0,3179.323,1314.0
0.0,3179.29004,1314.125
0.0,3179.25537,1314.25
0.0,3179.21973,1314.375
0.0,3179.18262,1314.5
0.0,3179.14453,1314.625
0.0,3179.10596,1314.75
0.0,3179.06714,1314.875
0.0,3179.02832,1315.0
0.0,3178.98926,1315.125
0.0,3178.94995,1315.25
0.0,3178.91016,1315.375
0.0,3178.86963,1315.5
0.0,3178.82886,1315.625
0.0,3178.78784,1315.75
0.0,3178.74658,1315.875
0.0,3178.70605,1316.0
0.0,3178.66602,1316.125
0.0,3178.62646,1316.25
0.0,3178.5874,1316.375
0.0,3178.54834,1316.5
0.0,3178.51001,1316.625
0.0,3178.47144,1316.75
0.0,3178.43262,1316.875
0.0,3178.39404,1317.0
0.0,3178.35596,1317.125
0.0,3178.31787,1317.25
0.0,3178.28003,1317.375
0.0,3178.24219,1317.5
0.0,3178.2041,1317.625
0.0,3178.16479,1317.75
0.0,3178.125,1317.875
0.0,3178.08496,1318.0
0.0,3178.04541,1318.125
0.0,3178.00659,1318.25
0.0,3177.96875,1318.375
0.0,3177.93213,1318.5
0.0,3177.896,1318.625
0.0,3177.86084,1318.75
0.0,3177.82642,1318.875
0.0,3177.79248,1319.0
0.0,3177.75879,1319.125
0.0,3177.72485,1319.25
0.0,3177.69116,1319.375
0.0,3177.65723,1319.5
0.0,3177.62256,1319.625
0.0,3177.58789,1319.75
0.0,3177.55322,1319.875
0.0,3177.5188,1320.0
0.0,3177.48486,1320.125
0.0,3177.45117,1320.25
0.0,3177.41748,1320.375
0.0,3177.3833,1320.5
0.0,3177.34912,1320.625
0.0,3177.31421,1320.75
0.0,3177.27979,1320.875
0.0,3177.24609,1321.0
0.0,3177.21289,1321.125
0.0,3177.18018,1321.25
0.0,3177.14795,1321.375
0.0,3177.11523,1321.5
0.0,3177.08252,1321.625
0.0,3177.05005,1321.75
0.0,3177.01709,1321.875
0.0,3176.98438,1322.0
0.0,3176.95215,1322.125
0.0,3176.9187,1322.25
0.0,3176.88574,1322.375
0.0,3176.85254,1322.5
0.0,3176.81934,1322.625
0.0,3176.78613,1322.75
0.0,3176.75342,1322.875
0.0,3176.72119,1323.0
0.0,3176.68896,1323.125
0.0,3176.65625,1323.25
0.0,3176.62305,1323.375
0.0,3176.5896,1323.5
0.0,3176.55566,1323.625
0.0,3176.52197,1323.75
0.0,3176.48828,1323.875
0.0,3176.45532,1324.0
0.0,3176.42236,1324.125
0.0,3176.38965,1324.25
0.0,3176.35645,1324.375
0.0,3176.32373,1324.5
0.0,3176.2915,1324.625
0.0,3176.25977,1324.75
0.0,3176.22803,1324.875
0.0,3176.19629,1325.0
0.0,3176.16479,1325.125
0.0,3176.1333,1325.25
0.0,3176.10132,1325.375
0.0,3176.07007,1325.5
0.0,3176.03857,1325.625
0.0,3176.00781,1325.75
0.0,3175.97705,1325.875
0.0,3175.94678,1326.0
0.0,3175.91602,1326.125
0.0,3175.88525,1326.25
0.0,3175.85449,1326.375
0.0,3175.82324,1326.5
0.0,3175.79272,1326.625
0.0,3175.76196,1326.75
0.0,3175.73145,1326.875
0.0,3175.70117,1327.0
0.0,3175.67139,1327.125
0.0,3175.64185,1327.25
0.0,3175.6123,1327.375
0.0,3175.58252,1327.5
0.0,3175.55322,1327.625
0.0,3175.52344,1327.75
0.0,3175.49414,1327.875
0.0,3175.46533,1328.0
0.0,3175.43701,1328.125
0.0,3175.40918,1328.25
0.0,3175.38135,1328.375
0.0,3175.354,1328.5
0.0,3175.32617,1328.625
0.0,3175.29834,1328.75
0.0,3175.271,1328.875
0.0,3175.24316,1329.0
0.0,3175.21484,1329.125
0.0,3175.18652,1329.25
0.0,3175.15796,1329.375
0.0,3175.13013,1329.5
0.0,3175.10205,1329.625
0.0,3175.07471,1329.75
0.0,3175.04712,1329.875
0.0,3175.02002,1330.0
0.0,3174.99268,1330.125
0.0,3174.96533,1330.25
0.0,3174.93799,1330.375
0.0,3174.91162,1330.5
0.0,3174.88428,1330.625
0.0,3174.85742,1330.75
0.0,3174.82983,1330.875
0.0,3174.80225,1331.0
0.0,3174.77393,1331.125
0.0,3174.74609,1331.25
0.0,3174.71802,1331.375
0.0,3174.69043,1331.5
0.0,3174.66357,1331.625
0.0,3174.6377,1331.75
0.0,3174.61182,1331.875
0.0,3174.58594,1332.0
0.0,3174.55957,1332.125
0.0,3174.53223,1332.25
0.0,3174.50537,1332.375
0.0,3174.47803,1332.5
0.0,3174.45068,1332.625
0.0,3174.42383,1332.75
0.0,3174.39746,1332.875
0.0,3174.37085,1333.0
0.0,3174.34473,1333.125
0.0,3174.3186,1333.25
0.0,3174.29199,1333.375
0.0,3174.26562,1333.5
0.0,3174.23877,1333.625
0.0,3174.21167,1333.75
0.0,3174.18506,1333.875
0.0,3174.15771,1334.0
0.0,3174.13086,1334.125
0.0,3174.10352,1334.25
0.0,3174.07666,1334.375
0.0,3174.0498,1334.5
0.0,3174.02344,1334.625
0.0,3173.99634,1334.75
0.0,3173.96875,1334.875
0.0,3173.94165,1335.0
0.0,3173.91455,1335.125
0.0,3173.88818,1335.25
0.0,3173.86206,1335.375
0.0,3173.83643,1335.5
0.0,3173.8103,1335.625
0.0,3173.78345,1335.75
0.0,3173.75635,1335.875
0.0,3173.729,1336.0
0.0,3173.70166,1336.125
0.0,3173.67529,1336.25
0.0,3173.64844,1336.375
0.0,3173.62231,1336.5
0.0,3173.59546,1336.625
0.0,3173.56885,1336.75
0.0,3173.54175,1336.875
0.0,3173.51465,1337.0
0.0,3173.48755,1337.125
0.0,3173.46094,1337.25
0.0,3173.43408,1337.375
0.0,3173.40723,1337.5
0.0,3173.38086,1337.625
0.0,3173.354,1337.75
0.0,3173.32715,1337.875
0.0,3173.30005,1338.0
0.0,3173.27344,1338.125
0.0,3173.24658,1338.25
0.0,3173.21973,1338.375
0.0,3173.19287,1338.5
0.0,3173.16602,1338.625
0.0,3173.14014,1338.75
0.0,3173.11328,1338.875
0.0,3173.08667,1339.0
0.0,3173.06006,1339.125
0.0,3173.03369,1339.25
0.0,3173.00732,1339.375
0.0,3172.98096,1339.5
0.0,3172.95459,1339.625
0.0,3172.92822,1339.75
0.0,3172.90186,1339.875
0.0,3172.87524,1340.0
0.0,3172.84839,1340.125
0.0,3172.82178,1340.25
0.0,3172.79541,1340.375
0.0,3172.76953,1340.5
0.0,3172.74414,1340.625
0.0,3172.71875,1340.75
0.0,3172.69336,1340.875
0.0,3172.66748,1341.0
0.0,3172.64111,1341.125
0.0,3172.61499,1341.25
0.0,3172.58887,1341.375
0.0,3172.56274,1341.5
0.0,3172.5376,1341.625
0.0,3172.51196,1341.75
0.0,3172.48608,1341.875
0.0,3172.45972,1342.0
0.0,3172.43311,1342.125
0.0,3172.40649,1342.25
0.0,3172.38086,1342.375
0.0,3172.35669,1342.5
0.0,3172.33325,1342.625
0.0,3172.31055,1342.75
0.0,3172.28711,1342.875
0.0,3172.26172,1343.0
0.0,3172.23535,1343.125
0.0,3172.20752,1343.25
0.0,3172.17944,1343.375
0.0,3172.15112,1343.5
0.0,3172.12305,1343.625
0.0,3172.09473,1343.75
0.0,3172.06592,1343.875
0.0,3172.03735,1344.0
0.0,3172.00928,1344.125
0.0,3171.98145,1344.25
0.0,3171.9541,1344.375
0.0,3171.92773,1344.5
0.0,3171.90137,1344.625
0.0,3171.87476,1344.75
0.0,3171.84814,1344.875
0.0,3171.82129,1345.0
0.0,3171.79443,1345.125
0.0,3171.76758,1345.25
0.0,3171.74072,1345.375
0.0,3171.71436,1345.5
0.0,3171.6875,1345.625
0.0,3171.66162,1345.75
0.0,3171.63623,1345.875
0.0,3171.61133,1346.0
0.0,3171.58569,1346.125
0.0,3171.56006,1346.25
0.0,3171.53418,1346.375
0.0,3171.50781,1346.5
0.0,3171.48096,1346.625
0.0,3171.45483,1346.75
0.0,3171.42871,1346.875
0.0,3171.40234,1347.0
0.0,3171.37695,1347.125
0.0,3171.35107,1347.25
0.0,3171.32568,1347.375
0.0,3171.2998,1347.5
0.0,3171.27393,1347.625
0.0,3171.24805,1347.75
0.0,3171.22217,1347.875
0.0,3171.19629,1348.0
0.0,3171.17041,1348.125
0.0,3171.14478,1348.25
0.0,3171.11865,1348.375
0.0,3171.09277,1348.5
0.0,3171.06641,1348.625
0.0,3171.04004,1348.75
0.0,3171.01367,1348.875
0.0,3170.98755,1349.0
0.0,3170.96143,1349.125
0.0,3170.93555,1349.25
0.0,3170.90967,1349.375
0.0,3170.88379,1349.5
0.0,3170.85693,1349.625
0.0,3170.83032,1349.75
0.0,3170.80322,1349.875
0.0,3170.77661,1350.0
0.0,3170.75049,1350.125
0.0,3170.72461,1350.25
0.0,3170.69922,1350.375
0.0,3170.67334,1350.5
0.0,3170.64746,1350.625
0.0,3170.62109,1350.75
0.0,3170.59473,1350.875
0.0,3170.56787,1351.0
0.0,3170.5415,1351.125
0.0,3170.51465,1351.25
0.0,3170.48682,1351.375
0.0,3170.45947,1351.5
0.0,3170.43115,1351.625
0.0,3170.4021,1351.75
0.0,3170.37231,1351.875
0.0,3170.34229,1352.0
0.0,3170.31201,1352.125
0.0,3170.28223,1352.25
0.0,3170.25293,1352.375
0.0,3170.22412,1352.5
0.0,3170.19507,1352.625
0.0,3170.16626,1352.75
0.0,3170.1377,1352.875
0.0,3170.10889,1353.0
0.0,3170.08105,1353.125
0.0,3170.05322,1353.25
0.0,3170.0249,1353.375
0.0,3169.99658,1353.5
0.0,3169.96826,1353.625
0.0,3169.93945,1353.75
0.0,3169.91138,1353.875
0.0,3169.88354,1354.0
0.0,3169.85645,1354.125
0.0,3169.82959,1354.25
0.0,3169.80298,1354.375
0.0,3169.77686,1354.5
0.0,3169.75049,1354.625
0.0,3169.72339,1354.75
0.0,3169.69629,1354.875
0.0,3169.66797,1355.0
0.0,3169.64038,1355.125
0.0,3169.6123,1355.25
0.0,3169.58496,1355.375
0.0,3169.55811,1355.5
0.0,3169.53149,1355.625
0.0,3169.50537,1355.75
0.0,3169.47949,1355.875
0.0,3169.45361,1356.0
0.0,3169.42773,1356.125
0.0,3169.40186,1356.25
0.0,3169.37646,1356.375
0.0,3169.35181,1356.5
0.0,3169.32715,1356.625
0.0,3169.30273,1356.75
0.0,3169.27832,1356.875
0.0,3169.25366,1357.0
0.0,3169.22852,1357.125
0.0,3169.20361,1357.25
0.0,3169.17773,1357.375
0.0,3169.1521,1357.5
0.0,3169.12646,1357.625
0.0,3169.10059,1357.75
0.0,3169.07471,1357.875
0.0,3169.04907,1358.0
0.0,3169.02344,1358.125
0.0,3168.99756,1358.25
0.0,3168.97168,1358.375
0.0,3168.94629,1358.5
0.0,3168.92188,1358.625
0.0,3168.89697,1358.75
0.0,3168.87207,1358.875
0.0,3168.84766,1359.0
0.0,3168.82324,1359.125
0.0,3168.79932,1359.25
0.0,3168.77612,1359.375
0.0,3168.75342,1359.5
0.0,3168.73047,1359.625
0.0,3168.70801,1359.75
0.0,3168.6853,1359.875
0.0,3168.6626,1360.0
0.0,3168.64014,1360.125
0.0,3168.61768,1360.25
0.0,3168.5957,1360.375
0.0,3168.57397,1360.5
0.0,3168.552,1360.625
0.0,3168.52979,1360.75
0.0,3168.50757,1360.875
0.0,3168.48535,1361.0
0.0,3168.46338,1361.125
0.0,3168.44116,1361.25
0.0,3168.41846,1361.375
0.0,3168.396,1361.5
0.0,3168.37305,1361.625
0.0,3168.35034,1361.75
0.0,3168.32764,1361.875
0.0,3168.30493,1362.0
0.0,3168.28223,1362.125
0.0,3168.25928,1362.25
0.0,3168.23608,1362.375
0.0,3168.21338,1362.5
0.0,3168.19141,1362.625
0.0,3168.16895,1362.75
0.0,3168.14722,1362.875
0.0,3168.12524,1363.0
0.0,3168.10352,1363.125
0.0,3168.0813,1363.25
0.0,3168.05957,1363.375
0.0,3168.03809,1363.5
0.0,3168.0166,1363.625
0.0,3167.99561,1363.75
0.0,3167.97412,1363.875
0.0,3167.95264,1364.0
0.0,3167.9314,1364.125
0.0,3167.90967,1364.25
0.0,3167.88818,1364.375
0.0,3167.86646,1364.5
0.0,3167.84473,1364.625
0.0,3167.82373,1364.75
0.0,3167.80273,1364.875
0.0,3167.78174,1365.0
0.0,3167.7605,1365.125
0.0,3167.7395,1365.25
0.0,3167.71826,1365.375
0.0,3167.69678,1365.5
0.0,3167.67578,1365.625
0.0,3167.65479,1365.75
0.0,3167.63452,1365.875
0.0,3167.61426,1366.0
0.0,3167.59424,1366.125
0.0,3167.57373,1366.25
0.0,3167.55322,1366.375
0.0,3167.5332,1366.5
0.0,3167.5127,1366.625
0.0,3167.49292,1366.75
0.0,3167.4729,1366.875
0.0,3167.45361,1367.0
0.0,3167.43408,1367.125
0.0,3167.41455,1367.25
0.0,3167.39453,1367.375
0.0,3167.375,1367.5
0.0,3167.35498,1367.625
0.0,3167.33496,1367.75
0.0,3167.31445,1367.875
0.0,3167.29346,1368.0
0.0,3167.27271,1368.125
0.0,3167.25146,1368.25
0.0,3167.23047,1368.375
0.0,3167.21021,1368.5
0.0,3167.18994,1368.625
0.0,3167.16992,1368.75
0.0,3167.1499,1368.875
0.0,3167.13086,1369.0
0.0,3167.11182,1369.125
0.0,3167.09302,1369.25
0.0,3167.07422,1369.375
0.0,3167.05566,1369.5
0.0,3167.03687,1369.625
0.0,3167.01831,1369.75
0.0,3167.00049,1369.875
0.0,3166.98218,1370.0
0.0,3166.96436,1370.125
0.0,3166.9458,1370.25
0.0,3166.92749,1370.375
0.0,3166.90942,1370.5
0.0,3166.8916,1370.625
0.0,3166.87354,1370.75
0.0,3166.85547,1370.875
0.0,3166.8374,1371.0
0.0,3166.81934,1371.125
0.0,3166.80103,1371.25
0.0,3166.78345,1371.375
0.0,3166.76562,1371.5
0.0,3166.74854,1371.625
0.0,3166.73071,1371.75
0.0,3166.71289,1371.875
0.0,3166.69434,1372.0
0.0,3166.67603,1372.125
0.0,3166.65771,1372.25
0.0,3166.63989,1372.375
0.0,3166.62183,1372.5
0.0,3166.60449,1372.625
0.0,3166.58618,1372.75
0.0,3166.56787,1372.875
0.0,3166.5498,1373.0
0.0,3166.53125,1373.125
0.0,3166.5127,1373.25
0.0,3166.49365,1373.375
0.0,3166.47559,1373.5
0.0,3166.45703,1373.625
0.0,3166.43848,1373.75
0.0,3166.42017,1373.875
0.0,3166.4021,1374.0
0.0,3166.38403,1374.125
0.0,3166.36597,1374.25
0.0,3166.34766,1374.375
0.0,3166.32959,1374.5
0.0,3166.31128,1374.625
0.0,3166.29346,1374.75
0.0,3166.27563,1374.875
0.0,3166.2583,1375.0
0.0,3166.24072,1375.125
0.0,3166.22314,1375.25
0.0,3166.20557,1375.375
0.0,3166.18774,1375.5
0.0,3166.17017,1375.625
0.0,3166.15234,1375.75
0.0,3166.13477,1375.875
0.0,3166.11743,1376.0
0.0,3166.10034,1376.125
0.0,3166.0835,1376.25
0.0,3166.06714,1376.375
0.0,3166.05078,1376.5
0.0,3166.03418,1376.625
0.0,3166.01709,1376.75
0.0,3165.99902,1376.875
0.0,3165.98096,1377.0
0.0,3165.96289,1377.125
0.0,3165.94531,1377.25
0.0,3165.92725,1377.375
0.0,3165.90967,1377.5
0.0,3165.89258,1377.625
0.0,3165.87646,1377.75
0.0,3165.85986,1377.875
0.0,3165.84326,1378.0
0.0,3165.8269,1378.125
0.0,3165.81006,1378.25
0.0,3165.79395,1378.375
0.0,3165.77734,1378.5
0.0,3165.76074,1378.625
0.0,3165.74463,1378.75
0.0,3165.72852,1378.875
0.0,3165.71191,1379.0
0.0,3165.6958,1379.125
0.0,3165.67969,1379.25
0.0,3165.66406,1379.375
0.0,3165.64844,1379.5
0.0,3165.63354,1379.625
0.0,3165.61865,1379.75
0.0,3165.60352,1379.875
0.0,3165.5874,1380.0
0.0,3165.5708,1380.125
0.0,3165.55371,1380.25
0.0,3165.53662,1380.375
0.0,3165.51904,1380.5
0.0,3165.5022,1380.625
0.0,3165.48511,1380.75
0.0,3165.46826,1380.875
0.0,3165.45093,1381.0
0.0,3165.43335,1381.125
0.0,3165.41602,1381.25
0.0,3165.39844,1381.375
0.0,3165.38086,1381.5
0.0,3165.36328,1381.625
0.0,3165.34521,1381.75
0.0,3165.32764,1381.875
0.0,3165.30957,1382.0
0.0,3165.29126,1382.125
0.0,3165.27393,1382.25
0.0,3165.25659,1382.375
0.0,3165.23901,1382.5
0.0,3165.22192,1382.625
0.0,3165.2041,1382.75
0.0,3165.18604,1382.875
0.0,3165.16748,1383.0
0.0,3165.14893,1383.125
0.0,3165.13037,1383.25
0.0,3165.11279,1383.375
0.0,3165.09521,1383.5
0.0,3165.07715,1383.625
0.0,3165.05908,1383.75
0.0,3165.0415,1383.875
0.0,3165.02319,1384.0
0.0,3165.00586,1384.125
0.0,3164.98828,1384.25
0.0,3164.97144,1384.375
0.0,3164.9541,1384.5
0.0,3164.93652,1384.625
0.0,3164.91797,1384.75
0.0,3164.89941,1384.875
0.0,3164.88086,1385.0
0.0,3164.86255,1385.125
0.0,3164.84424,1385.25
0.0,3164.82617,1385.375
0.0,3164.80811,1385.5
0.0,3164.78955,1385.625
0.0,3164.77124,1385.75
0.0,3164.75244,1385.875
0.0,3164.7334,1386.0
0.0,3164.7146,1386.125
0.0,3164.6958,1386.25
0.0,3164.67773,1386.375
0.0,3164.65869,1386.5
0.0,3164.6394,1386.625
0.0,3164.62012,1386.75
0.0,3164.60059,1386.875
0.0,3164.58154,1387.0
0.0,3164.5625,1387.125
0.0,3164.54395,1387.25
0.0,3164.5249,1387.375
0.0,3164.50586,1387.5
0.0,3164.48682,1387.625
0.0,3164.46777,1387.75
0.0,3164.44873,1387.875
0.0,3164.42993,1388.0
0.0,3164.41113,1388.125
0.0,3164.39209,1388.25
0.0,3164.37305,1388.375
0.0,3164.35352,1388.5
0.0,3164.33398,1388.625
0.0,3164.3147,1388.75
0.0,3164.29541,1388.875
0.0,3164.27637,1389.0
0.0,3164.25781,1389.125
0.0,3164.23926,1389.25
0.0,3164.22119,1389.375
0.0,3164.20239,1389.5
0.0,3164.18359,1389.625
0.0,3164.16406,1389.75
0.0,3164.14404,1389.875
0.0,3164.12451,1390.0
0.0,3164.10498,1390.125
0.0,3164.08545,1390.25
0.0,3164.06616,1390.375
0.0,3164.04688,1390.5
0.0,3164.02734,1390.625
0.0,3164.00757,1390.75
0.0,3163.98779,1390.875
0.0,3163.96777,1391.0
0.0,3163.94727,1391.125
0.0,3163.927,1391.25
0.0,3163.90649,1391.375
0.0,3163.88623,1391.5
0.0,3163.8667,1391.625
0.0,3163.84692,1391.75
0.0,3163.82739,1391.875
0.0,3163.80811,1392.0
0.0,3163.78882,1392.125
0.0,3163.76953,1392.25
0.0,3163.75,1392.375
0.0,3163.73096,1392.5
0.0,3163.71191,1392.625
0.0,3163.69287,1392.75
0.0,3163.67432,1392.875
0.0,3163.65527,1393.0
0.0,3163.63647,1393.125
0.0,3163.61743,1393.25
0.0,3163.59839,1393.375
0.0,3163.57935,1393.5
0.0,3163.56055,1393.625
0.0,3163.54199,1393.75
0.0,3163.52368,1393.875
0.0,3163.50488,1394.0
0.0,3163.4856,1394.125
0.0,3163.46582,1394.25
0.0,3163.44653,1394.375
0.0,3163.42725,1394.5
0.0,3163.4082,1394.625
0.0,3163.38916,1394.75
0.0,3163.37012,1394.875
0.0,3163.3501,1395.0
0.0,3163.32959,1395.125
0.0,3163.30908,1395.25
0.0,3163.28857,1395.375
0.0,3163.26904,1395.5
0.0,3163.24951,1395.625
0.0,3163.23047,1395.75
0.0,3163.21118,1395.875
0.0,3163.19189,1396.0
0.0,3163.17236,1396.125
0.0,3163.15332,1396.25
0.0,3163.13403,1396.375
0.0,3163.11523,1396.5
0.0,3163.09619,1396.625
0.0,3163.07666,1396.75
0.0,3163.05713,1396.875
0.0,3163.0376,1397.0
0.0,3163.01807,1397.125
0.0,3162.99902,1397.25
0.0,3162.97949,1397.375
0.0,3162.95972,1397.5
0.0,3162.93945,1397.625
0.0,3162.92017,1397.75
0.0,3162.90088,1397.875
0.0,3162.88257,1398.0
0.0,3162.86426,1398.125
0.0,3162.84521,1398.25
0.0,3162.82642,1398.375
0.0,3162.80713,1398.5
0.0,3162.78687,1398.625
0.0,3162.76709,1398.75
0.0,3162.7478,1398.875
0.0,3162.729,1399.0
0.0,3162.71094,1399.125
0.0,3162.69287,1399.25
0.0,3162.6748,1399.375
0.0,3162.65625,1399.5
0.0,3162.63721,1399.625
0.0,3162.61768,1399.75
0.0,3162.5979,1399.875
0.0,3162.57812,1400.0
0.0,3162.55835,1400.125
0.0,3162.53857,1400.25
0.0,3162.51807,1400.375
0.0,3162.49805,1400.5
0.0,3162.47803,1400.625
0.0,3162.45801,1400.75
0.0,3162.43848,1400.875
0.0,3162.41895,1401.0
0.0,3162.39941,1401.125
0.0,3162.38037,1401.25
0.0,3162.36133,1401.375
0.0,3162.34229,1401.5
0.0,3162.32324,1401.625
0.0,3162.3042,1401.75
0.0,3162.28467,1401.875
0.0,3162.26489,1402.0
0.0,3162.24512,1402.125
0.0,3162.2251,1402.25
0.0,3162.20557,1402.375
0.0,3162.18652,1402.5
0.0,3162.16772,1402.625
0.0,3162.14893,1402.75
0.0,3162.13037,1402.875
0.0,3162.11133,1403.0
0.0,3162.09326,1403.125
0.0,3162.07446,1403.25
0.0,3162.05566,1403.375
0.0,3162.03662,1403.5
0.0,3162.01807,1403.625
0.0,3161.99902,1403.75
0.0,3161.98022,1403.875
0.0,3161.96191,1404.0
0.0,3161.94287,1404.125
0.0,3161.92432,1404.25
0.0,3161.90576,1404.375
0.0,3161.88721,1404.5
0.0,3161.86914,1404.625
0.0,3161.85132,1404.75
0.0,3161.83301,1404.875
0.0,3161.81543,1405.0
0.0,3161.79712,1405.125
0.0,3161.77832,1405.25
0.0,3161.75928,1405.375
0.0,3161.73975,1405.5
0.0,3161.71973,1405.625
0.0,3161.69971,1405.75
0.0,3161.68042,1405.875
0.0,3161.66089,1406.0
0.0,3161.64209,1406.125
0.0,3161.62354,1406.25
0.0,3161.60498,1406.375
0.0,3161.58691,1406.5
0.0,3161.56812,1406.625
0.0,3161.54883,1406.75
0.0,3161.5293,1406.875
0.0,3161.51001,1407.0
0.0,3161.49097,1407.125
0.0,3161.47241,1407.25
0.0,3161.4541,1407.375
0.0,3161.43604,1407.5
0.0,3161.41797,1407.625
0.0,3161.39941,1407.75
0.0,3161.37988,1407.875
0.0,3161.36084,1408.0
0.0,3161.34155,1408.125
0.0,3161.32227,1408.25
0.0,3161.30371,1408.375
0.0,3161.28467,1408.5
0.0,3161.26611,1408.625
0.0,3161.24707,1408.75
0.0,3161.22852,1408.875
0.0,3161.20947,1409.0
0.0,3161.19092,1409.125
0.0,3161.17236,1409.25
0.0,3161.15332,1409.375
0.0,3161.13403,1409.5
0.0,3161.11499,1409.625
0.0,3161.09595,1409.75
0.0,3161.07715,1409.875
0.0,3161.05908,1410.0
0.0,3161.04053,1410.125
0.0,3161.02197,1410.25
0.0,3161.00342,1410.375
0.0,3160.98486,1410.5
0.0,3160.96631,1410.625
0.0,3160.94751,1410.75
0.0,3160.92871,1410.875
0.0,3160.90967,1411.0
0.0,3160.88989,1411.125
0.0,3160.87012,1411.25
0.0,3160.85034,1411.375
0.0,3160.83105,1411.5
0.0,3160.81201,1411.625
0.0,3160.79346,1411.75
0.0,3160.77539,1411.875
0.0,3160.75684,1412.0
0.0,3160.73828,1412.125
0.0,3160.71924,1412.25
0.0,3160.70068,1412.375
0.0,3160.68164,1412.5
0.0,3160.66284,1412.625
0.0,3160.64453,1412.75
0.0,3160.62646,1412.875
0.0,3160.6084,1413.0
0.0,3160.59058,1413.125
0.0,3160.57178,1413.25
0.0,3160.55273,1413.375
0.0,3160.53345,1413.5
0.0,3160.51416,1413.625
0.0,3160.49585,1413.75
0.0,3160.47754,1413.875
0.0,3160.45996,1414.0
0.0,3160.44238,1414.125
0.0,3160.4248,1414.25
0.0,3160.40698,1414.375
0.0,3160.38892,1414.5
0.0,3160.37012,1414.625
0.0,3160.35205,1414.75
0.0,3160.33301,1414.875
0.0,3160.31445,1415.0
0.0,3160.29663,1415.125
0.0,3160.27881,1415.25
0.0,3160.26123,1415.375
0.0,3160.24341,1415.5
0.0,3160.22607,1415.625
0.0,3160.20874,1415.75
0.0,3160.19165,1415.875
0.0,3160.17432,1416.0
0.0,3160.15674,1416.125
0.0,3160.13916,1416.25
0.0,3160.12183,1416.375
0.0,3160.10498,1416.5
0.0,3160.08765,1416.625
0.0,3160.0708,1416.75
0.0,3160.0542,1416.875
0.0,3160.0376,1417.0
0.0,3160.02075,1417.125
0.0,3160.00415,1417.25
0.0,3159.9873,1417.375
0.0,3159.97021,1417.5
0.0,3159.95312,1417.625
0.0,3159.93555,1417.75
0.0,3159.91797,1417.875
0.0,3159.90088,1418.0
0.0,3159.88379,1418.125
0.0,3159.8667,1418.25
0.0,3159.84912,1418.375
0.0,3159.83203,1418.5
0.0,3159.81445,1418.625
0.0,3159.79712,1418.75
0.0,3159.77954,1418.875
0.0,3159.76221,1419.0
0.0,3159.74463,1419.125
0.0,3159.72729,1419.25
0.0,3159.70923,1419.375
0.0,3159.69141,1419.5
0.0,3159.67383,1419.625
0.0,3159.65601,1419.75
0.0,3159.63818,1419.875
0.0,3159.62061,1420.0
0.0,3159.60278,1420.125
0.0,3159.58496,1420.25
0.0,3159.56738,1420.375
0.0,3159.5498,1420.5
0.0,3159.53271,1420.625
0.0,3159.51514,1420.75
0.0,3159.49756,1420.875
0.0,3159.47925,1421.0
0.0,3159.46094,1421.125
0.0,3159.44189,1421.25
0.0,3159.42383,1421.375
0.0,3159.40576,1421.5
0.0,3159.3877,1421.625
0.0,3159.36963,1421.75
0.0,3159.35156,1421.875
0.0,3159.33374,1422.0
0.0,3159.31641,1422.125
0.0,3159.29883,1422.25
0.0,3159.28149,1422.375
0.0,3159.26416,1422.5
0.0,3159.24683,1422.625
0.0,3159.229,1422.75
0.0,3159.21094,1422.875
0.0,3159.19312,1423.0
0.0,3159.17505,1423.125
0.0,3159.15747,1423.25
0.0,3159.13965,1423.375
0.0,3159.12158,1423.5
0.0,3159.10327,1423.625
0.0,3159.08496,1423.75
0.0,3159.06665,1423.875
0.0,3159.04834,1424.0
0.0,3159.02979,1424.125
0.0,3159.01172,1424.25
0.0,3158.99341,1424.375
0.0,3158.9751,1424.5
0.0,3158.95654,1424.625
0.0,3158.93848,1424.75
0.0,3158.92017,1424.875
0.0,3158.9021,1425.0
0.0,3158.88428,1425.125
0.0,3158.86621,1425.25
0.0,3158.84814,1425.375
0.0,3158.83008,1425.5
0.0,3158.81152,1425.625
0.0,3158.79346,1425.75
0.0,3158.77515,1425.875
0.0,3158.75732,1426.0
0.0,3158.73975,1426.125
0.0,3158.72217,1426.25
0.0,3158.70459,1426.375
0.0,3158.68677,1426.5
0.0,3158.6687,1426.625
0.0,3158.65088,1426.75
0.0,3158.6333,1426.875
0.0,3158.61621,1427.0
0.0,3158.59912,1427.125
0.0,3158.58203,1427.25
0.0,3158.5647,1427.375
0.0,3158.54761,1427.5
0.0,3158.53052,1427.625
0.0,3158.51343,1427.75
0.0,3158.49609,1427.875
0.0,3158.479,1428.0
0.0,3158.46167,1428.125
0.0,3158.44482,1428.25
0.0,3158.42773,1428.375
0.0,3158.41089,1428.5
0.0,3158.39355,1428.625
0.0,3158.37598,1428.75
0.0,3158.35791,1428.875
0.0,3158.33984,1429.0
0.0,3158.32227,1429.125
0.0,3158.3042,1429.25
0.0,3158.28687,1429.375
0.0,3158.26978,1429.5
0.0,3158.25244,1429.625
0.0,3158.23535,1429.75
0.0,3158.21777,1429.875
0.0,3158.19971,1430.0
0.0,3158.18091,1430.125
0.0,3158.16187,1430.25
0.0,3158.14258,1430.375
0.0,3158.12378,1430.5
0.0,3158.10547,1430.625
0.0,3158.0874,1430.75
0.0,3158.06982,1430.875
0.0,3158.05176,1431.0
0.0,3158.03369,1431.125
0.0,3158.01562,1431.25
0.0,3157.99707,1431.375
0.0,3157.97876,1431.5
0.0,3157.96045,1431.625
0.0,3157.94263,1431.75
0.0,3157.9248,1431.875
0.0,3157.90723,1432.0
0.0,3157.88965,1432.125
0.0,3157.87183,1432.25
0.0,3157.854,1432.375
0.0,3157.83618,1432.5
0.0,3157.8186,1432.625
0.0,3157.80127,1432.75
0.0,3157.78442,1432.875
0.0,3157.76758,1433.0
0.0,3157.75049,1433.125
0.0,3157.73291,1433.25
0.0,3157.71582,1433.375
0.0,3157.698,1433.5
0.0,3157.68042,1433.625
0.0,3157.66333,1433.75
0.0,3157.646,1433.875
0.0,3157.62891,1434.0
0.0,3157.61133,1434.125
0.0,3157.59424,1434.25
0.0,3157.57666,1434.375
0.0,3157.55957,1434.5
0.0,3157.54199,1434.625
0.0,3157.52441,1434.75
0.0,3157.50732,1434.875
0.0,3157.48975,1435.0
0.0,3157.47217,1435.125
0.0,3157.45508,1435.25
0.0,3157.43799,1435.375
0.0,3157.4209,1435.5
0.0,3157.40381,1435.625
0.0,3157.38696,1435.75
0.0,3157.36914,1435.875
0.0,3157.35156,1436.0
0.0,3157.33398,1436.125
0.0,3157.31641,1436.25
0.0,3157.29834,1436.375
0.0,3157.28052,1436.5
0.0,3157.26196,1436.625
0.0,3157.24365,1436.75
0.0,3157.22559,1436.875
0.0,3157.20776,1437.0
0.0,3157.18994,1437.125
0.0,3157.17236,1437.25
0.0,3157.15479,1437.375
0.0,3157.13647,1437.5
0.0,3157.11865,1437.625
0.0,3157.10107,1437.75
0.0,3157.08374,1437.875
0.0,3157.06641,1438.0
0.0,3157.04883,1438.125
0.0,3157.03125,1438.25
0.0,3157.01367,1438.375
0.0,3156.99609,1438.5
0.0,3156.97852,1438.625
0.0,3156.96094,1438.75
0.0,3156.94336,1438.875
0.0,3156.92578,1439.0
0.0,3156.90869,1439.125
0.0,3156.8916,1439.25
0.0,3156.87451,1439.375
0.0,3156.85693,1439.5
0.0,3156.83887,1439.625
0.0,3156.82031,1439.75
0.0,3156.80176,1439.875
0.0,3156.78223,1440.0
0.0,3156.76221,1440.125
0.0,3156.7417,1440.25
0.0,3156.7207,1440.375
0.0,3156.69971,1440.5
0.0,3156.6792,1440.625
0.0,3156.65918,1440.75
0.0,3156.63965,1440.875
0.0,3156.62085,1441.0
0.0,3156.60205,1441.125
0.0,3156.58398,1441.25
0.0,3156.56641,1441.375
0.0,3156.54932,1441.5
0.0,3156.53271,1441.625
0.0,3156.51636,1441.75
0.0,3156.49927,1441.875
0.0,3156.48242,1442.0
0.0,3156.46509,1442.125
0.0,3156.44775,1442.25
0.0,3156.43066,1442.375
0.0,3156.41406,1442.5
0.0,3156.39746,1442.625
0.0,3156.38037,1442.75
0.0,3156.36328,1442.875
0.0,3156.34619,1443.0
0.0,3156.32886,1443.125
0.0,3156.31201,1443.25
0.0,3156.2959,1443.375
0.0,3156.27954,1443.5
0.0,3156.26343,1443.625
0.0,3156.24683,1443.75
0.0,3156.23047,1443.875
0.0,3156.21289,1444.0
0.0,3156.19653,1444.125
0.0,3156.17969,1444.25
0.0,3156.16309,1444.375
0.0,3156.14697,1444.5
0.0,3156.13062,1444.625
0.0,3156.11426,1444.75
0.0,3156.09766,1444.875
0.0,3156.08057,1445.0
0.0,3156.06348,1445.125
0.0,3156.04614,1445.25
0.0,3156.0293,1445.375
0.0,3156.0127,1445.5
0.0,3155.99634,1445.625
0.0,3155.97974,1445.75
0.0,3155.96289,1445.875
0.0,3155.94604,1446.0
0.0,3155.92822,1446.125
0.0,3155.91064,1446.25
0.0,3155.89355,1446.375
0.0,3155.87695,1446.5
0.0,3155.8606,1446.625
0.0,3155.84424,1446.75
0.0,3155.82788,1446.875
0.0,3155.81079,1447.0
0.0,3155.7937,1447.125
0.0,3155.77637,1447.25
0.0,3155.75903,1447.375
0.0,3155.74146,1447.5
0.0,3155.72412,1447.625
0.0,3155.70654,1447.75
0.0,3155.68921,1447.875
0.0,3155.67236,1448.0
0.0,3155.65527,1448.125
0.0,3155.63867,1448.25
0.0,3155.62207,1448.375
0.0,3155.60474,1448.5
0.0,3155.5874,1448.625
0.0,3155.56982,1448.75
0.0,3155.55225,1448.875
0.0,3155.53564,1449.0
0.0,3155.5188,1449.125
0.0,3155.50195,1449.25
0.0,3155.4856,1449.375
0.0,3155.46875,1449.5
0.0,3155.4519,1449.625
0.0,3155.43457,1449.75
0.0,3155.41821,1449.875
0.0,3155.40088,1450.0
0.0,3155.3833,1450.125
0.0,3155.36572,1450.25
0.0,3155.34839,1450.375
0.0,3155.33105,1450.5
0.0,3155.31396,1450.625
0.0,3155.29688,1450.75
0.0,3155.27979,1450.875
0.0,3155.26221,1451.0
0.0,3155.24463,1451.125
0.0,3155.22705,1451.25
0.0,3155.20898,1451.375
0.0,3155.19165,1451.5
0.0,3155.17432,1451.625
0.0,3155.15747,1451.75
0.0,3155.14062,1451.875
0.0,3155.12402,1452.0
0.0,3155.10669,1452.125
0.0,3155.08936,1452.25
0.0,3155.07178,1452.375
0.0,3155.0542,1452.5
0.0,3155.03711,1452.625
0.0,3155.02002,1452.75
0.0,3155.00293,1452.875
0.0,3154.98608,1453.0
0.0,3154.96924,1453.125
0.0,3154.95264,1453.25
0.0,3154.93677,1453.375
0.0,3154.92065,1453.5
0.0,3154.9043,1453.625
0.0,3154.88818,1453.75
0.0,3154.87207,1453.875
0.0,3154.85547,1454.0
0.0,3154.8396,1454.125
0.0,3154.82373,1454.25
0.0,3154.80786,1454.375
0.0,3154.7915,1454.5
0.0,3154.77441,1454.625
0.0,3154.75732,1454.75
0.0,3154.73926,1454.875
0.0,3154.72168,1455.0
0.0,3154.7041,1455.125
0.0,3154.68652,1455.25
0.0,3154.66919,1455.375
0.0,3154.65137,1455.5
0.0,3154.63403,1455.625
0.0,3154.61621,1455.75
0.0,3154.59863,1455.875
0.0,3154.58179,1456.0
0.0,3154.5647,1456.125
0.0,3154.54785,1456.25
0.0,3154.53125,1456.375
0.0,3154.51416,1456.5
0.0,3154.49683,1456.625
0.0,3154.47949,1456.75
0.0,3154.46216,1456.875
0.0,3154.44507,1457.0
0.0,3154.42773,1457.125
0.0,3154.41089,1457.25
0.0,3154.39355,1457.375
0.0,3154.37646,1457.5
0.0,3154.35962,1457.625
0.0,3154.34326,1457.75
0.0,3154.32666,1457.875
0.0,3154.31055,1458.0
0.0,3154.29395,1458.125
0.0,3154.27734,1458.25
0.0,3154.26074,1458.375
0.0,3154.24414,1458.5
0.0,3154.22729,1458.625
0.0,3154.21094,1458.75
0.0,3154.19482,1458.875
0.0,3154.1792,1459.0
0.0,3154.16357,1459.125
0.0,3154.14746,1459.25
0.0,3154.13086,1459.375
0.0,3154.11475,1459.5
0.0,3154.09863,1459.625
0.0,3154.08301,1459.75
0.0,3154.06738,1459.875
0.0,3154.05127,1460.0
0.0,3154.03516,1460.125
0.0,3154.01904,1460.25
0.0,3154.00317,1460.375
0.0,3153.98755,1460.5
0.0,3153.97266,1460.625
0.0,3153.95728,1460.75
0.0,3153.94141,1460.875
0.0,3153.92529,1461.0
0.0,3153.90869,1461.125
0.0,3153.89209,1461.25
0.0,3153.875,1461.375
0.0,3153.8584,1461.5
0.0,3153.8418,1461.625
0.0,3153.8252,1461.75
0.0,3153.80859,1461.875
0.0,3153.79199,1462.0
0.0,3153.77515,1462.125
0.0,3153.75781,1462.25
0.0,3153.74072,1462.375
0.0,3153.72363,1462.5
0.0,3153.70654,1462.625
0.0,3153.68945,1462.75
0.0,3153.67236,1462.875
0.0,3153.65576,1463.0
0.0,3153.63916,1463.125
0.0,3153.62256,1463.25
0.0,3153.60596,1463.375
0.0,3153.58911,1463.5
0.0,3153.57202,1463.625
0.0,3153.55469,1463.75
0.0,3153.5376,1463.875
0.0,3153.521,1464.0
0.0,3153.50464,1464.125
0.0,3153.48804,1464.25
0.0,3153.47168,1464.375
0.0,3153.45508,1464.5
0.0,3153.43872,1464.625
0.0,3153.42236,1464.75
0.0,3153.40625,1464.875
0.0,3153.39014,1465.0
0.0,3153.37427,1465.125
0.0,3153.3584,1465.25
0.0,3153.34229,1465.375
0.0,3153.32617,1465.5
0.0,3153.30981,1465.625
0.0,3153.29346,1465.75
0.0,3153.27734,1465.875
0.0,3153.26172,1466.0
0.0,3153.24658,1466.125
0.0,3153.23096,1466.25
0.0,3153.21484,1466.375
0.0,3153.19849,1466.5
0.0,3153.18164,1466.625
0.0,3153.16504,1466.75
0.0,3153.14844,1466.875
0.0,3153.13232,1467.0
0.0,3153.11621,1467.125
0.0,3153.10034,1467.25
0.0,3153.08398,1467.375
0.0,3153.06763,1467.5
0.0,3153.05103,1467.625
0.0,3153.03418,1467.75
0.0,3153.01807,1467.875
0.0,3153.00146,1468.0
0.0,3152.98535,1468.125
0.0,3152.96924,1468.25
0.0,3152.9541,1468.375
0.0,3152.93872,1468.5
0.0,3152.92334,1468.625
0.0,3152.90771,1468.75
0.0,3152.89209,1468.875
0.0,3152.87622,1469.0
0.0,3152.86084,1469.125
0.0,3152.84521,1469.25
0.0,3152.82935,1469.375
0.0,3152.81299,1469.5
0.0,3152.79688,1469.625
0.0,3152.78076,1469.75
0.0,3152.76465,1469.875
0.0,3152.74902,1470.0
0.0,3152.7334,1470.125
0.0,3152.71729,1470.25
0.0,3152.70068,1470.375
0.0,3152.68408,1470.5
0.0,3152.66748,1470.625
0.0,3152.65112,1470.75
0.0,3152.6355,1470.875
0.0,3152.62036,1471.0
0.0,3152.60498,1471.125
0.0,3152.58984,1471.25
0.0,3152.57446,1471.375
0.0,3152.55859,1471.5
0.0,3152.54248,1471.625
0.0,3152.52637,1471.75
0.0,3152.50977,1471.875
0.0,3152.49341,1472.0
0.0,3152.47729,1472.125
0.0,3152.46118,1472.25
0.0,3152.44531,1472.375
0.0,3152.4292,1472.5
0.0,3152.4126,1472.625
0.0,3152.39648,1472.75
0.0,3152.37964,1472.875
0.0,3152.36279,1473.0
0.0,3152.34619,1473.125
0.0,3152.33008,1473.25
0.0,3152.31348,1473.375
0.0,3152.29736,1473.5
0.0,3152.28076,1473.625
0.0,3152.26416,1473.75
0.0,3152.24756,1473.875
0.0,3152.2312,1474.0
0.0,3152.21484,1474.125
0.0,3152.19873,1474.25
0.0,3152.18311,1474.375
0.0,3152.16748,1474.5
0.0,3152.15137,1474.625
0.0,3152.13477,1474.75
0.0,3152.11865,1474.875
0.0,3152.10156,1475.0
0.0,3152.08496,1475.125
0.0,3152.06885,1475.25
0.0,3152.05273,1475.375
0.0,3152.03711,1475.5
0.0,3152.02148,1475.625
0.0,3152.00537,1475.75
0.0,3151.98975,1475.875
0.0,3151.97412,1476.0
0.0,3151.95923,1476.125
0.0,3151.94385,1476.25
0.0,3151.92822,1476.375
0.0,3151.91235,1476.5
0.0,3151.89648,1476.625
0.0,3151.88135,1476.75
0.0,3151.8667,1476.875
0.0,3151.85205,1477.0
0.0,3151.83765,1477.125
0.0,3151.82275,1477.25
0.0,3151.80762,1477.375
0.0,3151.79175,1477.5
0.0,3151.77637,1477.625
0.0,3151.76074,1477.75
0.0,3151.74512,1477.875
0.0,3151.72998,1478.0
0.0,3151.71411,1478.125
0.0,3151.69824,1478.25
0.0,3151.68188,1478.375
0.0,3151.66553,1478.5
0.0,3151.64941,1478.625
0.0,3151.63306,1478.75
0.0,3151.61719,1478.875
0.0,3151.60205,1479.0
0.0,3151.58691,1479.125
0.0,3151.57104,1479.25
0.0,3151.55469,1479.375
0.0,3151.53809,1479.5
0.0,3151.52222,1479.625
0.0,3151.50635,1479.75
0.0,3151.49097,1479.875
0.0,3151.47559,1480.0
0.0,3151.46045,1480.125
0.0,3151.44482,1480.25
0.0,3151.42871,1480.375
0.0,3151.4126,1480.5
0.0,3151.39673,1480.625
0.0,3151.38086,1480.75
0.0,3151.36548,1480.875
0.0,3151.3501,1481.0
0.0,3151.33472,1481.125
0.0,3151.31982,1481.25
0.0,3151.30518,1481.375
0.0,3151.29053,1481.5
0.0,3151.27563,1481.625
0.0,3151.26074,1481.75
0.0,3151.24536,1481.875
0.0,3151.22949,1482.0
0.0,3151.21338,1482.125
0.0,3151.19727,1482.25
0.0,3151.1814,1482.375
0.0,3151.16602,1482.5
0.0,3151.15186,1482.625
0.0,3151.13696,1482.75
0.0,3151.12256,1482.875
0.0,3151.10718,1483.0
0.0,3151.09204,1483.125
0.0,3151.07642,1483.25
0.0,3151.06128,1483.375
0.0,3151.04614,1483.5
0.0,3151.03101,1483.625
0.0,3151.01514,1483.75
0.0,3150.99902,1483.875
0.0,3150.98291,1484.0
0.0,3150.96704,1484.125
0.0,3150.95166,1484.25
0.0,3150.93555,1484.375
0.0,3150.92041,1484.5
0.0,3150.90479,1484.625
0.0,3150.88965,1484.75
0.0,3150.87402,1484.875
0.0,3150.8584,1485.0
0.0,3150.84277,1485.125
0.0,3150.82715,1485.25
0.0,3150.81079,1485.375
0.0,3150.79443,1485.5
0.0,3150.77832,1485.625
0.0,3150.76294,1485.75
0.0,3150.74756,1485.875
0.0,3150.73242,1486.0
0.0,3150.7168,1486.125
0.0,3150.70117,1486.25
0.0,3150.68506,1486.375
0.0,3150.66895,1486.5
0.0,3150.65259,1486.625
0.0,3150.63696,1486.75
0.0,3150.62183,1486.875
0.0,3150.60645,1487.0
0.0,3150.59131,1487.125
0.0,3150.57666,1487.25
0.0,3150.56152,1487.375
0.0,3150.54639,1487.5
0.0,3150.53076,1487.625
0.0,3150.51538,1487.75
0.0,3150.49976,1487.875
0.0,3150.48486,1488.0
0.0,3150.46948,1488.125
0.0,3150.45508,1488.25
0.0,3150.44043,1488.375
0.0,3150.42627,1488.5
0.0,3150.41162,1488.625
0.0,3150.39648,1488.75
0.0,3150.38159,1488.875
0.0,3150.36719,1489.0
0.0,3150.35254,1489.125
0.0,3150.33838,1489.25
0.0,3150.32422,1489.375
0.0,3150.30884,1489.5
0.0,3150.29395,1489.625
0.0,3150.27881,1489.75
0.0,3150.26367,1489.875
0.0,3150.24878,1490.0
0.0,3150.23364,1490.125
0.0,3150.21826,1490.25
0.0,3150.20264,1490.375
0.0,3150.18726,1490.5
0.0,3150.17188,1490.625
0.0,3150.15674,1490.75
0.0,3150.14136,1490.875
0.0,3150.12622,1491.0
0.0,3150.11084,1491.125
0.0,3150.0957,1491.25
0.0,3150.08008,1491.375
0.0,3150.06543,1491.5
0.0,3150.05078,1491.625
0.0,3150.03613,1491.75
0.0,3150.02197,1491.875
0.0,3150.00781,1492.0
0.0,3149.99316,1492.125
0.0,3149.97803,1492.25
0.0,3149.96289,1492.375
0.0,3149.94824,1492.5
0.0,3149.93335,1492.625
0.0,3149.91895,1492.75
0.0,3149.90479,1492.875
0.0,3149.89038,1493.0
0.0,3149.87598,1493.125
0.0,3149.86133,1493.25
0.0,3149.84668,1493.375
0.0,3149.83252,1493.5
0.0,3149.81836,1493.625
0.0,3149.8042,1493.75
0.0,3149.78955,1493.875
0.0,3149.77441,1494.0
0.0,3149.75928,1494.125
0.0,3149.74414,1494.25
0.0,3149.72949,1494.375
0.0,3149.71484,1494.5
0.0,3149.7002,1494.625
0.0,3149.68555,1494.75
0.0,3149.67041,1494.875
0.0,3149.65527,1495.0
0.0,3149.64014,1495.125
0.0,3149.62549,1495.25
0.0,3149.61133,1495.375
0.0,3149.59717,1495.5
0.0,3149.58301,1495.625
0.0,3149.56885,1495.75
0.0,3149.55469,1495.875
0.0,3149.54004,1496.0
0.0,3149.52588,1496.125
0.0,3149.51147,1496.25
0.0,3149.49707,1496.375
0.0,3149.48291,1496.5
0.0,3149.46777,1496.625
0.0,3149.45264,1496.75
0.0,3149.43701,1496.875
0.0,3149.42212,1497.0
0.0,3149.40698,1497.125
0.0,3149.39258,1497.25
0.0,3149.37793,1497.375
0.0,3149.36279,1497.5
0.0,3149.3479,1497.625
0.0,3149.33228,1497.75
0.0,3149.31763,1497.875
0.0,3149.30273,1498.0
0.0,3149.28809,1498.125
0.0,3149.27271,1498.25
0.0,3149.25757,1498.375
0.0,3149.2417,1498.5
0.0,3149.22656,1498.625
0.0,3149.21143,1498.75
0.0,3149.1958,1498.875
0.0,3149.18164,1499.0
0.0,3149.16699,1499.125
0.0,3149.15234,1499.25
0.0,3149.1377,1499.375
0.0,3149.12305,1499.5
0.0,3149.1084,1499.625
0.0,3149.09326,1499.75
0.0,3149.07861,1499.875
0.0,3149.06323,1500.0
0.0,3149.04834,1500.125
0.0,3149.03345,1500.25
0.0,3149.01855,1500.375
0.0,3149.00342,1500.5
0.0,3148.98828,1500.625
0.0,3148.97412,1500.75
0.0,3148.95923,1500.875
0.0,3148.94482,1501.0
0.0,3148.93018,1501.125
0.0,3148.91626,1501.25
0.0,3148.9021,1501.375
0.0,3148.8877,1501.5
0.0,3148.87305,1501.625
0.0,3148.8584,1501.75
0.0,3148.84375,1501.875
0.0,3148.82886,1502.0
0.0,3148.81372,1502.125
0.0,3148.79907,1502.25
0.0,3148.78418,1502.375
0.0,3148.76929,1502.5
0.0,3148.75439,1502.625
0.0,3148.7395,1502.75
0.0,3148.7251,1502.875
0.0,3148.71045,1503.0
0.0,3148.6958,1503.125
0.0,3148.68066,1503.25
0.0,3148.66602,1503.375
0.0,3148.65088,1503.5
0.0,3148.63599,1503.625
0.0,3148.62158,1503.75
0.0,3148.60742,1503.875
0.0,3148.59277,1504.0
0.0,3148.57861,1504.125
0.0,3148.56396,1504.25
0.0,3148.54932,1504.375
0.0,3148.5354,1504.5
0.0,3148.52148,1504.625
0.0,3148.50757,1504.75
0.0,3148.49365,1504.875
0.0,3148.47925,1505.0
0.0,3148.4646,1505.125
0.0,3148.44922,1505.25
0.0,3148.43408,1505.375
0.0,3148.41895,1505.5
0.0,3148.4043,1505.625
0.0,3148.38989,1505.75
0.0,3148.375,1505.875
0.0,3148.36035,1506.0
0.0,3148.34521,1506.125
0.0,3148.33008,1506.25
0.0,3148.3147,1506.375
0.0,3148.29956,1506.5
0.0,3148.28418,1506.625
0.0,3148.26904,1506.75
0.0,3148.25415,1506.875
0.0,3148.23926,1507.0
0.0,3148.2251,1507.125
0.0,3148.21045,1507.25
0.0,3148.19604,1507.375
0.0,3148.18091,1507.5
0.0,3148.16553,1507.625
0.0,3148.15015,1507.75
0.0,3148.13525,1507.875
0.0,3148.12061,1508.0
0.0,3148.10669,1508.125
0.0,3148.09375,1508.25
0.0,3148.08154,1508.375
0.0,3148.07007,1508.5
0.0,3148.05786,1508.625
0.0,3148.04541,1508.75
0.0,3148.03149,1508.875
0.0,3148.01709,1509.0
0.0,3148.00195,1509.125
0.0,3147.98584,1509.25
0.0,3147.97021,1509.375
0.0,3147.95459,1509.5
0.0,3147.93945,1509.625
0.0,3147.92432,1509.75
0.0,3147.90918,1509.875
0.0,3147.89355,1510.0
0.0,3147.87793,1510.125
0.0,3147.86279,1510.25
0.0,3147.84766,1510.375
0.0,3147.83301,1510.5
0.0,3147.81787,1510.625
0.0,3147.80225,1510.75
0.0,3147.78662,1510.875
0.0,3147.771,1511.0
0.0,3147.75537,1511.125
0.0,3147.73975,1511.25
0.0,3147.72461,1511.375
0.0,3147.70898,1511.5
0.0,3147.69385,1511.625
0.0,3147.67871,1511.75
0.0,3147.66333,1511.875
0.0,3147.64844,1512.0
0.0,3147.63428,1512.125
0.0,3147.62012,1512.25
0.0,3147.60645,1512.375
0.0,3147.59253,1512.5
0.0,3147.57812,1512.625
0.0,3147.56372,1512.75
0.0,3147.54883,1512.875
0.0,3147.53442,1513.0
0.0,3147.51978,1513.125
0.0,3147.50562,1513.25
0.0,3147.49121,1513.375
0.0,3147.47754,1513.5
0.0,3147.46338,1513.625
0.0,3147.44873,1513.75
0.0,3147.43457,1513.875
0.0,3147.42041,1514.0
0.0,3147.40625,1514.125
0.0,3147.39258,1514.25
0.0,3147.37842,1514.375
0.0,3147.3645,1514.5
0.0,3147.35034,1514.625
0.0,3147.33594,1514.75
0.0,3147.32153,1514.875
0.0,3147.30664,1515.0
0.0,3147.29175,1515.125
0.0,3147.27734,1515.25
0.0,3147.26221,1515.375
0.0,3147.24707,1515.5
0.0,3147.23193,1515.625
0.0,3147.21729,1515.75
0.0,3147.20166,1515.875
0.0,3147.18652,1516.0
0.0,3147.17114,1516.125
0.0,3147.15625,1516.25
0.0,3147.1416,1516.375
0.0,3147.12622,1516.5
0.0,3147.11108,1516.625
0.0,3147.0957,1516.75
0.0,3147.08032,1516.875
0.0,3147.06519,1517.0
0.0,3147.05005,1517.125
0.0,3147.0354,1517.25
0.0,3147.02051,1517.375
0.0,3147.00635,1517.5
0.0,3146.9917,1517.625
0.0,3146.97729,1517.75
0.0,3146.96289,1517.875
0.0,3146.94824,1518.0
0.0,3146.93311,1518.125
0.0,3146.91772,1518.25
0.0,3146.90283,1518.375
0.0,3146.88818,1518.5
0.0,3146.87354,1518.625
0.0,3146.85889,1518.75
0.0,3146.84473,1518.875
0.0,3146.82983,1519.0
0.0,3146.81494,1519.125
0.0,3146.80005,1519.25
0.0,3146.7854,1519.375
0.0,3146.77051,1519.5
0.0,3146.7561,1519.625
0.0,3146.74121,1519.75
0.0,3146.72656,1519.875
0.0,3146.71143,1520.0
0.0,3146.69678,1520.125
0.0,3146.68188,1520.25
0.0,3146.66724,1520.375
0.0,3146.65283,1520.5
0.0,3146.63818,1520.625
0.0,3146.62402,1520.75
0.0,3146.60938,1520.875
0.0,3146.59521,1521.0
0.0,3146.58057,1521.125
0.0,3146.56641,1521.25
0.0,3146.55176,1521.375
0.0,3146.53711,1521.5
0.0,3146.52222,1521.625
0.0,3146.50732,1521.75
0.0,3146.49243,1521.875
0.0,3146.47803,1522.0
0.0,3146.46362,1522.125
0.0,3146.44971,1522.25
0.0,3146.4353,1522.375
0.0,3146.42139,1522.5
0.0,3146.40698,1522.625
0.0,3146.39258,1522.75
0.0,3146.37817,1522.875
0.0,3146.36377,1523.0
0.0,3146.34912,1523.125
0.0,3146.33398,1523.25
0.0,3146.31934,1523.375
0.0,3146.30469,1523.5
0.0,3146.29028,1523.625
0.0,3146.27637,1523.75
0.0,3146.26221,1523.875
0.0,3146.24805,1524.0
0.0,3146.23389,1524.125
0.0,3146.21973,1524.25
0.0,3146.20483,1524.375
0.0,3146.19092,1524.5
0.0,3146.17676,1524.625
0.0,3146.16309,1524.75
0.0,3146.14868,1524.875
0.0,3146.13428,1525.0
0.0,3146.11938,1525.125
0.0,3146.10498,1525.25
0.0,3146.09033,1525.375
0.0,3146.07617,1525.5
0.0,3146.0625,1525.625
0.0,3146.04883,1525.75
0.0,3146.03516,1525.875
0.0,3146.02148,1526.0
0.0,3146.00781,1526.125
0.0,3145.99365,1526.25
0.0,3145.97998,1526.375
0.0,3145.96606,1526.5
0.0,3145.95215,1526.625
0.0,3145.93896,1526.75
0.0,3145.92529,1526.875
0.0,3145.91211,1527.0
0.0,3145.89844,1527.125
0.0,3145.88428,1527.25
0.0,3145.87012,1527.375
0.0,3145.8562,1527.5
0.0,3145.8418,1527.625
0.0,3145.82739,1527.75
0.0,3145.81274,1527.875
0.0,3145.7981,1528.0
0.0,3145.78369,1528.125
0.0,3145.76953,1528.25
0.0,3145.75562,1528.375
0.0,3145.74219,1528.5
0.0,3145.72803,1528.625
0.0,3145.71387,1528.75
0.0,3145.69971,1528.875
0.0,3145.68555,1529.0
0.0,3145.67139,1529.125
0.0,3145.65723,1529.25
0.0,3145.64258,1529.375
0.0,3145.62842,1529.5
0.0,3145.61353,1529.625
0.0,3145.59961,1529.75
0.0,3145.58545,1529.875
0.0,3145.57129,1530.0
0.0,3145.55688,1530.125
0.0,3145.54272,1530.25
0.0,3145.52856,1530.375
0.0,3145.51416,1530.5
0.0,3145.50024,1530.625
0.0,3145.48608,1530.75
0.0,3145.47119,1530.875
0.0,3145.45679,1531.0
0.0,3145.44263,1531.125
0.0,3145.42871,1531.25
0.0,3145.41553,1531.375
0.0,3145.40161,1531.5
0.0,3145.38818,1531.625
0.0,3145.37451,1531.75
0.0,3145.3606,1531.875
0.0,3145.34668,1532.0
0.0,3145.33252,1532.125
0.0,3145.31885,1532.25
0.0,3145.30493,1532.375
0.0,3145.29102,1532.5
0.0,3145.27734,1532.625
0.0,3145.2627,1532.75
0.0,3145.24805,1532.875
0.0,3145.23315,1533.0
0.0,3145.21826,1533.125
0.0,3145.2041,1533.25
0.0,3145.1897,1533.375
0.0,3145.17554,1533.5
0.0,3145.16162,1533.625
0.0,3145.14746,1533.75
0.0,3145.13379,1533.875
0.0,3145.11987,1534.0
0.0,3145.10596,1534.125
0.0,3145.09131,1534.25
0.0,3145.07666,1534.375
0.0,3145.0625,1534.5
0.0,3145.04858,1534.625
0.0,3145.03662,1534.75
0.0,3145.02686,1534.875
0.0,3145.01782,1535.0
0.0,3145.00903,1535.125
0.0,3145.0,1535.25
0.0,3144.99023,1535.375
0.0,3144.97974,1535.5
0.0,3144.96875,1535.625
0.0,3144.95752,1535.75
0.0,3144.94629,1535.875
0.0,3144.93481,1536.0
0.0,3144.92285,1536.125
0.0,3144.91064,1536.25
0.0,3144.89771,1536.375
0.0,3144.88428,1536.5
0.0,3144.87036,1536.625
0.0,3144.85571,1536.75
0.0,3144.84058,1536.875
0.0,3144.82568,1537.0
0.0,3144.81079,1537.125
0.0,3144.79614,1537.25
0.0,3144.78174,1537.375
0.0,3144.7666,1537.5
0.0,3144.75195,1537.625
0.0,3144.7373,1537.75
0.0,3144.72241,1537.875
0.0,3144.70752,1538.0
0.0,3144.69238,1538.125
0.0,3144.67725,1538.25
0.0,3144.66162,1538.375
0.0,3144.64648,1538.5
0.0,3144.63184,1538.625
0.0,3144.61743,1538.75
0.0,3144.60303,1538.875
0.0,3144.58887,1539.0
0.0,3144.57471,1539.125
0.0,3144.5603,1539.25
0.0,3144.5459,1539.375
0.0,3144.53174,1539.5
0.0,3144.51733,1539.625
0.0,3144.50269,1539.75
0.0,3144.48828,1539.875
0.0,3144.47363,1540.0
0.0,3144.45923,1540.125
0.0,3144.44482,1540.25
0.0,3144.43091,1540.375
0.0,3144.41699,1540.5
0.0,3144.40332,1540.625
0.0,3144.38965,1540.75
0.0,3144.37573,1540.875
0.0,3144.36182,1541.0
0.0,3144.34717,1541.125
0.0,3144.33252,1541.25
0.0,3144.31836,1541.375
0.0,3144.3042,1541.5
0.0,3144.29028,1541.625
0.0,3144.27686,1541.75
0.0,3144.26318,1541.875
0.0,3144.25,1542.0
0.0,3144.23682,1542.125
0.0,3144.22363,1542.25
0.0,3144.20972,1542.375
0.0,3144.1958,1542.5
0.0,3144.18164,1542.625
0.0,3144.16772,1542.75
0.0,3144.15405,1542.875
0.0,3144.14111,1543.0
0.0,3144.12793,1543.125
0.0,3144.11523,1543.25
0.0,3144.10303,1543.375
0.0,3144.09033,1543.5
0.0,3144.07764,1543.625
0.0,3144.06445,1543.75
0.0,3144.05103,1543.875
0.0,3144.03784,1544.0
0.0,3144.0249,1544.125
0.0,3144.01221,1544.25
0.0,3143.99902,1544.375
0.0,3143.9856,1544.5
0.0,3143.97241,1544.625
0.0,3143.95898,1544.75
0.0,3143.94556,1544.875
0.0,3143.93262,1545.0
0.0,3143.91943,1545.125
0.0,3143.90576,1545.25
0.0,3143.89209,1545.375
0.0,3143.87842,1545.5
0.0,3143.86475,1545.625
0.0,3143.85132,1545.75
0.0,3143.8374,1545.875
0.0,3143.82373,1546.0
0.0,3143.80981,1546.125
0.0,3143.79639,1546.25
0.0,3143.7832,1546.375
0.0,3143.77002,1546.5
0.0,3143.75635,1546.625
0.0,3143.74268,1546.75
0.0,3143.72852,1546.875
0.0,3143.71484,1547.0
0.0,3143.70166,1547.125
0.0,3143.68896,1547.25
0.0,3143.67627,1547.375
0.0,3143.66357,1547.5
0.0,3143.65063,1547.625
0.0,3143.6377,1547.75
0.0,3143.625,1547.875
0.0,3143.61182,1548.0
0.0,3143.5979,1548.125
0.0,3143.58398,1548.25
0.0,3143.56982,1548.375
0.0,3143.55615,1548.5
0.0,3143.54248,1548.625
0.0,3143.52954,1548.75
0.0,3143.5166,1548.875
0.0,3143.50391,1549.0
0.0,3143.49072,1549.125
0.0,3143.47754,1549.25
0.0,3143.46387,1549.375
0.0,3143.45044,1549.5
0.0,3143.43652,1549.625
0.0,3143.42285,1549.75
0.0,3143.40918,1549.875
0.0,3143.396,1550.0
0.0,3143.38281,1550.125
0.0,3143.37012,1550.25
0.0,3143.35693,1550.375
0.0,3143.34424,1550.5
0.0,3143.33105,1550.625
0.0,3143.31787,1550.75
0.0,3143.30444,1550.875
0.0,3143.29102,1551.0
0.0,3143.27783,1551.125
0.0,3143.26416,1551.25
0.0,3143.25098,1551.375
0.0,3143.23779,1551.5
0.0,3143.22437,1551.625
0.0,3143.21094,1551.75
0.0,3143.19751,1551.875
0.0,3143.18408,1552.0
0.0,3143.1709,1552.125
0.0,3143.15771,1552.25
0.0,3143.14453,1552.375
0.0,3143.1311,1552.5
0.0,3143.11768,1552.625
0.0,3143.104,1552.75
0.0,3143.09082,1552.875
0.0,3143.07764,1553.0
0.0,3143.06421,1553.125
0.0,3143.05176,1553.25
0.0,3143.03906,1553.375
0.0,3143.02588,1553.5
0.0,3143.01245,1553.625
0.0,3142.99878,1553.75
0.0,3142.98486,1553.875
0.0,3142.97168,1554.0
0.0,3142.95801,1554.125
0.0,3142.94458,1554.25
0.0,3142.93115,1554.375
0.0,3142.91772,1554.5
0.0,3142.90454,1554.625
0.0,3142.8916,1554.75
0.0,3142.87891,1554.875
0.0,3142.86646,1555.0
0.0,3142.85376,1555.125
0.0,3142.84106,1555.25
0.0,3142.82788,1555.375
0.0,3142.8147,1555.5
0.0,3142.80151,1555.625
0.0,3142.78833,1555.75
0.0,3142.77539,1555.875
0.0,3142.76221,1556.0
0.0,3142.74854,1556.125
0.0,3142.73535,1556.25
0.0,3142.72168,1556.375
0.0,3142.70898,1556.5
0.0,3142.69604,1556.625
0.0,3142.68384,1556.75
0.0,3142.67139,1556.875
0.0,3142.65942,1557.0
0.0,3142.64697,1557.125
0.0,3142.63477,1557.25
0.0,3142.62207,1557.375
0.0,3142.60913,1557.5
0.0,3142.59619,1557.625
0.0,3142.5835,1557.75
0.0,3142.57129,1557.875
0.0,3142.55908,1558.0
0.0,3142.54688,1558.125
0.0,3142.53467,1558.25
0.0,3142.52197,1558.375
0.0,3142.50952,1558.5
0.0,3142.49658,1558.625
0.0,3142.48389,1558.75
0.0,3142.47119,1558.875
0.0,3142.45825,1559.0
0.0,3142.44629,1559.125
0.0,3142.43408,1559.25
0.0,3142.42188,1559.375
0.0,3142.40967,1559.5
0.0,3142.39697,1559.625
0.0,3142.38379,1559.75
0.0,3142.37109,1559.875
0.0,3142.35889,1560.0
0.0,3142.34668,1560.125
0.0,3142.33447,1560.25
0.0,3142.32178,1560.375
0.0,3142.30859,1560.5
0.0,3142.2959,1560.625
0.0,3142.2832,1560.75
0.0,3142.271,1560.875
0.0,3142.25879,1561.0
0.0,3142.24609,1561.125
0.0,3142.23291,1561.25
0.0,3142.21973,1561.375
0.0,3142.20605,1561.5
0.0,3142.19238,1561.625
0.0,3142.17871,1561.75
0.0,3142.16577,1561.875
0.0,3142.15283,1562.0
0.0,3142.14014,1562.125
0.0,3142.1272,1562.25
0.0,3142.11426,1562.375
0.0,3142.10083,1562.5
0.0,3142.08789,1562.625
0.0,3142.07495,1562.75
0.0,3142.06152,1562.875
0.0,3142.04883,1563.0
0.0,3142.03564,1563.125
0.0,3142.02246,1563.25
0.0,3142.00903,1563.375
0.0,3141.99585,1563.5
0.0,3141.98267,1563.625
0.0,3141.97021,1563.75
0.0,3141.95728,1563.875
0.0,3141.94531,1564.0
0.0,3141.93311,1564.125
0.0,3141.9209,1564.25
0.0,3141.90894,1564.375
0.0,3141.89673,1564.5
0.0,3141.88452,1564.625
0.0,3141.87256,1564.75
0.0,3141.86035,1564.875
0.0,3141.8479,1565.0
0.0,3141.83496,1565.125
0.0,3141.82275,1565.25
0.0,3141.81006,1565.375
0.0,3141.79736,1565.5
0.0,3141.78516,1565.625
0.0,3141.77295,1565.75
0.0,3141.76074,1565.875
0.0,3141.74902,1566.0
0.0,3141.73706,1566.125
0.0,3141.7251,1566.25
0.0,3141.71289,1566.375
0.0,3141.70068,1566.5
0.0,3141.68848,1566.625
0.0,3141.67627,1566.75
0.0,3141.66382,1566.875
0.0,3141.65137,1567.0
0.0,3141.63916,1567.125
0.0,3141.62695,1567.25
0.0,3141.61475,1567.375
0.0,3141.60303,1567.5
0.0,3141.59131,1567.625
0.0,3141.5791,1567.75
0.0,3141.56641,1567.875
0.0,3141.55298,1568.0
0.0,3141.53955,1568.125
0.0,3141.52686,1568.25
0.0,3141.5144,1568.375
0.0,3141.50171,1568.5
0.0,3141.48975,1568.625
0.0,3141.47754,1568.75
0.0,3141.46533,1568.875
0.0,3141.45264,1569.0
0.0,3141.43994,1569.125
0.0,3141.42725,1569.25
0.0,3141.41431,1569.375
0.0,3141.40186,1569.5
0.0,3141.38867,1569.625
0.0,3141.37598,1569.75
0.0,3141.36279,1569.875
0.0,3141.34937,1570.0
0.0,3141.33594,1570.125
0.0,3141.323,1570.25
0.0,3141.3103,1570.375
0.0,3141.29785,1570.5
0.0,3141.2854,1570.625
0.0,3141.27319,1570.75
0.0,3141.26123,1570.875
0.0,3141.24927,1571.0
0.0,3141.2373,1571.125
0.0,3141.22461,1571.25
0.0,3141.21191,1571.375
0.0,3141.19971,1571.5
0.0,3141.18726,1571.625
0.0,3141.1748,1571.75
0.0,3141.16211,1571.875
0.0,3141.14941,1572.0
0.0,3141.13672,1572.125
0.0,3141.12354,1572.25
0.0,3141.11133,1572.375
0.0,3141.09863,1572.5
0.0,3141.08594,1572.625
0.0,3141.07324,1572.75
0.0,3141.06104,1572.875
0.0,3141.04858,1573.0
0.0,3141.03613,1573.125
0.0,3141.02368,1573.25
0.0,3141.01123,1573.375
0.0,3140.99902,1573.5
0.0,3140.98682,1573.625
0.0,3140.97412,1573.75
0.0,3140.96191,1573.875
0.0,3140.94971,1574.0
0.0,3140.93774,1574.125
0.0,3140.92603,1574.25
0.0,3140.91382,1574.375
0.0,3140.9021,1574.5
0.0,3140.88965,1574.625
0.0,3140.87671,1574.75
0.0,3140.86426,1574.875
0.0,3140.85181,1575.0
0.0,3140.83984,1575.125
0.0,3140.82837,1575.25
0.0,3140.81689,1575.375
0.0,3140.80469,1575.5
0.0,3140.79248,1575.625
0.0,3140.77979,1575.75
0.0,3140.76709,1575.875
0.0,3140.75488,1576.0
0.0,3140.74316,1576.125
0.0,3140.73193,1576.25
0.0,3140.72021,1576.375
0.0,3140.7085,1576.5
0.0,3140.69678,1576.625
0.0,3140.68433,1576.75
0.0,3140.67188,1576.875
0.0,3140.65918,1577.0
0.0,3140.64722,1577.125
0.0,3140.63501,1577.25
0.0,3140.62305,1577.375
0.0,3140.61133,1577.5
0.0,3140.59985,1577.625
0.0,3140.58813,1577.75
0.0,3140.57617,1577.875
0.0,3140.56421,1578.0
0.0,3140.55249,1578.125
0.0,3140.54102,1578.25
0.0,3140.5293,1578.375
0.0,3140.51758,1578.5
0.0,3140.50586,1578.625
0.0,3140.49365,1578.75
0.0,3140.48193,1578.875
0.0,3140.46997,1579.0
0.0,3140.45801,1579.125
0.0,3140.44629,1579.25
0.0,3140.43433,1579.375
0.0,3140.42236,1579.5
0.0,3140.41064,1579.625
0.0,3140.39941,1579.75
0.0,3140.38818,1579.875
0.0,3140.37646,1580.0
0.0,3140.36548,1580.125
0.0,3140.354,1580.25
0.0,3140.34277,1580.375
0.0,3140.33154,1580.5
0.0,3140.32031,1580.625
0.0,3140.30908,1580.75
0.0,3140.29736,1580.875
0.0,3140.2854,1581.0
0.0,3140.27319,1581.125
0.0,3140.26172,1581.25
0.0,3140.24976,1581.375
0.0,3140.23828,1581.5
0.0,3140.22656,1581.625
0.0,3140.21533,1581.75
0.0,3140.20361,1581.875
0.0,3140.19116,1582.0
0.0,3140.17847,1582.125
0.0,3140.16602,1582.25
0.0,3140.15356,1582.375
0.0,3140.14136,1582.5
0.0,3140.12939,1582.625
0.0,3140.11768,1582.75
0.0,3140.10596,1582.875
0.0,3140.09473,1583.0
0.0,3140.08301,1583.125
0.0,3140.07202,1583.25
0.0,3140.06104,1583.375
0.0,3140.05005,1583.5
0.0,3140.03906,1583.625
0.0,3140.02734,1583.75
0.0,3140.01514,1583.875
0.0,3140.00391,1584.0
0.0,3139.9917,1584.125
0.0,3139.98047,1584.25
0.0,3139.96875,1584.375
0.0,3139.95703,1584.5
0.0,3139.94482,1584.625
0.0,3139.93262,1584.75
0.0,3139.92017,1584.875
0.0,3139.90796,1585.0
0.0,3139.89648,1585.125
0.0,3139.88525,1585.25
0.0,3139.87427,1585.375
0.0,3139.86328,1585.5
0.0,3139.85205,1585.625
0.0,3139.84131,1585.75
0.0,3139.83008,1585.875
0.0,3139.81982,1586.0
0.0,3139.80957,1586.125
0.0,3139.79932,1586.25
0.0,3139.78931,1586.375
0.0,3139.77881,1586.5
0.0,3139.76758,1586.625
0.0,3139.75635,1586.75
0.0,3139.74512,1586.875
0.0,3139.73486,1587.0
0.0,3139.72461,1587.125
0.0,3139.71436,1587.25
0.0,3139.7041,1587.375
0.0,3139.69336,1587.5
0.0,3139.68262,1587.625
0.0,3139.67188,1587.75
0.0,3139.66113,1587.875
0.0,3139.65063,1588.0
0.0,3139.64062,1588.125
0.0,3139.63062,1588.25
0.0,3139.62036,1588.375
0.0,3139.60962,1588.5
0.0,3139.59888,1588.625
0.0,3139.58838,1588.75
0.0,3139.57764,1588.875
0.0,3139.56714,1589.0
0.0,3139.55566,1589.125
0.0,3139.54468,1589.25
0.0,3139.53369,1589.375
0.0,3139.52246,1589.5
0.0,3139.51172,1589.625
0.0,3139.50146,1589.75
0.0,3139.49121,1589.875
0.0,3139.48096,1590.0
0.0,3139.47021,1590.125
0.0,3139.45923,1590.25
0.0,3139.44775,1590.375
0.0,3139.43604,1590.5
0.0,3139.4248,1590.625
0.0,3139.41357,1590.75
0.0,3139.40259,1590.875
0.0,3139.39111,1591.0
0.0,3139.37988,1591.125
0.0,3139.36816,1591.25
0.0,3139.35669,1591.375
0.0,3139.34546,1591.5
0.0,3139.33496,1591.625
0.0,3139.32422,1591.75
0.0,3139.31372,1591.875
0.0,3139.30273,1592.0
0.0,3139.29053,1592.125
0.0,3139.27832,1592.25
0.0,3139.26611,1592.375
0.0,3139.25439,1592.5
0.0,3139.24268,1592.625
0.0,3139.2312,1592.75
0.0,3139.21973,1592.875
0.0,3139.20801,1593.0
0.0,3139.19702,1593.125
0.0,3139.18555,1593.25
0.0,3139.17432,1593.375
0.0,3139.16309,1593.5
0.0,3139.15161,1593.625
0.0,3139.14062,1593.75
0.0,3139.12939,1593.875
0.0,3139.11841,1594.0
0.0,3139.10742,1594.125
0.0,3139.0957,1594.25
0.0,3139.08398,1594.375
0.0,3139.07227,1594.5
0.0,3139.06104,1594.625
0.0,3139.0498,1594.75
0.0,3139.03906,1594.875
0.0,3139.02783,1595.0
0.0,3139.01685,1595.125
0.0,3139.00537,1595.25
0.0,3138.99365,1595.375
0.0,3138.98218,1595.5
0.0,3138.9707,1595.625
0.0,3138.95996,1595.75
0.0,3138.94922,1595.875
0.0,3138.93848,1596.0
0.0,3138.927,1596.125
0.0,3138.91577,1596.25
0.0,3138.90454,1596.375
0.0,3138.89355,1596.5
0.0,3138.88306,1596.625
0.0,3138.8728,1596.75
0.0,3138.86206,1596.875
0.0,3138.85107,1597.0
0.0,3138.8396,1597.125
0.0,3138.82812,1597.25
0.0,3138.81641,1597.375
0.0,3138.80493,1597.5
0.0,3138.79346,1597.625
0.0,3138.78223,1597.75
0.0,3138.771,1597.875
0.0,3138.76025,1598.0
0.0,3138.74976,1598.125
0.0,3138.73901,1598.25
0.0,3138.72803,1598.375
0.0,3138.71704,1598.5
0.0,3138.70605,1598.625
0.0,3138.69458,1598.75
0.0,3138.68311,1598.875
0.0,3138.67188,1599.0
0.0,3138.66064,1599.125
0.0,3138.64941,1599.25
0.0,3138.63818,1599.375
0.0,3138.6272,1599.5
0.0,3138.61621,1599.625
0.0,3138.60547,1599.75
0.0,3138.59497,1599.875
0.0,3138.58423,1600.0
0.0,3138.57349,1600.125
0.0,3138.5625,1600.25
0.0,3138.55127,1600.375
0.0,3138.54004,1600.5
0.0,3138.52881,1600.625
0.0,3138.51758,1600.75
0.0,3138.50635,1600.875
0.0,3138.49463,1601.0
0.0,3138.48291,1601.125
0.0,3138.4707,1601.25
0.0,3138.4585,1601.375
0.0,3138.44678,1601.5
0.0,3138.43555,1601.625
0.0,3138.4248,1601.75
0.0,3138.41406,1601.875
0.0,3138.40332,1602.0
0.0,3138.3916,1602.125
0.0,3138.37939,1602.25
0.0,3138.36719,1602.375
0.0,3138.35571,1602.5
0.0,3138.34448,1602.625
0.0,3138.33398,1602.75
0.0,3138.32373,1602.875
0.0,3138.31299,1603.0
0.0,3138.30225,1603.125
0.0,3138.29102,1603.25
0.0,3138.27979,1603.375
0.0,3138.26855,1603.5
0.0,3138.25781,1603.625
0.0,3138.24634,1603.75
0.0,3138.23535,1603.875
0.0,3138.22363,1604.0
0.0,3138.2124,1604.125
0.0,3138.20117,1604.25
0.0,3138.19043,1604.375
0.0,3138.18018,1604.5
0.0,3138.16943,1604.625
0.0,3138.15869,1604.75
0.0,3138.14746,1604.875
0.0,3138.13647,1605.0
0.0,3138.12549,1605.125
0.0,3138.11426,1605.25
0.0,3138.10327,1605.375
0.0,3138.09204,1605.5
0.0,3138.08105,1605.625
0.0,3138.06982,1605.75
0.0,3138.05859,1605.875
0.0,3138.04761,1606.0
0.0,3138.03613,1606.125
0.0,3138.02441,1606.25
0.0,3138.01318,1606.375
0.0,3138.00195,1606.5
0.0,3137.99121,1606.625
0.0,3137.98047,1606.75
0.0,3137.96948,1606.875
0.0,3137.9585,1607.0
0.0,3137.94775,1607.125
0.0,3137.93701,1607.25
0.0,3137.92627,1607.375
0.0,3137.91553,1607.5
0.0,3137.9043,1607.625
0.0,3137.89282,1607.75
0.0,3137.88135,1607.875
0.0,3137.87012,1608.0
0.0,3137.85986,1608.125
0.0,3137.84912,1608.25
0.0,3137.83838,1608.375
0.0,3137.82764,1608.5
0.0,3137.81592,1608.625
0.0,3137.80493,1608.75
0.0,3137.79395,1608.875
0.0,3137.78271,1609.0
0.0,3137.77148,1609.125
0.0,3137.75977,1609.25
0.0,3137.74829,1609.375
0.0,3137.73682,1609.5
0.0,3137.72559,1609.625
0.0,3137.71436,1609.75
0.0,3137.70337,1609.875
0.0,3137.69238,1610.0
0.0,3137.68115,1610.125
0.0,3137.67017,1610.25
0.0,3137.65918,1610.375
0.0,3137.64819,1610.5
0.0,3137.63745,1610.625
0.0,3137.62646,1610.75
0.0,3137.61548,1610.875
0.0,3137.60449,1611.0
0.0,3137.59351,1611.125
0.0,3137.58252,1611.25
0.0,3137.57178,1611.375
0.0,3137.56055,1611.5
0.0,3137.54883,1611.625
0.0,3137.5376,1611.75
0.0,3137.52686,1611.875
0.0,3137.51611,1612.0
0.0,3137.50562,1612.125
0.0,3137.49463,1612.25
0.0,3137.4834,1612.375
0.0,3137.47192,1612.5
0.0,3137.46021,1612.625
0.0,3137.44873,1612.75
0.0,3137.43799,1612.875
0.0,3137.42651,1613.0
0.0,3137.41577,1613.125
0.0,3137.40479,1613.25
0.0,3137.3938,1613.375
0.0,3137.38281,1613.5
0.0,3137.37158,1613.625
0.0,3137.36011,1613.75
0.0,3137.34912,1613.875
0.0,3137.33789,1614.0
0.0,3137.32715,1614.125
0.0,3137.31641,1614.25
0.0,3137.30615,1614.375
0.0,3137.29541,1614.5
0.0,3137.28467,1614.625
0.0,3137.27368,1614.75
0.0,3137.2627,1614.875
0.0,3137.25195,1615.0
0.0,3137.2417,1615.125
0.0,3137.23047,1615.25
0.0,3137.21973,1615.375
0.0,3137.20923,1615.5
0.0,3137.19824,1615.625
0.0,3137.18726,1615.75
0.0,3137.17676,1615.875
0.0,3137.16602,1616.0
0.0,3137.15527,1616.125
0.0,3137.14453,1616.25
0.0,3137.13428,1616.375
0.0,3137.12402,1616.5
0.0,3137.11377,1616.625
0.0,3137.10278,1616.75
0.0,3137.09229,1616.875
0.0,3137.08154,1617.0
0.0,3137.07007,1617.125
0.0,3137.05884,1617.25
0.0,3137.04785,1617.375
0.0,3137.03687,1617.5
0.0,3137.02637,1617.625
0.0,3137.01562,1617.75
0.0,3137.00488,1617.875
0.0,3136.99365,1618.0
0.0,3136.98242,1618.125
0.0,3136.97144,1618.25
0.0,3136.96021,1618.375
0.0,3136.94922,1618.5
0.0,3136.93848,1618.625
0.0,3136.92773,1618.75
0.0,3136.91699,1618.875
0.0,3136.90625,1619.0
0.0,3136.89551,1619.125
0.0,3136.88525,1619.25
0.0,3136.875,1619.375
0.0,3136.86475,1619.5
0.0,3136.85425,1619.625
0.0,3136.84375,1619.75
0.0,3136.83252,1619.875
0.0,3136.82129,1620.0
0.0,3136.80981,1620.125
0.0,3136.79834,1620.25
0.0,3136.78662,1620.375
0.0,3136.77588,1620.5
0.0,3136.76514,1620.625
0.0,3136.75488,1620.75
0.0,3136.74463,1620.875
0.0,3136.73413,1621.0
0.0,3136.72363,1621.125
0.0,3136.7124,1621.25
0.0,3136.7019,1621.375
0.0,3136.69141,1621.5
0.0,3136.68018,1621.625
0.0,3136.66943,1621.75
0.0,3136.6582,1621.875
0.0,3136.64697,1622.0
0.0,3136.63525,1622.125
0.0,3136.62354,1622.25
0.0,3136.6123,1622.375
0.0,3136.60132,1622.5
0.0,3136.59033,1622.625
0.0,3136.57935,1622.75
0.0,3136.56885,1622.875
0.0,3136.55811,1623.0
0.0,3136.54736,1623.125
0.0,3136.53662,1623.25
0.0,3136.52588,1623.375
0.0,3136.51465,1623.5
0.0,3136.50342,1623.625
0.0,3136.4917,1623.75
0.0,3136.47998,1623.875
0.0,3136.46875,1624.0
0.0,3136.45752,1624.125
0.0,3136.44702,1624.25
0.0,3136.43652,1624.375
0.0,3136.42578,1624.5
0.0,3136.41504,1624.625
0.0,3136.4043,1624.75
0.0,3136.39355,1624.875
0.0,3136.38257,1625.0
0.0,3136.37158,1625.125
0.0,3136.35986,1625.25
0.0,3136.34863,1625.375
0.0,3136.3374,1625.5
0.0,3136.32617,1625.625
0.0,3136.31543,1625.75
0.0,3136.30542,1625.875
0.0,3136.29517,1626.0
0.0,3136.28467,1626.125
0.0,3136.27393,1626.25
0.0,3136.26245,1626.375
0.0,3136.25049,1626.5
0.0,3136.23877,1626.625
0.0,3136.22754,1626.75
0.0,3136.2168,1626.875
0.0,3136.20654,1627.0
0.0,3136.19629,1627.125
0.0,3136.18555,1627.25
0.0,3136.1748,1627.375
0.0,3136.16309,1627.5
0.0,3136.15234,1627.625
0.0,3136.1416,1627.75
0.0,3136.13086,1627.875
0.0,3136.12012,1628.0
0.0,3136.10938,1628.125
0.0,3136.09814,1628.25
0.0,3136.08667,1628.375
0.0,3136.07544,1628.5
0.0,3136.06445,1628.625
0.0,3136.05371,1628.75
0.0,3136.04297,1628.875
0.0,3136.03198,1629.0
0.0,3136.021,1629.125
0.0,3136.01025,1629.25
0.0,3135.99951,1629.375
0.0,3135.98877,1629.5
0.0,3135.97852,1629.625
0.0,3135.96826,1629.75
0.0,3135.95801,1629.875
0.0,3135.94702,1630.0
0.0,3135.93555,1630.125
0.0,3135.92383,1630.25
0.0,3135.9126,1630.375
0.0,3135.90137,1630.5
0.0,3135.89062,1630.625
0.0,3135.88037,1630.75
0.0,3135.87061,1630.875
0.0,3135.86035,1631.0
0.0,3135.8501,1631.125
0.0,3135.83936,1631.25
0.0,3135.82788,1631.375
0.0,3135.81689,1631.5
0.0,3135.80566,1631.625
0.0,3135.79492,1631.75
0.0,3135.78418,1631.875
0.0,3135.77344,1632.0
0.0,3135.76318,1632.125
0.0,3135.75293,1632.25
0.0,3135.74268,1632.375
0.0,3135.73242,1632.5
0.0,3135.72168,1632.625
0.0,3135.71118,1632.75
0.0,3135.70068,1632.875
0.0,3135.69019,1633.0
0.0,3135.67969,1633.125
0.0,3135.66992,1633.25
0.0,3135.65942,1633.375
0.0,3135.64893,1633.5
0.0,3135.63818,1633.625
0.0,3135.62793,1633.75
0.0,3135.61743,1633.875
0.0,3135.60742,1634.0
0.0,3135.59766,1634.125
0.0,3135.5874,1634.25
0.0,3135.57666,1634.375
0.0,3135.56567,1634.5
0.0,3135.55518,1634.625
0.0,3135.54395,1634.75
0.0,3135.53345,1634.875
0.0,3135.52246,1635.0
0.0,3135.51074,1635.125
0.0,3135.49854,1635.25
0.0,3135.48535,1635.375
0.0,3135.47192,1635.5
0.0,3135.45801,1635.625
0.0,3135.44482,1635.75
0.0,3135.43164,1635.875
0.0,3135.41943,1636.0
0.0,3135.40771,1636.125
0.0,3135.39648,1636.25
0.0,3135.38574,1636.375
0.0,3135.375,1636.5
0.0,3135.36426,1636.625
0.0,3135.35352,1636.75
0.0,3135.34229,1636.875
0.0,3135.33154,1637.0
0.0,3135.32129,1637.125
0.0,3135.31055,1637.25
0.0,3135.30005,1637.375
0.0,3135.28906,1637.5
0.0,3135.27808,1637.625
0.0,3135.26709,1637.75
0.0,3135.25635,1637.875
0.0,3135.24512,1638.0
0.0,3135.23413,1638.125
0.0,3135.22339,1638.25
0.0,3135.2124,1638.375
0.0,3135.20166,1638.5
0.0,3135.19141,1638.625
0.0,3135.18066,1638.75
0.0,3135.16992,1638.875
0.0,3135.15918,1639.0
0.0,3135.14844,1639.125
0.0,3135.1377,1639.25
0.0,3135.12695,1639.375
0.0,3135.11621,1639.5
0.0,3135.10498,1639.625
0.0,3135.09399,1639.75
0.0,3135.08301,1639.875
0.0,3135.07251,1640.0
0.0,3135.06201,1640.125
0.0,3135.05176,1640.25
0.0,3135.0415,1640.375
0.0,3135.03101,1640.5
0.0,3135.02051,1640.625
0.0,3135.01001,1640.75
0.0,3134.99927,1640.875
0.0,3134.98877,1641.0
0.0,3134.97803,1641.125
0.0,3134.96729,1641.25
0.0,3134.95703,1641.375
0.0,3134.94653,1641.5
0.0,3134.93579,1641.625
0.0,3134.9248,1641.75
0.0,3134.91455,1641.875
0.0,3134.90381,1642.0
0.0,3134.89355,1642.125
0.0,3134.88281,1642.25
0.0,3134.87207,1642.375
0.0,3134.86133,1642.5
0.0,3134.85059,1642.625
0.0,3134.83984,1642.75
0.0,3134.82959,1642.875
0.0,3134.81934,1643.0
0.0,3134.80908,1643.125
0.0,3134.79883,1643.25
0.0,3134.78809,1643.375
0.0,3134.77734,1643.5
0.0,3134.7666,1643.625
0.0,3134.75635,1643.75
0.0,3134.74658,1643.875
0.0,3134.73657,1644.0
0.0,3134.72656,1644.125
0.0,3134.7168,1644.25
0.0,3134.70605,1644.375
0.0,3134.6958,1644.5
0.0,3134.68506,1644.625
0.0,3134.6748,1644.75
0.0,3134.66406,1644.875
0.0,3134.65381,1645.0
0.0,3134.64331,1645.125
0.0,3134.63281,1645.25
0.0,3134.62305,1645.375
0.0,3134.61255,1645.5
0.0,3134.60181,1645.625
0.0,3134.59106,1645.75
0.0,3134.58008,1645.875
0.0,3134.56909,1646.0
0.0,3134.55835,1646.125
0.0,3134.54736,1646.25
0.0,3134.53662,1646.375
0.0,3134.52588,1646.5
0.0,3134.5144,1646.625
0.0,3134.50244,1646.75
0.0,3134.49097,1646.875
0.0,3134.47998,1647.0
0.0,3134.46924,1647.125
0.0,3134.45947,1647.25
0.0,3134.44946,1647.375
0.0,3134.43994,1647.5
0.0,3134.42969,1647.625
0.0,3134.41943,1647.75
0.0,3134.40869,1647.875
0.0,3134.39795,1648.0
0.0,3134.38721,1648.125
0.0,3134.37646,1648.25
0.0,3134.36621,1648.375
0.0,3134.3562,1648.5
0.0,3134.34644,1648.625
0.0,3134.33643,1648.75
0.0,3134.32593,1648.875
0.0,3134.31519,1649.0
0.0,3134.30518,1649.125
0.0,3134.29492,1649.25
0.0,3134.28418,1649.375
0.0,3134.27393,1649.5
0.0,3134.26367,1649.625
0.0,3134.25293,1649.75
0.0,3134.24268,1649.875
0.0,3134.23242,1650.0
0.0,3134.2229,1650.125
0.0,3134.21289,1650.25
0.0,3134.20215,1650.375
0.0,3134.19189,1650.5
0.0,3134.18164,1650.625
0.0,3134.17139,1650.75
0.0,3134.16113,1650.875
0.0,3134.15088,1651.0
0.0,3134.14111,1651.125
0.0,3134.13086,1651.25
0.0,3134.12109,1651.375
0.0,3134.11084,1651.5
0.0,3134.10059,1651.625
0.0,3134.08984,1651.75
0.0,3134.0791,1651.875
0.0,3134.06885,1652.0
0.0,3134.05908,1652.125
0.0,3134.04907,1652.25
0.0,3134.03955,1652.375
0.0,3134.0293,1652.5
0.0,3134.01904,1652.625
0.0,3134.00879,1652.75
0.0,3133.99902,1652.875
0.0,3133.98901,1653.0
0.0,3133.979,1653.125
0.0,3133.96875,1653.25
0.0,3133.95825,1653.375
0.0,3133.94824,1653.5
0.0,3133.93799,1653.625
0.0,3133.92822,1653.75
0.0,3133.91846,1653.875
0.0,3133.90894,1654.0
0.0,3133.89893,1654.125
0.0,3133.88867,1654.25
0.0,3133.87793,1654.375
0.0,3133.86768,1654.5
0.0,3133.85742,1654.625
0.0,3133.84741,1654.75
0.0,3133.83789,1654.875
0.0,3133.82812,1655.0
0.0,3133.81836,1655.125
0.0,3133.80835,1655.25
0.0,3133.79785,1655.375
0.0,3133.7876,1655.5
0.0,3133.77686,1655.625
0.0,3133.7666,1655.75
0.0,3133.75635,1655.875
0.0,3133.74658,1656.0
0.0,3133.73682,1656.125
0.0,3133.72705,1656.25
0.0,3133.7168,1656.375
0.0,3133.70728,1656.5
0.0,3133.69727,1656.625
0.0,3133.68726,1656.75
0.0,3133.67725,1656.875
0.0,3133.66724,1657.0
0.0,3133.65723,1657.125
0.0,3133.64746,1657.25
0.0,3133.63745,1657.375
0.0,3133.62744,1657.5
0.0,3133.61719,1657.625
0.0,3133.60767,1657.75
0.0,3133.59839,1657.875
0.0,3133.58911,1658.0
0.0,3133.57959,1658.125
0.0,3133.56982,1658.25
0.0,3133.55981,1658.375
0.0,3133.54932,1658.5
0.0,3133.53857,1658.625
0.0,3133.52881,1658.75
0.0,3133.51855,1658.875
0.0,3133.50879,1659.0
0.0,3133.49854,1659.125
0.0,3133.48853,1659.25
0.0,3133.47803,1659.375
0.0,3133.46753,1659.5
0.0,3133.45703,1659.625
0.0,3133.44653,1659.75
0.0,3133.43604,1659.875
0.0,3133.4248,1660.0
0.0,3133.41406,1660.125
0.0,3133.40308,1660.25
0.0,3133.39233,1660.375
0.0,3133.38281,1660.5
0.0,3133.37329,1660.625
0.0,3133.36426,1660.75
0.0,3133.35449,1660.875
0.0,3133.34473,1661.0
0.0,3133.33423,1661.125
0.0,3133.32373,1661.25
0.0,3133.31323,1661.375
0.0,3133.30347,1661.5
0.0,3133.2937,1661.625
0.0,3133.28394,1661.75
0.0,3133.27344,1661.875
0.0,3133.26294,1662.0
0.0,3133.25244,1662.125
0.0,3133.24219,1662.25
0.0,3133.23193,1662.375
0.0,3133.22241,1662.5
0.0,3133.2124,1662.625
0.0,3133.20215,1662.75
0.0,3133.19165,1662.875
0.0,3133.18115,1663.0
0.0,3133.1709,1663.125
0.0,3133.16113,1663.25
0.0,3133.15137,1663.375
0.0,3133.14209,1663.5
0.0,3133.13184,1663.625
0.0,3133.12158,1663.75
0.0,3133.11108,1663.875
0.0,3133.10059,1664.0
0.0,3133.08984,1664.125
0.0,3133.07959,1664.25
0.0,3133.06934,1664.375
0.0,3133.05957,1664.5
0.0,3133.04932,1664.625
0.0,3133.03931,1664.75
0.0,3133.02954,1664.875
0.0,3133.01953,1665.0
0.0,3133.00977,1665.125
0.0,3133.0,1665.25
0.0,3132.98975,1665.375
0.0,3132.97998,1665.5
0.0,3132.96973,1665.625
0.0,3132.95923,1665.75
0.0,3132.94897,1665.875
0.0,3132.93896,1666.0
0.0,3132.92896,1666.125
0.0,3132.91992,1666.25
0.0,3132.91016,1666.375
0.0,3132.90088,1666.5
0.0,3132.89111,1666.625
0.0,3132.88135,1666.75
0.0,3132.87134,1666.875
0.0,3132.86182,1667.0
0.0,3132.85205,1667.125
0.0,3132.84253,1667.25
0.0,3132.83325,1667.375
0.0,3132.82373,1667.5
0.0,3132.81348,1667.625
0.0,3132.80371,1667.75
0.0,3132.79395,1667.875
0.0,3132.78394,1668.0
0.0,3132.77393,1668.125
0.0,3132.7644,1668.25
0.0,3132.75439,1668.375
0.0,3132.74463,1668.5
0.0,3132.73462,1668.625
0.0,3132.72437,1668.75
0.0,3132.71387,1668.875
0.0,3132.70361,1669.0
0.0,3132.69287,1669.125
0.0,3132.68213,1669.25
0.0,3132.67212,1669.375
0.0,3132.66211,1669.5
0.0,3132.65234,1669.625
0.0,3132.64209,1669.75
0.0,3132.63184,1669.875
0.0,3132.62158,1670.0
0.0,3132.61182,1670.125
0.0,3132.60156,1670.25
0.0,3132.5918,1670.375
0.0,3132.58154,1670.5
0.0,3132.57178,1670.625
0.0,3132.56152,1670.75
0.0,3132.552,1670.875
0.0,3132.54199,1671.0
0.0,3132.53271,1671.125
0.0,3132.52271,1671.25
0.0,3132.51294,1671.375
0.0,3132.50293,1671.5
0.0,3132.49316,1671.625
0.0,3132.4834,1671.75
0.0,3132.47363,1671.875
0.0,3132.46362,1672.0
0.0,3132.45386,1672.125
0.0,3132.44458,1672.25
0.0,3132.43506,1672.375
0.0,3132.42529,1672.5
0.0,3132.41504,1672.625
0.0,3132.40479,1672.75
0.0,3132.39453,1672.875
0.0,3132.38452,1673.0
0.0,3132.375,1673.125
0.0,3132.36572,1673.25
0.0,3132.35645,1673.375
0.0,3132.34717,1673.5
0.0,3132.3374,1673.625
0.0,3132.32715,1673.75
0.0,3132.31738,1673.875
0.0,3132.30713,1674.0
0.0,3132.29785,1674.125
0.0,3132.28809,1674.25
0.0,3132.27881,1674.375
0.0,3132.26904,1674.5
0.0,3132.25928,1674.625
0.0,3132.24902,1674.75
0.0,3132.23901,1674.875
0.0,3132.229,1675.0
0.0,3132.21973,1675.125
0.0,3132.21045,1675.25
0.0,3132.20166,1675.375
0.0,3132.19238,1675.5
0.0,3132.18311,1675.625
0.0,3132.17285,1675.75
0.0,3132.1626,1675.875
0.0,3132.15186,1676.0
0.0,3132.14209,1676.125
0.0,3132.1333,1676.25
0.0,3132.12451,1676.375
0.0,3132.11572,1676.5
0.0,3132.10669,1676.625
0.0,3132.09717,1676.75
0.0,3132.08789,1676.875
0.0,3132.07812,1677.0
0.0,3132.0686,1677.125
0.0,3132.05957,1677.25
0.0,3132.05078,1677.375
0.0,3132.04102,1677.5
0.0,3132.03174,1677.625
0.0,3132.02148,1677.75
0.0,3132.01172,1677.875
0.0,3132.00195,1678.0
0.0,3131.99146,1678.125
0.0,3131.98096,1678.25
0.0,3131.9707,1678.375
0.0,3131.95972,1678.5
0.0,3131.94922,1678.625
0.0,3131.93848,1678.75
0.0,3131.92798,1678.875
0.0,3131.91772,1679.0
0.0,3131.90747,1679.125
0.0,3131.89648,1679.25
0.0,3131.88623,1679.375
0.0,3131.87622,1679.5
0.0,3131.86621,1679.625
0.0,3131.85596,1679.75
0.0,3131.8457,1679.875
0.0,3131.83545,1680.0
0.0,3131.82471,1680.125
0.0,3131.81396,1680.25
0.0,3131.80298,1680.375
0.0,3131.79272,1680.5
0.0,3131.78247,1680.625
0.0,3131.77222,1680.75
0.0,3131.76245,1680.875
0.0,3131.75244,1681.0
0.0,3131.74194,1681.125
0.0,3131.73145,1681.25
0.0,3131.72095,1681.375
0.0,3131.71045,1681.5
0.0,3131.69946,1681.625
0.0,3131.68896,1681.75
0.0,3131.6792,1681.875
0.0,3131.66919,1682.0
0.0,3131.65967,1682.125
0.0,3131.65015,1682.25
0.0,3131.64038,1682.375
0.0,3131.63086,1682.5
0.0,3131.62061,1682.625
0.0,3131.61084,1682.75
0.0,3131.60034,1682.875
0.0,3131.5896,1683.0
0.0,3131.57886,1683.125
0.0,3131.56836,1683.25
0.0,3131.55835,1683.375
0.0,3131.54883,1683.5
0.0,3131.53931,1683.625
0.0,3131.52979,1683.75
0.0,3131.52051,1683.875
0.0,3131.51025,1684.0
0.0,3131.50049,1684.125
0.0,3131.49023,1684.25
0.0,3131.48047,1684.375
0.0,3131.47021,1684.5
0.0,3131.46045,1684.625
0.0,3131.45093,1684.75
0.0,3131.44141,1684.875
0.0,3131.43213,1685.0
0.0,3131.42236,1685.125
0.0,3131.4126,1685.25
0.0,3131.40283,1685.375
0.0,3131.39282,1685.5
0.0,3131.38281,1685.625
0.0,3131.37256,1685.75
0.0,3131.36279,1685.875
0.0,3131.35278,1686.0
0.0,3131.34302,1686.125
0.0,3131.33325,1686.25
0.0,3131.32446,1686.375
0.0,3131.31519,1686.5
0.0,3131.30615,1686.625
0.0,3131.29614,1686.75
0.0,3131.28613,1686.875
0.0,3131.27588,1687.0
0.0,3131.26611,1687.125
0.0,3131.25635,1687.25
0.0,3131.24658,1687.375
0.0,3131.2373,1687.5
0.0,3131.22705,1687.625
0.0,3131.2168,1687.75
0.0,3131.2063,1687.875
0.0,3131.19531,1688.0
0.0,3131.18506,1688.125
0.0,3131.17432,1688.25
0.0,3131.16431,1688.375
0.0,3131.15479,1688.5
0.0,3131.14502,1688.625
0.0,3131.13525,1688.75
0.0,3131.12549,1688.875
0.0,3131.11523,1689.0
0.0,3131.10449,1689.125
0.0,3131.09473,1689.25
0.0,3131.08447,1689.375
0.0,3131.0752,1689.5
0.0,3131.06592,1689.625
0.0,3131.05664,1689.75
0.0,3131.04736,1689.875
0.0,3131.0376,1690.0
0.0,3131.02759,1690.125
0.0,3131.01709,1690.25
0.0,3131.00659,1690.375
0.0,3130.99658,1690.5
0.0,3130.98633,1690.625
0.0,3130.97656,1690.75
0.0,3130.9668,1690.875
0.0,3130.95703,1691.0
0.0,3130.94727,1691.125
0.0,3130.9375,1691.25
0.0,3130.92749,1691.375
0.0,3130.91748,1691.5
0.0,3130.90698,1691.625
0.0,3130.89648,1691.75
0.0,3130.88672,1691.875
0.0,3130.87671,1692.0
0.0,3130.86694,1692.125
0.0,3130.85767,1692.25
0.0,3130.84766,1692.375
0.0,3130.83838,1692.5
0.0,3130.82764,1692.625
0.0,3130.81763,1692.75
0.0,3130.80762,1692.875
0.0,3130.79761,1693.0
0.0,3130.78784,1693.125
0.0,3130.77832,1693.25
0.0,3130.7688,1693.375
0.0,3130.75928,1693.5
0.0,3130.75,1693.625
0.0,3130.74023,1693.75
0.0,3130.73071,1693.875
0.0,3130.7207,1694.0
0.0,3130.71143,1694.125
0.0,3130.70142,1694.25
0.0,3130.69189,1694.375
0.0,3130.68213,1694.5
0.0,3130.67261,1694.625
0.0,3130.6626,1694.75
0.0,3130.65283,1694.875
0.0,3130.64282,1695.0
0.0,3130.63281,1695.125
0.0,3130.62305,1695.25
0.0,3130.61279,1695.375
0.0,3130.60303,1695.5
0.0,3130.59277,1695.625
0.0,3130.58252,1695.75
0.0,3130.57227,1695.875
0.0,3130.5625,1696.0
0.0,3130.55225,1696.125
0.0,3130.54248,1696.25
0.0,3130.53223,1696.375
0.0,3130.52222,1696.5
0.0,3130.51245,1696.625
0.0,3130.50269,1696.75
0.0,3130.49316,1696.875
0.0,3130.48389,1697.0
0.0,3130.47412,1697.125
0.0,3130.46533,1697.25
0.0,3130.45557,1697.375
0.0,3130.4458,1697.5
0.0,3130.43604,1697.625
0.0,3130.42578,1697.75
0.0,3130.41602,1697.875
0.0,3130.40625,1698.0
0.0,3130.39697,1698.125
0.0,3130.38745,1698.25
0.0,3130.37793,1698.375
0.0,3130.36841,1698.5
0.0,3130.35889,1698.625
0.0,3130.34961,1698.75
0.0,3130.34033,1698.875
0.0,3130.33081,1699.0
0.0,3130.32129,1699.125
0.0,3130.31104,1699.25
0.0,3130.30078,1699.375
0.0,3130.29102,1699.5
0.0,3130.28125,1699.625
0.0,3130.27173,1699.75
0.0,3130.26221,1699.875
0.0,3130.25342,1700.0
0.0,3130.24365,1700.125
0.0,3130.23438,1700.25
0.0,3130.2251,1700.375
0.0,3130.2168,1700.5
0.0,3130.20801,1700.625
0.0,3130.19946,1700.75
0.0,3130.19019,1700.875
0.0,3130.18018,1701.0
0.0,3130.16992,1701.125
0.0,3130.16016,1701.25
0.0,3130.1499,1701.375
0.0,3130.14062,1701.5
0.0,3130.13159,1701.625
0.0,3130.12256,1701.75
0.0,3130.11401,1701.875
0.0,3130.10498,1702.0
0.0,3130.09619,1702.125
0.0,3130.08643,1702.25
0.0,3130.0769,1702.375
0.0,3130.06738,1702.5
0.0,3130.05762,1702.625
0.0,3130.04834,1702.75
0.0,3130.03906,1702.875
0.0,3130.03027,1703.0
0.0,3130.021,1703.125
0.0,3130.0127,1703.25
0.0,3130.00586,1703.375
0.0,3130.00073,1703.5
0.0,3129.99707,1703.625
0.0,3129.99463,1703.75
0.0,3129.99268,1703.875
0.0,3129.99072,1704.0
0.0,3129.98779,1704.125
0.0,3129.98438,1704.25
0.0,3129.98047,1704.375
0.0,3129.97559,1704.5
0.0,3129.97021,1704.625
0.0,3129.96387,1704.75
0.0,3129.9563,1704.875
0.0,3129.94727,1705.0
0.0,3129.93774,1705.125
0.0,3129.92725,1705.25
0.0,3129.91675,1705.375
0.0,3129.90576,1705.5
0.0,3129.89502,1705.625
0.0,3129.88452,1705.75
0.0,3129.87354,1705.875
0.0,3129.86279,1706.0
0.0,3129.85205,1706.125
0.0,3129.8418,1706.25
0.0,3129.83057,1706.375
0.0,3129.81982,1706.5
0.0,3129.80859,1706.625
0.0,3129.79736,1706.75
0.0,3129.78564,1706.875
0.0,3129.77393,1707.0
0.0,3129.76172,1707.125
0.0,3129.74951,1707.25
0.0,3129.73804,1707.375
0.0,3129.72656,1707.5
0.0,3129.71436,1707.625
0.0,3129.70264,1707.75
0.0,3129.69092,1707.875
0.0,3129.67969,1708.0
0.0,3129.66846,1708.125
0.0,3129.65747,1708.25
0.0,3129.64624,1708.375
0.0,3129.63525,1708.5
0.0,3129.62402,1708.625
0.0,3129.61279,1708.75
0.0,3129.60254,1708.875
0.0,3129.59277,1709.0
0.0,3129.58228,1709.125
0.0,3129.57178,1709.25
0.0,3129.56055,1709.375
0.0,3129.54907,1709.5
0.0,3129.53784,1709.625
0.0,3129.52637,1709.75
0.0,3129.51587,1709.875
0.0,3129.50586,1710.0
0.0,3129.49561,1710.125
0.0,3129.48584,1710.25
0.0,3129.47607,1710.375
0.0,3129.46631,1710.5
0.0,3129.45654,1710.625
0.0,3129.44629,1710.75
0.0,3129.43555,1710.875
0.0,3129.42432,1711.0
0.0,3129.41309,1711.125
0.0,3129.40186,1711.25
0.0,3129.39111,1711.375
0.0,3129.38086,1711.5
0.0,3129.37134,1711.625
0.0,3129.36182,1711.75
0.0,3129.35278,1711.875
0.0,3129.34326,1712.0
0.0,3129.3335,1712.125
0.0,3129.32373,1712.25
0.0,3129.31299,1712.375
0.0,3129.30249,1712.5
0.0,3129.2915,1712.625
0.0,3129.28076,1712.75
0.0,3129.27026,1712.875
0.0,3129.26074,1713.0
0.0,3129.25146,1713.125
0.0,3129.24219,1713.25
0.0,3129.23242,1713.375
0.0,3129.22266,1713.5
0.0,3129.21289,1713.625
0.0,3129.20264,1713.75
0.0,3129.19165,1713.875
0.0,3129.18115,1714.0
0.0,3129.16992,1714.125
0.0,3129.15918,1714.25
0.0,3129.14893,1714.375
0.0,3129.13867,1714.5
0.0,3129.12939,1714.625
0.0,3129.12012,1714.75
0.0,3129.11084,1714.875
0.0,3129.10107,1715.0
0.0,3129.09131,1715.125
0.0,3129.0813,1715.25
0.0,3129.07153,1715.375
0.0,3129.06201,1715.5
0.0,3129.05225,1715.625
0.0,3129.04248,1715.75
0.0,3129.03271,1715.875
0.0,3129.02295,1716.0
0.0,3129.01318,1716.125
0.0,3129.00366,1716.25
0.0,3128.99414,1716.375
0.0,3128.98413,1716.5
0.0,3128.97388,1716.625
0.0,3128.96411,1716.75
0.0,3128.95459,1716.875
0.0,3128.94531,1717.0
0.0,3128.93604,1717.125
0.0,3128.92676,1717.25
0.0,3128.91699,1717.375
0.0,3128.90723,1717.5
0.0,3128.89746,1717.625
0.0,3128.88818,1717.75
0.0,3128.87866,1717.875
0.0,3128.86914,1718.0
0.0,3128.86011,1718.125
0.0,3128.85034,1718.25
0.0,3128.84082,1718.375
0.0,3128.83081,1718.5
0.0,3128.82129,1718.625
0.0,3128.81152,1718.75
0.0,3128.80225,1718.875
0.0,3128.79248,1719.0
0.0,3128.78271,1719.125
0.0,3128.77344,1719.25
0.0,3128.76367,1719.375
0.0,3128.75439,1719.5
0.0,3128.74512,1719.625
0.0,3128.73584,1719.75
0.0,3128.72656,1719.875
0.0,3128.71729,1720.0
0.0,3128.70801,1720.125
0.0,3128.69873,1720.25
0.0,3128.68945,1720.375
0.0,3128.68066,1720.5
0.0,3128.67188,1720.625
0.0,3128.66309,1720.75
0.0,3128.6543,1720.875
0.0,3128.64453,1721.0
0.0,3128.63501,1721.125
0.0,3128.625,1721.25
0.0,3128.61523,1721.375
0.0,3128.60547,1721.5
0.0,3128.5957,1721.625
0.0,3128.58618,1721.75
0.0,3128.57666,1721.875
0.0,3128.56689,1722.0
0.0,3128.55811,1722.125
0.0,3128.54883,1722.25
0.0,3128.54004,1722.375
0.0,3128.53125,1722.5
0.0,3128.52197,1722.625
0.0,3128.5127,1722.75
0.0,3128.50342,1722.875
0.0,3128.49365,1723.0
0.0,3128.48413,1723.125
0.0,3128.47437,1723.25
0.0,3128.46484,1723.375
0.0,3128.45532,1723.5
0.0,3128.44629,1723.625
0.0,3128.4375,1723.75
0.0,3128.42773,1723.875
0.0,3128.41821,1724.0
0.0,3128.40845,1724.125
0.0,3128.39893,1724.25
0.0,3128.38965,1724.375
0.0,3128.38086,1724.5
0.0,3128.37158,1724.625
0.0,3128.36304,1724.75
0.0,3128.35352,1724.875
0.0,3128.34473,1725.0
0.0,3128.33545,1725.125
0.0,3128.32617,1725.25
0.0,3128.31689,1725.375
0.0,3128.30737,1725.5
0.0,3128.29712,1725.625
0.0,3128.28687,1725.75
0.0,3128.27637,1725.875
0.0,3128.26587,1726.0
0.0,3128.25586,1726.125
0.0,3128.24561,1726.25
0.0,3128.23608,1726.375
0.0,3128.22656,1726.5
0.0,3128.21729,1726.625
0.0,3128.20801,1726.75
0.0,3128.19897,1726.875
0.0,3128.19043,1727.0
0.0,3128.18115,1727.125
0.0,3128.17236,1727.25
0.0,3128.16357,1727.375
0.0,3128.1543,1727.5
0.0,3128.14453,1727.625
0.0,3128.13477,1727.75
0.0,3128.12549,1727.875
0.0,3128.11621,1728.0
0.0,3128.10693,1728.125
0.0,3128.09766,1728.25
0.0,3128.08887,1728.375
0.0,3128.07959,1728.5
0.0,3128.07056,1728.625
0.0,3128.06128,1728.75
0.0,3128.052,1728.875
0.0,3128.04224,1729.0
0.0,3128.03271,1729.125
0.0,3128.02319,1729.25
0.0,3128.01367,1729.375
0.0,3128.00439,1729.5
0.0,3127.99536,1729.625
0.0,3127.98657,1729.75
0.0,3127.97705,1729.875
0.0,3127.96729,1730.0
0.0,3127.95801,1730.125
0.0,3127.94824,1730.25
0.0,3127.93896,1730.375
0.0,3127.9292,1730.5
0.0,3127.91992,1730.625
0.0,3127.9104,1730.75
0.0,3127.90088,1730.875
0.0,3127.89185,1731.0
0.0,3127.88306,1731.125
0.0,3127.87451,1731.25
0.0,3127.86548,1731.375
0.0,3127.85645,1731.5
0.0,3127.84668,1731.625
0.0,3127.8374,1731.75
0.0,3127.82861,1731.875
0.0,3127.81958,1732.0
0.0,3127.81055,1732.125
0.0,3127.80151,1732.25
0.0,3127.79224,1732.375
0.0,3127.7832,1732.5
0.0,3127.77344,1732.625
0.0,3127.76416,1732.75
0.0,3127.75439,1732.875
0.0,3127.74561,1733.0
0.0,3127.73633,1733.125
0.0,3127.72803,1733.25
0.0,3127.71924,1733.375
0.0,3127.71094,1733.5
0.0,3127.7019,1733.625
0.0,3127.69287,1733.75
0.0,3127.68335,1733.875
0.0,3127.67432,1734.0
0.0,3127.66504,1734.125
0.0,3127.65552,1734.25
0.0,3127.64673,1734.375
0.0,3127.63818,1734.5
0.0,3127.62891,1734.625
0.0,3127.62012,1734.75
0.0,3127.61133,1734.875
0.0,3127.60229,1735.0
0.0,3127.59326,1735.125
0.0,3127.58447,1735.25
0.0,3127.5752,1735.375
0.0,3127.56641,1735.5
0.0,3127.55737,1735.625
0.0,3127.54834,1735.75
0.0,3127.53955,1735.875
0.0,3127.53052,1736.0
0.0,3127.52148,1736.125
0.0,3127.51221,1736.25
0.0,3127.50269,1736.375
0.0,3127.49365,1736.5
0.0,3127.48389,1736.625
0.0,3127.47485,1736.75
0.0,3127.46606,1736.875
0.0,3127.45752,1737.0
0.0,3127.44873,1737.125
0.0,3127.43921,1737.25
0.0,3127.43018,1737.375
0.0,3127.42041,1737.5
0.0,3127.41138,1737.625
0.0,3127.40283,1737.75
0.0,3127.3938,1737.875
0.0,3127.38501,1738.0
0.0,3127.37573,1738.125
0.0,3127.36646,1738.25
0.0,3127.35693,1738.375
0.0,3127.34814,1738.5
0.0,3127.33887,1738.625
0.0,3127.33057,1738.75
0.0,3127.32227,1738.875
0.0,3127.31396,1739.0
0.0,3127.30566,1739.125
0.0,3127.29688,1739.25
0.0,3127.28784,1739.375
0.0,3127.27832,1739.5
0.0,3127.2688,1739.625
0.0,3127.25977,1739.75
0.0,3127.25098,1739.875
0.0,3127.24243,1740.0
0.0,3127.23438,1740.125
0.0,3127.22656,1740.25
0.0,3127.21875,1740.375
0.0,3127.21021,1740.5
0.0,3127.20166,1740.625
0.0,3127.19287,1740.75
0.0,3127.18408,1740.875
0.0,3127.1748,1741.0
0.0,3127.16602,1741.125
0.0,3127.15771,1741.25
0.0,3127.14941,1741.375
0.0,3127.14062,1741.5
0.0,3127.13208,1741.625
0.0,3127.12354,1741.75
0.0,3127.11523,1741.875
0.0,3127.10645,1742.0
0.0,3127.09766,1742.125
0.0,3127.08862,1742.25
0.0,3127.07959,1742.375
0.0,3127.0708,1742.5
0.0,3127.06201,1742.625
0.0,3127.05371,1742.75
0.0,3127.04541,1742.875
0.0,3127.03662,1743.0
0.0,3127.02808,1743.125
0.0,3127.01904,1743.25
0.0,3127.01001,1743.375
0.0,3127.00098,1743.5
0.0,3126.9917,1743.625
0.0,3126.98291,1743.75
0.0,3126.97388,1743.875
0.0,3126.96558,1744.0
0.0,3126.95703,1744.125
0.0,3126.94849,1744.25
0.0,3126.93994,1744.375
0.0,3126.9314,1744.5
0.0,3126.9231,1744.625
0.0,3126.91455,1744.75
0.0,3126.90625,1744.875
0.0,3126.89795,1745.0
0.0,3126.88916,1745.125
0.0,3126.88037,1745.25
0.0,3126.87134,1745.375
0.0,3126.8623,1745.5
0.0,3126.85254,1745.625
0.0,3126.84375,1745.75
0.0,3126.83496,1745.875
0.0,3126.82666,1746.0
0.0,3126.81885,1746.125
0.0,3126.81079,1746.25
0.0,3126.80225,1746.375
0.0,3126.79297,1746.5
0.0,3126.78369,1746.625
0.0,3126.77441,1746.75
0.0,3126.76562,1746.875
0.0,3126.75684,1747.0
0.0,3126.74854,1747.125
0.0,3126.74023,1747.25
0.0,3126.73193,1747.375
0.0,3126.72412,1747.5
0.0,3126.71582,1747.625
0.0,3126.70752,1747.75
0.0,3126.69971,1747.875
0.0,3126.69141,1748.0
0.0,3126.68262,1748.125
0.0,3126.6731,1748.25
0.0,3126.66162,1748.375
0.0,3126.64844,1748.5
0.0,3126.63281,1748.625
0.0,3126.61621,1748.75
0.0,3126.59961,1748.875
0.0,3126.5835,1749.0
0.0,3126.56836,1749.125
0.0,3126.55469,1749.25
0.0,3126.5415,1749.375
0.0,3126.52832,1749.5
0.0,3126.51587,1749.625
0.0,3126.50317,1749.75
0.0,3126.49121,1749.875
0.0,3126.47949,1750.0
0.0,3126.46851,1750.125
0.0,3126.45825,1750.25
0.0,3126.44873,1750.375
0.0,3126.43994,1750.5
0.0,3126.43164,1750.625
0.0,3126.42383,1750.75
0.0,3126.41577,1750.875
0.0,3126.40771,1751.0
0.0,3126.40039,1751.125
0.0,3126.39355,1751.25
0.0,3126.38623,1751.375
0.0,3126.37939,1751.5
0.0,3126.37158,1751.625
0.0,3126.36328,1751.75
0.0,3126.35449,1751.875
0.0,3126.34619,1752.0
0.0,3126.33789,1752.125
0.0,3126.32959,1752.25
0.0,3126.32178,1752.375
0.0,3126.31445,1752.5
0.0,3126.30664,1752.625
0.0,3126.29932,1752.75
0.0,3126.29102,1752.875
0.0,3126.28271,1753.0
0.0,3126.27393,1753.125
0.0,3126.26514,1753.25
0.0,3126.25684,1753.375
0.0,3126.24854,1753.5
0.0,3126.24048,1753.625
0.0,3126.23218,1753.75
0.0,3126.22412,1753.875
0.0,3126.21533,1754.0
0.0,3126.20654,1754.125
0.0,3126.19775,1754.25
0.0,3126.18896,1754.375
0.0,3126.18066,1754.5
0.0,3126.17236,1754.625
0.0,3126.16455,1754.75
0.0,3126.15674,1754.875
0.0,3126.14941,1755.0
0.0,3126.14062,1755.125
0.0,3126.13257,1755.25
0.0,3126.12354,1755.375
0.0,3126.11523,1755.5
0.0,3126.10669,1755.625
0.0,3126.09766,1755.75
0.0,3126.0896,1755.875
0.0,3126.08105,1756.0
0.0,3126.07275,1756.125
0.0,3126.06372,1756.25
0.0,3126.05518,1756.375
0.0,3126.04688,1756.5
0.0,3126.03809,1756.625
0.0,3126.02979,1756.75
0.0,3126.02148,1756.875
0.0,3126.0127,1757.0
0.0,3126.00415,1757.125
0.0,3125.99512,1757.25
0.0,3125.98584,1757.375
0.0,3125.97705,1757.5
0.0,3125.96851,1757.625
0.0,3125.95996,1757.75
0.0,3125.95142,1757.875
0.0,3125.94336,1758.0
0.0,3125.93457,1758.125
0.0,3125.92651,1758.25
0.0,3125.91772,1758.375
0.0,3125.90918,1758.5
0.0,3125.90063,1758.625
0.0,3125.8916,1758.75
0.0,3125.88281,1758.875
0.0,3125.87402,1759.0
0.0,3125.86548,1759.125
0.0,3125.85693,1759.25
0.0,3125.8479,1759.375
0.0,3125.83887,1759.5
0.0,3125.83008,1759.625
0.0,3125.82178,1759.75
0.0,3125.81348,1759.875
0.0,3125.80518,1760.0
0.0,3125.79688,1760.125
0.0,3125.78809,1760.25
0.0,3125.7793,1760.375
0.0,3125.77026,1760.5
0.0,3125.76172,1760.625
0.0,3125.75342,1760.75
0.0,3125.74585,1760.875
0.0,3125.73779,1761.0
0.0,3125.72949,1761.125
0.0,3125.72119,1761.25
0.0,3125.71265,1761.375
0.0,3125.70435,1761.5
0.0,3125.69629,1761.625
0.0,3125.68848,1761.75
0.0,3125.68066,1761.875
0.0,3125.67261,1762.0
0.0,3125.66406,1762.125
0.0,3125.65527,1762.25
0.0,3125.64624,1762.375
0.0,3125.6377,1762.5
0.0,3125.62939,1762.625
0.0,3125.62158,1762.75
0.0,3125.61328,1762.875
0.0,3125.60449,1763.0
0.0,3125.5957,1763.125
0.0,3125.58691,1763.25
0.0,3125.57788,1763.375
0.0,3125.56885,1763.5
0.0,3125.56006,1763.625
0.0,3125.55127,1763.75
0.0,3125.54224,1763.875
0.0,3125.53369,1764.0
0.0,3125.52539,1764.125
0.0,3125.51709,1764.25
0.0,3125.50854,1764.375
0.0,3125.49976,1764.5
0.0,3125.49097,1764.625
0.0,3125.48145,1764.75
0.0,3125.47192,1764.875
0.0,3125.4624,1765.0
0.0,3125.45312,1765.125
0.0,3125.44409,1765.25
0.0,3125.4353,1765.375
0.0,3125.427,1765.5
0.0,3125.41797,1765.625
0.0,3125.40918,1765.75
0.0,3125.3999,1765.875
0.0,3125.39111,1766.0
0.0,3125.38257,1766.125
0.0,3125.37476,1766.25
0.0,3125.3667,1766.375
0.0,3125.35889,1766.5
0.0,3125.35034,1766.625
0.0,3125.34106,1766.75
0.0,3125.33179,1766.875
0.0,3125.32275,1767.0
0.0,3125.31445,1767.125
0.0,3125.30615,1767.25
0.0,3125.29834,1767.375
0.0,3125.29004,1767.5
0.0,3125.28101,1767.625
0.0,3125.27197,1767.75
0.0,3125.26318,1767.875
0.0,3125.25439,1768.0
0.0,3125.24609,1768.125
0.0,3125.23804,1768.25
0.0,3125.22949,1768.375
0.0,3125.22119,1768.5
0.0,3125.2124,1768.625
0.0,3125.20361,1768.75
0.0,3125.19482,1768.875
0.0,3125.18652,1769.0
0.0,3125.17822,1769.125
0.0,3125.16992,1769.25
0.0,3125.16138,1769.375
0.0,3125.15283,1769.5
0.0,3125.14404,1769.625
0.0,3125.13477,1769.75
0.0,3125.12646,1769.875
0.0,3125.11743,1770.0
0.0,3125.10938,1770.125
0.0,3125.10156,1770.25
0.0,3125.09326,1770.375
0.0,3125.08521,1770.5
0.0,3125.07666,1770.625
0.0,3125.06836,1770.75
0.0,3125.05957,1770.875
0.0,3125.05127,1771.0
0.0,3125.04346,1771.125
0.0,3125.03564,1771.25
0.0,3125.02759,1771.375
0.0,3125.01904,1771.5
0.0,3125.01025,1771.625
0.0,3125.00171,1771.75
0.0,3124.99316,1771.875
0.0,3124.98486,1772.0
0.0,3124.97754,1772.125
0.0,3124.96973,1772.25
0.0,3124.96191,1772.375
0.0,3124.9541,1772.5
0.0,3124.9458,1772.625
0.0,3124.9375,1772.75
0.0,3124.92896,1772.875
0.0,3124.9209,1773.0
0.0,3124.91309,1773.125
0.0,3124.90479,1773.25
0.0,3124.89648,1773.375
0.0,3124.88818,1773.5
0.0,3124.87964,1773.625
0.0,3124.87134,1773.75
0.0,3124.86328,1773.875
0.0,3124.85547,1774.0
0.0,3124.84766,1774.125
0.0,3124.83984,1774.25
0.0,3124.83154,1774.375
0.0,3124.82349,1774.5
0.0,3124.81494,1774.625
0.0,3124.80688,1774.75
0.0,3124.79883,1774.875
0.0,3124.79053,1775.0
0.0,3124.78223,1775.125
0.0,3124.77368,1775.25
0.0,3124.76489,1775.375
0.0,3124.75635,1775.5
0.0,3124.74756,1775.625
0.0,3124.7395,1775.75
0.0,3124.73096,1775.875
0.0,3124.72314,1776.0
0.0,3124.71533,1776.125
0.0,3124.70703,1776.25
0.0,3124.69824,1776.375
0.0,3124.68945,1776.5
0.0,3124.68018,1776.625
0.0,3124.67139,1776.75
0.0,3124.66284,1776.875
0.0,3124.65454,1777.0
0.0,3124.64624,1777.125
0.0,3124.63867,1777.25
0.0,3124.63086,1777.375
0.0,3124.6228,1777.5
0.0,3124.61426,1777.625
0.0,3124.60547,1777.75
0.0,3124.59668,1777.875
0.0,3124.58765,1778.0
0.0,3124.57837,1778.125
0.0,3124.56934,1778.25
0.0,3124.56104,1778.375
0.0,3124.55273,1778.5
0.0,3124.54492,1778.625
0.0,3124.53662,1778.75
0.0,3124.52783,1778.875
0.0,3124.51904,1779.0
0.0,3124.50977,1779.125
0.0,3124.50122,1779.25
0.0,3124.49243,1779.375
0.0,3124.48389,1779.5
0.0,3124.47607,1779.625
0.0,3124.46777,1779.75
0.0,3124.45972,1779.875
0.0,3124.4519,1780.0
0.0,3124.44336,1780.125
0.0,3124.43506,1780.25
0.0,3124.42578,1780.375
0.0,3124.4165,1780.5
0.0,3124.40771,1780.625
0.0,3124.39941,1780.75
0.0,3124.39136,1780.875
0.0,3124.3833,1781.0
0.0,3124.375,1781.125
0.0,3124.3667,1781.25
0.0,3124.35791,1781.375
0.0,3124.34937,1781.5
0.0,3124.34082,1781.625
0.0,3124.33252,1781.75
0.0,3124.32471,1781.875
0.0,3124.31592,1782.0
0.0,3124.30762,1782.125
0.0,3124.29907,1782.25
0.0,3124.29077,1782.375
0.0,3124.28223,1782.5
0.0,3124.27466,1782.625
0.0,3124.26685,1782.75
0.0,3124.25928,1782.875
0.0,3124.25146,1783.0
0.0,3124.24365,1783.125
0.0,3124.23535,1783.25
0.0,3124.22705,1783.375
0.0,3124.21875,1783.5
0.0,3124.21069,1783.625
0.0,3124.20264,1783.75
0.0,3124.19482,1783.875
0.0,3124.18677,1784.0
0.0,3124.17847,1784.125
0.0,3124.16992,1784.25
0.0,3124.16187,1784.375
0.0,3124.15308,1784.5
0.0,3124.14453,1784.625
0.0,3124.13574,1784.75
0.0,3124.12695,1784.875
0.0,3124.11841,1785.0
0.0,3124.10986,1785.125
0.0,3124.10156,1785.25
0.0,3124.09375,1785.375
0.0,3124.08569,1785.5
0.0,3124.07764,1785.625
0.0,3124.06982,1785.75
0.0,3124.06104,1785.875
0.0,3124.05273,1786.0
0.0,3124.04443,1786.125
0.0,3124.03613,1786.25
0.0,3124.02783,1786.375
0.0,3124.02002,1786.5
0.0,3124.01245,1786.625
0.0,3124.00464,1786.75
0.0,3123.99658,1786.875
0.0,3123.98877,1787.0
0.0,3123.97998,1787.125
0.0,3123.97168,1787.25
0.0,3123.96289,1787.375
0.0,3123.95361,1787.5
0.0,3123.94482,1787.625
0.0,3123.93652,1787.75
0.0,3123.9292,1787.875
0.0,3123.92114,1788.0
0.0,3123.91333,1788.125
0.0,3123.90527,1788.25
0.0,3123.89697,1788.375
0.0,3123.88867,1788.5
0.0,3123.87988,1788.625
0.0,3123.87183,1788.75
0.0,3123.86353,1788.875
0.0,3123.85498,1789.0
0.0,3123.84692,1789.125
0.0,3123.83813,1789.25
0.0,3123.83008,1789.375
0.0,3123.82129,1789.5
0.0,3123.81396,1789.625
0.0,3123.80566,1789.75
0.0,3123.79736,1789.875
0.0,3123.78857,1790.0
0.0,3123.78003,1790.125
0.0,3123.77148,1790.25
0.0,3123.7627,1790.375
0.0,3123.75439,1790.5
0.0,3123.74658,1790.625
0.0,3123.73779,1790.75
0.0,3123.72998,1790.875
0.0,3123.72192,1791.0
0.0,3123.71387,1791.125
0.0,3123.7063,1791.25
0.0,3123.69873,1791.375
0.0,3123.69067,1791.5
0.0,3123.68262,1791.625
0.0,3123.67456,1791.75
0.0,3123.66602,1791.875
0.0,3123.65771,1792.0
0.0,3123.64893,1792.125
0.0,3123.64038,1792.25
0.0,3123.63184,1792.375
0.0,3123.62402,1792.5
0.0,3123.61572,1792.625
0.0,3123.60767,1792.75
0.0,3123.59961,1792.875
0.0,3123.5918,1793.0
0.0,3123.5835,1793.125
0.0,3123.5752,1793.25
0.0,3123.56641,1793.375
0.0,3123.55786,1793.5
0.0,3123.54956,1793.625
0.0,3123.5415,1793.75
0.0,3123.53369,1793.875
0.0,3123.52539,1794.0
0.0,3123.51758,1794.125
0.0,3123.50928,1794.25
0.0,3123.50098,1794.375
0.0,3123.49243,1794.5
0.0,3123.48413,1794.625
0.0,3123.47607,1794.75
0.0,3123.46826,1794.875
0.0,3123.46021,1795.0
0.0,3123.45215,1795.125
0.0,3123.44409,1795.25
0.0,3123.43604,1795.375
0.0,3123.42822,1795.5
0.0,3123.42041,1795.625
0.0,3123.41309,1795.75
0.0,3123.40576,1795.875
0.0,3123.39795,1796.0
0.0,3123.38916,1796.125
0.0,3123.38086,1796.25
0.0,3123.37207,1796.375
0.0,3123.36328,1796.5
0.0,3123.35498,1796.625
0.0,3123.34717,1796.75
0.0,3123.33936,1796.875
0.0,3123.33154,1797.0
0.0,3123.32324,1797.125
0.0,3123.3147,1797.25
0.0,3123.30615,1797.375
0.0,3123.29736,1797.5
0.0,3123.28906,1797.625
0.0,3123.28003,1797.75
0.0,3123.271,1797.875
0.0,3123.26172,1798.0
0.0,3123.25317,1798.125
0.0,3123.24463,1798.25
0.0,3123.23633,1798.375
0.0,3123.22852,1798.5
0.0,3123.22021,1798.625
0.0,3123.21167,1798.75
0.0,3123.20361,1798.875
0.0,3123.19531,1799.0
0.0,3123.18701,1799.125
0.0,3123.17871,1799.25
0.0,3123.16992,1799.375
0.0,3123.16113,1799.5
0.0,3123.1521,1799.625
0.0,3123.14355,1799.75
0.0,3123.13477,1799.875
0.0,3123.12646,1800.0
0.0,3123.11792,1800.125
0.0,3123.10938,1800.25
0.0,3123.10083,1800.375
0.0,3123.09229,1800.5
0.0,3123.08374,1800.625
0.0,3123.07568,1800.75
0.0,3123.06689,1800.875
0.0,3123.05811,1801.0
0.0,3123.04932,1801.125
0.0,3123.04053,1801.25
0.0,3123.03198,1801.375
0.0,3123.02344,1801.5
0.0,3123.01465,1801.625
0.0,3123.00635,1801.75
0.0,3122.99756,1801.875
0.0,3122.98901,1802.0
0.0,3122.98047,1802.125
0.0,3122.97217,1802.25
0.0,3122.96411,1802.375
0.0,3122.95557,1802.5
0.0,3122.94727,1802.625
0.0,3122.93848,1802.75
0.0,3122.9292,1802.875
0.0,3122.91992,1803.0
0.0,3122.91089,1803.125
0.0,3122.90186,1803.25
0.0,3122.89355,1803.375
0.0,3122.88574,1803.5
0.0,3122.87769,1803.625
0.0,3122.86938,1803.75
0.0,3122.86084,1803.875
0.0,3122.85156,1804.0
0.0,3122.8418,1804.125
0.0,3122.83179,1804.25
0.0,3122.82227,1804.375
0.0,3122.81299,1804.5
0.0,3122.80396,1804.625
0.0,3122.79492,1804.75
0.0,3122.78662,1804.875
0.0,3122.77832,1805.0
0.0,3122.77051,1805.125
0.0,3122.76172,1805.25
0.0,3122.75342,1805.375
0.0,3122.74463,1805.5
0.0,3122.7356,1805.625
0.0,3122.72656,1805.75
0.0,3122.71826,1805.875
0.0,3122.70972,1806.0
0.0,3122.70166,1806.125
0.0,3122.69336,1806.25
0.0,3122.6853,1806.375
0.0,3122.67725,1806.5
0.0,3122.66895,1806.625
0.0,3122.66064,1806.75
0.0,3122.65234,1806.875
0.0,3122.64404,1807.0
0.0,3122.6355,1807.125
0.0,3122.6272,1807.25
0.0,3122.61914,1807.375
0.0,3122.61133,1807.5
0.0,3122.60303,1807.625
0.0,3122.59521,1807.75
0.0,3122.58691,1807.875
0.0,3122.57861,1808.0
0.0,3122.57031,1808.125
0.0,3122.56226,1808.25
0.0,3122.55371,1808.375
0.0,3122.5459,1808.5
0.0,3122.53809,1808.625
0.0,3122.52979,1808.75
0.0,3122.52148,1808.875
0.0,3122.51294,1809.0
0.0,3122.50439,1809.125
0.0,3122.49609,1809.25
0.0,3122.48828,1809.375
0.0,3122.47998,1809.5
0.0,3122.47168,1809.625
0.0,3122.46338,1809.75
0.0,3122.45532,1809.875
0.0,3122.44702,1810.0
0.0,3122.43896,1810.125
0.0,3122.43115,1810.25
0.0,3122.4231,1810.375
0.0,3122.41504,1810.5
0.0,3122.40723,1810.625
0.0,3122.39893,1810.75
0.0,3122.39111,1810.875
0.0,3122.38281,1811.0
0.0,3122.37476,1811.125
0.0,3122.3667,1811.25
0.0,3122.3584,1811.375
0.0,3122.3501,1811.5
0.0,3122.3418,1811.625
0.0,3122.3335,1811.75
0.0,3122.32495,1811.875
0.0,3122.31641,1812.0
0.0,3122.30835,1812.125
0.0,3122.30029,1812.25
0.0,3122.29272,1812.375
0.0,3122.28491,1812.5
0.0,3122.27686,1812.625
0.0,3122.26807,1812.75
0.0,3122.25977,1812.875
0.0,3122.25122,1813.0
0.0,3122.24341,1813.125
0.0,3122.23584,1813.25
0.0,3122.22852,1813.375
0.0,3122.2207,1813.5
0.0,3122.21289,1813.625
0.0,3122.20483,1813.75
0.0,3122.19653,1813.875
0.0,3122.18799,1814.0
0.0,3122.17969,1814.125
0.0,3122.1709,1814.25
0.0,3122.16309,1814.375
0.0,3122.15527,1814.5
0.0,3122.14746,1814.625
0.0,3122.13916,1814.75
0.0,3122.13086,1814.875
0.0,3122.12256,1815.0
0.0,3122.11426,1815.125
0.0,3122.10596,1815.25
0.0,3122.09814,1815.375
0.0,3122.08984,1815.5
0.0,3122.08203,1815.625
0.0,3122.07422,1815.75
0.0,3122.06616,1815.875
0.0,3122.05811,1816.0
0.0,3122.04932,1816.125
0.0,3122.04102,1816.25
0.0,3122.03223,1816.375
0.0,3122.02393,1816.5
0.0,3122.01562,1816.625
0.0,3122.00732,1816.75
0.0,3121.99902,1816.875
0.0,3121.99072,1817.0
0.0,3121.98267,1817.125
0.0,3121.97461,1817.25
0.0,3121.9668,1817.375
0.0,3121.95898,1817.5
0.0,3121.95117,1817.625
0.0,3121.94287,1817.75
0.0,3121.93457,1817.875
0.0,3121.92627,1818.0
0.0,3121.91821,1818.125
0.0,3121.91064,1818.25
0.0,3121.90332,1818.375
0.0,3121.89551,1818.5
0.0,3121.8877,1818.625
0.0,3121.87939,1818.75
0.0,3121.87085,1818.875
0.0,3121.8623,1819.0
0.0,3121.85376,1819.125
0.0,3121.8457,1819.25
0.0,3121.83789,1819.375
0.0,3121.83008,1819.5
0.0,3121.82227,1819.625
0.0,3121.8147,1819.75
0.0,3121.80664,1819.875
0.0,3121.79907,1820.0
0.0,3121.79126,1820.125
0.0,3121.7832,1820.25
0.0,3121.77515,1820.375
0.0,3121.7666,1820.5
0.0,3121.7583,1820.625
0.0,3121.75,1820.75
0.0,3121.74268,1820.875
0.0,3121.73584,1821.0
0.0,3121.72803,1821.125
0.0,3121.72021,1821.25
0.0,3121.71216,1821.375
0.0,3121.70361,1821.5
0.0,3121.69531,1821.625
0.0,3121.68652,1821.75
0.0,3121.67822,1821.875
0.0,3121.66992,1822.0
0.0,3121.66138,1822.125
0.0,3121.65283,1822.25
0.0,3121.64478,1822.375
0.0,3121.63696,1822.5
0.0,3121.62891,1822.625
0.0,3121.62109,1822.75
0.0,3121.61304,1822.875
0.0,3121.60498,1823.0
0.0,3121.59717,1823.125
0.0,3121.58887,1823.25
0.0,3121.58008,1823.375
0.0,3121.57202,1823.5
0.0,3121.56396,1823.625
0.0,3121.55566,1823.75
0.0,3121.54712,1823.875
0.0,3121.53906,1824.0
0.0,3121.53052,1824.125
0.0,3121.52246,1824.25
0.0,3121.51416,1824.375
0.0,3121.50635,1824.5
0.0,3121.49878,1824.625
0.0,3121.49121,1824.75
0.0,3121.4834,1824.875
0.0,3121.4751,1825.0
0.0,3121.46704,1825.125
0.0,3121.45898,1825.25
0.0,3121.45068,1825.375
0.0,3121.44238,1825.5
0.0,3121.43335,1825.625
0.0,3121.42529,1825.75
0.0,3121.4165,1825.875
0.0,3121.4082,1826.0
0.0,3121.3999,1826.125
0.0,3121.39209,1826.25
0.0,3121.38428,1826.375
0.0,3121.37646,1826.5
0.0,3121.36865,1826.625
0.0,3121.36084,1826.75
0.0,3121.35254,1826.875
0.0,3121.34448,1827.0
0.0,3121.33643,1827.125
0.0,3121.32812,1827.25
0.0,3121.32031,1827.375
0.0,3121.31201,1827.5
0.0,3121.3042,1827.625
0.0,3121.29565,1827.75
0.0,3121.28711,1827.875
0.0,3121.27856,1828.0
0.0,3121.27051,1828.125
0.0,3121.26221,1828.25
0.0,3121.25415,1828.375
0.0,3121.24658,1828.5
0.0,3121.23853,1828.625
0.0,3121.23096,1828.75
0.0,3121.2229,1828.875
0.0,3121.2146,1829.0
0.0,3121.20654,1829.125
0.0,3121.19775,1829.25
0.0,3121.18994,1829.375
0.0,3121.18164,1829.5
0.0,3121.17358,1829.625
0.0,3121.16504,1829.75
0.0,3121.15674,1829.875
0.0,3121.14844,1830.0
0.0,3121.14014,1830.125
0.0,3121.13232,1830.25
0.0,3121.12427,1830.375
0.0,3121.11621,1830.5
0.0,3121.10864,1830.625
0.0,3121.10083,1830.75
0.0,3121.09326,1830.875
0.0,3121.08521,1831.0
0.0,3121.07739,1831.125
0.0,3121.06958,1831.25
0.0,3121.06152,1831.375
0.0,3121.05371,1831.5
0.0,3121.04541,1831.625
0.0,3121.03687,1831.75
0.0,3121.02881,1831.875
0.0,3121.02051,1832.0
0.0,3121.0127,1832.125
0.0,3121.00537,1832.25
0.0,3120.99756,1832.375
0.0,3120.98975,1832.5
0.0,3120.98145,1832.625
0.0,3120.97314,1832.75
0.0,3120.96484,1832.875
0.0,3120.95703,1833.0
0.0,3120.94922,1833.125
0.0,3120.94165,1833.25
0.0,3120.93384,1833.375
0.0,3120.92578,1833.5
0.0,3120.91748,1833.625
0.0,3120.90918,1833.75
0.0,3120.90088,1833.875
0.0,3120.89307,1834.0
0.0,3120.88477,1834.125
0.0,3120.87671,1834.25
0.0,3120.86914,1834.375
0.0,3120.86084,1834.5
0.0,3120.85303,1834.625
0.0,3120.84521,1834.75
0.0,3120.83789,1834.875
0.0,3120.83008,1835.0
0.0,3120.82227,1835.125
0.0,3120.81445,1835.25
0.0,3120.80615,1835.375
0.0,3120.79785,1835.5
0.0,3120.78955,1835.625
0.0,3120.78174,1835.75
0.0,3120.77393,1835.875
0.0,3120.76611,1836.0
0.0,3120.75879,1836.125
0.0,3120.75098,1836.25
0.0,3120.74365,1836.375
0.0,3120.73633,1836.5
0.0,3120.729,1836.625
0.0,3120.72217,1836.75
0.0,3120.71533,1836.875
0.0,3120.70801,1837.0
0.0,3120.7002,1837.125
0.0,3120.69189,1837.25
0.0,3120.68335,1837.375
0.0,3120.6748,1837.5
0.0,3120.66699,1837.625
0.0,3120.65918,1837.75
0.0,3120.6521,1837.875
0.0,3120.64502,1838.0
0.0,3120.63745,1838.125
0.0,3120.62988,1838.25
0.0,3120.62183,1838.375
0.0,3120.61377,1838.5
0.0,3120.60596,1838.625
0.0,3120.59814,1838.75
0.0,3120.58984,1838.875
0.0,3120.58203,1839.0
0.0,3120.57397,1839.125
0.0,3120.56592,1839.25
0.0,3120.55811,1839.375
0.0,3120.5498,1839.5
0.0,3120.54199,1839.625
0.0,3120.53394,1839.75
0.0,3120.52637,1839.875
0.0,3120.51855,1840.0
0.0,3120.51074,1840.125
0.0,3120.50317,1840.25
0.0,3120.49512,1840.375
0.0,3120.48682,1840.5
0.0,3120.47803,1840.625
0.0,3120.46973,1840.75
0.0,3120.46143,1840.875
0.0,3120.45312,1841.0
0.0,3120.44531,1841.125
0.0,3120.4375,1841.25
0.0,3120.42969,1841.375
0.0,3120.42236,1841.5
0.0,3120.41455,1841.625
0.0,3120.40674,1841.75
0.0,3120.39819,1841.875
0.0,3120.39014,1842.0
0.0,3120.38135,1842.125
0.0,3120.37329,1842.25
0.0,3120.36597,1842.375
0.0,3120.35889,1842.5
0.0,3120.35181,1842.625
0.0,3120.34424,1842.75
0.0,3120.33643,1842.875
0.0,3120.32812,1843.0
0.0,3120.31982,1843.125
0.0,3120.31128,1843.25
0.0,3120.30225,1843.375
0.0,3120.29297,1843.5
0.0,3120.28369,1843.625
0.0,3120.27319,1843.75
0.0,3120.26294,1843.875
0.0,3120.25293,1844.0
0.0,3120.24268,1844.125
0.0,3120.23242,1844.25
0.0,3120.22266,1844.375
0.0,3120.21289,1844.5
0.0,3120.20361,1844.625
0.0,3120.19531,1844.75
0.0,3120.18799,1844.875
0.0,3120.18213,1845.0
0.0,3120.17676,1845.125
0.0,3120.1709,1845.25
0.0,3120.16504,1845.375
0.0,3120.1582,1845.5
0.0,3120.15112,1845.625
0.0,3120.1438,1845.75
0.0,3120.13599,1845.875
0.0,3120.12891,1846.0
0.0,3120.12158,1846.125
0.0,3120.11353,1846.25
0.0,3120.10522,1846.375
0.0,3120.09619,1846.5
0.0,3120.08691,1846.625
0.0,3120.07666,1846.75
0.0,3120.06689,1846.875
0.0,3120.05664,1847.0
0.0,3120.0459,1847.125
0.0,3120.03564,1847.25
0.0,3120.02563,1847.375
0.0,3120.01587,1847.5
0.0,3120.00635,1847.625
0.0,3119.99707,1847.75
0.0,3119.98853,1847.875
0.0,3119.97949,1848.0
0.0,3119.9707,1848.125
0.0,3119.9624,1848.25
0.0,3119.9541,1848.375
0.0,3119.94507,1848.5
0.0,3119.93604,1848.625
0.0,3119.92676,1848.75
0.0,3119.91675,1848.875
0.0,3119.90723,1849.0
0.0,3119.89697,1849.125
0.0,3119.88696,1849.25
0.0,3119.8772,1849.375
0.0,3119.86768,1849.5
0.0,3119.85791,1849.625
0.0,3119.84863,1849.75
0.0,3119.83936,1849.875
0.0,3119.83008,1850.0
0.0,3119.8208,1850.125
0.0,3119.81152,1850.25
0.0,3119.80225,1850.375
0.0,3119.79297,1850.5
0.0,3119.7832,1850.625
0.0,3119.77393,1850.75
0.0,3119.76416,1850.875
0.0,3119.75488,1851.0
0.0,3119.74512,1851.125
0.0,3119.73584,1851.25
0.0,3119.72656,1851.375
0.0,3119.71753,1851.5
0.0,3119.7085,1851.625
0.0,3119.69971,1851.75
0.0,3119.69092,1851.875
0.0,3119.68213,1852.0
0.0,3119.67285,1852.125
0.0,3119.66357,1852.25
0.0,3119.65479,1852.375
0.0,3119.646,1852.5
0.0,3119.63672,1852.625
0.0,3119.62744,1852.75
0.0,3119.61841,1852.875
0.0,3119.60938,1853.0
0.0,3119.6001,1853.125
0.0,3119.59131,1853.25
0.0,3119.58252,1853.375
0.0,3119.57373,1853.5
0.0,3119.5647,1853.625
0.0,3119.55566,1853.75
0.0,3119.54688,1853.875
0.0,3119.5376,1854.0
0.0,3119.52905,1854.125
0.0,3119.51978,1854.25
0.0,3119.51074,1854.375
0.0,3119.50146,1854.5
0.0,3119.49243,1854.625
0.0,3119.4834,1854.75
0.0,3119.47437,1854.875
0.0,3119.46533,1855.0
0.0,3119.45654,1855.125
0.0,3119.44775,1855.25
0.0,3119.43921,1855.375
0.0,3119.43066,1855.5
0.0,3119.42212,1855.625
0.0,3119.41406,1855.75
0.0,3119.40576,1855.875
0.0,3119.39746,1856.0
0.0,3119.38916,1856.125
0.0,3119.38037,1856.25
0.0,3119.37158,1856.375
0.0,3119.36279,1856.5
0.0,3119.35425,1856.625
0.0,3119.34595,1856.75
0.0,3119.3374,1856.875
0.0,3119.32935,1857.0
0.0,3119.3208,1857.125
0.0,3119.3125,1857.25
0.0,3119.3042,1857.375
0.0,3119.2959,1857.5
0.0,3119.2876,1857.625
0.0,3119.27979,1857.75
0.0,3119.27173,1857.875
0.0,3119.26367,1858.0
0.0,3119.25513,1858.125
0.0,3119.24658,1858.25
0.0,3119.23828,1858.375
0.0,3119.22974,1858.5
0.0,3119.22144,1858.625
0.0,3119.21338,1858.75
0.0,3119.20508,1858.875
0.0,3119.19653,1859.0
0.0,3119.18799,1859.125
0.0,3119.18018,1859.25
0.0,3119.17139,1859.375
0.0,3119.16309,1859.5
0.0,3119.15405,1859.625
0.0,3119.14575,1859.75
0.0,3119.13721,1859.875
0.0,3119.12915,1860.0
0.0,3119.12109,1860.125
0.0,3119.11328,1860.25
0.0,3119.10522,1860.375
0.0,3119.09766,1860.5
0.0,3119.08984,1860.625
0.0,3119.08179,1860.75
0.0,3119.07324,1860.875
0.0,3119.06445,1861.0
0.0,3119.05591,1861.125
0.0,3119.04761,1861.25
0.0,3119.03906,1861.375
0.0,3119.03125,1861.5
0.0,3119.02344,1861.625
0.0,3119.01538,1861.75
0.0,3119.00732,1861.875
0.0,3118.99927,1862.0
0.0,3118.99121,1862.125
0.0,3118.9834,1862.25
0.0,3118.97559,1862.375
0.0,3118.96826,1862.5
0.0,3118.96045,1862.625
0.0,3118.95264,1862.75
0.0,3118.94482,1862.875
0.0,3118.93628,1863.0
0.0,3118.92798,1863.125
0.0,3118.91943,1863.25
0.0,3118.91113,1863.375
0.0,3118.90308,1863.5
0.0,3118.89502,1863.625
0.0,3118.88623,1863.75
0.0,3118.87793,1863.875
0.0,3118.87012,1864.0
0.0,3118.8623,1864.125
0.0,3118.85498,1864.25
0.0,3118.84717,1864.375
0.0,3118.83911,1864.5
0.0,3118.83057,1864.625
0.0,3118.82178,1864.75
0.0,3118.81348,1864.875
0.0,3118.80542,1865.0
0.0,3118.79785,1865.125
0.0,3118.79004,1865.25
0.0,3118.78247,1865.375
0.0,3118.77441,1865.5
0.0,3118.76611,1865.625
0.0,3118.75781,1865.75
0.0,3118.74976,1865.875
0.0,3118.74146,1866.0
0.0,3118.7334,1866.125
0.0,3118.72559,1866.25
0.0,3118.71777,1866.375
0.0,3118.71045,1866.5
0.0,3118.70312,1866.625
0.0,3118.69531,1866.75
0.0,3118.6875,1866.875
0.0,3118.67896,1867.0
0.0,3118.67041,1867.125
0.0,3118.66235,1867.25
0.0,3118.65454,1867.375
0.0,3118.64746,1867.5
0.0,3118.64014,1867.625
0.0,3118.63306,1867.75
0.0,3118.625,1867.875
0.0,3118.61694,1868.0
0.0,3118.60864,1868.125
0.0,3118.60034,1868.25
0.0,3118.59229,1868.375
0.0,3118.58447,1868.5
0.0,3118.57739,1868.625
0.0,3118.57031,1868.75
0.0,3118.5625,1868.875
0.0,3118.55396,1869.0
0.0,3118.54541,1869.125
0.0,3118.53662,1869.25
0.0,3118.52856,1869.375
0.0,3118.52075,1869.5
0.0,3118.51367,1869.625
0.0,3118.50659,1869.75
0.0,3118.49951,1869.875
0.0,3118.49268,1870.0
0.0,3118.4856,1870.125
0.0,3118.47803,1870.25
0.0,3118.47021,1870.375
0.0,3118.46216,1870.5
0.0,3118.4541,1870.625
0.0,3118.4458,1870.75
0.0,3118.43799,1870.875
0.0,3118.43018,1871.0
0.0,3118.42285,1871.125
0.0,3118.41553,1871.25
0.0,3118.40796,1871.375
0.0,3118.40039,1871.5
0.0,3118.39258,1871.625
0.0,3118.38477,1871.75
0.0,3118.37622,1871.875
0.0,3118.36816,1872.0
0.0,3118.35986,1872.125
0.0,3118.35205,1872.25
0.0,3118.34424,1872.375
0.0,3118.33643,1872.5
0.0,3118.32886,1872.625
0.0,3118.3208,1872.75
0.0,3118.31201,1872.875
0.0,3118.30371,1873.0
0.0,3118.29492,1873.125
0.0,3118.28662,1873.25
0.0,3118.27881,1873.375
0.0,3118.271,1873.5
0.0,3118.26343,1873.625
0.0,3118.25562,1873.75
0.0,3118.24805,1873.875
0.0,3118.23975,1874.0
0.0,3118.23193,1874.125
0.0,3118.22437,1874.25
0.0,3118.2168,1874.375
0.0,3118.20898,1874.5
0.0,3118.20068,1874.625
0.0,3118.19238,1874.75
0.0,3118.18408,1874.875
0.0,3118.17578,1875.0
0.0,3118.16797,1875.125
0.0,3118.1604,1875.25
0.0,3118.15283,1875.375
0.0,3118.14478,1875.5
0.0,3118.13672,1875.625
0.0,3118.12891,1875.75
0.0,3118.12109,1875.875
0.0,3118.11328,1876.0
0.0,3118.10596,1876.125
0.0,3118.09863,1876.25
0.0,3118.09082,1876.375
0.0,3118.0835,1876.5
0.0,3118.07568,1876.625
0.0,3118.06738,1876.75
0.0,3118.05908,1876.875
0.0,3118.05078,1877.0
0.0,3118.04248,1877.125
0.0,3118.03442,1877.25
0.0,3118.02661,1877.375
0.0,3118.01953,1877.5
0.0,3118.01221,1877.625
0.0,3118.00464,1877.75
0.0,3117.99707,1877.875
0.0,3117.98877,1878.0
0.0,3117.98071,1878.125
0.0,3117.97314,1878.25
0.0,3117.96582,1878.375
0.0,3117.9585,1878.5
0.0,3117.95068,1878.625
0.0,3117.94312,1878.75
0.0,3117.9353,1878.875
0.0,3117.92773,1879.0
0.0,3117.92017,1879.125
0.0,3117.91211,1879.25
0.0,3117.90454,1879.375
0.0,3117.89648,1879.5
0.0,3117.88892,1879.625
0.0,3117.88135,1879.75
0.0,3117.87354,1879.875
0.0,3117.86548,1880.0
0.0,3117.85718,1880.125
0.0,3117.84912,1880.25
0.0,3117.84082,1880.375
0.0,3117.83252,1880.5
0.0,3117.82446,1880.625
0.0,3117.81665,1880.75
0.0,3117.80884,1880.875
0.0,3117.80151,1881.0
0.0,3117.79443,1881.125
0.0,3117.78711,1881.25
0.0,3117.78027,1881.375
0.0,3117.77246,1881.5
0.0,3117.76489,1881.625
0.0,3117.75732,1881.75
0.0,3117.74951,1881.875
0.0,3117.7417,1882.0
0.0,3117.73438,1882.125
0.0,3117.72656,1882.25
0.0,3117.71924,1882.375
0.0,3117.71216,1882.5
0.0,3117.70459,1882.625
0.0,3117.69678,1882.75
0.0,3117.68823,1882.875
0.0,3117.67969,1883.0
0.0,3117.67139,1883.125
0.0,3117.6626,1883.25
0.0,3117.6543,1883.375
0.0,3117.646,1883.5
0.0,3117.63794,1883.625
0.0,3117.62988,1883.75
0.0,3117.62207,1883.875
0.0,3117.61401,1884.0
0.0,3117.60596,1884.125
0.0,3117.59912,1884.25
0.0,3117.59155,1884.375
0.0,3117.58447,1884.5
0.0,3117.5769,1884.625
0.0,3117.56885,1884.75
0.0,3117.56104,1884.875
0.0,3117.55273,1885.0
0.0,3117.54541,1885.125
0.0,3117.53809,1885.25
0.0,3117.53076,1885.375
0.0,3117.52368,1885.5
0.0,3117.5166,1885.625
0.0,3117.50928,1885.75
0.0,3117.50342,1885.875
0.0,3117.49805,1886.0
0.0,3117.49365,1886.125
0.0,3117.49072,1886.25
0.0,3117.48828,1886.375
0.0,3117.48535,1886.5
0.0,3117.48169,1886.625
0.0,3117.47754,1886.75
0.0,3117.4729,1886.875
0.0,3117.46875,1887.0
0.0,3117.46509,1887.125
0.0,3117.46191,1887.25
0.0,3117.45923,1887.375
0.0,3117.45605,1887.5
0.0,3117.45239,1887.625
0.0,3117.44775,1887.75
0.0,3117.44263,1887.875
0.0,3117.43701,1888.0
0.0,3117.43091,1888.125
0.0,3117.42383,1888.25
0.0,3117.4165,1888.375
0.0,3117.40869,1888.5
0.0,3117.40063,1888.625
0.0,3117.39307,1888.75
0.0,3117.38477,1888.875
0.0,3117.37646,1889.0
0.0,3117.36768,1889.125
0.0,3117.35889,1889.25
0.0,3117.35034,1889.375
0.0,3117.3418,1889.5
0.0,3117.33325,1889.625
0.0,3117.32471,1889.75
0.0,3117.31592,1889.875
0.0,3117.30713,1890.0
0.0,3117.29834,1890.125
0.0,3117.29004,1890.25
0.0,3117.28223,1890.375
0.0,3117.27393,1890.5
0.0,3117.26562,1890.625
0.0,3117.25684,1890.75
0.0,3117.24805,1890.875
0.0,3117.23877,1891.0
0.0,3117.22998,1891.125
0.0,3117.22119,1891.25
0.0,3117.2124,1891.375
0.0,3117.20459,1891.5
0.0,3117.19678,1891.625
0.0,3117.18848,1891.75
0.0,3117.18018,1891.875
0.0,3117.17188,1892.0
0.0,3117.16382,1892.125
0.0,3117.15552,1892.25
0.0,3117.14673,1892.375
0.0,3117.1377,1892.5
0.0,3117.12842,1892.625
0.0,3117.12012,1892.75
0.0,3117.11182,1892.875
0.0,3117.104,1893.0
0.0,3117.09619,1893.125
0.0,3117.08838,1893.25
0.0,3117.08008,1893.375
0.0,3117.07129,1893.5
0.0,3117.06201,1893.625
0.0,3117.05298,1893.75
0.0,3117.04517,1893.875
0.0,3117.03711,1894.0
0.0,3117.02954,1894.125
0.0,3117.02173,1894.25
0.0,3117.01367,1894.375
0.0,3117.00562,1894.5
0.0,3116.99731,1894.625
0.0,3116.98999,1894.75
0.0,3116.98193,1894.875
0.0,3116.97412,1895.0
0.0,3116.96631,1895.125
0.0,3116.95752,1895.25
0.0,3116.94897,1895.375
0.0,3116.94043,1895.5
0.0,3116.93237,1895.625
0.0,3116.9248,1895.75
0.0,3116.91724,1895.875
0.0,3116.90918,1896.0
0.0,3116.90137,1896.125
0.0,3116.89307,1896.25
0.0,3116.88477,1896.375
0.0,3116.87646,1896.5
0.0,3116.86816,1896.625
0.0,3116.86035,1896.75
0.0,3116.85303,1896.875
0.0,3116.84521,1897.0
0.0,3116.83765,1897.125
0.0,3116.82959,1897.25
0.0,3116.82153,1897.375
0.0,3116.81348,1897.5
0.0,3116.80493,1897.625
0.0,3116.79736,1897.75
0.0,3116.78931,1897.875
0.0,3116.78125,1898.0
0.0,3116.77295,1898.125
0.0,3116.7644,1898.25
0.0,3116.75635,1898.375
0.0,3116.74805,1898.5
0.0,3116.74072,1898.625
0.0,3116.7334,1898.75
0.0,3116.72559,1898.875
0.0,3116.71826,1899.0
0.0,3116.71021,1899.125
0.0,3116.70215,1899.25
0.0,3116.69409,1899.375
0.0,3116.68604,1899.5
0.0,3116.67822,1899.625
0.0,3116.67041,1899.75
0.0,3116.66333,1899.875
0.0,3116.65601,1900.0
0.0,3116.64868,1900.125
0.0,3116.64062,1900.25
0.0,3116.63281,1900.375
0.0,3116.62476,1900.5
0.0,3116.6167,1900.625
0.0,3116.60889,1900.75
0.0,3116.60107,1900.875
0.0,3116.59326,1901.0
0.0,3116.58594,1901.125
0.0,3116.57837,1901.25
0.0,3116.57031,1901.375
0.0,3116.56299,1901.5
0.0,3116.55469,1901.625
0.0,3116.54712,1901.75
0.0,3116.54004,1901.875
0.0,3116.53271,1902.0
0.0,3116.52588,1902.125
0.0,3116.51831,1902.25
0.0,3116.51074,1902.375
0.0,3116.50317,1902.5
0.0,3116.49561,1902.625
0.0,3116.48828,1902.75
0.0,3116.48096,1902.875
0.0,3116.47363,1903.0
0.0,3116.46631,1903.125
0.0,3116.45898,1903.25
0.0,3116.45142,1903.375
0.0,3116.44385,1903.5
0.0,3116.43604,1903.625
0.0,3116.42871,1903.75
0.0,3116.42139,1903.875
0.0,3116.41406,1904.0
0.0,3116.40649,1904.125
0.0,3116.39893,1904.25
0.0,3116.39136,1904.375
0.0,3116.3833,1904.5
0.0,3116.37598,1904.625
0.0,3116.36865,1904.75
0.0,3116.36182,1904.875
0.0,3116.35498,1905.0
0.0,3116.34814,1905.125
0.0,3116.34082,1905.25
0.0,3116.33325,1905.375
0.0,3116.3252,1905.5
0.0,3116.31738,1905.625
0.0,3116.30957,1905.75
0.0,3116.30225,1905.875
0.0,3116.29541,1906.0
0.0,3116.28857,1906.125
0.0,3116.28174,1906.25
0.0,3116.27417,1906.375
0.0,3116.26709,1906.5
0.0,3116.25952,1906.625
0.0,3116.25195,1906.75
0.0,3116.24512,1906.875
0.0,3116.23804,1907.0
0.0,3116.23145,1907.125
0.0,3116.22461,1907.25
0.0,3116.21729,1907.375
0.0,3116.20996,1907.5
0.0,3116.20239,1907.625
0.0,3116.19458,1907.75
0.0,3116.18701,1907.875
0.0,3116.17944,1908.0
0.0,3116.17188,1908.125
0.0,3116.16382,1908.25
0.0,3116.15576,1908.375
0.0,3116.14795,1908.5
0.0,3116.14062,1908.625
0.0,3116.1333,1908.75
0.0,3116.12598,1908.875
0.0,3116.11865,1909.0
0.0,3116.11108,1909.125
0.0,3116.10303,1909.25
0.0,3116.09473,1909.375
0.0,3116.08691,1909.5
0.0,3116.0791,1909.625
0.0,3116.07104,1909.75
0.0,3116.06299,1909.875
0.0,3116.05371,1910.0
0.0,3116.04395,1910.125
0.0,3116.0332,1910.25
0.0,3116.02246,1910.375
0.0,3116.01196,1910.5
0.0,3116.00244,1910.625
0.0,3115.99341,1910.75
0.0,3115.98535,1910.875
0.0,3115.97754,1911.0
0.0,3115.97021,1911.125
0.0,3115.96289,1911.25
0.0,3115.95557,1911.375
0.0,3115.948,1911.5
0.0,3115.93994,1911.625
0.0,3115.93237,1911.75
0.0,3115.9248,1911.875
0.0,3115.91724,1912.0
0.0,3115.91016,1912.125
0.0,3115.90283,1912.25
0.0,3115.89551,1912.375
0.0,3115.88794,1912.5
0.0,3115.88037,1912.625
0.0,3115.8728,1912.75
0.0,3115.86523,1912.875
0.0,3115.85791,1913.0
0.0,3115.85107,1913.125
0.0,3115.84375,1913.25
0.0,3115.83691,1913.375
0.0,3115.82959,1913.5
0.0,3115.82275,1913.625
0.0,3115.81592,1913.75
0.0,3115.80859,1913.875
0.0,3115.80151,1914.0
0.0,3115.79419,1914.125
0.0,3115.78662,1914.25
0.0,3115.7793,1914.375
0.0,3115.77197,1914.5
0.0,3115.76514,1914.625
0.0,3115.75781,1914.75
0.0,3115.75049,1914.875
0.0,3115.74268,1915.0
0.0,3115.73486,1915.125
0.0,3115.72656,1915.25
0.0,3115.71875,1915.375
0.0,3115.71143,1915.5
0.0,3115.7041,1915.625
0.0,3115.69702,1915.75
0.0,3115.68994,1915.875
0.0,3115.68335,1916.0
0.0,3115.67627,1916.125
0.0,3115.66943,1916.25
0.0,3115.66187,1916.375
0.0,3115.65381,1916.5
0.0,3115.64551,1916.625
0.0,3115.6377,1916.75
0.0,3115.62988,1916.875
0.0,3115.62231,1917.0
0.0,3115.61523,1917.125
0.0,3115.6084,1917.25
0.0,3115.60107,1917.375
0.0,3115.59351,1917.5
0.0,3115.58643,1917.625
0.0,3115.5791,1917.75
0.0,3115.57227,1917.875
0.0,3115.56543,1918.0
0.0,3115.55811,1918.125
0.0,3115.55127,1918.25
0.0,3115.54395,1918.375
0.0,3115.53662,1918.5
0.0,3115.52905,1918.625
0.0,3115.52173,1918.75
0.0,3115.51416,1918.875
0.0,3115.50684,1919.0
0.0,3115.49951,1919.125
0.0,3115.49268,1919.25
0.0,3115.48608,1919.375
0.0,3115.47949,1919.5
0.0,3115.47168,1919.625
0.0,3115.46436,1919.75
0.0,3115.4563,1919.875
0.0,3115.44873,1920.0
0.0,3115.44092,1920.125
0.0,3115.43359,1920.25
0.0,3115.42676,1920.375
0.0,3115.41992,1920.5
0.0,3115.41235,1920.625
0.0,3115.40503,1920.75
0.0,3115.39722,1920.875
0.0,3115.39014,1921.0
0.0,3115.38232,1921.125
0.0,3115.375,1921.25
0.0,3115.36768,1921.375
0.0,3115.36011,1921.5
0.0,3115.35254,1921.625
0.0,3115.34521,1921.75
0.0,3115.33765,1921.875
0.0,3115.33008,1922.0
0.0,3115.32227,1922.125
0.0,3115.31494,1922.25
0.0,3115.30713,1922.375
0.0,3115.29956,1922.5
0.0,3115.29224,1922.625
0.0,3115.28516,1922.75
0.0,3115.27856,1922.875
0.0,3115.27173,1923.0
0.0,3115.26465,1923.125
0.0,3115.25684,1923.25
0.0,3115.24854,1923.375
0.0,3115.23975,1923.5
0.0,3115.23096,1923.625
0.0,3115.22241,1923.75
0.0,3115.21411,1923.875
0.0,3115.20605,1924.0
0.0,3115.19849,1924.125
0.0,3115.19067,1924.25
0.0,3115.18262,1924.375
0.0,3115.1748,1924.5
0.0,3115.16699,1924.625
0.0,3115.16016,1924.75
0.0,3115.15283,1924.875
0.0,3115.14551,1925.0
0.0,3115.13818,1925.125
0.0,3115.13086,1925.25
0.0,3115.12329,1925.375
0.0,3115.11597,1925.5
0.0,3115.10864,1925.625
0.0,3115.10181,1925.75
0.0,3115.09473,1925.875
0.0,3115.08789,1926.0
0.0,3115.08105,1926.125
0.0,3115.07397,1926.25
0.0,3115.06689,1926.375
0.0,3115.05957,1926.5
0.0,3115.052,1926.625
0.0,3115.04492,1926.75
0.0,3115.03809,1926.875
0.0,3115.03125,1927.0
0.0,3115.02441,1927.125
0.0,3115.01758,1927.25
0.0,3115.01074,1927.375
0.0,3115.00342,1927.5
0.0,3114.99609,1927.625
0.0,3114.98926,1927.75
0.0,3114.98242,1927.875
0.0,3114.97559,1928.0
0.0,3114.96851,1928.125
0.0,3114.96167,1928.25
0.0,3114.95483,1928.375
0.0,3114.94775,1928.5
0.0,3114.94067,1928.625
0.0,3114.93359,1928.75
0.0,3114.92651,1928.875
0.0,3114.91919,1929.0
0.0,3114.91211,1929.125
0.0,3114.90527,1929.25
0.0,3114.89893,1929.375
0.0,3114.89258,1929.5
0.0,3114.88574,1929.625
0.0,3114.87891,1929.75
0.0,3114.87183,1929.875
0.0,3114.8645,1930.0
0.0,3114.85718,1930.125
0.0,3114.8501,1930.25
0.0,3114.84326,1930.375
0.0,3114.83594,1930.5
0.0,3114.82959,1930.625
0.0,3114.82275,1930.75
0.0,3114.81616,1930.875
0.0,3114.80908,1931.0
0.0,3114.80176,1931.125
0.0,3114.79443,1931.25
0.0,3114.78711,1931.375
0.0,3114.78003,1931.5
0.0,3114.77295,1931.625
0.0,3114.76587,1931.75
0.0,3114.75928,1931.875
0.0,3114.75195,1932.0
0.0,3114.74561,1932.125
0.0,3114.73877,1932.25
0.0,3114.73193,1932.375
0.0,3114.72559,1932.5
0.0,3114.71875,1932.625
0.0,3114.71191,1932.75
0.0,3114.70508,1932.875
0.0,3114.69849,1933.0
0.0,3114.69189,1933.125
0.0,3114.68506,1933.25
0.0,3114.67822,1933.375
0.0,3114.67163,1933.5
0.0,3114.66504,1933.625
0.0,3114.65869,1933.75
0.0,3114.65137,1933.875
0.0,3114.64453,1934.0
0.0,3114.63672,1934.125
0.0,3114.62891,1934.25
0.0,3114.62085,1934.375
0.0,3114.61304,1934.5
0.0,3114.60498,1934.625
0.0,3114.59717,1934.75
0.0,3114.58936,1934.875
0.0,3114.58057,1935.0
0.0,3114.57227,1935.125
0.0,3114.56396,1935.25
0.0,3114.55566,1935.375
0.0,3114.5481,1935.5
0.0,3114.54077,1935.625
0.0,3114.53369,1935.75
0.0,3114.52686,1935.875
0.0,3114.51904,1936.0
0.0,3114.51172,1936.125
0.0,3114.50391,1936.25
0.0,3114.49683,1936.375
0.0,3114.48975,1936.5
0.0,3114.48291,1936.625
0.0,3114.47559,1936.75
0.0,3114.46875,1936.875
0.0,3114.46143,1937.0
0.0,3114.4541,1937.125
0.0,3114.44678,1937.25
0.0,3114.43945,1937.375
0.0,3114.43213,1937.5
0.0,3114.4248,1937.625
0.0,3114.41748,1937.75
0.0,3114.41089,1937.875
0.0,3114.4043,1938.0
0.0,3114.39795,1938.125
0.0,3114.3916,1938.25
0.0,3114.38428,1938.375
0.0,3114.37695,1938.5
0.0,3114.36963,1938.625
0.0,3114.36255,1938.75
0.0,3114.35547,1938.875
0.0,3114.34814,1939.0
0.0,3114.34082,1939.125
0.0,3114.3335,1939.25
0.0,3114.32666,1939.375
0.0,3114.31885,1939.5
0.0,3114.31226,1939.625
0.0,3114.30566,1939.75
0.0,3114.29883,1939.875
0.0,3114.29199,1940.0
0.0,3114.28491,1940.125
0.0,3114.27734,1940.25
0.0,3114.27026,1940.375
0.0,3114.26318,1940.5
0.0,3114.25635,1940.625
0.0,3114.24902,1940.75
0.0,3114.24219,1940.875
0.0,3114.23438,1941.0
0.0,3114.22705,1941.125
0.0,3114.21973,1941.25
0.0,3114.21289,1941.375
0.0,3114.20605,1941.5
0.0,3114.19995,1941.625
0.0,3114.19336,1941.75
0.0,3114.18652,1941.875
0.0,3114.1792,1942.0
0.0,3114.17139,1942.125
0.0,3114.16357,1942.25
0.0,3114.15527,1942.375
0.0,3114.14722,1942.5
0.0,3114.13965,1942.625
0.0,3114.13232,1942.75
0.0,3114.12549,1942.875
0.0,3114.11792,1943.0
0.0,3114.11035,1943.125
0.0,3114.10205,1943.25
0.0,3114.09375,1943.375
0.0,3114.08594,1943.5
0.0,3114.07764,1943.625
0.0,3114.06958,1943.75
0.0,3114.06201,1943.875
0.0,3114.05371,1944.0
0.0,3114.0459,1944.125
0.0,3114.03809,1944.25
0.0,3114.03101,1944.375
0.0,3114.02417,1944.5
0.0,3114.01709,1944.625
0.0,3114.01001,1944.75
0.0,3114.00244,1944.875
0.0,3113.99463,1945.0
0.0,3113.98682,1945.125
0.0,3113.97949,1945.25
0.0,3113.97168,1945.375
0.0,3113.96387,1945.5
0.0,3113.95605,1945.625
0.0,3113.94775,1945.75
0.0,3113.93994,1945.875
0.0,3113.93262,1946.0
0.0,3113.92505,1946.125
0.0,3113.91797,1946.25
0.0,3113.9104,1946.375
0.0,3113.90283,1946.5
0.0,3113.89551,1946.625
0.0,3113.88818,1946.75
0.0,3113.88062,1946.875
0.0,3113.87354,1947.0
0.0,3113.8667,1947.125
0.0,3113.85938,1947.25
0.0,3113.85205,1947.375
0.0,3113.84521,1947.5
0.0,3113.83765,1947.625
0.0,3113.83008,1947.75
0.0,3113.82275,1947.875
0.0,3113.81519,1948.0
0.0,3113.80786,1948.125
0.0,3113.80029,1948.25
0.0,3113.79297,1948.375
0.0,3113.78564,1948.5
0.0,3113.77856,1948.625
0.0,3113.77148,1948.75
0.0,3113.76465,1948.875
0.0,3113.75781,1949.0
0.0,3113.75146,1949.125
0.0,3113.74463,1949.25
0.0,3113.73779,1949.375
0.0,3113.73047,1949.5
0.0,3113.72363,1949.625
0.0,3113.71582,1949.75
0.0,3113.7085,1949.875
0.0,3113.70068,1950.0
0.0,3113.69385,1950.125
0.0,3113.68604,1950.25
0.0,3113.6792,1950.375
0.0,3113.67285,1950.5
0.0,3113.66602,1950.625
0.0,3113.65942,1950.75
0.0,3113.65283,1950.875
0.0,3113.64624,1951.0
0.0,3113.63916,1951.125
0.0,3113.63184,1951.25
0.0,3113.625,1951.375
0.0,3113.61816,1951.5
0.0,3113.61133,1951.625
0.0,3113.60498,1951.75
0.0,3113.59839,1951.875
0.0,3113.5918,1952.0
0.0,3113.58447,1952.125
0.0,3113.57764,1952.25
0.0,3113.57031,1952.375
0.0,3113.56299,1952.5
0.0,3113.55615,1952.625
0.0,3113.5498,1952.75
0.0,3113.54297,1952.875
0.0,3113.53564,1953.0
0.0,3113.52808,1953.125
0.0,3113.52026,1953.25
0.0,3113.5127,1953.375
0.0,3113.50488,1953.5
0.0,3113.49829,1953.625
0.0,3113.4917,1953.75
0.0,3113.48511,1953.875
0.0,3113.47827,1954.0
0.0,3113.4707,1954.125
0.0,3113.46289,1954.25
0.0,3113.45508,1954.375
0.0,3113.44702,1954.5
0.0,3113.43921,1954.625
0.0,3113.43164,1954.75
0.0,3113.42529,1954.875
0.0,3113.4187,1955.0
0.0,3113.41187,1955.125
0.0,3113.4043,1955.25
0.0,3113.39648,1955.375
0.0,3113.38843,1955.5
0.0,3113.38037,1955.625
0.0,3113.37305,1955.75
0.0,3113.36572,1955.875
0.0,3113.3584,1956.0
0.0,3113.35132,1956.125
0.0,3113.34399,1956.25
0.0,3113.33691,1956.375
0.0,3113.32959,1956.5
0.0,3113.32227,1956.625
0.0,3113.31494,1956.75
0.0,3113.30688,1956.875
0.0,3113.29932,1957.0
0.0,3113.29199,1957.125
0.0,3113.28467,1957.25
0.0,3113.27832,1957.375
0.0,3113.27148,1957.5
0.0,3113.26416,1957.625
0.0,3113.25635,1957.75
0.0,3113.24854,1957.875
0.0,3113.24097,1958.0
0.0,3113.2334,1958.125
0.0,3113.22559,1958.25
0.0,3113.2168,1958.375
0.0,3113.2085,1958.5
0.0,3113.20044,1958.625
0.0,3113.19287,1958.75
0.0,3113.18506,1958.875
0.0,3113.17822,1959.0
0.0,3113.1709,1959.125
0.0,3113.16357,1959.25
0.0,3113.15576,1959.375
0.0,3113.14844,1959.5
0.0,3113.14087,1959.625
0.0,3113.13379,1959.75
0.0,3113.12671,1959.875
0.0,3113.11963,1960.0
0.0,3113.11255,1960.125
0.0,3113.10498,1960.25
0.0,3113.0979,1960.375
0.0,3113.09058,1960.5
0.0,3113.0835,1960.625
0.0,3113.07666,1960.75
0.0,3113.06934,1960.875
0.0,3113.06201,1961.0
0.0,3113.05469,1961.125
0.0,3113.04736,1961.25
0.0,3113.04053,1961.375
0.0,3113.03369,1961.5
0.0,3113.02637,1961.625
0.0,3113.01929,1961.75
0.0,3113.01221,1961.875
0.0,3113.00537,1962.0
0.0,3112.99854,1962.125
0.0,3112.99121,1962.25
0.0,3112.98413,1962.375
0.0,3112.97705,1962.5
0.0,3112.96948,1962.625
0.0,3112.9624,1962.75
0.0,3112.95557,1962.875
0.0,3112.94873,1963.0
0.0,3112.94189,1963.125
0.0,3112.93457,1963.25
0.0,3112.92725,1963.375
0.0,3112.91968,1963.5
0.0,3112.91211,1963.625
0.0,3112.90454,1963.75
0.0,3112.89697,1963.875
0.0,3112.89014,1964.0
0.0,3112.8833,1964.125
0.0,3112.87695,1964.25
0.0,3112.87012,1964.375
0.0,3112.86328,1964.5
0.0,3112.85596,1964.625
0.0,3112.84912,1964.75
0.0,3112.84204,1964.875
0.0,3112.83496,1965.0
0.0,3112.82788,1965.125
0.0,3112.8208,1965.25
0.0,3112.81299,1965.375
0.0,3112.80469,1965.5
0.0,3112.79663,1965.625
0.0,3112.78906,1965.75
0.0,3112.78174,1965.875
0.0,3112.7749,1966.0
0.0,3112.7688,1966.125
0.0,3112.76221,1966.25
0.0,3112.75635,1966.375
0.0,3112.74951,1966.5
0.0,3112.74268,1966.625
0.0,3112.73584,1966.75
0.0,3112.72852,1966.875
0.0,3112.72119,1967.0
0.0,3112.7146,1967.125
0.0,3112.70801,1967.25
0.0,3112.70166,1967.375
0.0,3112.69531,1967.5
0.0,3112.68848,1967.625
0.0,3112.68213,1967.75
0.0,3112.67554,1967.875
0.0,3112.66895,1968.0
0.0,3112.66211,1968.125
0.0,3112.65527,1968.25
0.0,3112.64771,1968.375
0.0,3112.64014,1968.5
0.0,3112.63232,1968.625
0.0,3112.625,1968.75
0.0,3112.61792,1968.875
0.0,3112.61084,1969.0
0.0,3112.604,1969.125
0.0,3112.59766,1969.25
0.0,3112.59082,1969.375
0.0,3112.58447,1969.5
0.0,3112.57764,1969.625
0.0,3112.5708,1969.75
0.0,3112.56372,1969.875
0.0,3112.55664,1970.0
0.0,3112.5498,1970.125
0.0,3112.54248,1970.25
0.0,3112.53564,1970.375
0.0,3112.52881,1970.5
0.0,3112.52148,1970.625
0.0,3112.51416,1970.75
0.0,3112.50684,1970.875
0.0,3112.49927,1971.0
0.0,3112.4917,1971.125
0.0,3112.48486,1971.25
0.0,3112.47803,1971.375
0.0,3112.47119,1971.5
0.0,3112.46436,1971.625
0.0,3112.45703,1971.75
0.0,3112.44971,1971.875
0.0,3112.44238,1972.0
0.0,3112.43481,1972.125
0.0,3112.42725,1972.25
0.0,3112.42017,1972.375
0.0,3112.4126,1972.5
0.0,3112.40552,1972.625
0.0,3112.39844,1972.75
0.0,3112.3916,1972.875
0.0,3112.38477,1973.0
0.0,3112.37744,1973.125
0.0,3112.37036,1973.25
0.0,3112.36328,1973.375
0.0,3112.35645,1973.5
0.0,3112.34912,1973.625
0.0,3112.34131,1973.75
0.0,3112.33398,1973.875
0.0,3112.32617,1974.0
0.0,3112.31836,1974.125
0.0,3112.31104,1974.25
0.0,3112.30371,1974.375
0.0,3112.29688,1974.5
0.0,3112.28955,1974.625
0.0,3112.28296,1974.75
0.0,3112.27588,1974.875
0.0,3112.26855,1975.0
0.0,3112.26123,1975.125
0.0,3112.25415,1975.25
0.0,3112.24707,1975.375
0.0,3112.24023,1975.5
0.0,3112.2334,1975.625
0.0,3112.22632,1975.75
0.0,3112.21924,1975.875
0.0,3112.21191,1976.0
0.0,3112.20459,1976.125
0.0,3112.19775,1976.25
0.0,3112.19043,1976.375
0.0,3112.18311,1976.5
0.0,3112.17578,1976.625
0.0,3112.16895,1976.75
0.0,3112.16162,1976.875
0.0,3112.1543,1977.0
0.0,3112.14771,1977.125
0.0,3112.14062,1977.25
0.0,3112.13379,1977.375
0.0,3112.12671,1977.5
0.0,3112.11963,1977.625
0.0,3112.1123,1977.75
0.0,3112.10522,1977.875
0.0,3112.09814,1978.0
0.0,3112.09131,1978.125
0.0,3112.08423,1978.25
0.0,3112.07715,1978.375
0.0,3112.06934,1978.5
0.0,3112.06201,1978.625
0.0,3112.05518,1978.75
0.0,3112.0481,1978.875
0.0,3112.04102,1979.0
0.0,3112.03369,1979.125
0.0,3112.02612,1979.25
0.0,3112.01855,1979.375
0.0,3112.01123,1979.5
0.0,3112.00439,1979.625
0.0,3111.99756,1979.75
0.0,3111.99121,1979.875
0.0,3111.98462,1980.0
0.0,3111.97754,1980.125
0.0,3111.97021,1980.25
0.0,3111.96289,1980.375
0.0,3111.95605,1980.5
0.0,3111.94873,1980.625
0.0,3111.94189,1980.75
0.0,3111.93481,1980.875
0.0,3111.92773,1981.0
0.0,3111.9209,1981.125
0.0,3111.91406,1981.25
0.0,3111.90723,1981.375
0.0,3111.90039,1981.5
0.0,3111.89355,1981.625
0.0,3111.88623,1981.75
0.0,3111.87915,1981.875
0.0,3111.87207,1982.0
0.0,3111.86475,1982.125
0.0,3111.85791,1982.25
0.0,3111.85083,1982.375
0.0,3111.84424,1982.5
0.0,3111.8374,1982.625
0.0,3111.83105,1982.75
0.0,3111.82422,1982.875
0.0,3111.81738,1983.0
0.0,3111.8103,1983.125
0.0,3111.80322,1983.25
0.0,3111.7959,1983.375
0.0,3111.78857,1983.5
0.0,3111.78149,1983.625
0.0,3111.7749,1983.75
0.0,3111.76807,1983.875
0.0,3111.76147,1984.0
0.0,3111.75464,1984.125
0.0,3111.74756,1984.25
0.0,3111.74072,1984.375
0.0,3111.73389,1984.5
0.0,3111.72705,1984.625
0.0,3111.72021,1984.75
0.0,3111.71338,1984.875
0.0,3111.70679,1985.0
0.0,3111.7002,1985.125
0.0,3111.69336,1985.25
0.0,3111.68652,1985.375
0.0,3111.6792,1985.5
0.0,3111.67236,1985.625
0.0,3111.66504,1985.75
0.0,3111.65796,1985.875
0.0,3111.65112,1986.0
0.0,3111.64502,1986.125
0.0,3111.63867,1986.25
0.0,3111.63232,1986.375
0.0,3111.62598,1986.5
0.0,3111.61963,1986.625
0.0,3111.61304,1986.75
0.0,3111.60596,1986.875
0.0,3111.59961,1987.0
0.0,3111.59253,1987.125
0.0,3111.58594,1987.25
0.0,3111.57861,1987.375
0.0,3111.57153,1987.5
0.0,3111.56445,1987.625
0.0,3111.55713,1987.75
0.0,3111.55005,1987.875
0.0,3111.54321,1988.0
0.0,3111.53613,1988.125
0.0,3111.52954,1988.25
0.0,3111.52295,1988.375
0.0,3111.5166,1988.5
0.0,3111.50977,1988.625
0.0,3111.50244,1988.75
0.0,3111.49512,1988.875
0.0,3111.48828,1989.0
0.0,3111.48193,1989.125
0.0,3111.4751,1989.25
0.0,3111.46826,1989.375
0.0,3111.46143,1989.5
0.0,3111.45459,1989.625
0.0,3111.44775,1989.75
0.0,3111.44092,1989.875
0.0,3111.43433,1990.0
0.0,3111.42773,1990.125
0.0,3111.42139,1990.25
0.0,3111.41455,1990.375
0.0,3111.4082,1990.5
0.0,3111.40186,1990.625
0.0,3111.39526,1990.75
0.0,3111.38843,1990.875
0.0,3111.38135,1991.0
0.0,3111.37451,1991.125
0.0,3111.36768,1991.25
0.0,3111.36084,1991.375
0.0,3111.35474,1991.5
0.0,3111.34863,1991.625
0.0,3111.34229,1991.75
0.0,3111.33594,1991.875
0.0,3111.3291,1992.0
0.0,3111.32178,1992.125
0.0,3111.31421,1992.25
0.0,3111.30713,1992.375
0.0,3111.30054,1992.5
0.0,3111.29419,1992.625
0.0,3111.2876,1992.75
0.0,3111.28174,1992.875
0.0,3111.27563,1993.0
0.0,3111.26904,1993.125
0.0,3111.2627,1993.25
0.0,3111.2561,1993.375
0.0,3111.24951,1993.5
0.0,3111.24243,1993.625
0.0,3111.23535,1993.75
0.0,3111.22852,1993.875
0.0,3111.22168,1994.0
0.0,3111.21484,1994.125
0.0,3111.20801,1994.25
0.0,3111.20166,1994.375
0.0,3111.19482,1994.5
0.0,3111.18848,1994.625
0.0,3111.18188,1994.75
0.0,3111.17529,1994.875
0.0,3111.16846,1995.0
0.0,3111.16113,1995.125
0.0,3111.1543,1995.25
0.0,3111.14795,1995.375
0.0,3111.14087,1995.5
0.0,3111.13428,1995.625
0.0,3111.12744,1995.75
0.0,3111.12061,1995.875
0.0,3111.11304,1996.0
0.0,3111.10547,1996.125
0.0,3111.0979,1996.25
0.0,3111.09058,1996.375
0.0,3111.08398,1996.5
0.0,3111.07764,1996.625
0.0,3111.0708,1996.75
0.0,3111.06445,1996.875
0.0,3111.05713,1997.0
0.0,3111.05005,1997.125
0.0,3111.04272,1997.25
0.0,3111.03589,1997.375
0.0,3111.02881,1997.5
0.0,3111.02197,1997.625
0.0,3111.01514,1997.75
0.0,3111.00806,1997.875
0.0,3111.00098,1998.0
0.0,3110.99341,1998.125
0.0,3110.98633,1998.25
0.0,3110.97852,1998.375
0.0,3110.97119,1998.5
0.0,3110.96411,1998.625
0.0,3110.95752,1998.75
0.0,3110.95117,1998.875
0.0,3110.94482,1999.0
0.0,3110.93799,1999.125
0.0,3110.93115,1999.25
0.0,3110.92383,1999.375
0.0,3110.9165,1999.5
0.0,3110.90918,1999.625
0.0,3110.90234,1999.75
0.0,3110.89502,1999.875
0.0,3110.88818,2000.0
0.0,3110.88086,2000.125
0.0,3110.87476,2000.25
0.0,3110.86865,2000.375
0.0,3110.86255,2000.5
0.0,3110.85596,2000.625
0.0,3110.84912,2000.75
0.0,3110.8418,2000.875
0.0,3110.83472,2001.0
0.0,3110.82764,2001.125
0.0,3110.8208,2001.25
0.0,3110.81396,2001.375
0.0,3110.80713,2001.5
0.0,3110.80029,2001.625
0.0,3110.79321,2001.75
0.0,3110.78613,2001.875
0.0,3110.77905,2002.0
0.0,3110.77173,2002.125
0.0,3110.76489,2002.25
0.0,3110.7583,2002.375
0.0,3110.75098,2002.5
0.0,3110.74365,2002.625
0.0,3110.73608,2002.75
0.0,3110.72827,2002.875
0.0,3110.7207,2003.0
0.0,3110.71362,2003.125
0.0,3110.70703,2003.25
0.0,3110.7002,2003.375
0.0,3110.6936,2003.5
0.0,3110.68701,2003.625
0.0,3110.67969,2003.75
0.0,3110.67285,2003.875
0.0,3110.66577,2004.0
0.0,3110.65918,2004.125
0.0,3110.65283,2004.25
0.0,3110.646,2004.375
0.0,3110.63892,2004.5
0.0,3110.63184,2004.625
0.0,3110.62402,2004.75
0.0,3110.61694,2004.875
0.0,3110.60986,2005.0
0.0,3110.60303,2005.125
0.0,3110.5957,2005.25
0.0,3110.58887,2005.375
0.0,3110.58154,2005.5
0.0,3110.57471,2005.625
0.0,3110.56836,2005.75
0.0,3110.56201,2005.875
0.0,3110.55566,2006.0
0.0,3110.54932,2006.125
0.0,3110.54224,2006.25
0.0,3110.53564,2006.375
0.0,3110.52832,2006.5
0.0,3110.52148,2006.625
0.0,3110.51392,2006.75
0.0,3110.50684,2006.875
0.0,3110.5,2007.0
0.0,3110.49341,2007.125
0.0,3110.48682,2007.25
0.0,3110.48047,2007.375
0.0,3110.47363,2007.5
0.0,3110.46729,2007.625
0.0,3110.46045,2007.75
0.0,3110.45361,2007.875
0.0,3110.44629,2008.0
0.0,3110.43848,2008.125
0.0,3110.43115,2008.25
0.0,3110.42432,2008.375
0.0,3110.41699,2008.5
0.0,3110.40967,2008.625
0.0,3110.40234,2008.75
0.0,3110.39429,2008.875
0.0,3110.38672,2009.0
0.0,3110.37988,2009.125
0.0,3110.37354,2009.25
0.0,3110.36719,2009.375
0.0,3110.36133,2009.5
0.0,3110.35498,2009.625
0.0,3110.3479,2009.75
0.0,3110.34082,2009.875
0.0,3110.33325,2010.0
0.0,3110.32617,2010.125
0.0,3110.31934,2010.25
0.0,3110.31299,2010.375
0.0,3110.30713,2010.5
0.0,3110.30127,2010.625
0.0,3110.29468,2010.75
0.0,3110.28784,2010.875
0.0,3110.28076,2011.0
0.0,3110.27393,2011.125
0.0,3110.26758,2011.25
0.0,3110.26099,2011.375
0.0,3110.25391,2011.5
0.0,3110.24707,2011.625
0.0,3110.24023,2011.75
0.0,3110.2334,2011.875
0.0,3110.22656,2012.0
0.0,3110.21997,2012.125
0.0,3110.21289,2012.25
0.0,3110.20605,2012.375
0.0,3110.19849,2012.5
0.0,3110.19092,2012.625
0.0,3110.18384,2012.75
0.0,3110.177,2012.875
0.0,3110.17041,2013.0
0.0,3110.16406,2013.125
0.0,3110.15747,2013.25
0.0,3110.15088,2013.375
0.0,3110.14429,2013.5
0.0,3110.13721,2013.625
0.0,3110.13037,2013.75
0.0,3110.12256,2013.875
0.0,3110.11523,2014.0
0.0,3110.10791,2014.125
0.0,3110.10132,2014.25
0.0,3110.09473,2014.375
0.0,3110.08838,2014.5
0.0,3110.08203,2014.625
0.0,3110.0752,2014.75
0.0,3110.06836,2014.875
0.0,3110.06152,2015.0
0.0,3110.05469,2015.125
0.0,3110.0481,2015.25
0.0,3110.0415,2015.375
0.0,3110.03467,2015.5
0.0,3110.02808,2015.625
0.0,3110.02173,2015.75
0.0,3110.01562,2015.875
0.0,3110.00928,2016.0
0.0,3110.00269,2016.125
0.0,3109.99585,2016.25
0.0,3109.98926,2016.375
0.0,3109.98242,2016.5
0.0,3109.97583,2016.625
0.0,3109.96924,2016.75
0.0,3109.96265,2016.875
0.0,3109.95557,2017.0
0.0,3109.94873,2017.125
0.0,3109.94189,2017.25
0.0,3109.9353,2017.375
0.0,3109.92896,2017.5
0.0,3109.92285,2017.625
0.0,3109.91699,2017.75
0.0,3109.91064,2017.875
0.0,3109.90405,2018.0
0.0,3109.89746,2018.125
0.0,3109.89062,2018.25
0.0,3109.88379,2018.375
0.0,3109.87744,2018.5
0.0,3109.87158,2018.625
0.0,3109.86475,2018.75
0.0,3109.85791,2018.875
0.0,3109.85107,2019.0
0.0,3109.84424,2019.125
0.0,3109.83813,2019.25
0.0,3109.83179,2019.375
0.0,3109.8252,2019.5
0.0,3109.8186,2019.625
0.0,3109.81201,2019.75
0.0,3109.80518,2019.875
0.0,3109.79834,2020.0
0.0,3109.79199,2020.125
0.0,3109.78613,2020.25
0.0,3109.78027,2020.375
0.0,3109.77368,2020.5
0.0,3109.76733,2020.625
0.0,3109.76074,2020.75
0.0,3109.75415,2020.875
0.0,3109.74756,2021.0
0.0,3109.74146,2021.125
0.0,3109.73535,2021.25
0.0,3109.72925,2021.375
0.0,3109.72339,2021.5
0.0,3109.71704,2021.625
0.0,3109.71021,2021.75
0.0,3109.70312,2021.875
0.0,3109.6958,2022.0
0.0,3109.68848,2022.125
0.0,3109.68091,2022.25
0.0,3109.67407,2022.375
0.0,3109.66748,2022.5
0.0,3109.66089,2022.625
0.0,3109.6543,2022.75
0.0,3109.64746,2022.875
0.0,3109.64111,2023.0
0.0,3109.63452,2023.125
0.0,3109.62793,2023.25
0.0,3109.62109,2023.375
0.0,3109.61426,2023.5
0.0,3109.60645,2023.625
0.0,3109.59912,2023.75
0.0,3109.59204,2023.875
0.0,3109.58521,2024.0
0.0,3109.57837,2024.125
0.0,3109.57153,2024.25
0.0,3109.56445,2024.375
0.0,3109.55713,2024.5
0.0,3109.55054,2024.625
0.0,3109.54395,2024.75
0.0,3109.5376,2024.875
0.0,3109.53125,2025.0
0.0,3109.52466,2025.125
0.0,3109.51807,2025.25
0.0,3109.51074,2025.375
0.0,3109.50342,2025.5
0.0,3109.49609,2025.625
0.0,3109.48828,2025.75
0.0,3109.48145,2025.875
0.0,3109.47461,2026.0
0.0,3109.46826,2026.125
0.0,3109.46167,2026.25
0.0,3109.45508,2026.375
0.0,3109.44751,2026.5
0.0,3109.44019,2026.625
0.0,3109.43237,2026.75
0.0,3109.42505,2026.875
0.0,3109.41821,2027.0
0.0,3109.41211,2027.125
0.0,3109.40625,2027.25
0.0,3109.40015,2027.375
0.0,3109.39355,2027.5
0.0,3109.38623,2027.625
0.0,3109.37939,2027.75
0.0,3109.37231,2027.875
0.0,3109.36572,2028.0
0.0,3109.35938,2028.125
0.0,3109.35376,2028.25
0.0,3109.34912,2028.375
0.0,3109.34521,2028.5
0.0,3109.34229,2028.625
0.0,3109.33936,2028.75
0.0,3109.33643,2028.875
0.0,3109.33252,2029.0
0.0,3109.32764,2029.125
0.0,3109.32202,2029.25
0.0,3109.31641,2029.375
0.0,3109.31104,2029.5
0.0,3109.30591,2029.625
0.0,3109.30078,2029.75
0.0,3109.2959,2029.875
0.0,3109.29077,2030.0
0.0,3109.2854,2030.125
0.0,3109.27979,2030.25
0.0,3109.27466,2030.375
0.0,3109.26978,2030.5
0.0,3109.26514,2030.625
0.0,3109.26001,2030.75
0.0,3109.25439,2030.875
0.0,3109.24805,2031.0
0.0,3109.2417,2031.125
0.0,3109.23535,2031.25
0.0,3109.22949,2031.375
0.0,3109.22363,2031.5
0.0,3109.21729,2031.625
0.0,3109.21021,2031.75
0.0,3109.20264,2031.875
0.0,3109.19458,2032.0
0.0,3109.1875,2032.125
0.0,3109.18018,2032.25
0.0,3109.17383,2032.375
0.0,3109.16675,2032.5
0.0,3109.15942,2032.625
0.0,3109.15186,2032.75
0.0,3109.14331,2032.875
0.0,3109.13477,2033.0
0.0,3109.12598,2033.125
0.0,3109.11768,2033.25
0.0,3109.10938,2033.375
0.0,3109.10156,2033.5
0.0,3109.09399,2033.625
0.0,3109.08594,2033.75
0.0,3109.07861,2033.875
0.0,3109.07104,2034.0
0.0,3109.06348,2034.125
0.0,3109.05566,2034.25
0.0,3109.04785,2034.375
0.0,3109.03955,2034.5
0.0,3109.03198,2034.625
0.0,3109.02368,2034.75
0.0,3109.01587,2034.875
0.0,3109.00781,2035.0
0.0,3109.00049,2035.125
0.0,3108.99316,2035.25
0.0,3108.98584,2035.375
0.0,3108.97852,2035.5
0.0,3108.97095,2035.625
0.0,3108.96289,2035.75
0.0,3108.95508,2035.875
0.0,3108.94751,2036.0
0.0,3108.94043,2036.125
0.0,3108.93311,2036.25
0.0,3108.92554,2036.375
0.0,3108.91748,2036.5
0.0,3108.90918,2036.625
0.0,3108.90137,2036.75
0.0,3108.89355,2036.875
0.0,3108.88672,2037.0
0.0,3108.88037,2037.125
0.0,3108.87329,2037.25
0.0,3108.86646,2037.375
0.0,3108.85938,2037.5
0.0,3108.85205,2037.625
0.0,3108.84473,2037.75
0.0,3108.83691,2037.875
0.0,3108.82959,2038.0
0.0,3108.82251,2038.125
0.0,3108.81519,2038.25
0.0,3108.80762,2038.375
0.0,3108.80029,2038.5
0.0,3108.79321,2038.625
0.0,3108.78564,2038.75
0.0,3108.77881,2038.875
0.0,3108.77197,2039.0
0.0,3108.76465,2039.125
0.0,3108.75781,2039.25
0.0,3108.75049,2039.375
0.0,3108.74316,2039.5
0.0,3108.73584,2039.625
0.0,3108.72852,2039.75
0.0,3108.72119,2039.875
0.0,3108.71436,2040.0
0.0,3108.70752,2040.125
0.0,3108.70068,2040.25
0.0,3108.69385,2040.375
0.0,3108.68652,2040.5
0.0,3108.6792,2040.625
0.0,3108.67139,2040.75
0.0,3108.66382,2040.875
0.0,3108.65601,2041.0
0.0,3108.64893,2041.125
0.0,3108.64209,2041.25
0.0,3108.63574,2041.375
0.0,3108.62939,2041.5
0.0,3108.62256,2041.625
0.0,3108.61572,2041.75
0.0,3108.6084,2041.875
0.0,3108.60059,2042.0
0.0,3108.59277,2042.125
0.0,3108.58521,2042.25
0.0,3108.57812,2042.375
0.0,3108.57056,2042.5
0.0,3108.56348,2042.625
0.0,3108.55713,2042.75
0.0,3108.55029,2042.875
0.0,3108.54346,2043.0
0.0,3108.53662,2043.125
0.0,3108.53003,2043.25
0.0,3108.52344,2043.375
0.0,3108.5166,2043.5
0.0,3108.51025,2043.625
0.0,3108.50342,2043.75
0.0,3108.49658,2043.875
0.0,3108.48926,2044.0
0.0,3108.48193,2044.125
0.0,3108.4751,2044.25
0.0,3108.46826,2044.375
0.0,3108.46143,2044.5
0.0,3108.4541,2044.625
0.0,3108.44702,2044.75
0.0,3108.44019,2044.875
0.0,3108.43359,2045.0
0.0,3108.42725,2045.125
0.0,3108.4209,2045.25
0.0,3108.41406,2045.375
0.0,3108.40723,2045.5
0.0,3108.3999,2045.625
0.0,3108.39258,2045.75
0.0,3108.38574,2045.875
0.0,3108.37891,2046.0
0.0,3108.37207,2046.125
0.0,3108.36475,2046.25
0.0,3108.35742,2046.375
0.0,3108.3501,2046.5
0.0,3108.34326,2046.625
0.0,3108.33643,2046.75
0.0,3108.32959,2046.875
0.0,3108.32275,2047.0
0.0,3108.31543,2047.125
0.0,3108.30786,2047.25
0.0,3108.30029,2047.375
0.0,3108.2937,2047.5
0.0,3108.28711,2047.625
0.0,3108.28125,2047.75
0.0,3108.27466,2047.875
0.0,3108.26758,2048.0
0.0,3108.26074,2048.125
0.0,3108.25342,2048.25
0.0,3108.24658,2048.375
0.0,3108.23975,2048.5
0.0,3108.23291,2048.625
0.0,3108.22559,2048.75
0.0,3108.21826,2048.875
0.0,3108.21069,2049.0
0.0,3108.2041,2049.125
0.0,3108.19775,2049.25
0.0,3108.19165,2049.375
0.0,3108.18555,2049.5
0.0,3108.17871,2049.625
0.0,3108.17212,2049.75
0.0,3108.16455,2049.875
0.0,3108.15723,2050.0
0.0,3108.14941,2050.125
0.0,3108.14185,2050.25
0.0,3108.13379,2050.375
0.0,3108.12646,2050.5
0.0,3108.11914,2050.625
0.0,3108.11279,2050.75
0.0,3108.1062,2050.875
0.0,3108.1001,2051.0
0.0,3108.09424,2051.125
0.0,3108.08765,2051.25
0.0,3108.08154,2051.375
0.0,3108.07471,2051.5
0.0,3108.06787,2051.625
0.0,3108.06104,2051.75
0.0,3108.05371,2051.875
0.0,3108.04688,2052.0
0.0,3108.04004,2052.125
0.0,3108.03369,2052.25
0.0,3108.02686,2052.375
0.0,3108.02051,2052.5
0.0,3108.0144,2052.625
0.0,3108.00806,2052.75
0.0,3108.00195,2052.875
0.0,3107.99512,2053.0
0.0,3107.98853,2053.125
0.0,3107.98193,2053.25
0.0,3107.9751,2053.375
0.0,3107.96826,2053.5
0.0,3107.96143,2053.625
0.0,3107.95508,2053.75
0.0,3107.94897,2053.875
0.0,3107.94238,2054.0
0.0,3107.93579,2054.125
0.0,3107.92896,2054.25
0.0,3107.92236,2054.375
0.0,3107.91553,2054.5
0.0,3107.90894,2054.625
0.0,3107.90234,2054.75
0.0,3107.89575,2054.875
0.0,3107.88867,2055.0
0.0,3107.88184,2055.125
0.0,3107.87402,2055.25
0.0,3107.8667,2055.375
0.0,3107.85938,2055.5
0.0,3107.85254,2055.625
0.0,3107.84619,2055.75
0.0,3107.84009,2055.875
0.0,3107.8335,2056.0
0.0,3107.82642,2056.125
0.0,3107.81934,2056.25
0.0,3107.81226,2056.375
0.0,3107.80518,2056.5
0.0,3107.79785,2056.625
0.0,3107.79102,2056.75
0.0,3107.78418,2056.875
0.0,3107.77734,2057.0
0.0,3107.77051,2057.125
0.0,3107.76367,2057.25
0.0,3107.75659,2057.375
0.0,3107.74902,2057.5
0.0,3107.74194,2057.625
0.0,3107.73486,2057.75
0.0,3107.72754,2057.875
0.0,3107.72119,2058.0
0.0,3107.71484,2058.125
0.0,3107.70874,2058.25
0.0,3107.70239,2058.375
0.0,3107.6958,2058.5
0.0,3107.68896,2058.625
0.0,3107.68164,2058.75
0.0,3107.6748,2058.875
0.0,3107.66797,2059.0
0.0,3107.66138,2059.125
0.0,3107.65479,2059.25
0.0,3107.64819,2059.375
0.0,3107.6416,2059.5
0.0,3107.63477,2059.625
0.0,3107.62793,2059.75
0.0,3107.62158,2059.875
0.0,3107.61475,2060.0
0.0,3107.6084,2060.125
0.0,3107.60181,2060.25
0.0,3107.59546,2060.375
0.0,3107.58838,2060.5
0.0,3107.58154,2060.625
0.0,3107.57446,2060.75
0.0,3107.56787,2060.875
0.0,3107.56104,2061.0
0.0,3107.5542,2061.125
0.0,3107.54712,2061.25
0.0,3107.54077,2061.375
0.0,3107.53418,2061.5
0.0,3107.52783,2061.625
0.0,3107.52148,2061.75
0.0,3107.51465,2061.875
0.0,3107.50781,2062.0
0.0,3107.50049,2062.125
0.0,3107.49316,2062.25
0.0,3107.48657,2062.375
0.0,3107.48022,2062.5
0.0,3107.47437,2062.625
0.0,3107.46802,2062.75
0.0,3107.46167,2062.875
0.0,3107.45557,2063.0
0.0,3107.44897,2063.125
0.0,3107.44312,2063.25
0.0,3107.43677,2063.375
0.0,3107.43066,2063.5
0.0,3107.42456,2063.625
0.0,3107.41846,2063.75
0.0,3107.41211,2063.875
0.0,3107.40576,2064.0
0.0,3107.39941,2064.125
0.0,3107.39355,2064.25
0.0,3107.3877,2064.375
0.0,3107.38086,2064.5
0.0,3107.37402,2064.625
0.0,3107.3667,2064.75
0.0,3107.35938,2064.875
0.0,3107.35156,2065.0
0.0,3107.34448,2065.125
0.0,3107.33789,2065.25
0.0,3107.33154,2065.375
0.0,3107.3252,2065.5
0.0,3107.31885,2065.625
0.0,3107.3125,2065.75
0.0,3107.30615,2065.875
0.0,3107.29932,2066.0
0.0,3107.29297,2066.125
0.0,3107.28613,2066.25
0.0,3107.27954,2066.375
0.0,3107.27319,2066.5
0.0,3107.26709,2066.625
0.0,3107.26123,2066.75
0.0,3107.25537,2066.875
0.0,3107.24902,2067.0
0.0,3107.24316,2067.125
0.0,3107.23682,2067.25
0.0,3107.23096,2067.375
0.0,3107.2251,2067.5
0.0,3107.21826,2067.625
0.0,3107.21167,2067.75
0.0,3107.20459,2067.875
0.0,3107.19824,2068.0
0.0,3107.19189,2068.125
0.0,3107.18604,2068.25
0.0,3107.18018,2068.375
0.0,3107.17383,2068.5
0.0,3107.16699,2068.625
0.0,3107.1604,2068.75
0.0,3107.15332,2068.875
0.0,3107.14648,2069.0
0.0,3107.14062,2069.125
0.0,3107.13452,2069.25
0.0,3107.12891,2069.375
0.0,3107.12305,2069.5
0.0,3107.11694,2069.625
0.0,3107.11035,2069.75
0.0,3107.10352,2069.875
0.0,3107.09692,2070.0
0.0,3107.08984,2070.125
0.0,3107.0835,2070.25
0.0,3107.07715,2070.375
0.0,3107.07104,2070.5
0.0,3107.06519,2070.625
0.0,3107.05908,2070.75
0.0,3107.05225,2070.875
0.0,3107.04541,2071.0
0.0,3107.03906,2071.125
0.0,3107.03271,2071.25
0.0,3107.02686,2071.375
0.0,3107.02051,2071.5
0.0,3107.0144,2071.625
0.0,3107.00781,2071.75
0.0,3107.00098,2071.875
0.0,3106.99463,2072.0
0.0,3106.98828,2072.125
0.0,3106.98193,2072.25
0.0,3106.97583,2072.375
0.0,3106.96997,2072.5
0.0,3106.96387,2072.625
0.0,3106.95776,2072.75
0.0,3106.95117,2072.875
0.0,3106.94482,2073.0
0.0,3106.93823,2073.125
0.0,3106.93188,2073.25
0.0,3106.92578,2073.375
0.0,3106.91919,2073.5
0.0,3106.9126,2073.625
0.0,3106.90625,2073.75
0.0,3106.8999,2073.875
0.0,3106.89355,2074.0
0.0,3106.88672,2074.125
0.0,3106.88037,2074.25
0.0,3106.87402,2074.375
0.0,3106.86719,2074.5
0.0,3106.86084,2074.625
0.0,3106.85449,2074.75
0.0,3106.84863,2074.875
0.0,3106.84229,2075.0
0.0,3106.83594,2075.125
0.0,3106.82983,2075.25
0.0,3106.82373,2075.375
0.0,3106.81763,2075.5
0.0,3106.81104,2075.625
0.0,3106.80469,2075.75
0.0,3106.79736,2075.875
0.0,3106.79004,2076.0
0.0,3106.78271,2076.125
0.0,3106.77515,2076.25
0.0,3106.76831,2076.375
0.0,3106.76196,2076.5
0.0,3106.75586,2076.625
0.0,3106.74976,2076.75
0.0,3106.74365,2076.875
0.0,3106.73755,2077.0
0.0,3106.7312,2077.125
0.0,3106.72461,2077.25
0.0,3106.71802,2077.375
0.0,3106.71118,2077.5
0.0,3106.70435,2077.625
0.0,3106.69775,2077.75
0.0,3106.69116,2077.875
0.0,3106.68457,2078.0
0.0,3106.67822,2078.125
0.0,3106.67163,2078.25
0.0,3106.66504,2078.375
0.0,3106.65918,2078.5
0.0,3106.65283,2078.625
0.0,3106.64648,2078.75
0.0,3106.63965,2078.875
0.0,3106.63306,2079.0
0.0,3106.62646,2079.125
0.0,3106.61987,2079.25
0.0,3106.61328,2079.375
0.0,3106.60742,2079.5
0.0,3106.60156,2079.625
0.0,3106.59619,2079.75
0.0,3106.58984,2079.875
0.0,3106.58325,2080.0
0.0,3106.57642,2080.125
0.0,3106.56909,2080.25
0.0,3106.56226,2080.375
0.0,3106.55566,2080.5
0.0,3106.54932,2080.625
0.0,3106.54346,2080.75
0.0,3106.53711,2080.875
0.0,3106.53125,2081.0
0.0,3106.5249,2081.125
0.0,3106.51855,2081.25
0.0,3106.51196,2081.375
0.0,3106.50586,2081.5
0.0,3106.49902,2081.625
0.0,3106.49316,2081.75
0.0,3106.48682,2081.875
0.0,3106.48047,2082.0
0.0,3106.47388,2082.125
0.0,3106.46729,2082.25
0.0,3106.46069,2082.375
0.0,3106.4541,2082.5
0.0,3106.44824,2082.625
0.0,3106.44189,2082.75
0.0,3106.43579,2082.875
0.0,3106.4292,2083.0
0.0,3106.42285,2083.125
0.0,3106.4165,2083.25
0.0,3106.41064,2083.375
0.0,3106.40479,2083.5
0.0,3106.39893,2083.625
0.0,3106.39282,2083.75
0.0,3106.38599,2083.875
0.0,3106.37842,2084.0
0.0,3106.37158,2084.125
0.0,3106.36475,2084.25
0.0,3106.3584,2084.375
0.0,3106.35278,2084.5
0.0,3106.34741,2084.625
0.0,3106.3418,2084.75
0.0,3106.33643,2084.875
0.0,3106.33032,2085.0
0.0,3106.32397,2085.125
0.0,3106.31689,2085.25
0.0,3106.31006,2085.375
0.0,3106.30322,2085.5
0.0,3106.29663,2085.625
0.0,3106.29053,2085.75
0.0,3106.28442,2085.875
0.0,3106.27808,2086.0
0.0,3106.27173,2086.125
0.0,3106.26489,2086.25
0.0,3106.2583,2086.375
0.0,3106.25195,2086.5
0.0,3106.24561,2086.625
0.0,3106.23926,2086.75
0.0,3106.2334,2086.875
0.0,3106.22705,2087.0
0.0,3106.22095,2087.125
0.0,3106.2146,2087.25
0.0,3106.2085,2087.375
0.0,3106.2019,2087.5
0.0,3106.19556,2087.625
0.0,3106.18896,2087.75
0.0,3106.18262,2087.875
0.0,3106.17627,2088.0
0.0,3106.17041,2088.125
0.0,3106.16431,2088.25
0.0,3106.15796,2088.375
0.0,3106.15137,2088.5
0.0,3106.14502,2088.625
0.0,3106.13818,2088.75
0.0,3106.13184,2088.875
0.0,3106.12573,2089.0
0.0,3106.11963,2089.125
0.0,3106.11377,2089.25
0.0,3106.10767,2089.375
0.0,3106.10156,2089.5
0.0,3106.0957,2089.625
0.0,3106.09009,2089.75
0.0,3106.08398,2089.875
0.0,3106.07812,2090.0
0.0,3106.07202,2090.125
0.0,3106.06543,2090.25
0.0,3106.05908,2090.375
0.0,3106.05298,2090.5
0.0,3106.04688,2090.625
0.0,3106.04077,2090.75
0.0,3106.03442,2090.875
0.0,3106.02808,2091.0
0.0,3106.02148,2091.125
0.0,3106.01562,2091.25
0.0,3106.00903,2091.375
0.0,3106.00293,2091.5
0.0,3105.99683,2091.625
0.0,3105.99072,2091.75
0.0,3105.98438,2091.875
0.0,3105.97803,2092.0
0.0,3105.97168,2092.125
0.0,3105.96509,2092.25
0.0,3105.95898,2092.375
0.0,3105.95312,2092.5
0.0,3105.94751,2092.625
0.0,3105.94189,2092.75
0.0,3105.93555,2092.875
0.0,3105.92871,2093.0
0.0,3105.92236,2093.125
0.0,3105.91553,2093.25
0.0,3105.90918,2093.375
0.0,3105.90332,2093.5
0.0,3105.89722,2093.625
0.0,3105.89087,2093.75
0.0,3105.88428,2093.875
0.0,3105.87695,2094.0
0.0,3105.87012,2094.125
0.0,3105.86328,2094.25
0.0,3105.85693,2094.375
0.0,3105.85059,2094.5
0.0,3105.84424,2094.625
0.0,3105.83789,2094.75
0.0,3105.83154,2094.875
0.0,3105.82568,2095.0
0.0,3105.81982,2095.125
0.0,3105.81396,2095.25
0.0,3105.80859,2095.375
0.0,3105.80298,2095.5
0.0,3105.79712,2095.625
0.0,3105.79102,2095.75
0.0,3105.78467,2095.875
0.0,3105.77832,2096.0
0.0,3105.77197,2096.125
0.0,3105.76562,2096.25
0.0,3105.75952,2096.375
0.0,3105.75391,2096.5
0.0,3105.74854,2096.625
0.0,3105.74316,2096.75
0.0,3105.73779,2096.875
0.0,3105.73193,2097.0
0.0,3105.72559,2097.125
0.0,3105.71826,2097.25
0.0,3105.71167,2097.375
0.0,3105.70557,2097.5
0.0,3105.69971,2097.625
0.0,3105.69434,2097.75
0.0,3105.68872,2097.875
0.0,3105.68262,2098.0
0.0,3105.67676,2098.125
0.0,3105.67041,2098.25
0.0,3105.66431,2098.375
0.0,3105.6582,2098.5
0.0,3105.6521,2098.625
0.0,3105.64648,2098.75
0.0,3105.64062,2098.875
0.0,3105.63477,2099.0
0.0,3105.62891,2099.125
0.0,3105.62256,2099.25
0.0,3105.61646,2099.375
0.0,3105.61035,2099.5
0.0,3105.60449,2099.625
0.0,3105.59839,2099.75
0.0,3105.59229,2099.875
0.0,3105.58569,2100.0
0.0,3105.5791,2100.125
0.0,3105.57275,2100.25
0.0,3105.56689,2100.375
0.0,3105.56104,2100.5
0.0,3105.55566,2100.625
0.0,3105.5498,2100.75
0.0,3105.54346,2100.875
0.0,3105.53711,2101.0
0.0,3105.53027,2101.125
0.0,3105.52344,2101.25
0.0,3105.5166,2101.375
0.0,3105.51025,2101.5
0.0,3105.50391,2101.625
0.0,3105.49756,2101.75
0.0,3105.49121,2101.875
0.0,3105.48486,2102.0
0.0,3105.47852,2102.125
0.0,3105.47217,2102.25
0.0,3105.46631,2102.375
0.0,3105.45996,2102.5
0.0,3105.45361,2102.625
0.0,3105.44702,2102.75
0.0,3105.44067,2102.875
0.0,3105.43457,2103.0
0.0,3105.42822,2103.125
0.0,3105.42212,2103.25
0.0,3105.41602,2103.375
0.0,3105.41016,2103.5
0.0,3105.40381,2103.625
0.0,3105.39795,2103.75
0.0,3105.39209,2103.875
0.0,3105.38599,2104.0
0.0,3105.37988,2104.125
0.0,3105.37329,2104.25
0.0,3105.3667,2104.375
0.0,3105.35986,2104.5
0.0,3105.35303,2104.625
0.0,3105.34644,2104.75
0.0,3105.34033,2104.875
0.0,3105.33447,2105.0
0.0,3105.32861,2105.125
0.0,3105.32251,2105.25
0.0,3105.31641,2105.375
0.0,3105.30957,2105.5
0.0,3105.30322,2105.625
0.0,3105.29688,2105.75
0.0,3105.29053,2105.875
0.0,3105.28418,2106.0
0.0,3105.27783,2106.125
0.0,3105.27148,2106.25
0.0,3105.26514,2106.375
0.0,3105.25854,2106.5
0.0,3105.25244,2106.625
0.0,3105.24585,2106.75
0.0,3105.23926,2106.875
0.0,3105.23315,2107.0
0.0,3105.22729,2107.125
0.0,3105.22144,2107.25
0.0,3105.21533,2107.375
0.0,3105.20898,2107.5
0.0,3105.20264,2107.625
0.0,3105.1958,2107.75
0.0,3105.18945,2107.875
0.0,3105.18311,2108.0
0.0,3105.17676,2108.125
0.0,3105.17041,2108.25
0.0,3105.16455,2108.375
0.0,3105.1582,2108.5
0.0,3105.15234,2108.625
0.0,3105.146,2108.75
0.0,3105.13965,2108.875
0.0,3105.1333,2109.0
0.0,3105.12646,2109.125
0.0,3105.11987,2109.25
0.0,3105.11328,2109.375
0.0,3105.10645,2109.5
0.0,3105.1001,2109.625
0.0,3105.09399,2109.75
0.0,3105.08789,2109.875
0.0,3105.08154,2110.0
0.0,3105.0752,2110.125
0.0,3105.0686,2110.25
0.0,3105.06177,2110.375
0.0,3105.05469,2110.5
0.0,3105.04834,2110.625
0.0,3105.04199,2110.75
0.0,3105.03564,2110.875
0.0,3105.02979,2111.0
0.0,3105.02368,2111.125
0.0,3105.01758,2111.25
0.0,3105.01099,2111.375
0.0,3105.00439,2111.5
0.0,3104.99756,2111.625
0.0,3104.99048,2111.75
0.0,3104.9834,2111.875
0.0,3104.97681,2112.0
0.0,3104.97021,2112.125
0.0,3104.96436,2112.25
0.0,3104.9585,2112.375
0.0,3104.9519,2112.5
0.0,3104.94556,2112.625
0.0,3104.93848,2112.75
0.0,3104.93164,2112.875
0.0,3104.92529,2113.0
0.0,3104.91895,2113.125
0.0,3104.91309,2113.25
0.0,3104.90674,2113.375
0.0,3104.90088,2113.5
0.0,3104.89502,2113.625
0.0,3104.88916,2113.75
0.0,3104.88306,2113.875
0.0,3104.87671,2114.0
0.0,3104.86963,2114.125
0.0,3104.86279,2114.25
0.0,3104.85596,2114.375
0.0,3104.84985,2114.5
0.0,3104.84424,2114.625
0.0,3104.83838,2114.75
0.0,3104.83252,2114.875
0.0,3104.82617,2115.0
0.0,3104.81982,2115.125
0.0,3104.81299,2115.25
0.0,3104.80664,2115.375
0.0,3104.7998,2115.5
0.0,3104.79346,2115.625
0.0,3104.78711,2115.75
0.0,3104.78052,2115.875
0.0,3104.77441,2116.0
0.0,3104.76831,2116.125
0.0,3104.76245,2116.25
0.0,3104.75659,2116.375
0.0,3104.75049,2116.5
0.0,3104.74414,2116.625
0.0,3104.73779,2116.75
0.0,3104.73145,2116.875
0.0,3104.72559,2117.0
0.0,3104.71973,2117.125
0.0,3104.71387,2117.25
0.0,3104.70801,2117.375
0.0,3104.70166,2117.5
0.0,3104.69531,2117.625
0.0,3104.68872,2117.75
0.0,3104.68262,2117.875
0.0,3104.67651,2118.0
0.0,3104.67017,2118.125
0.0,3104.66406,2118.25
0.0,3104.65796,2118.375
0.0,3104.65186,2118.5
0.0,3104.646,2118.625
0.0,3104.64014,2118.75
0.0,3104.63428,2118.875
0.0,3104.62842,2119.0
0.0,3104.62231,2119.125
0.0,3104.61621,2119.25
0.0,3104.60938,2119.375
0.0,3104.60278,2119.5
0.0,3104.59668,2119.625
0.0,3104.59106,2119.75
0.0,3104.58521,2119.875
0.0,3104.5791,2120.0
0.0,3104.57275,2120.125
0.0,3104.56616,2120.25
0.0,3104.55933,2120.375
0.0,3104.55298,2120.5
0.0,3104.54688,2120.625
0.0,3104.54077,2120.75
0.0,3104.53516,2120.875
0.0,3104.52881,2121.0
0.0,3104.52246,2121.125
0.0,3104.51636,2121.25
0.0,3104.51099,2121.375
0.0,3104.50537,2121.5
0.0,3104.5,2121.625
0.0,3104.49414,2121.75
0.0,3104.48779,2121.875
0.0,3104.48145,2122.0
0.0,3104.47461,2122.125
0.0,3104.46826,2122.25
0.0,3104.46191,2122.375
0.0,3104.45581,2122.5
0.0,3104.44995,2122.625
0.0,3104.44434,2122.75
0.0,3104.43823,2122.875
0.0,3104.43188,2123.0
0.0,3104.42529,2123.125
0.0,3104.41846,2123.25
0.0,3104.41138,2123.375
0.0,3104.40527,2123.5
0.0,3104.39966,2123.625
0.0,3104.39453,2123.75
0.0,3104.38867,2123.875
0.0,3104.38281,2124.0
0.0,3104.37671,2124.125
0.0,3104.37012,2124.25
0.0,3104.36377,2124.375
0.0,3104.35742,2124.5
0.0,3104.35107,2124.625
0.0,3104.34473,2124.75
0.0,3104.33862,2124.875
0.0,3104.33203,2125.0
0.0,3104.32617,2125.125
0.0,3104.32031,2125.25
0.0,3104.3147,2125.375
0.0,3104.30859,2125.5
0.0,3104.30225,2125.625
0.0,3104.2959,2125.75
0.0,3104.28979,2125.875
0.0,3104.28369,2126.0
0.0,3104.27734,2126.125
0.0,3104.27148,2126.25
0.0,3104.26562,2126.375
0.0,3104.25928,2126.5
0.0,3104.25342,2126.625
0.0,3104.24707,2126.75
0.0,3104.24072,2126.875
0.0,3104.23389,2127.0
0.0,3104.22729,2127.125
0.0,3104.2207,2127.25
0.0,3104.21484,2127.375
0.0,3104.20898,2127.5
0.0,3104.20361,2127.625
0.0,3104.19775,2127.75
0.0,3104.19189,2127.875
0.0,3104.18506,2128.0
0.0,3104.17773,2128.125
0.0,3104.1709,2128.25
0.0,3104.16479,2128.375
0.0,3104.15894,2128.5
0.0,3104.15308,2128.625
0.0,3104.14722,2128.75
0.0,3104.14111,2128.875
0.0,3104.13477,2129.0
0.0,3104.12817,2129.125
0.0,3104.12134,2129.25
0.0,3104.1145,2129.375
0.0,3104.10791,2129.5
0.0,3104.10156,2129.625
0.0,3104.09521,2129.75
0.0,3104.08887,2129.875
0.0,3104.08301,2130.0
0.0,3104.0769,2130.125
0.0,3104.0708,2130.25
0.0,3104.06445,2130.375
0.0,3104.05811,2130.5
0.0,3104.05176,2130.625
0.0,3104.04565,2130.75
0.0,3104.03906,2130.875
0.0,3104.03296,2131.0
0.0,3104.02686,2131.125
0.0,3104.021,2131.25
0.0,3104.01562,2131.375
0.0,3104.00977,2131.5
0.0,3104.00366,2131.625
0.0,3103.99707,2131.75
0.0,3103.99072,2131.875
0.0,3103.98389,2132.0
0.0,3103.97778,2132.125
0.0,3103.97217,2132.25
0.0,3103.9668,2132.375
0.0,3103.96118,2132.5
0.0,3103.95557,2132.625
0.0,3103.94946,2132.75
0.0,3103.94336,2132.875
0.0,3103.9375,2133.0
0.0,3103.93164,2133.125
0.0,3103.92603,2133.25
0.0,3103.92041,2133.375
0.0,3103.91406,2133.5
0.0,3103.90771,2133.625
0.0,3103.90137,2133.75
0.0,3103.89453,2133.875
0.0,3103.88818,2134.0
0.0,3103.88232,2134.125
0.0,3103.87646,2134.25
0.0,3103.87012,2134.375
0.0,3103.86401,2134.5
0.0,3103.85815,2134.625
0.0,3103.85278,2134.75
0.0,3103.84766,2134.875
0.0,3103.8418,2135.0
0.0,3103.83569,2135.125
0.0,3103.82959,2135.25
0.0,3103.82324,2135.375
0.0,3103.81689,2135.5
0.0,3103.81104,2135.625
0.0,3103.80566,2135.75
0.0,3103.80029,2135.875
0.0,3103.79517,2136.0
0.0,3103.79004,2136.125
0.0,3103.78442,2136.25
0.0,3103.77832,2136.375
0.0,3103.77246,2136.5
0.0,3103.76611,2136.625
0.0,3103.76025,2136.75
0.0,3103.75488,2136.875
0.0,3103.74951,2137.0
0.0,3103.74365,2137.125
0.0,3103.73804,2137.25
0.0,3103.73218,2137.375
0.0,3103.72656,2137.5
0.0,3103.72119,2137.625
0.0,3103.71509,2137.75
0.0,3103.70947,2137.875
0.0,3103.70312,2138.0
0.0,3103.69678,2138.125
0.0,3103.69043,2138.25
0.0,3103.68408,2138.375
0.0,3103.67822,2138.5
0.0,3103.67212,2138.625
0.0,3103.66602,2138.75
0.0,3103.65918,2138.875
0.0,3103.65186,2139.0
0.0,3103.64355,2139.125
0.0,3103.63525,2139.25
0.0,3103.62695,2139.375
0.0,3103.61914,2139.5
0.0,3103.61182,2139.625
0.0,3103.60498,2139.75
0.0,3103.59766,2139.875
0.0,3103.59082,2140.0
0.0,3103.58398,2140.125
0.0,3103.57715,2140.25
0.0,3103.57007,2140.375
0.0,3103.56299,2140.5
0.0,3103.55566,2140.625
0.0,3103.54834,2140.75
0.0,3103.54053,2140.875
0.0,3103.53271,2141.0
0.0,3103.5249,2141.125
0.0,3103.5166,2141.25
0.0,3103.5083,2141.375
0.0,3103.5,2141.5
0.0,3103.49121,2141.625
0.0,3103.48193,2141.75
0.0,3103.47266,2141.875
0.0,3103.46387,2142.0
0.0,3103.45508,2142.125
0.0,3103.44629,2142.25
0.0,3103.43677,2142.375
0.0,3103.42676,2142.5
0.0,3103.41626,2142.625
0.0,3103.40625,2142.75
0.0,3103.39722,2142.875
0.0,3103.38867,2143.0
0.0,3103.38062,2143.125
0.0,3103.37256,2143.25
0.0,3103.36377,2143.375
0.0,3103.35498,2143.5
0.0,3103.3457,2143.625
0.0,3103.33643,2143.75
0.0,3103.32764,2143.875
0.0,3103.31934,2144.0
0.0,3103.31104,2144.125
0.0,3103.30273,2144.25
0.0,3103.29443,2144.375
0.0,3103.28564,2144.5
0.0,3103.27661,2144.625
0.0,3103.26782,2144.75
0.0,3103.25879,2144.875
0.0,3103.25049,2145.0
0.0,3103.2417,2145.125
0.0,3103.2334,2145.25
0.0,3103.22461,2145.375
0.0,3103.21631,2145.5
0.0,3103.20801,2145.625
0.0,3103.19971,2145.75
0.0,3103.19141,2145.875
0.0,3103.18311,2146.0
0.0,3103.17432,2146.125
0.0,3103.16504,2146.25
0.0,3103.15625,2146.375
0.0,3103.14746,2146.5
0.0,3103.13965,2146.625
0.0,3103.13208,2146.75
0.0,3103.12451,2146.875
0.0,3103.1167,2147.0
0.0,3103.10864,2147.125
0.0,3103.1001,2147.25
0.0,3103.09155,2147.375
0.0,3103.08301,2147.5
0.0,3103.0752,2147.625
0.0,3103.06689,2147.75
0.0,3103.05908,2147.875
0.0,3103.05078,2148.0
0.0,3103.04224,2148.125
0.0,3103.03369,2148.25
0.0,3103.02588,2148.375
0.0,3103.01782,2148.5
0.0,3103.01025,2148.625
0.0,3103.00244,2148.75
0.0,3102.99463,2148.875
0.0,3102.98633,2149.0
0.0,3102.97803,2149.125
0.0,3102.97021,2149.25
0.0,3102.96216,2149.375
0.0,3102.95508,2149.5
0.0,3102.948,2149.625
0.0,3102.94141,2149.75
0.0,3102.93408,2149.875
0.0,3102.92749,2150.0
0.0,3102.92065,2150.125
0.0,3102.91357,2150.25
0.0,3102.90674,2150.375
0.0,3102.89941,2150.5
0.0,3102.8916,2150.625
0.0,3102.88379,2150.75
0.0,3102.87573,2150.875
0.0,3102.86768,2151.0
0.0,3102.85938,2151.125
0.0,3102.85156,2151.25
0.0,3102.84326,2151.375
0.0,3102.83496,2151.5
0.0,3102.82666,2151.625
0.0,3102.81836,2151.75
0.0,3102.8103,2151.875
0.0,3102.80225,2152.0
0.0,3102.79443,2152.125
0.0,3102.78662,2152.25
0.0,3102.77881,2152.375
0.0,3102.77148,2152.5
0.0,3102.76367,2152.625
0.0,3102.75586,2152.75
0.0,3102.74731,2152.875
0.0,3102.73877,2153.0
0.0,3102.73096,2153.125
0.0,3102.7229,2153.25
0.0,3102.71533,2153.375
0.0,3102.70776,2153.5
0.0,3102.69971,2153.625
0.0,3102.69189,2153.75
0.0,3102.68359,2153.875
0.0,3102.67554,2154.0
0.0,3102.66772,2154.125
0.0,3102.66016,2154.25
0.0,3102.65234,2154.375
0.0,3102.64453,2154.5
0.0,3102.63696,2154.625
0.0,3102.62964,2154.75
0.0,3102.62256,2154.875
0.0,3102.61523,2155.0
0.0,3102.60791,2155.125
0.0,3102.60034,2155.25
0.0,3102.59229,2155.375
0.0,3102.58398,2155.5
0.0,3102.57617,2155.625
0.0,3102.56836,2155.75
0.0,3102.56055,2155.875
0.0,3102.55322,2156.0
0.0,3102.54541,2156.125
0.0,3102.5376,2156.25
0.0,3102.5293,2156.375
0.0,3102.521,2156.5
0.0,3102.5127,2156.625
0.0,3102.50488,2156.75
0.0,3102.49756,2156.875
0.0,3102.49072,2157.0
0.0,3102.48389,2157.125
0.0,3102.47681,2157.25
0.0,3102.46973,2157.375
0.0,3102.4624,2157.5
0.0,3102.45459,2157.625
0.0,3102.44727,2157.75
0.0,3102.4397,2157.875
0.0,3102.43237,2158.0
0.0,3102.4248,2158.125
0.0,3102.41772,2158.25
0.0,3102.41064,2158.375
0.0,3102.40381,2158.5
0.0,3102.39697,2158.625
0.0,3102.3894,2158.75
0.0,3102.38184,2158.875
0.0,3102.37451,2159.0
0.0,3102.3667,2159.125
0.0,3102.35889,2159.25
0.0,3102.35156,2159.375
0.0,3102.34473,2159.5
0.0,3102.33789,2159.625
0.0,3102.33105,2159.75
0.0,3102.32397,2159.875
0.0,3102.31689,2160.0
0.0,3102.30908,2160.125
0.0,3102.30176,2160.25
0.0,3102.29492,2160.375
0.0,3102.28809,2160.5
0.0,3102.28125,2160.625
0.0,3102.27393,2160.75
0.0,3102.2666,2160.875
0.0,3102.25879,2161.0
0.0,3102.25146,2161.125
0.0,3102.24438,2161.25
0.0,3102.2373,2161.375
0.0,3102.23047,2161.5
0.0,3102.22314,2161.625
0.0,3102.21631,2161.75
0.0,3102.20923,2161.875
0.0,3102.20215,2162.0
0.0,3102.19531,2162.125
0.0,3102.18823,2162.25
0.0,3102.18115,2162.375
0.0,3102.17383,2162.5
0.0,3102.16699,2162.625
0.0,3102.15991,2162.75
0.0,3102.15283,2162.875
0.0,3102.146,2163.0
0.0,3102.13965,2163.125
0.0,3102.13281,2163.25
0.0,3102.12598,2163.375
0.0,3102.11914,2163.5
0.0,3102.1123,2163.625
0.0,3102.10522,2163.75
0.0,3102.09814,2163.875
0.0,3102.09082,2164.0
0.0,3102.08398,2164.125
0.0,3102.07739,2164.25
0.0,3102.07056,2164.375
0.0,3102.06396,2164.5
0.0,3102.05713,2164.625
0.0,3102.05029,2164.75
0.0,3102.04346,2164.875
0.0,3102.03613,2165.0
0.0,3102.02881,2165.125
0.0,3102.02197,2165.25
0.0,3102.01489,2165.375
0.0,3102.0083,2165.5
0.0,3102.00098,2165.625
0.0,3101.9939,2165.75
0.0,3101.98682,2165.875
0.0,3101.97949,2166.0
0.0,3101.97217,2166.125
0.0,3101.96484,2166.25
0.0,3101.95752,2166.375
0.0,3101.95093,2166.5
0.0,3101.94409,2166.625
0.0,3101.93701,2166.75
0.0,3101.92969,2166.875
0.0,3101.92236,2167.0
0.0,3101.91504,2167.125
0.0,3101.90771,2167.25
0.0,3101.90063,2167.375
0.0,3101.89404,2167.5
0.0,3101.88721,2167.625
0.0,3101.87939,2167.75
0.0,3101.87207,2167.875
0.0,3101.86377,2168.0
0.0,3101.85596,2168.125
0.0,3101.84814,2168.25
0.0,3101.84033,2168.375
0.0,3101.83228,2168.5
0.0,3101.82373,2168.625
0.0,3101.81543,2168.75
0.0,3101.80688,2168.875
0.0,3101.79883,2169.0
0.0,3101.79102,2169.125
0.0,3101.78369,2169.25
0.0,3101.77637,2169.375
0.0,3101.76904,2169.5
0.0,3101.76196,2169.625
0.0,3101.75464,2169.75
0.0,3101.74756,2169.875
0.0,3101.73975,2170.0
0.0,3101.73218,2170.125
0.0,3101.72461,2170.25
0.0,3101.7168,2170.375
0.0,3101.70947,2170.5
0.0,3101.70215,2170.625
0.0,3101.69531,2170.75
0.0,3101.68823,2170.875
0.0,3101.68115,2171.0
0.0,3101.67383,2171.125
0.0,3101.66626,2171.25
0.0,3101.65869,2171.375
0.0,3101.65088,2171.5
0.0,3101.64355,2171.625
0.0,3101.63623,2171.75
0.0,3101.62866,2171.875
0.0,3101.62134,2172.0
0.0,3101.61377,2172.125
0.0,3101.60645,2172.25
0.0,3101.59937,2172.375
0.0,3101.59229,2172.5
0.0,3101.58472,2172.625
0.0,3101.57715,2172.75
0.0,3101.56934,2172.875
0.0,3101.56177,2173.0
0.0,3101.55469,2173.125
0.0,3101.54785,2173.25
0.0,3101.54102,2173.375
0.0,3101.53442,2173.5
0.0,3101.52759,2173.625
0.0,3101.52051,2173.75
0.0,3101.5127,2173.875
0.0,3101.50513,2174.0
0.0,3101.49731,2174.125
0.0,3101.48975,2174.25
0.0,3101.48218,2174.375
0.0,3101.4751,2174.5
0.0,3101.46826,2174.625
0.0,3101.46143,2174.75
0.0,3101.45459,2174.875
0.0,3101.44727,2175.0
0.0,3101.43994,2175.125
0.0,3101.43311,2175.25
0.0,3101.42578,2175.375
0.0,3101.4187,2175.5
0.0,3101.41138,2175.625
0.0,3101.40405,2175.75
0.0,3101.39697,2175.875
0.0,3101.38916,2176.0
0.0,3101.38184,2176.125
0.0,3101.37402,2176.25
0.0,3101.36572,2176.375
0.0,3101.35767,2176.5
0.0,3101.34937,2176.625
0.0,3101.34131,2176.75
0.0,3101.33398,2176.875
0.0,3101.3269,2177.0
0.0,3101.32031,2177.125
0.0,3101.31348,2177.25
0.0,3101.30713,2177.375
0.0,3101.30029,2177.5
0.0,3101.29297,2177.625
0.0,3101.28564,2177.75
0.0,3101.27881,2177.875
0.0,3101.27148,2178.0
0.0,3101.26465,2178.125
0.0,3101.25781,2178.25
0.0,3101.25049,2178.375
0.0,3101.24341,2178.5
0.0,3101.23584,2178.625
0.0,3101.22852,2178.75
0.0,3101.22119,2178.875
0.0,3101.21484,2179.0
0.0,3101.20801,2179.125
0.0,3101.20117,2179.25
0.0,3101.19458,2179.375
0.0,3101.1875,2179.5
0.0,3101.18066,2179.625
0.0,3101.17383,2179.75
0.0,3101.1665,2179.875
0.0,3101.15967,2180.0
0.0,3101.15234,2180.125
0.0,3101.14551,2180.25
0.0,3101.13818,2180.375
0.0,3101.13135,2180.5
0.0,3101.12476,2180.625
0.0,3101.11768,2180.75
0.0,3101.11084,2180.875
0.0,3101.104,2181.0
0.0,3101.09717,2181.125
0.0,3101.09082,2181.25
0.0,3101.08496,2181.375
0.0,3101.07837,2181.5
0.0,3101.07153,2181.625
0.0,3101.06396,2181.75
0.0,3101.05615,2181.875
0.0,3101.04834,2182.0
0.0,3101.04102,2182.125
0.0,3101.03418,2182.25
0.0,3101.02832,2182.375
0.0,3101.02197,2182.5
0.0,3101.01562,2182.625
0.0,3101.00879,2182.75
0.0,3101.00122,2182.875
0.0,3100.9939,2183.0
0.0,3100.98657,2183.125
0.0,3100.97925,2183.25
0.0,3100.97217,2183.375
0.0,3100.96582,2183.5
0.0,3100.95874,2183.625
0.0,3100.95215,2183.75
0.0,3100.94556,2183.875
0.0,3100.93848,2184.0
0.0,3100.93188,2184.125
0.0,3100.9248,2184.25
0.0,3100.91846,2184.375
0.0,3100.91211,2184.5
0.0,3100.90552,2184.625
0.0,3100.89893,2184.75
0.0,3100.89209,2184.875
0.0,3100.88477,2185.0
0.0,3100.87744,2185.125
0.0,3100.87012,2185.25
0.0,3100.86328,2185.375
0.0,3100.85693,2185.5
0.0,3100.85059,2185.625
0.0,3100.84399,2185.75
0.0,3100.83716,2185.875
0.0,3100.83008,2186.0
0.0,3100.82324,2186.125
0.0,3100.81641,2186.25
0.0,3100.80981,2186.375
0.0,3100.80298,2186.5
0.0,3100.79663,2186.625
0.0,3100.79004,2186.75
0.0,3100.78296,2186.875
0.0,3100.77563,2187.0
0.0,3100.76855,2187.125
0.0,3100.76147,2187.25
0.0,3100.75488,2187.375
0.0,3100.74829,2187.5
0.0,3100.74146,2187.625
0.0,3100.73462,2187.75
0.0,3100.72803,2187.875
0.0,3100.72095,2188.0
0.0,3100.7146,2188.125
0.0,3100.70801,2188.25
0.0,3100.70117,2188.375
0.0,3100.69409,2188.5
0.0,3100.68701,2188.625
0.0,3100.67969,2188.75
0.0,3100.67285,2188.875
0.0,3100.66602,2189.0
0.0,3100.65869,2189.125
0.0,3100.65186,2189.25
0.0,3100.64502,2189.375
0.0,3100.63818,2189.5
0.0,3100.63135,2189.625
0.0,3100.625,2189.75
0.0,3100.61816,2189.875
0.0,3100.61133,2190.0
0.0,3100.604,2190.125
0.0,3100.59668,2190.25
0.0,3100.5896,2190.375
0.0,3100.58252,2190.5
0.0,3100.57593,2190.625
0.0,3100.56958,2190.75
0.0,3100.56323,2190.875
0.0,3100.55664,2191.0
0.0,3100.5498,2191.125
0.0,3100.54248,2191.25
0.0,3100.5354,2191.375
0.0,3100.52856,2191.5
0.0,3100.52148,2191.625
0.0,3100.51514,2191.75
0.0,3100.50879,2191.875
0.0,3100.5022,2192.0
0.0,3100.49561,2192.125
0.0,3100.48926,2192.25
0.0,3100.48315,2192.375
0.0,3100.47656,2192.5
0.0,3100.46997,2192.625
0.0,3100.46289,2192.75
0.0,3100.45605,2192.875
0.0,3100.44897,2193.0
0.0,3100.44189,2193.125
0.0,3100.43506,2193.25
0.0,3100.42773,2193.375
0.0,3100.4209,2193.5
0.0,3100.41382,2193.625
0.0,3100.40698,2193.75
0.0,3100.40039,2193.875
0.0,3100.3938,2194.0
0.0,3100.38721,2194.125
0.0,3100.38062,2194.25
0.0,3100.37402,2194.375
0.0,3100.36743,2194.5
0.0,3100.36084,2194.625
0.0,3100.35425,2194.75
0.0,3100.34741,2194.875
0.0,3100.34058,2195.0
0.0,3100.33398,2195.125
0.0,3100.32666,2195.25
0.0,3100.31934,2195.375
0.0,3100.31201,2195.5
0.0,3100.30469,2195.625
0.0,3100.29785,2195.75
0.0,3100.29126,2195.875
0.0,3100.28467,2196.0
0.0,3100.27881,2196.125
0.0,3100.27222,2196.25
0.0,3100.26587,2196.375
0.0,3100.25903,2196.5
0.0,3100.25195,2196.625
0.0,3100.24463,2196.75
0.0,3100.23779,2196.875
0.0,3100.23047,2197.0
0.0,3100.2229,2197.125
0.0,3100.21533,2197.25
0.0,3100.2085,2197.375
0.0,3100.20166,2197.5
0.0,3100.19482,2197.625
0.0,3100.18848,2197.75
0.0,3100.18164,2197.875
0.0,3100.17529,2198.0
0.0,3100.1687,2198.125
0.0,3100.16187,2198.25
0.0,3100.15503,2198.375
0.0,3100.14844,2198.5
0.0,3100.14209,2198.625
0.0,3100.13574,2198.75
0.0,3100.12988,2198.875
0.0,3100.12402,2199.0
0.0,3100.11914,2199.125
0.0,3100.1145,2199.25
0.0,3100.10986,2199.375
0.0,3100.10522,2199.5
0.0,3100.10059,2199.625
0.0,3100.09619,2199.75
0.0,3100.09155,2199.875
0.0,3100.08691,2200.0
0.0,3100.08203,2200.125
0.0,3100.07666,2200.25
0.0,3100.07129,2200.375
0.0,3100.06616,2200.5
0.0,3100.06128,2200.625
0.0,3100.05688,2200.75
0.0,3100.05273,2200.875
0.0,3100.04883,2201.0
0.0,3100.04492,2201.125
0.0,3100.04126,2201.25
0.0,3100.03711,2201.375
0.0,3100.03247,2201.5
0.0,3100.02734,2201.625
0.0,3100.02197,2201.75
0.0,3100.01611,2201.875
0.0,3100.00977,2202.0
0.0,3100.00342,2202.125
0.0,3099.99658,2202.25
0.0,3099.98975,2202.375
0.0,3099.98291,2202.5
0.0,3099.97607,2202.625
0.0,3099.96924,2202.75
0.0,3099.9624,2202.875
0.0,3099.95508,2203.0
0.0,3099.94775,2203.125
0.0,3099.94043,2203.25
0.0,3099.93311,2203.375
0.0,3099.92627,2203.5
0.0,3099.91895,2203.625
0.0,3099.91138,2203.75
0.0,3099.90381,2203.875
0.0,3099.89575,2204.0
0.0,3099.8877,2204.125
0.0,3099.88037,2204.25
0.0,3099.87354,2204.375
0.0,3099.86646,2204.5
0.0,3099.85913,2204.625
0.0,3099.85156,2204.75
0.0,3099.84375,2204.875
0.0,3099.83594,2205.0
0.0,3099.82812,2205.125
0.0,3099.82031,2205.25
0.0,3099.81274,2205.375
0.0,3099.80518,2205.5
0.0,3099.79785,2205.625
0.0,3099.79053,2205.75
0.0,3099.7832,2205.875
0.0,3099.77637,2206.0
0.0,3099.76953,2206.125
0.0,3099.76318,2206.25
0.0,3099.75635,2206.375
0.0,3099.74902,2206.5
0.0,3099.7417,2206.625
0.0,3099.7334,2206.75
0.0,3099.72461,2206.875
0.0,3099.71631,2207.0
0.0,3099.70801,2207.125
0.0,3099.7002,2207.25
0.0,3099.69336,2207.375
0.0,3099.68652,2207.5
0.0,3099.67969,2207.625
0.0,3099.67334,2207.75
0.0,3099.66602,2207.875
0.0,3099.65918,2208.0
0.0,3099.6521,2208.125
0.0,3099.64502,2208.25
0.0,3099.63794,2208.375
0.0,3099.63086,2208.5
0.0,3099.62354,2208.625
0.0,3099.61621,2208.75
0.0,3099.60889,2208.875
0.0,3099.60156,2209.0
0.0,3099.59473,2209.125
0.0,3099.58765,2209.25
0.0,3099.58032,2209.375
0.0,3099.57324,2209.5
0.0,3099.56616,2209.625
0.0,3099.55957,2209.75
0.0,3099.55298,2209.875
0.0,3099.54639,2210.0
0.0,3099.53955,2210.125
0.0,3099.53223,2210.25
0.0,3099.5249,2210.375
0.0,3099.51758,2210.5
0.0,3099.51001,2210.625
0.0,3099.50269,2210.75
0.0,3099.49609,2210.875
0.0,3099.48926,2211.0
0.0,3099.48291,2211.125
0.0,3099.47656,2211.25
0.0,3099.47021,2211.375
0.0,3099.46338,2211.5
0.0,3099.45605,2211.625
0.0,3099.44849,2211.75
0.0,3099.44092,2211.875
0.0,3099.43384,2212.0
0.0,3099.427,2212.125
0.0,3099.42041,2212.25
0.0,3099.41431,2212.375
0.0,3099.40771,2212.5
0.0,3099.40039,2212.625
0.0,3099.39307,2212.75
0.0,3099.38525,2212.875
0.0,3099.37769,2213.0
0.0,3099.37109,2213.125
0.0,3099.36475,2213.25
0.0,3099.35864,2213.375
0.0,3099.35205,2213.5
0.0,3099.34546,2213.625
0.0,3099.33862,2213.75
0.0,3099.33154,2213.875
0.0,3099.32446,2214.0
0.0,3099.31763,2214.125
0.0,3099.31055,2214.25
0.0,3099.30347,2214.375
0.0,3099.2959,2214.5
0.0,3099.28857,2214.625
0.0,3099.28149,2214.75
0.0,3099.2749,2214.875
0.0,3099.26855,2215.0
0.0,3099.26221,2215.125
0.0,3099.25586,2215.25
0.0,3099.24878,2215.375
0.0,3099.2417,2215.5
0.0,3099.23486,2215.625
0.0,3099.22778,2215.75
0.0,3099.22095,2215.875
0.0,3099.21387,2216.0
0.0,3099.20654,2216.125
0.0,3099.19897,2216.25
0.0,3099.19141,2216.375
0.0,3099.18359,2216.5
0.0,3099.17627,2216.625
0.0,3099.16895,2216.75
0.0,3099.16187,2216.875
0.0,3099.15527,2217.0
0.0,3099.14868,2217.125
0.0,3099.14209,2217.25
0.0,3099.13574,2217.375
0.0,3099.12891,2217.5
0.0,3099.12207,2217.625
0.0,3099.11523,2217.75
0.0,3099.1084,2217.875
0.0,3099.10156,2218.0
0.0,3099.09521,2218.125
0.0,3099.08887,2218.25
0.0,3099.08203,2218.375
0.0,3099.0752,2218.5
0.0,3099.06836,2218.625
0.0,3099.06128,2218.75
0.0,3099.0542,2218.875
0.0,3099.04688,2219.0
0.0,3099.04004,2219.125
0.0,3099.03369,2219.25
0.0,3099.02686,2219.375
0.0,3099.02051,2219.5
0.0,3099.01367,2219.625
0.0,3099.00659,2219.75
0.0,3098.99976,2219.875
0.0,3098.99268,2220.0
0.0,3098.98584,2220.125
0.0,3098.97949,2220.25
0.0,3098.97314,2220.375
0.0,3098.96704,2220.5
0.0,3098.96045,2220.625
0.0,3098.95361,2220.75
0.0,3098.94678,2220.875
0.0,3098.93945,2221.0
0.0,3098.93213,2221.125
0.0,3098.92505,2221.25
0.0,3098.91846,2221.375
0.0,3098.91211,2221.5
0.0,3098.90576,2221.625
0.0,3098.89941,2221.75
0.0,3098.89282,2221.875
0.0,3098.88599,2222.0
0.0,3098.87891,2222.125
0.0,3098.87256,2222.25
0.0,3098.86572,2222.375
0.0,3098.85938,2222.5
0.0,3098.85254,2222.625
0.0,3098.84595,2222.75
0.0,3098.83887,2222.875
0.0,3098.83203,2223.0
0.0,3098.8252,2223.125
0.0,3098.8186,2223.25
0.0,3098.81152,2223.375
0.0,3098.80493,2223.5
0.0,3098.79834,2223.625
0.0,3098.79199,2223.75
0.0,3098.78564,2223.875
0.0,3098.77881,2224.0
0.0,3098.77222,2224.125
0.0,3098.76562,2224.25
0.0,3098.75903,2224.375
0.0,3098.7522,2224.5
0.0,3098.74561,2224.625
0.0,3098.7395,2224.75
0.0,3098.7334,2224.875
0.0,3098.72754,2225.0
0.0,3098.72119,2225.125
0.0,3098.71484,2225.25
0.0,3098.70776,2225.375
0.0,3098.70117,2225.5
0.0,3098.69482,2225.625
0.0,3098.68896,2225.75
0.0,3098.68311,2225.875
0.0,3098.67725,2226.0
0.0,3098.67065,2226.125
0.0,3098.66357,2226.25
0.0,3098.65674,2226.375
0.0,3098.64966,2226.5
0.0,3098.64307,2226.625
0.0,3098.63672,2226.75
0.0,3098.63013,2226.875
0.0,3098.62354,2227.0
0.0,3098.61694,2227.125
0.0,3098.61035,2227.25
0.0,3098.60376,2227.375
0.0,3098.59717,2227.5
0.0,3098.59082,2227.625
0.0,3098.58447,2227.75
0.0,3098.57788,2227.875
0.0,3098.57129,2228.0
0.0,3098.56445,2228.125
0.0,3098.55811,2228.25
0.0,3098.55127,2228.375
0.0,3098.54492,2228.5
0.0,3098.53857,2228.625
0.0,3098.53223,2228.75
0.0,3098.52588,2228.875
0.0,3098.51953,2229.0
0.0,3098.51318,2229.125
0.0,3098.50635,2229.25
0.0,3098.49951,2229.375
0.0,3098.49268,2229.5
0.0,3098.48584,2229.625
0.0,3098.479,2229.75
0.0,3098.47266,2229.875
0.0,3098.46631,2230.0
0.0,3098.45996,2230.125
0.0,3098.4541,2230.25
0.0,3098.44751,2230.375
0.0,3098.44092,2230.5
0.0,3098.43457,2230.625
0.0,3098.42773,2230.75
0.0,3098.4209,2230.875
0.0,3098.41455,2231.0
0.0,3098.40845,2231.125
0.0,3098.40186,2231.25
0.0,3098.39551,2231.375
0.0,3098.38867,2231.5
0.0,3098.38184,2231.625
0.0,3098.37451,2231.75
0.0,3098.36768,2231.875
0.0,3098.36084,2232.0
0.0,3098.35449,2232.125
0.0,3098.3479,2232.25
0.0,3098.3418,2232.375
0.0,3098.33569,2232.5
0.0,3098.32959,2232.625
0.0,3098.32324,2232.75
0.0,3098.31641,2232.875
0.0,3098.30957,2233.0
0.0,3098.30273,2233.125
0.0,3098.29639,2233.25
0.0,3098.29053,2233.375
0.0,3098.28418,2233.5
0.0,3098.27808,2233.625
0.0,3098.27148,2233.75
0.0,3098.26465,2233.875
0.0,3098.25781,2234.0
0.0,3098.25098,2234.125
0.0,3098.24487,2234.25
0.0,3098.23877,2234.375
0.0,3098.23242,2234.5
0.0,3098.22607,2234.625
0.0,3098.21924,2234.75
0.0,3098.21265,2234.875
0.0,3098.20605,2235.0
0.0,3098.19946,2235.125
0.0,3098.19312,2235.25
0.0,3098.18652,2235.375
0.0,3098.18018,2235.5
0.0,3098.17383,2235.625
0.0,3098.16748,2235.75
0.0,3098.16064,2235.875
0.0,3098.15405,2236.0
0.0,3098.14746,2236.125
0.0,3098.14111,2236.25
0.0,3098.13477,2236.375
0.0,3098.12817,2236.5
0.0,3098.12158,2236.625
0.0,3098.11523,2236.75
0.0,3098.1084,2236.875
0.0,3098.10205,2237.0
0.0,3098.0957,2237.125
0.0,3098.08887,2237.25
0.0,3098.08203,2237.375
0.0,3098.07568,2237.5
0.0,3098.06885,2237.625
0.0,3098.06274,2237.75
0.0,3098.05664,2237.875
0.0,3098.05078,2238.0
0.0,3098.04443,2238.125
0.0,3098.0376,2238.25
0.0,3098.03076,2238.375
0.0,3098.02344,2238.5
0.0,3098.01685,2238.625
0.0,3098.01074,2238.75
0.0,3098.00391,2238.875
0.0,3097.99756,2239.0
0.0,3097.99072,2239.125
0.0,3097.98389,2239.25
0.0,3097.97754,2239.375
0.0,3097.97144,2239.5
0.0,3097.96533,2239.625
0.0,3097.95947,2239.75
0.0,3097.95312,2239.875
0.0,3097.94678,2240.0
0.0,3097.93994,2240.125
0.0,3097.93311,2240.25
0.0,3097.92627,2240.375
0.0,3097.91968,2240.5
0.0,3097.91309,2240.625
0.0,3097.90674,2240.75
0.0,3097.90039,2240.875
0.0,3097.89404,2241.0
0.0,3097.88721,2241.125
0.0,3097.88086,2241.25
0.0,3097.87402,2241.375
0.0,3097.86768,2241.5
0.0,3097.86133,2241.625
0.0,3097.85522,2241.75
0.0,3097.84912,2241.875
0.0,3097.84229,2242.0
0.0,3097.83545,2242.125
0.0,3097.82861,2242.25
0.0,3097.82227,2242.375
0.0,3097.81592,2242.5
0.0,3097.80957,2242.625
0.0,3097.80322,2242.75
0.0,3097.79688,2242.875
0.0,3097.79004,2243.0
0.0,3097.78271,2243.125
0.0,3097.77637,2243.25
0.0,3097.77002,2243.375
0.0,3097.76367,2243.5
0.0,3097.75732,2243.625
0.0,3097.75073,2243.75
0.0,3097.74414,2243.875
0.0,3097.73755,2244.0
0.0,3097.73096,2244.125
0.0,3097.72412,2244.25
0.0,3097.71753,2244.375
0.0,3097.71118,2244.5
0.0,3097.70459,2244.625
0.0,3097.698,2244.75
0.0,3097.69189,2244.875
0.0,3097.68555,2245.0
0.0,3097.6792,2245.125
0.0,3097.67285,2245.25
0.0,3097.66626,2245.375
0.0,3097.65991,2245.5
0.0,3097.65332,2245.625
0.0,3097.64697,2245.75
0.0,3097.64014,2245.875
0.0,3097.63354,2246.0
0.0,3097.62695,2246.125
0.0,3097.62061,2246.25
0.0,3097.61426,2246.375
0.0,3097.60815,2246.5
0.0,3097.60205,2246.625
0.0,3097.59619,2246.75
0.0,3097.58984,2246.875
0.0,3097.58325,2247.0
0.0,3097.57666,2247.125
0.0,3097.57007,2247.25
0.0,3097.56348,2247.375
0.0,3097.55762,2247.5
0.0,3097.55127,2247.625
0.0,3097.54492,2247.75
0.0,3097.53857,2247.875
0.0,3097.53174,2248.0
0.0,3097.52441,2248.125
0.0,3097.5166,2248.25
0.0,3097.50781,2248.375
0.0,3097.49805,2248.5
0.0,3097.48828,2248.625
0.0,3097.47852,2248.75
0.0,3097.46997,2248.875
0.0,3097.46216,2249.0
0.0,3097.45508,2249.125
0.0,3097.448,2249.25
0.0,3097.44141,2249.375
0.0,3097.43506,2249.5
0.0,3097.42847,2249.625
0.0,3097.42236,2249.75
0.0,3097.41602,2249.875
0.0,3097.40942,2250.0
0.0,3097.40283,2250.125
0.0,3097.396,2250.25
0.0,3097.38916,2250.375
0.0,3097.38281,2250.5
0.0,3097.37646,2250.625
0.0,3097.37061,2250.75
0.0,3097.36475,2250.875
0.0,3097.35889,2251.0
0.0,3097.35254,2251.125
0.0,3097.3457,2251.25
0.0,3097.33887,2251.375
0.0,3097.33203,2251.5
0.0,3097.3252,2251.625
0.0,3097.3186,2251.75
0.0,3097.31201,2251.875
0.0,3097.30566,2252.0
0.0,3097.29907,2252.125
0.0,3097.29297,2252.25
0.0,3097.28662,2252.375
0.0,3097.28027,2252.5
0.0,3097.27393,2252.625
0.0,3097.26758,2252.75
0.0,3097.26123,2252.875
0.0,3097.25488,2253.0
0.0,3097.24927,2253.125
0.0,3097.24365,2253.25
0.0,3097.2373,2253.375
0.0,3097.23096,2253.5
0.0,3097.22461,2253.625
0.0,3097.21826,2253.75
0.0,3097.21191,2253.875
0.0,3097.20654,2254.0
0.0,3097.20068,2254.125
0.0,3097.19482,2254.25
0.0,3097.18945,2254.375
0.0,3097.18335,2254.5
0.0,3097.17749,2254.625
0.0,3097.17139,2254.75
0.0,3097.16553,2254.875
0.0,3097.15967,2255.0
0.0,3097.1543,2255.125
0.0,3097.14941,2255.25
0.0,3097.14429,2255.375
0.0,3097.13867,2255.5
0.0,3097.13281,2255.625
0.0,3097.12646,2255.75
0.0,3097.11987,2255.875
0.0,3097.11328,2256.0
0.0,3097.10596,2256.125
0.0,3097.09912,2256.25
0.0,3097.0918,2256.375
0.0,3097.08496,2256.5
0.0,3097.07861,2256.625
0.0,3097.07227,2256.75
0.0,3097.06567,2256.875
0.0,3097.05859,2257.0
0.0,3097.05151,2257.125
0.0,3097.04443,2257.25
0.0,3097.03735,2257.375
0.0,3097.03076,2257.5
0.0,3097.02466,2257.625
0.0,3097.01855,2257.75
0.0,3097.01196,2257.875
0.0,3097.00537,2258.0
0.0,3096.99878,2258.125
0.0,3096.99243,2258.25
0.0,3096.98584,2258.375
0.0,3096.97925,2258.5
0.0,3096.97217,2258.625
0.0,3096.96533,2258.75
0.0,3096.95874,2258.875
0.0,3096.95239,2259.0
0.0,3096.94653,2259.125
0.0,3096.94043,2259.25
0.0,3096.93433,2259.375
0.0,3096.92773,2259.5
0.0,3096.9209,2259.625
0.0,3096.91406,2259.75
0.0,3096.90674,2259.875
0.0,3096.89941,2260.0
0.0,3096.89258,2260.125
0.0,3096.88599,2260.25
0.0,3096.87988,2260.375
0.0,3096.87354,2260.5
0.0,3096.86743,2260.625
0.0,3096.8606,2260.75
0.0,3096.85352,2260.875
0.0,3096.84619,2261.0
0.0,3096.83887,2261.125
0.0,3096.83276,2261.25
0.0,3096.82666,2261.375
0.0,3096.82056,2261.5
0.0,3096.81396,2261.625
0.0,3096.80713,2261.75
0.0,3096.7998,2261.875
0.0,3096.79272,2262.0
0.0,3096.78589,2262.125
0.0,3096.77954,2262.25
0.0,3096.77368,2262.375
0.0,3096.76758,2262.5
0.0,3096.76147,2262.625
0.0,3096.75488,2262.75
0.0,3096.74829,2262.875
0.0,3096.74146,2263.0
0.0,3096.73486,2263.125
0.0,3096.72827,2263.25
0.0,3096.72192,2263.375
0.0,3096.71582,2263.5
0.0,3096.70996,2263.625
0.0,3096.7041,2263.75
0.0,3096.69775,2263.875
0.0,3096.69067,2264.0
0.0,3096.68408,2264.125
0.0,3096.67725,2264.25
0.0,3096.67065,2264.375
0.0,3096.66406,2264.5
0.0,3096.65771,2264.625
0.0,3096.65161,2264.75
0.0,3096.64551,2264.875
0.0,3096.63916,2265.0
0.0,3096.63306,2265.125
0.0,3096.62695,2265.25
0.0,3096.62085,2265.375
0.0,3096.61475,2265.5
0.0,3096.60815,2265.625
0.0,3096.60107,2265.75
0.0,3096.59375,2265.875
0.0,3096.58618,2266.0
0.0,3096.5791,2266.125
0.0,3096.57178,2266.25
0.0,3096.56519,2266.375
0.0,3096.55811,2266.5
0.0,3096.55127,2266.625
0.0,3096.54395,2266.75
0.0,3096.53711,2266.875
0.0,3096.53052,2267.0
0.0,3096.52466,2267.125
0.0,3096.5188,2267.25
0.0,3096.51294,2267.375
0.0,3096.50659,2267.5
0.0,3096.5,2267.625
0.0,3096.49316,2267.75
0.0,3096.48682,2267.875
0.0,3096.48022,2268.0
0.0,3096.47388,2268.125
0.0,3096.46777,2268.25
0.0,3096.46094,2268.375
0.0,3096.45435,2268.5
0.0,3096.448,2268.625
0.0,3096.44189,2268.75
0.0,3096.43604,2268.875
0.0,3096.42969,2269.0
0.0,3096.42334,2269.125
0.0,3096.41699,2269.25
0.0,3096.41016,2269.375
0.0,3096.40381,2269.5
0.0,3096.39722,2269.625
0.0,3096.39087,2269.75
0.0,3096.38477,2269.875
0.0,3096.37866,2270.0
0.0,3096.37207,2270.125
0.0,3096.36621,2270.25
0.0,3096.35986,2270.375
0.0,3096.35327,2270.5
0.0,3096.34668,2270.625
0.0,3096.34009,2270.75
0.0,3096.33374,2270.875
0.0,3096.32764,2271.0
0.0,3096.32153,2271.125
0.0,3096.31543,2271.25
0.0,3096.30908,2271.375
0.0,3096.30225,2271.5
0.0,3096.2959,2271.625
0.0,3096.28931,2271.75
0.0,3096.28296,2271.875
0.0,3096.27686,2272.0
0.0,3096.271,2272.125
0.0,3096.26514,2272.25
0.0,3096.25879,2272.375
0.0,3096.25244,2272.5
0.0,3096.24585,2272.625
0.0,3096.2395,2272.75
0.0,3096.2334,2272.875
0.0,3096.22705,2273.0
0.0,3096.22119,2273.125
0.0,3096.21582,2273.25
0.0,3096.20996,2273.375
0.0,3096.2041,2273.5
0.0,3096.198,2273.625
0.0,3096.19189,2273.75
0.0,3096.1853,2273.875
0.0,3096.17896,2274.0
0.0,3096.17236,2274.125
0.0,3096.16553,2274.25
0.0,3096.15918,2274.375
0.0,3096.15259,2274.5
0.0,3096.14648,2274.625
0.0,3096.14062,2274.75
0.0,3096.13525,2274.875
0.0,3096.12988,2275.0
0.0,3096.12402,2275.125
0.0,3096.11768,2275.25
0.0,3096.11133,2275.375
0.0,3096.10449,2275.5
0.0,3096.0979,2275.625
0.0,3096.0918,2275.75
0.0,3096.08545,2275.875
0.0,3096.07935,2276.0
0.0,3096.07324,2276.125
0.0,3096.06714,2276.25
0.0,3096.06104,2276.375
0.0,3096.05518,2276.5
0.0,3096.04932,2276.625
0.0,3096.04321,2276.75
0.0,3096.03687,2276.875
0.0,3096.03076,2277.0
0.0,3096.02441,2277.125
0.0,3096.01807,2277.25
0.0,3096.01172,2277.375
0.0,3096.00586,2277.5
0.0,3096.0,2277.625
0.0,3095.99414,2277.75
0.0,3095.98828,2277.875
0.0,3095.98218,2278.0
0.0,3095.97607,2278.125
0.0,3095.97021,2278.25
0.0,3095.9646,2278.375
0.0,3095.95947,2278.5
0.0,3095.95459,2278.625
0.0,3095.9502,2278.75
0.0,3095.94653,2278.875
0.0,3095.94263,2279.0
0.0,3095.93896,2279.125
0.0,3095.93433,2279.25
0.0,3095.92969,2279.375
0.0,3095.9248,2279.5
0.0,3095.91992,2279.625
0.0,3095.91553,2279.75
0.0,3095.91113,2279.875
0.0,3095.90723,2280.0
0.0,3095.90332,2280.125
0.0,3095.89893,2280.25
0.0,3095.89502,2280.375
0.0,3095.89062,2280.5
0.0,3095.88623,2280.625
0.0,3095.88184,2280.75
0.0,3095.87695,2280.875
0.0,3095.87183,2281.0
0.0,3095.8667,2281.125
0.0,3095.86133,2281.25
0.0,3095.85571,2281.375
0.0,3095.84961,2281.5
0.0,3095.84326,2281.625
0.0,3095.83691,2281.75
0.0,3095.83008,2281.875
0.0,3095.82324,2282.0
0.0,3095.81665,2282.125
0.0,3095.81006,2282.25
0.0,3095.80371,2282.375
0.0,3095.79688,2282.5
0.0,3095.79004,2282.625
0.0,3095.78345,2282.75
0.0,3095.77686,2282.875
0.0,3095.77002,2283.0
0.0,3095.76318,2283.125
0.0,3095.75635,2283.25
0.0,3095.75,2283.375
0.0,3095.74316,2283.5
0.0,3095.73657,2283.625
0.0,3095.72998,2283.75
0.0,3095.72314,2283.875
0.0,3095.71582,2284.0
0.0,3095.70947,2284.125
0.0,3095.70264,2284.25
0.0,3095.6958,2284.375
0.0,3095.68896,2284.5
0.0,3095.68213,2284.625
0.0,3095.67505,2284.75
0.0,3095.66821,2284.875
0.0,3095.66138,2285.0
0.0,3095.65454,2285.125
0.0,3095.64795,2285.25
0.0,3095.64111,2285.375
0.0,3095.63428,2285.5
0.0,3095.62744,2285.625
0.0,3095.61987,2285.75
0.0,3095.61304,2285.875
0.0,3095.60645,2286.0
0.0,3095.59985,2286.125
0.0,3095.59326,2286.25
0.0,3095.58667,2286.375
0.0,3095.58008,2286.5
0.0,3095.57324,2286.625
0.0,3095.56641,2286.75
0.0,3095.55957,2286.875
0.0,3095.55273,2287.0
0.0,3095.54614,2287.125
0.0,3095.53955,2287.25
0.0,3095.53271,2287.375
0.0,3095.52588,2287.5
0.0,3095.51904,2287.625
0.0,3095.5127,2287.75
0.0,3095.5061,2287.875
0.0,3095.49951,2288.0
0.0,3095.49268,2288.125
0.0,3095.48584,2288.25
0.0,3095.47852,2288.375
0.0,3095.47119,2288.5
0.0,3095.4646,2288.625
0.0,3095.45801,2288.75
0.0,3095.45166,2288.875
0.0,3095.44531,2289.0
0.0,3095.43896,2289.125
0.0,3095.43213,2289.25
0.0,3095.42529,2289.375
0.0,3095.41895,2289.5
0.0,3095.41211,2289.625
0.0,3095.40576,2289.75
0.0,3095.39917,2289.875
0.0,3095.39282,2290.0
0.0,3095.38672,2290.125
0.0,3095.38013,2290.25
0.0,3095.37402,2290.375
0.0,3095.36768,2290.5
0.0,3095.36108,2290.625
0.0,3095.354,2290.75
0.0,3095.34692,2290.875
0.0,3095.33984,2291.0
0.0,3095.33301,2291.125
0.0,3095.32666,2291.25
0.0,3095.3208,2291.375
0.0,3095.31445,2291.5
0.0,3095.30835,2291.625
0.0,3095.302,2291.75
0.0,3095.29541,2291.875
0.0,3095.28906,2292.0
0.0,3095.28271,2292.125
0.0,3095.27637,2292.25
0.0,3095.26978,2292.375
0.0,3095.2627,2292.5
0.0,3095.25562,2292.625
0.0,3095.24878,2292.75
0.0,3095.24219,2292.875
0.0,3095.23633,2293.0
0.0,3095.23047,2293.125
0.0,3095.22461,2293.25
0.0,3095.21899,2293.375
0.0,3095.21289,2293.5
0.0,3095.20654,2293.625
0.0,3095.19971,2293.75
0.0,3095.19263,2293.875
0.0,3095.18555,2294.0
0.0,3095.1792,2294.125
0.0,3095.17261,2294.25
0.0,3095.1665,2294.375
0.0,3095.16064,2294.5
0.0,3095.15454,2294.625
0.0,3095.14844,2294.75
0.0,3095.1416,2294.875
0.0,3095.13525,2295.0
0.0,3095.12891,2295.125
0.0,3095.12207,2295.25
0.0,3095.11572,2295.375
0.0,3095.10938,2295.5
0.0,3095.10303,2295.625
0.0,3095.09619,2295.75
0.0,3095.08984,2295.875
0.0,3095.08374,2296.0
0.0,3095.07764,2296.125
0.0,3095.07129,2296.25
0.0,3095.06519,2296.375
0.0,3095.05908,2296.5
0.0,3095.05225,2296.625
0.0,3095.04492,2296.75
0.0,3095.0376,2296.875
0.0,3095.02979,2297.0
0.0,3095.02271,2297.125
0.0,3095.01587,2297.25
0.0,3095.00977,2297.375
0.0,3095.00366,2297.5
0.0,3094.99756,2297.625
0.0,3094.99121,2297.75
0.0,3094.98462,2297.875
0.0,3094.97803,2298.0
0.0,3094.97168,2298.125
0.0,3094.96558,2298.25
0.0,3094.95947,2298.375
0.0,3094.95386,2298.5
0.0,3094.94775,2298.625
0.0,3094.94141,2298.75
0.0,3094.93506,2298.875
0.0,3094.92871,2299.0
0.0,3094.92212,2299.125
0.0,3094.91602,2299.25
0.0,3094.90967,2299.375
0.0,3094.90332,2299.5
0.0,3094.89746,2299.625
0.0,3094.89111,2299.75
0.0,3094.88501,2299.875
0.0,3094.87915,2300.0
0.0,3094.8728,2300.125
0.0,3094.8667,2300.25
0.0,3094.86035,2300.375
0.0,3094.854,2300.5
0.0,3094.84717,2300.625
0.0,3094.84082,2300.75
0.0,3094.83496,2300.875
0.0,3094.82935,2301.0
0.0,3094.82397,2301.125
0.0,3094.81836,2301.25
0.0,3094.8125,2301.375
0.0,3094.80664,2301.5
0.0,3094.80029,2301.625
0.0,3094.79443,2301.75
0.0,3094.78809,2301.875
0.0,3094.78198,2302.0
0.0,3094.77588,2302.125
0.0,3094.76953,2302.25
0.0,3094.76318,2302.375
0.0,3094.75684,2302.5
0.0,3094.75024,2302.625
0.0,3094.74414,2302.75
0.0,3094.73804,2302.875
0.0,3094.73218,2303.0
0.0,3094.72632,2303.125
0.0,3094.72021,2303.25
0.0,3094.71387,2303.375
0.0,3094.70801,2303.5
0.0,3094.70215,2303.625
0.0,3094.69653,2303.75
0.0,3094.69067,2303.875
0.0,3094.68433,2304.0
0.0,3094.67773,2304.125
0.0,3094.6709,2304.25
0.0,3094.66479,2304.375
0.0,3094.65869,2304.5
0.0,3094.65332,2304.625
0.0,3094.64746,2304.75
0.0,3094.6416,2304.875
0.0,3094.6355,2305.0
0.0,3094.62915,2305.125
0.0,3094.6228,2305.25
0.0,3094.61646,2305.375
0.0,3094.61035,2305.5
0.0,3094.60449,2305.625
0.0,3094.59863,2305.75
0.0,3094.59277,2305.875
0.0,3094.58691,2306.0
0.0,3094.58081,2306.125
0.0,3094.57471,2306.25
0.0,3094.56812,2306.375
0.0,3094.56201,2306.5
0.0,3094.55566,2306.625
0.0,3094.54956,2306.75
0.0,3094.5437,2306.875
0.0,3094.53784,2307.0
0.0,3094.53174,2307.125
0.0,3094.52539,2307.25
0.0,3094.51904,2307.375
0.0,3094.5127,2307.5
0.0,3094.50635,2307.625
0.0,3094.50024,2307.75
0.0,3094.49414,2307.875
0.0,3094.48828,2308.0
0.0,3094.48242,2308.125
0.0,3094.47583,2308.25
0.0,3094.46924,2308.375
0.0,3094.46216,2308.5
0.0,3094.45532,2308.625
0.0,3094.44897,2308.75
0.0,3094.44336,2308.875
0.0,3094.4375,2309.0
0.0,3094.43164,2309.125
0.0,3094.42578,2309.25
0.0,3094.41943,2309.375
0.0,3094.41357,2309.5
0.0,3094.40771,2309.625
0.0,3094.40137,2309.75
0.0,3094.39502,2309.875
0.0,3094.38892,2310.0
0.0,3094.38257,2310.125
0.0,3094.37646,2310.25
0.0,3094.37036,2310.375
0.0,3094.36426,2310.5
0.0,3094.3584,2310.625
0.0,3094.35181,2310.75
0.0,3094.3457,2310.875
0.0,3094.33911,2311.0
0.0,3094.33325,2311.125
0.0,3094.32739,2311.25
0.0,3094.32153,2311.375
0.0,3094.31567,2311.5
0.0,3094.30957,2311.625
0.0,3094.30347,2311.75
0.0,3094.29712,2311.875
0.0,3094.29102,2312.0
0.0,3094.2854,2312.125
0.0,3094.2793,2312.25
0.0,3094.27344,2312.375
0.0,3094.26709,2312.5
0.0,3094.26099,2312.625
0.0,3094.25439,2312.75
0.0,3094.24854,2312.875
0.0,3094.24243,2313.0
0.0,3094.23633,2313.125
0.0,3094.22998,2313.25
0.0,3094.22363,2313.375
0.0,3094.21753,2313.5
0.0,3094.21143,2313.625
0.0,3094.20532,2313.75
0.0,3094.19946,2313.875
0.0,3094.19336,2314.0
0.0,3094.1875,2314.125
0.0,3094.18115,2314.25
0.0,3094.1748,2314.375
0.0,3094.16846,2314.5
0.0,3094.1626,2314.625
0.0,3094.15698,2314.75
0.0,3094.15088,2314.875
0.0,3094.14526,2315.0
0.0,3094.13916,2315.125
0.0,3094.13281,2315.25
0.0,3094.12598,2315.375
0.0,3094.11987,2315.5
0.0,3094.11353,2315.625
0.0,3094.10742,2315.75
0.0,3094.10156,2315.875
0.0,3094.0957,2316.0
0.0,3094.08984,2316.125
0.0,3094.08423,2316.25
0.0,3094.07837,2316.375
0.0,3094.07251,2316.5
0.0,3094.06641,2316.625
0.0,3094.05957,2316.75
0.0,3094.05298,2316.875
0.0,3094.04639,2317.0
0.0,3094.04028,2317.125
0.0,3094.03418,2317.25
0.0,3094.02856,2317.375
0.0,3094.02295,2317.5
0.0,3094.01709,2317.625
0.0,3094.0105,2317.75
0.0,3094.00366,2317.875
0.0,3093.99707,2318.0
0.0,3093.99023,2318.125
0.0,3093.98364,2318.25
0.0,3093.97754,2318.375
0.0,3093.97119,2318.5
0.0,3093.96484,2318.625
0.0,3093.95923,2318.75
0.0,3093.9541,2318.875
0.0,3093.94873,2319.0
0.0,3093.94336,2319.125
0.0,3093.9375,2319.25
0.0,3093.93115,2319.375
0.0,3093.9248,2319.5
0.0,3093.91821,2319.625
0.0,3093.91211,2319.75
0.0,3093.90625,2319.875
0.0,3093.90039,2320.0
0.0,3093.89404,2320.125
0.0,3093.88794,2320.25
0.0,3093.88159,2320.375
0.0,3093.87549,2320.5
0.0,3093.86963,2320.625
0.0,3093.86377,2320.75
0.0,3093.85791,2320.875
0.0,3093.85205,2321.0
0.0,3093.8457,2321.125
0.0,3093.83984,2321.25
0.0,3093.83398,2321.375
0.0,3093.82812,2321.5
0.0,3093.82251,2321.625
0.0,3093.81738,2321.75
0.0,3093.81152,2321.875
0.0,3093.80591,2322.0
0.0,3093.80005,2322.125
0.0,3093.79395,2322.25
0.0,3093.78809,2322.375
0.0,3093.78223,2322.5
0.0,3093.77588,2322.625
0.0,3093.77002,2322.75
0.0,3093.76392,2322.875
0.0,3093.75732,2323.0
0.0,3093.75073,2323.125
0.0,3093.74463,2323.25
0.0,3093.73828,2323.375
0.0,3093.73242,2323.5
0.0,3093.72656,2323.625
0.0,3093.7207,2323.75
0.0,3093.71387,2323.875
0.0,3093.70752,2324.0
0.0,3093.70117,2324.125
0.0,3093.69507,2324.25
0.0,3093.68848,2324.375
0.0,3093.68237,2324.5
0.0,3093.67627,2324.625
0.0,3093.66992,2324.75
0.0,3093.66382,2324.875
0.0,3093.65771,2325.0
0.0,3093.65137,2325.125
0.0,3093.64453,2325.25
0.0,3093.6377,2325.375
0.0,3093.63086,2325.5
0.0,3093.62476,2325.625
0.0,3093.61914,2325.75
0.0,3093.61377,2325.875
0.0,3093.60815,2326.0
0.0,3093.60229,2326.125
0.0,3093.59619,2326.25
0.0,3093.58984,2326.375
0.0,3093.58301,2326.5
0.0,3093.5769,2326.625
0.0,3093.5708,2326.75
0.0,3093.56445,2326.875
0.0,3093.55786,2327.0
0.0,3093.55127,2327.125
0.0,3093.54468,2327.25
0.0,3093.53833,2327.375
0.0,3093.53174,2327.5
0.0,3093.52539,2327.625
0.0,3093.51978,2327.75
0.0,3093.51367,2327.875
0.0,3093.50781,2328.0
0.0,3093.50195,2328.125
0.0,3093.49609,2328.25
0.0,3093.48999,2328.375
0.0,3093.48389,2328.5
0.0,3093.47754,2328.625
0.0,3093.47119,2328.75
0.0,3093.4646,2328.875
0.0,3093.45801,2329.0
0.0,3093.45166,2329.125
0.0,3093.4458,2329.25
0.0,3093.43994,2329.375
0.0,3093.43408,2329.5
0.0,3093.42773,2329.625
0.0,3093.42139,2329.75
0.0,3093.41528,2329.875
0.0,3093.40869,2330.0
0.0,3093.40234,2330.125
0.0,3093.39648,2330.25
0.0,3093.39014,2330.375
0.0,3093.38379,2330.5
0.0,3093.37744,2330.625
0.0,3093.37109,2330.75
0.0,3093.36426,2330.875
0.0,3093.35791,2331.0
0.0,3093.35156,2331.125
0.0,3093.3457,2331.25
0.0,3093.33984,2331.375
0.0,3093.33398,2331.5
0.0,3093.32837,2331.625
0.0,3093.32275,2331.75
0.0,3093.31689,2331.875
0.0,3093.31055,2332.0
0.0,3093.3042,2332.125
0.0,3093.29761,2332.25
0.0,3093.29077,2332.375
0.0,3093.28467,2332.5
0.0,3093.27856,2332.625
0.0,3093.27246,2332.75
0.0,3093.26611,2332.875
0.0,3093.25977,2333.0
0.0,3093.25391,2333.125
0.0,3093.24805,2333.25
0.0,3093.24219,2333.375
0.0,3093.23633,2333.5
0.0,3093.23022,2333.625
0.0,3093.22412,2333.75
0.0,3093.21777,2333.875
0.0,3093.21191,2334.0
0.0,3093.20605,2334.125
0.0,3093.19922,2334.25
0.0,3093.19287,2334.375
0.0,3093.18677,2334.5
0.0,3093.18091,2334.625
0.0,3093.1748,2334.75
0.0,3093.16895,2334.875
0.0,3093.16309,2335.0
0.0,3093.15698,2335.125
0.0,3093.15137,2335.25
0.0,3093.14551,2335.375
0.0,3093.13965,2335.5
0.0,3093.1333,2335.625
0.0,3093.12695,2335.75
0.0,3093.12012,2335.875
0.0,3093.11377,2336.0
0.0,3093.10742,2336.125
0.0,3093.10156,2336.25
0.0,3093.0957,2336.375
0.0,3093.08936,2336.5
0.0,3093.08325,2336.625
0.0,3093.07739,2336.75
0.0,3093.07178,2336.875
0.0,3093.06543,2337.0
0.0,3093.05957,2337.125
0.0,3093.05322,2337.25
0.0,3093.04663,2337.375
0.0,3093.04053,2337.5
0.0,3093.03467,2337.625
0.0,3093.02881,2337.75
0.0,3093.02319,2337.875
0.0,3093.01709,2338.0
0.0,3093.01074,2338.125
0.0,3093.00439,2338.25
0.0,3092.99805,2338.375
0.0,3092.99219,2338.5
0.0,3092.98633,2338.625
0.0,3092.98096,2338.75
0.0,3092.97559,2338.875
0.0,3092.97021,2339.0
0.0,3092.96484,2339.125
0.0,3092.95898,2339.25
0.0,3092.95264,2339.375
0.0,3092.9458,2339.5
0.0,3092.93921,2339.625
0.0,3092.93237,2339.75
0.0,3092.92578,2339.875
0.0,3092.91943,2340.0
0.0,3092.91333,2340.125
0.0,3092.90771,2340.25
0.0,3092.90137,2340.375
0.0,3092.89502,2340.5
0.0,3092.88892,2340.625
0.0,3092.88306,2340.75
0.0,3092.8772,2340.875
0.0,3092.87183,2341.0
0.0,3092.86572,2341.125
0.0,3092.85986,2341.25
0.0,3092.85376,2341.375
0.0,3092.8479,2341.5
0.0,3092.84204,2341.625
0.0,3092.83643,2341.75
0.0,3092.83081,2341.875
0.0,3092.82471,2342.0
0.0,3092.81836,2342.125
0.0,3092.81226,2342.25
0.0,3092.80615,2342.375
0.0,3092.80005,2342.5
0.0,3092.79395,2342.625
0.0,3092.78809,2342.75
0.0,3092.78223,2342.875
0.0,3092.77588,2343.0
0.0,3092.76978,2343.125
0.0,3092.76367,2343.25
0.0,3092.75732,2343.375
0.0,3092.75146,2343.5
0.0,3092.74512,2343.625
0.0,3092.73901,2343.75
0.0,3092.73291,2343.875
0.0,3092.72754,2344.0
0.0,3092.72217,2344.125
0.0,3092.7168,2344.25
0.0,3092.71045,2344.375
0.0,3092.7041,2344.5
0.0,3092.69727,2344.625
0.0,3092.69043,2344.75
0.0,3092.68408,2344.875
0.0,3092.67773,2345.0
0.0,3092.67188,2345.125
0.0,3092.66602,2345.25
0.0,3092.66016,2345.375
0.0,3092.65405,2345.5
0.0,3092.64795,2345.625
0.0,3092.6416,2345.75
0.0,3092.63525,2345.875
0.0,3092.62891,2346.0
0.0,3092.62329,2346.125
0.0,3092.61768,2346.25
0.0,3092.61182,2346.375
0.0,3092.6062,2346.5
0.0,3092.6001,2346.625
0.0,3092.59351,2346.75
0.0,3092.58691,2346.875
0.0,3092.58057,2347.0
0.0,3092.57397,2347.125
0.0,3092.56738,2347.25
0.0,3092.56152,2347.375
0.0,3092.55518,2347.5
0.0,3092.54932,2347.625
0.0,3092.54321,2347.75
0.0,3092.53711,2347.875
0.0,3092.53076,2348.0
0.0,3092.52466,2348.125
0.0,3092.51855,2348.25
0.0,3092.51196,2348.375
0.0,3092.50537,2348.5
0.0,3092.49902,2348.625
0.0,3092.49268,2348.75
0.0,3092.48682,2348.875
0.0,3092.48145,2349.0
0.0,3092.47656,2349.125
0.0,3092.47095,2349.25
0.0,3092.46533,2349.375
0.0,3092.45898,2349.5
0.0,3092.45215,2349.625
0.0,3092.44556,2349.75
0.0,3092.43896,2349.875
0.0,3092.43262,2350.0
0.0,3092.42651,2350.125
0.0,3092.42041,2350.25
0.0,3092.41406,2350.375
0.0,3092.40771,2350.5
0.0,3092.40088,2350.625
0.0,3092.39404,2350.75
0.0,3092.3877,2350.875
0.0,3092.38184,2351.0
0.0,3092.37573,2351.125
0.0,3092.36987,2351.25
0.0,3092.36377,2351.375
0.0,3092.3584,2351.5
0.0,3092.35254,2351.625
0.0,3092.34644,2351.75
0.0,3092.34009,2351.875
0.0,3092.3335,2352.0
0.0,3092.32715,2352.125
0.0,3092.3208,2352.25
0.0,3092.3147,2352.375
0.0,3092.30859,2352.5
0.0,3092.30273,2352.625
0.0,3092.29688,2352.75
0.0,3092.2915,2352.875
0.0,3092.28564,2353.0
0.0,3092.28027,2353.125
0.0,3092.27393,2353.25
0.0,3092.26758,2353.375
0.0,3092.26123,2353.5
0.0,3092.25464,2353.625
0.0,3092.24854,2353.75
0.0,3092.24268,2353.875
0.0,3092.2373,2354.0
0.0,3092.23145,2354.125
0.0,3092.2251,2354.25
0.0,3092.21899,2354.375
0.0,3092.2124,2354.5
0.0,3092.20557,2354.625
0.0,3092.19922,2354.75
0.0,3092.19263,2354.875
0.0,3092.18652,2355.0
0.0,3092.18091,2355.125
0.0,3092.17529,2355.25
0.0,3092.16943,2355.375
0.0,3092.16309,2355.5
0.0,3092.15674,2355.625
0.0,3092.1499,2355.75
0.0,3092.14307,2355.875
0.0,3092.13623,2356.0
0.0,3092.12988,2356.125
0.0,3092.12378,2356.25
0.0,3092.11768,2356.375
0.0,3092.1123,2356.5
0.0,3092.10693,2356.625
0.0,3092.10156,2356.75
0.0,3092.0957,2356.875
0.0,3092.08984,2357.0
0.0,3092.0835,2357.125
0.0,3092.07715,2357.25
0.0,3092.07031,2357.375
0.0,3092.06348,2357.5
0.0,3092.05713,2357.625
0.0,3092.05054,2357.75
0.0,3092.04443,2357.875
0.0,3092.03857,2358.0
0.0,3092.0332,2358.125
0.0,3092.02759,2358.25
0.0,3092.02173,2358.375
0.0,3092.01562,2358.5
0.0,3092.00977,2358.625
0.0,3092.00342,2358.75
0.0,3091.99756,2358.875
0.0,3091.9917,2359.0
0.0,3091.98584,2359.125
0.0,3091.97998,2359.25
0.0,3091.97412,2359.375
0.0,3091.96826,2359.5
0.0,3091.9624,2359.625
0.0,3091.95654,2359.75
0.0,3091.95117,2359.875
0.0,3091.94629,2360.0
0.0,3091.94165,2360.125
0.0,3091.9375,2360.25
0.0,3091.93359,2360.375
0.0,3091.92969,2360.5
0.0,3091.92578,2360.625
0.0,3091.92139,2360.75
0.0,3091.91699,2360.875
0.0,3091.91309,2361.0
0.0,3091.90894,2361.125
0.0,3091.90503,2361.25
0.0,3091.90137,2361.375
0.0,3091.89795,2361.5
0.0,3091.89404,2361.625
0.0,3091.89087,2361.75
0.0,3091.88721,2361.875
0.0,3091.8833,2362.0
0.0,3091.87939,2362.125
0.0,3091.87524,2362.25
0.0,3091.87158,2362.375
0.0,3091.86743,2362.5
0.0,3091.86328,2362.625
0.0,3091.85913,2362.75
0.0,3091.85449,2362.875
0.0,3091.84912,2363.0
0.0,3091.84375,2363.125
0.0,3091.83838,2363.25
0.0,3091.83276,2363.375
0.0,3091.82715,2363.5
0.0,3091.82153,2363.625
0.0,3091.81543,2363.75
0.0,3091.80908,2363.875
0.0,3091.80273,2364.0
0.0,3091.79614,2364.125
0.0,3091.79004,2364.25
0.0,3091.7832,2364.375
0.0,3091.77686,2364.5
0.0,3091.77002,2364.625
0.0,3091.76367,2364.75
0.0,3091.75781,2364.875
0.0,3091.75098,2365.0
0.0,3091.74463,2365.125
0.0,3091.73828,2365.25
0.0,3091.73145,2365.375
0.0,3091.72485,2365.5
0.0,3091.71826,2365.625
0.0,3091.71167,2365.75
0.0,3091.70532,2365.875
0.0,3091.69873,2366.0
0.0,3091.69214,2366.125
0.0,3091.68555,2366.25
0.0,3091.67871,2366.375
0.0,3091.67188,2366.5
0.0,3091.66528,2366.625
0.0,3091.65869,2366.75
0.0,3091.65186,2366.875
0.0,3091.64502,2367.0
0.0,3091.63843,2367.125
0.0,3091.63184,2367.25
0.0,3091.62549,2367.375
0.0,3091.61865,2367.5
0.0,3091.61182,2367.625
0.0,3091.60498,2367.75
0.0,3091.59814,2367.875
0.0,3091.59131,2368.0
0.0,3091.58447,2368.125
0.0,3091.57715,2368.25
0.0,3091.56958,2368.375
0.0,3091.56201,2368.5
0.0,3091.5542,2368.625
0.0,3091.54688,2368.75
0.0,3091.53955,2368.875
0.0,3091.53296,2369.0
0.0,3091.52637,2369.125
0.0,3091.51953,2369.25
0.0,3091.51294,2369.375
0.0,3091.5061,2369.5
0.0,3091.49927,2369.625
0.0,3091.49268,2369.75
0.0,3091.48657,2369.875
0.0,3091.48022,2370.0
0.0,3091.47363,2370.125
0.0,3091.46729,2370.25
0.0,3091.45996,2370.375
0.0,3091.45312,2370.5
0.0,3091.44702,2370.625
0.0,3091.44092,2370.75
0.0,3091.43555,2370.875
0.0,3091.4292,2371.0
0.0,3091.42236,2371.125
0.0,3091.41553,2371.25
0.0,3091.4082,2371.375
0.0,3091.40137,2371.5
0.0,3091.39502,2371.625
0.0,3091.38892,2371.75
0.0,3091.3833,2371.875
0.0,3091.37695,2372.0
0.0,3091.37061,2372.125
0.0,3091.36426,2372.25
0.0,3091.35791,2372.375
0.0,3091.35156,2372.5
0.0,3091.34521,2372.625
0.0,3091.33936,2372.75
0.0,3091.33301,2372.875
0.0,3091.32666,2373.0
0.0,3091.31982,2373.125
0.0,3091.31323,2373.25
0.0,3091.30664,2373.375
0.0,3091.30054,2373.5
0.0,3091.29443,2373.625
0.0,3091.28833,2373.75
0.0,3091.28247,2373.875
0.0,3091.27686,2374.0
0.0,3091.271,2374.125
0.0,3091.26514,2374.25
0.0,3091.25903,2374.375
0.0,3091.25269,2374.5
0.0,3091.24609,2374.625
0.0,3091.23975,2374.75
0.0,3091.23364,2374.875
0.0,3091.22754,2375.0
0.0,3091.22119,2375.125
0.0,3091.2146,2375.25
0.0,3091.2085,2375.375
0.0,3091.2019,2375.5
0.0,3091.1958,2375.625
0.0,3091.18994,2375.75
0.0,3091.18408,2375.875
0.0,3091.17822,2376.0
0.0,3091.17236,2376.125
0.0,3091.1665,2376.25
0.0,3091.16064,2376.375
0.0,3091.1543,2376.5
0.0,3091.14819,2376.625
0.0,3091.14185,2376.75
0.0,3091.13525,2376.875
0.0,3091.12842,2377.0
0.0,3091.12231,2377.125
0.0,3091.11621,2377.25
0.0,3091.1106,2377.375
0.0,3091.10498,2377.5
0.0,3091.09912,2377.625
0.0,3091.09302,2377.75
0.0,3091.08691,2377.875
0.0,3091.08057,2378.0
0.0,3091.07422,2378.125
0.0,3091.06812,2378.25
0.0,3091.06226,2378.375
0.0,3091.0564,2378.5
0.0,3091.05054,2378.625
0.0,3091.04443,2378.75
0.0,3091.03833,2378.875
0.0,3091.03198,2379.0
0.0,3091.02539,2379.125
0.0,3091.01904,2379.25
0.0,3091.0127,2379.375
0.0,3091.00684,2379.5
0.0,3091.00098,2379.625
0.0,3090.99512,2379.75
0.0,3090.98926,2379.875
0.0,3090.98291,2380.0
0.0,3090.97681,2380.125
0.0,3090.9707,2380.25
0.0,3090.96436,2380.375
0.0,3090.95825,2380.5
0.0,3090.95215,2380.625
0.0,3090.94604,2380.75
0.0,3090.93994,2380.875
0.0,3090.93384,2381.0
0.0,3090.92773,2381.125
0.0,3090.92188,2381.25
0.0,3090.91602,2381.375
0.0,3090.90967,2381.5
0.0,3090.90259,2381.625
0.0,3090.89551,2381.75
0.0,3090.88867,2381.875
0.0,3090.88208,2382.0
0.0,3090.87622,2382.125
0.0,3090.87036,2382.25
0.0,3090.86426,2382.375
0.0,3090.85791,2382.5
0.0,3090.85156,2382.625
0.0,3090.84521,2382.75
0.0,3090.83936,2382.875
0.0,3090.8335,2383.0
0.0,3090.82812,2383.125
0.0,3090.82202,2383.25
0.0,3090.81592,2383.375
0.0,3090.81055,2383.5
0.0,3090.80469,2383.625
0.0,3090.79883,2383.75
0.0,3090.79272,2383.875
0.0,3090.78638,2384.0
0.0,3090.77979,2384.125
0.0,3090.77319,2384.25
0.0,3090.76709,2384.375
0.0,3090.76172,2384.5
0.0,3090.75659,2384.625
0.0,3090.75122,2384.75
0.0,3090.74609,2384.875
0.0,3090.74023,2385.0
0.0,3090.73438,2385.125
0.0,3090.72803,2385.25
0.0,3090.72168,2385.375
0.0,3090.71582,2385.5
0.0,3090.70996,2385.625
0.0,3090.70483,2385.75
0.0,3090.69971,2385.875
0.0,3090.69385,2386.0
0.0,3090.6875,2386.125
0.0,3090.68091,2386.25
0.0,3090.67432,2386.375
0.0,3090.66772,2386.5
0.0,3090.66162,2386.625
0.0,3090.65576,2386.75
0.0,3090.65039,2386.875
0.0,3090.64453,2387.0
0.0,3090.63843,2387.125
0.0,3090.63232,2387.25
0.0,3090.62646,2387.375
0.0,3090.62061,2387.5
0.0,3090.61523,2387.625
0.0,3090.60962,2387.75
0.0,3090.604,2387.875
0.0,3090.59863,2388.0
0.0,3090.59253,2388.125
0.0,3090.58643,2388.25
0.0,3090.58008,2388.375
0.0,3090.57373,2388.5
0.0,3090.56738,2388.625
0.0,3090.56152,2388.75
0.0,3090.55591,2388.875
0.0,3090.55029,2389.0
0.0,3090.54419,2389.125
0.0,3090.5376,2389.25
0.0,3090.53174,2389.375
0.0,3090.52588,2389.5
0.0,3090.52002,2389.625
0.0,3090.51392,2389.75
0.0,3090.50781,2389.875
0.0,3090.50195,2390.0
0.0,3090.49609,2390.125
0.0,3090.49023,2390.25
0.0,3090.48413,2390.375
0.0,3090.47803,2390.5
0.0,3090.47217,2390.625
0.0,3090.46631,2390.75
0.0,3090.46045,2390.875
0.0,3090.45459,2391.0
0.0,3090.44897,2391.125
0.0,3090.44312,2391.25
0.0,3090.43701,2391.375
0.0,3090.43066,2391.5
0.0,3090.42456,2391.625
0.0,3090.41895,2391.75
0.0,3090.41333,2391.875
0.0,3090.4082,2392.0
0.0,3090.40259,2392.125
0.0,3090.39648,2392.25
0.0,3090.39062,2392.375
0.0,3090.38452,2392.5
0.0,3090.37817,2392.625
0.0,3090.37207,2392.75
0.0,3090.3667,2392.875
0.0,3090.36084,2393.0
0.0,3090.35498,2393.125
0.0,3090.34912,2393.25
0.0,3090.34326,2393.375
0.0,3090.3374,2393.5
0.0,3090.33105,2393.625
0.0,3090.32568,2393.75
0.0,3090.31982,2393.875
0.0,3090.31421,2394.0
0.0,3090.30811,2394.125
0.0,3090.302,2394.25
0.0,3090.29614,2394.375
0.0,3090.29028,2394.5
0.0,3090.28467,2394.625
0.0,3090.27881,2394.75
0.0,3090.27295,2394.875
0.0,3090.26636,2395.0
0.0,3090.26025,2395.125
0.0,3090.25439,2395.25
0.0,3090.24902,2395.375
0.0,3090.24414,2395.5
0.0,3090.23828,2395.625
0.0,3090.23242,2395.75
0.0,3090.22607,2395.875
0.0,3090.21997,2396.0
0.0,3090.21436,2396.125
0.0,3090.20898,2396.25
0.0,3090.20361,2396.375
0.0,3090.198,2396.5
0.0,3090.19214,2396.625
0.0,3090.18604,2396.75
0.0,3090.18018,2396.875
0.0,3090.17432,2397.0
0.0,3090.16797,2397.125
0.0,3090.16211,2397.25
0.0,3090.15601,2397.375
0.0,3090.1499,2397.5
0.0,3090.14404,2397.625
0.0,3090.13818,2397.75
0.0,3090.13257,2397.875
0.0,3090.12646,2398.0
0.0,3090.12061,2398.125
0.0,3090.11475,2398.25
0.0,3090.10962,2398.375
0.0,3090.10449,2398.5
0.0,3090.09937,2398.625
0.0,3090.09375,2398.75
0.0,3090.0874,2398.875
0.0,3090.08105,2399.0
0.0,3090.07471,2399.125
0.0,3090.06885,2399.25
0.0,3090.06299,2399.375
0.0,3090.05737,2399.5
0.0,3090.05176,2399.625
0.0,3090.0459,2399.75
0.0,3090.04028,2399.875
0.0,3090.03418,2400.0
0.0,3090.02783,2400.125
0.0,3090.02197,2400.25
0.0,3090.01538,2400.375
0.0,3090.00903,2400.5
0.0,3090.00342,2400.625
0.0,3089.99756,2400.75
0.0,3089.99219,2400.875
0.0,3089.98633,2401.0
0.0,3089.98047,2401.125
0.0,3089.97485,2401.25
0.0,3089.96899,2401.375
0.0,3089.96289,2401.5
0.0,3089.95703,2401.625
0.0,3089.95117,2401.75
0.0,3089.94531,2401.875
0.0,3089.93945,2402.0
0.0,3089.93384,2402.125
0.0,3089.92798,2402.25
0.0,3089.92236,2402.375
0.0,3089.9165,2402.5
0.0,3089.91064,2402.625
0.0,3089.90479,2402.75
0.0,3089.89868,2402.875
0.0,3089.89282,2403.0
0.0,3089.88696,2403.125
0.0,3089.88135,2403.25
0.0,3089.87598,2403.375
0.0,3089.87036,2403.5
0.0,3089.8645,2403.625
0.0,3089.8584,2403.75
0.0,3089.85254,2403.875
0.0,3089.84644,2404.0
0.0,3089.84033,2404.125
0.0,3089.83447,2404.25
0.0,3089.82837,2404.375
0.0,3089.82227,2404.5
0.0,3089.81665,2404.625
0.0,3089.81128,2404.75
0.0,3089.80591,2404.875
0.0,3089.80078,2405.0
0.0,3089.79541,2405.125
0.0,3089.78955,2405.25
0.0,3089.7832,2405.375
0.0,3089.77612,2405.5
0.0,3089.76953,2405.625
0.0,3089.76318,2405.75
0.0,3089.75781,2405.875
0.0,3089.75244,2406.0
0.0,3089.74756,2406.125
0.0,3089.74268,2406.25
0.0,3089.7373,2406.375
0.0,3089.73242,2406.5
0.0,3089.72729,2406.625
0.0,3089.72168,2406.75
0.0,3089.71582,2406.875
0.0,3089.70947,2407.0
0.0,3089.70312,2407.125
0.0,3089.69629,2407.25
0.0,3089.68994,2407.375
0.0,3089.68359,2407.5
0.0,3089.67822,2407.625
0.0,3089.67261,2407.75
0.0,3089.66797,2407.875
0.0,3089.6626,2408.0
0.0,3089.65771,2408.125
0.0,3089.65186,2408.25
0.0,3089.646,2408.375
0.0,3089.63989,2408.5
0.0,3089.63354,2408.625
0.0,3089.6272,2408.75
0.0,3089.62109,2408.875
0.0,3089.61523,2409.0
0.0,3089.60938,2409.125
0.0,3089.60352,2409.25
0.0,3089.59741,2409.375
0.0,3089.59155,2409.5
0.0,3089.58545,2409.625
0.0,3089.57959,2409.75
0.0,3089.57373,2409.875
0.0,3089.56763,2410.0
0.0,3089.56152,2410.125
0.0,3089.55566,2410.25
0.0,3089.54932,2410.375
0.0,3089.54346,2410.5
0.0,3089.53735,2410.625
0.0,3089.53174,2410.75
0.0,3089.52612,2410.875
0.0,3089.52051,2411.0
0.0,3089.51489,2411.125
0.0,3089.50928,2411.25
0.0,3089.50342,2411.375
0.0,3089.49707,2411.5
0.0,3089.49072,2411.625
0.0,3089.48486,2411.75
0.0,3089.479,2411.875
0.0,3089.47363,2412.0
0.0,3089.46777,2412.125
0.0,3089.46191,2412.25
0.0,3089.45581,2412.375
0.0,3089.44946,2412.5
0.0,3089.44336,2412.625
0.0,3089.43701,2412.75
0.0,3089.43066,2412.875
0.0,3089.42529,2413.0
0.0,3089.41943,2413.125
0.0,3089.41357,2413.25
0.0,3089.40796,2413.375
0.0,3089.40186,2413.5
0.0,3089.396,2413.625
0.0,3089.3894,2413.75
0.0,3089.38306,2413.875
0.0,3089.37646,2414.0
0.0,3089.37012,2414.125
0.0,3089.36353,2414.25
0.0,3089.35742,2414.375
0.0,3089.35059,2414.5
0.0,3089.34473,2414.625
0.0,3089.33911,2414.75
0.0,3089.3335,2414.875
0.0,3089.32812,2415.0
0.0,3089.32251,2415.125
0.0,3089.31689,2415.25
0.0,3089.31055,2415.375
0.0,3089.30396,2415.5
0.0,3089.29785,2415.625
0.0,3089.29126,2415.75
0.0,3089.28516,2415.875
0.0,3089.2793,2416.0
0.0,3089.27344,2416.125
0.0,3089.26758,2416.25
0.0,3089.26147,2416.375
0.0,3089.25513,2416.5
0.0,3089.24854,2416.625
0.0,3089.24219,2416.75
0.0,3089.23584,2416.875
0.0,3089.22998,2417.0
0.0,3089.22461,2417.125
0.0,3089.21899,2417.25
0.0,3089.21289,2417.375
0.0,3089.20654,2417.5
0.0,3089.2002,2417.625
0.0,3089.19385,2417.75
0.0,3089.18799,2417.875
0.0,3089.18213,2418.0
0.0,3089.17603,2418.125
0.0,3089.17017,2418.25
0.0,3089.16357,2418.375
0.0,3089.15747,2418.5
0.0,3089.15088,2418.625
0.0,3089.14502,2418.75
0.0,3089.13892,2418.875
0.0,3089.13281,2419.0
0.0,3089.12646,2419.125
0.0,3089.12036,2419.25
0.0,3089.11426,2419.375
0.0,3089.1084,2419.5
0.0,3089.10254,2419.625
0.0,3089.09717,2419.75
0.0,3089.09082,2419.875
0.0,3089.08472,2420.0
0.0,3089.07837,2420.125
0.0,3089.07178,2420.25
0.0,3089.06519,2420.375
0.0,3089.05908,2420.5
0.0,3089.05347,2420.625
0.0,3089.04785,2420.75
0.0,3089.04199,2420.875
0.0,3089.03613,2421.0
0.0,3089.03027,2421.125
0.0,3089.02393,2421.25
0.0,3089.01758,2421.375
0.0,3089.01123,2421.5
0.0,3089.00439,2421.625
0.0,3088.99829,2421.75
0.0,3088.99194,2421.875
0.0,3088.98584,2422.0
0.0,3088.97949,2422.125
0.0,3088.97363,2422.25
0.0,3088.96802,2422.375
0.0,3088.96216,2422.5
0.0,3088.9563,2422.625
0.0,3088.95044,2422.75
0.0,3088.94409,2422.875
0.0,3088.93799,2423.0
0.0,3088.93213,2423.125
0.0,3088.92578,2423.25
0.0,3088.91943,2423.375
0.0,3088.91309,2423.5
0.0,3088.90674,2423.625
0.0,3088.8999,2423.75
0.0,3088.89355,2423.875
0.0,3088.88672,2424.0
0.0,3088.88037,2424.125
0.0,3088.87378,2424.25
0.0,3088.86719,2424.375
0.0,3088.86084,2424.5
0.0,3088.85498,2424.625
0.0,3088.84912,2424.75
0.0,3088.84375,2424.875
0.0,3088.83838,2425.0
0.0,3088.83301,2425.125
0.0,3088.82666,2425.25
0.0,3088.82031,2425.375
0.0,3088.81396,2425.5
0.0,3088.80786,2425.625
0.0,3088.802,2425.75
0.0,3088.79639,2425.875
0.0,3088.79126,2426.0
0.0,3088.78564,2426.125
0.0,3088.78003,2426.25
0.0,3088.77441,2426.375
0.0,3088.76855,2426.5
0.0,3088.76245,2426.625
0.0,3088.75684,2426.75
0.0,3088.75098,2426.875
0.0,3088.74512,2427.0
0.0,3088.7395,2427.125
0.0,3088.73291,2427.25
0.0,3088.72656,2427.375
0.0,3088.7207,2427.5
0.0,3088.71533,2427.625
0.0,3088.71045,2427.75
0.0,3088.70557,2427.875
0.0,3088.7002,2428.0
0.0,3088.69434,2428.125
0.0,3088.6875,2428.25
0.0,3088.68115,2428.375
0.0,3088.6748,2428.5
0.0,3088.66895,2428.625
0.0,3088.66309,2428.75
0.0,3088.65771,2428.875
0.0,3088.65234,2429.0
0.0,3088.64624,2429.125
0.0,3088.64062,2429.25
0.0,3088.63501,2429.375
0.0,3088.62891,2429.5
0.0,3088.62231,2429.625
0.0,3088.61572,2429.75
0.0,3088.60962,2429.875
0.0,3088.60352,2430.0
0.0,3088.59814,2430.125
0.0,3088.59277,2430.25
0.0,3088.58765,2430.375
0.0,3088.58203,2430.5
0.0,3088.57666,2430.625
0.0,3088.57104,2430.75
0.0,3088.56592,2430.875
0.0,3088.5603,2431.0
0.0,3088.55444,2431.125
0.0,3088.54834,2431.25
0.0,3088.54224,2431.375
0.0,3088.53589,2431.5
0.0,3088.52979,2431.625
0.0,3088.52393,2431.75
0.0,3088.51855,2431.875
0.0,3088.5127,2432.0
0.0,3088.50732,2432.125
0.0,3088.50146,2432.25
0.0,3088.49536,2432.375
0.0,3088.48975,2432.5
0.0,3088.48389,2432.625
0.0,3088.47803,2432.75
0.0,3088.47217,2432.875
0.0,3088.46582,2433.0
0.0,3088.45923,2433.125
0.0,3088.45264,2433.25
0.0,3088.44653,2433.375
0.0,3088.44043,2433.5
0.0,3088.43408,2433.625
0.0,3088.42798,2433.75
0.0,3088.42188,2433.875
0.0,3088.41553,2434.0
0.0,3088.40967,2434.125
0.0,3088.40381,2434.25
0.0,3088.39795,2434.375
0.0,3088.39209,2434.5
0.0,3088.38623,2434.625
0.0,3088.38037,2434.75
0.0,3088.37402,2434.875
0.0,3088.36816,2435.0
0.0,3088.36182,2435.125
0.0,3088.35547,2435.25
0.0,3088.34912,2435.375
0.0,3088.34326,2435.5
0.0,3088.33789,2435.625
0.0,3088.33252,2435.75
0.0,3088.32764,2435.875
0.0,3088.32202,2436.0
0.0,3088.31567,2436.125
0.0,3088.30957,2436.25
0.0,3088.30298,2436.375
0.0,3088.29639,2436.5
0.0,3088.29028,2436.625
0.0,3088.28418,2436.75
0.0,3088.27808,2436.875
0.0,3088.27197,2437.0
0.0,3088.26611,2437.125
0.0,3088.2605,2437.25
0.0,3088.25464,2437.375
0.0,3088.24878,2437.5
0.0,3088.24268,2437.625
0.0,3088.23633,2437.75
0.0,3088.22998,2437.875
0.0,3088.22314,2438.0
0.0,3088.21729,2438.125
0.0,3088.21094,2438.25
0.0,3088.20508,2438.375
0.0,3088.19922,2438.5
0.0,3088.19287,2438.625
0.0,3088.18677,2438.75
0.0,3088.18066,2438.875
0.0,3088.17432,2439.0
0.0,3088.16797,2439.125
0.0,3088.16211,2439.25
0.0,3088.15576,2439.375
0.0,3088.14941,2439.5
0.0,3088.1438,2439.625
0.0,3088.1377,2439.75
0.0,3088.13232,2439.875
0.0,3088.12671,2440.0
0.0,3088.12109,2440.125
0.0,3088.11475,2440.25
0.0,3088.10864,2440.375
0.0,3088.10205,2440.5
0.0,3088.0957,2440.625
0.0,3088.08936,2440.75
0.0,3088.0835,2440.875
0.0,3088.07764,2441.0
0.0,3088.07153,2441.125
0.0,3088.06543,2441.25
0.0,3088.05957,2441.375
0.0,3088.05322,2441.5
0.0,3088.04736,2441.625
0.0,3088.04175,2441.75
0.0,3088.03589,2441.875
0.0,3088.02979,2442.0
0.0,3088.02368,2442.125
0.0,3088.01758,2442.25
0.0,3088.01123,2442.375
0.0,3088.00488,2442.5
0.0,3087.99927,2442.625
0.0,3087.99316,2442.75
0.0,3087.98682,2442.875
0.0,3087.98047,2443.0
0.0,3087.97412,2443.125
0.0,3087.96777,2443.25
0.0,3087.96216,2443.375
0.0,3087.95654,2443.5
0.0,3087.95117,2443.625
0.0,3087.94482,2443.75
0.0,3087.93848,2443.875
0.0,3087.93115,2444.0
0.0,3087.92456,2444.125
0.0,3087.91797,2444.25
0.0,3087.9126,2444.375
0.0,3087.90723,2444.5
0.0,3087.90234,2444.625
0.0,3087.89648,2444.75
0.0,3087.89062,2444.875
0.0,3087.88379,2445.0
0.0,3087.87744,2445.125
0.0,3087.87061,2445.25
0.0,3087.8645,2445.375
0.0,3087.85815,2445.5
0.0,3087.85205,2445.625
0.0,3087.84595,2445.75
0.0,3087.83936,2445.875
0.0,3087.83325,2446.0
0.0,3087.82715,2446.125
0.0,3087.82153,2446.25
0.0,3087.81592,2446.375
0.0,3087.81055,2446.5
0.0,3087.80444,2446.625
0.0,3087.79834,2446.75
0.0,3087.79199,2446.875
0.0,3087.78564,2447.0
0.0,3087.7793,2447.125
0.0,3087.77344,2447.25
0.0,3087.76782,2447.375
0.0,3087.76221,2447.5
0.0,3087.75635,2447.625
0.0,3087.75049,2447.75
0.0,3087.74463,2447.875
0.0,3087.73828,2448.0
0.0,3087.73193,2448.125
0.0,3087.7251,2448.25
0.0,3087.71851,2448.375
0.0,3087.7124,2448.5
0.0,3087.70654,2448.625
0.0,3087.70142,2448.75
0.0,3087.69629,2448.875
0.0,3087.69043,2449.0
0.0,3087.68433,2449.125
0.0,3087.67798,2449.25
0.0,3087.6709,2449.375
0.0,3087.66455,2449.5
0.0,3087.6582,2449.625
0.0,3087.6521,2449.75
0.0,3087.64648,2449.875
0.0,3087.64062,2450.0
0.0,3087.63477,2450.125
0.0,3087.62939,2450.25
0.0,3087.62354,2450.375
0.0,3087.61768,2450.5
0.0,3087.61133,2450.625
0.0,3087.60522,2450.75
0.0,3087.59912,2450.875
0.0,3087.59277,2451.0
0.0,3087.58691,2451.125
0.0,3087.58105,2451.25
0.0,3087.57568,2451.375
0.0,3087.57056,2451.5
0.0,3087.5647,2451.625
0.0,3087.55884,2451.75
0.0,3087.55225,2451.875
0.0,3087.54614,2452.0
0.0,3087.54004,2452.125
0.0,3087.53369,2452.25
0.0,3087.52734,2452.375
0.0,3087.52075,2452.5
0.0,3087.51465,2452.625
0.0,3087.5083,2452.75
0.0,3087.50269,2452.875
0.0,3087.49707,2453.0
0.0,3087.49121,2453.125
0.0,3087.48511,2453.25
0.0,3087.47852,2453.375
0.0,3087.47217,2453.5
0.0,3087.46582,2453.625
0.0,3087.45996,2453.75
0.0,3087.4541,2453.875
0.0,3087.448,2454.0
0.0,3087.44189,2454.125
0.0,3087.43579,2454.25
0.0,3087.43018,2454.375
0.0,3087.42456,2454.5
0.0,3087.41895,2454.625
0.0,3087.41309,2454.75
0.0,3087.40723,2454.875
0.0,3087.40088,2455.0
0.0,3087.39502,2455.125
0.0,3087.38867,2455.25
0.0,3087.38281,2455.375
0.0,3087.37744,2455.5
0.0,3087.37207,2455.625
0.0,3087.36646,2455.75
0.0,3087.36035,2455.875
0.0,3087.354,2456.0
0.0,3087.34766,2456.125
0.0,3087.34155,2456.25
0.0,3087.33594,2456.375
0.0,3087.33032,2456.5
0.0,3087.32446,2456.625
0.0,3087.31836,2456.75
0.0,3087.3125,2456.875
0.0,3087.30664,2457.0
0.0,3087.30054,2457.125
0.0,3087.29443,2457.25
0.0,3087.28882,2457.375
0.0,3087.28271,2457.5
0.0,3087.27661,2457.625
0.0,3087.27026,2457.75
0.0,3087.2644,2457.875
0.0,3087.25879,2458.0
0.0,3087.25293,2458.125
0.0,3087.24756,2458.25
0.0,3087.2417,2458.375
0.0,3087.2356,2458.5
0.0,3087.22949,2458.625
0.0,3087.22363,2458.75
0.0,3087.21777,2458.875
0.0,3087.21191,2459.0
0.0,3087.2063,2459.125
0.0,3087.20068,2459.25
0.0,3087.19556,2459.375
0.0,3087.19043,2459.5
0.0,3087.18481,2459.625
0.0,3087.17944,2459.75
0.0,3087.17358,2459.875
0.0,3087.16821,2460.0
0.0,3087.16309,2460.125
0.0,3087.1582,2460.25
0.0,3087.15283,2460.375
0.0,3087.14771,2460.5
0.0,3087.14209,2460.625
0.0,3087.13623,2460.75
0.0,3087.13086,2460.875
0.0,3087.125,2461.0
0.0,3087.11914,2461.125
0.0,3087.11377,2461.25
0.0,3087.10791,2461.375
0.0,3087.10254,2461.5
0.0,3087.09717,2461.625
0.0,3087.0918,2461.75
0.0,3087.08594,2461.875
0.0,3087.08008,2462.0
0.0,3087.07422,2462.125
0.0,3087.06836,2462.25
0.0,3087.0625,2462.375
0.0,3087.05713,2462.5
0.0,3087.05151,2462.625
0.0,3087.0459,2462.75
0.0,3087.04053,2462.875
0.0,3087.03442,2463.0
0.0,3087.02856,2463.125
0.0,3087.02246,2463.25
0.0,3087.0166,2463.375
0.0,3087.01074,2463.5
0.0,3087.00513,2463.625
0.0,3086.99902,2463.75
0.0,3086.99316,2463.875
0.0,3086.98706,2464.0
0.0,3086.98096,2464.125
0.0,3086.97485,2464.25
0.0,3086.96924,2464.375
0.0,3086.96338,2464.5
0.0,3086.95728,2464.625
0.0,3086.95117,2464.75
0.0,3086.94531,2464.875
0.0,3086.93945,2465.0
0.0,3086.93335,2465.125
0.0,3086.92749,2465.25
0.0,3086.92163,2465.375
0.0,3086.91553,2465.5
0.0,3086.90894,2465.625
0.0,3086.90283,2465.75
0.0,3086.89648,2465.875
0.0,3086.89014,2466.0
0.0,3086.88379,2466.125
0.0,3086.87744,2466.25
0.0,3086.87061,2466.375
0.0,3086.86377,2466.5
0.0,3086.85693,2466.625
0.0,3086.85107,2466.75
0.0,3086.84521,2466.875
0.0,3086.83984,2467.0
0.0,3086.83447,2467.125
0.0,3086.82886,2467.25
0.0,3086.82324,2467.375
0.0,3086.81689,2467.5
0.0,3086.81079,2467.625
0.0,3086.80469,2467.75
0.0,3086.79858,2467.875
0.0,3086.79224,2468.0
0.0,3086.78613,2468.125
0.0,3086.78027,2468.25
0.0,3086.77393,2468.375
0.0,3086.76782,2468.5
0.0,3086.76196,2468.625
0.0,3086.75659,2468.75
0.0,3086.75073,2468.875
0.0,3086.74512,2469.0
0.0,3086.73853,2469.125
0.0,3086.73145,2469.25
0.0,3086.72363,2469.375
0.0,3086.71582,2469.5
0.0,3086.70825,2469.625
0.0,3086.70142,2469.75
0.0,3086.69531,2469.875
0.0,3086.68945,2470.0
0.0,3086.68311,2470.125
0.0,3086.677,2470.25
0.0,3086.6709,2470.375
0.0,3086.66504,2470.5
0.0,3086.65967,2470.625
0.0,3086.65405,2470.75
0.0,3086.64819,2470.875
0.0,3086.64209,2471.0
0.0,3086.63574,2471.125
0.0,3086.62939,2471.25
0.0,3086.62354,2471.375
0.0,3086.61768,2471.5
0.0,3086.61182,2471.625
0.0,3086.60596,2471.75
0.0,3086.59961,2471.875
0.0,3086.59399,2472.0
0.0,3086.58813,2472.125
0.0,3086.58252,2472.25
0.0,3086.57715,2472.375
0.0,3086.57129,2472.5
0.0,3086.56494,2472.625
0.0,3086.55859,2472.75
0.0,3086.55225,2472.875
0.0,3086.54541,2473.0
0.0,3086.53931,2473.125
0.0,3086.5332,2473.25
0.0,3086.5271,2473.375
0.0,3086.521,2473.5
0.0,3086.51514,2473.625
0.0,3086.50879,2473.75
0.0,3086.50269,2473.875
0.0,3086.49634,2474.0
0.0,3086.49023,2474.125
0.0,3086.48364,2474.25
0.0,3086.47754,2474.375
0.0,3086.47217,2474.5
0.0,3086.46631,2474.625
0.0,3086.46069,2474.75
0.0,3086.45508,2474.875
0.0,3086.44922,2475.0
0.0,3086.44312,2475.125
0.0,3086.43677,2475.25
0.0,3086.43066,2475.375
0.0,3086.42407,2475.5
0.0,3086.41797,2475.625
0.0,3086.41211,2475.75
0.0,3086.40625,2475.875
0.0,3086.40039,2476.0
0.0,3086.39453,2476.125
0.0,3086.38843,2476.25
0.0,3086.38257,2476.375
0.0,3086.37646,2476.5
0.0,3086.37061,2476.625
0.0,3086.36426,2476.75
0.0,3086.35815,2476.875
0.0,3086.35229,2477.0
0.0,3086.34619,2477.125
0.0,3086.34033,2477.25
0.0,3086.33496,2477.375
0.0,3086.3291,2477.5
0.0,3086.32373,2477.625
0.0,3086.31787,2477.75
0.0,3086.31152,2477.875
0.0,3086.30566,2478.0
0.0,3086.29883,2478.125
0.0,3086.29248,2478.25
0.0,3086.28638,2478.375
0.0,3086.28027,2478.5
0.0,3086.27441,2478.625
0.0,3086.26904,2478.75
0.0,3086.26367,2478.875
0.0,3086.2583,2479.0
0.0,3086.25293,2479.125
0.0,3086.24707,2479.25
0.0,3086.24121,2479.375
0.0,3086.23535,2479.5
0.0,3086.229,2479.625
0.0,3086.22217,2479.75
0.0,3086.21582,2479.875
0.0,3086.20996,2480.0
0.0,3086.20435,2480.125
0.0,3086.19897,2480.25
0.0,3086.19287,2480.375
0.0,3086.18701,2480.5
0.0,3086.18091,2480.625
0.0,3086.1748,2480.75
0.0,3086.1687,2480.875
0.0,3086.1626,2481.0
0.0,3086.15771,2481.125
0.0,3086.15234,2481.25
0.0,3086.14673,2481.375
0.0,3086.1416,2481.5
0.0,3086.13574,2481.625
0.0,3086.13037,2481.75
0.0,3086.12476,2481.875
0.0,3086.11914,2482.0
0.0,3086.11328,2482.125
0.0,3086.10742,2482.25
0.0,3086.10156,2482.375
0.0,3086.09619,2482.5
0.0,3086.09058,2482.625
0.0,3086.08521,2482.75
0.0,3086.07959,2482.875
0.0,3086.07324,2483.0
0.0,3086.06689,2483.125
0.0,3086.06055,2483.25
0.0,3086.05444,2483.375
0.0,3086.04883,2483.5
0.0,3086.04346,2483.625
0.0,3086.03809,2483.75
0.0,3086.03198,2483.875
0.0,3086.02588,2484.0
0.0,3086.02002,2484.125
0.0,3086.01416,2484.25
0.0,3086.00781,2484.375
0.0,3086.00195,2484.5
0.0,3085.99658,2484.625
0.0,3085.99072,2484.75
0.0,3085.98486,2484.875
0.0,3085.979,2485.0
0.0,3085.97314,2485.125
0.0,3085.96729,2485.25
0.0,3085.96143,2485.375
0.0,3085.95581,2485.5
0.0,3085.94971,2485.625
0.0,3085.94385,2485.75
0.0,3085.9375,2485.875
0.0,3085.93115,2486.0
0.0,3085.92456,2486.125
0.0,3085.91797,2486.25
0.0,3085.91187,2486.375
0.0,3085.90527,2486.5
0.0,3085.89966,2486.625
0.0,3085.89404,2486.75
0.0,3085.88867,2486.875
0.0,3085.8833,2487.0
0.0,3085.87744,2487.125
0.0,3085.87109,2487.25
0.0,3085.86523,2487.375
0.0,3085.85889,2487.5
0.0,3085.85278,2487.625
0.0,3085.84668,2487.75
0.0,3085.84082,2487.875
0.0,3085.83447,2488.0
0.0,3085.82861,2488.125
0.0,3085.82275,2488.25
0.0,3085.81738,2488.375
0.0,3085.81177,2488.5
0.0,3085.80615,2488.625
0.0,3085.80078,2488.75
0.0,3085.79492,2488.875
0.0,3085.78857,2489.0
0.0,3085.78223,2489.125
0.0,3085.77637,2489.25
0.0,3085.771,2489.375
0.0,3085.76538,2489.5
0.0,3085.75977,2489.625
0.0,3085.75342,2489.75
0.0,3085.74707,2489.875
0.0,3085.74072,2490.0
0.0,3085.73486,2490.125
0.0,3085.72876,2490.25
0.0,3085.72314,2490.375
0.0,3085.71777,2490.5
0.0,3085.71191,2490.625
0.0,3085.70654,2490.75
0.0,3085.70068,2490.875
0.0,3085.69531,2491.0
0.0,3085.6897,2491.125
0.0,3085.68408,2491.25
0.0,3085.67822,2491.375
0.0,3085.67236,2491.5
0.0,3085.6665,2491.625
0.0,3085.66064,2491.75
0.0,3085.65479,2491.875
0.0,3085.64941,2492.0
0.0,3085.64453,2492.125
0.0,3085.64111,2492.25
0.0,3085.63989,2492.375
0.0,3085.6416,2492.5
0.0,3085.64648,2492.625
0.0,3085.65381,2492.75
0.0,3085.6626,2492.875
0.0,3085.67212,2493.0
0.0,3085.68018,2493.125
0.0,3085.68628,2493.25
0.0,3085.68994,2493.375
0.0,3085.69019,2493.5
0.0,3085.68848,2493.625
0.0,3085.68457,2493.75
0.0,3085.67969,2493.875
0.0,3085.67432,2494.0
0.0,3085.66919,2494.125
0.0,3085.66406,2494.25
0.0,3085.65918,2494.375
0.0,3085.65381,2494.5
0.0,3085.64795,2494.625
0.0,3085.64111,2494.75
0.0,3085.63428,2494.875
0.0,3085.62744,2495.0
0.0,3085.62061,2495.125
0.0,3085.61426,2495.25
0.0,3085.60791,2495.375
0.0,3085.60205,2495.5
0.0,3085.59595,2495.625
0.0,3085.58936,2495.75
0.0,3085.58203,2495.875
0.0,3085.57471,2496.0
0.0,3085.56738,2496.125
0.0,3085.5603,2496.25
0.0,3085.55322,2496.375
0.0,3085.54663,2496.5
0.0,3085.54004,2496.625
0.0,3085.5332,2496.75
0.0,3085.52637,2496.875
0.0,3085.51904,2497.0
0.0,3085.51172,2497.125
0.0,3085.50439,2497.25
0.0,3085.49707,2497.375
0.0,3085.49023,2497.5
0.0,3085.4834,2497.625
0.0,3085.47656,2497.75
0.0,3085.47021,2497.875
0.0,3085.46338,2498.0
0.0,3085.45654,2498.125
0.0,3085.44946,2498.25
0.0,3085.44189,2498.375
0.0,3085.43457,2498.5
0.0,3085.42725,2498.625
0.0,3085.41992,2498.75
0.0,3085.41309,2498.875
0.0,3085.40674,2499.0
0.0,3085.3999,2499.125
0.0,3085.39355,2499.25
0.0,3085.38721,2499.375
0.0,3085.38037,2499.5
0.0,3085.37402,2499.625
0.0,3085.36694,2499.75
0.0,3085.36011,2499.875
0.0,3085.35327,2500.0
0.0,3085.34619,2500.125
0.0,3085.33984,2500.25
0.0,3085.33301,2500.375
0.0,3085.32666,2500.5
0.0,3085.31982,2500.625
0.0,3085.31348,2500.75
0.0,3085.30664,2500.875
0.0,3085.30029,2501.0
0.0,3085.2937,2501.125
0.0,3085.28687,2501.25
0.0,3085.27979,2501.375
0.0,3085.27246,2501.5
0.0,3085.26587,2501.625
0.0,3085.25928,2501.75
0.0,3085.25269,2501.875
0.0,3085.24609,2502.0
0.0,3085.23975,2502.125
0.0,3085.2334,2502.25
0.0,3085.22705,2502.375
0.0,3085.2207,2502.5
0.0,3085.21436,2502.625
0.0,3085.20776,2502.75
0.0,3085.20068,2502.875
0.0,3085.19385,2503.0
0.0,3085.18652,2503.125
0.0,3085.17944,2503.25
0.0,3085.17261,2503.375
0.0,3085.16602,2503.5
0.0,3085.15918,2503.625
0.0,3085.15234,2503.75
0.0,3085.14551,2503.875
0.0,3085.13867,2504.0
0.0,3085.13184,2504.125
0.0,3085.12524,2504.25
0.0,3085.11914,2504.375
0.0,3085.11279,2504.5
0.0,3085.10669,2504.625
0.0,3085.10059,2504.75
0.0,3085.09326,2504.875
0.0,3085.08643,2505.0
0.0,3085.07959,2505.125
0.0,3085.07275,2505.25
0.0,3085.06543,2505.375
0.0,3085.05835,2505.5
0.0,3085.05103,2505.625
0.0,3085.04395,2505.75
0.0,3085.0376,2505.875
0.0,3085.03101,2506.0
0.0,3085.02466,2506.125
0.0,3085.01807,2506.25
0.0,3085.01172,2506.375
0.0,3085.00464,2506.5
0.0,3084.99805,2506.625
0.0,3084.9917,2506.75
0.0,3084.9856,2506.875
0.0,3084.979,2507.0
0.0,3084.97266,2507.125
0.0,3084.96582,2507.25
0.0,3084.95874,2507.375
0.0,3084.95166,2507.5
0.0,3084.94434,2507.625
0.0,3084.93701,2507.75
0.0,3084.92969,2507.875
0.0,3084.92236,2508.0
0.0,3084.91504,2508.125
0.0,3084.9082,2508.25
0.0,3084.90137,2508.375
0.0,3084.89478,2508.5
0.0,3084.88818,2508.625
0.0,3084.88184,2508.75
0.0,3084.87549,2508.875
0.0,3084.86865,2509.0
0.0,3084.8623,2509.125
0.0,3084.85547,2509.25
0.0,3084.84888,2509.375
0.0,3084.84253,2509.5
0.0,3084.83594,2509.625
0.0,3084.83008,2509.75
0.0,3084.82397,2509.875
0.0,3084.81812,2510.0
0.0,3084.81201,2510.125
0.0,3084.80566,2510.25
0.0,3084.79907,2510.375
0.0,3084.79248,2510.5
0.0,3084.78564,2510.625
0.0,3084.77905,2510.75
0.0,3084.77271,2510.875
0.0,3084.76636,2511.0
0.0,3084.7605,2511.125
0.0,3084.75391,2511.25
0.0,3084.74805,2511.375
0.0,3084.74194,2511.5
0.0,3084.73633,2511.625
0.0,3084.72974,2511.75
0.0,3084.72314,2511.875
0.0,3084.7168,2512.0
0.0,3084.70996,2512.125
0.0,3084.70361,2512.25
0.0,3084.69702,2512.375
0.0,3084.69043,2512.5
0.0,3084.68408,2512.625
0.0,3084.67798,2512.75
0.0,3084.67188,2512.875
0.0,3084.66602,2513.0
0.0,3084.66016,2513.125
0.0,3084.65405,2513.25
0.0,3084.64795,2513.375
0.0,3084.6416,2513.5
0.0,3084.63477,2513.625
0.0,3084.62817,2513.75
0.0,3084.62207,2513.875
0.0,3084.61572,2514.0
0.0,3084.61011,2514.125
0.0,3084.604,2514.25
0.0,3084.59814,2514.375
0.0,3084.5918,2514.5
0.0,3084.58594,2514.625
0.0,3084.5791,2514.75
0.0,3084.57251,2514.875
0.0,3084.56592,2515.0
0.0,3084.55957,2515.125
0.0,3084.55322,2515.25
0.0,3084.54785,2515.375
0.0,3084.54199,2515.5
0.0,3084.53662,2515.625
0.0,3084.53052,2515.75
0.0,3084.52441,2515.875
0.0,3084.51807,2516.0
0.0,3084.51147,2516.125
0.0,3084.50488,2516.25
0.0,3084.49805,2516.375
0.0,3084.4917,2516.5
0.0,3084.48584,2516.625
0.0,3084.47998,2516.75
0.0,3084.47437,2516.875
0.0,3084.46875,2517.0
0.0,3084.46313,2517.125
0.0,3084.45703,2517.25
0.0,3084.45068,2517.375
0.0,3084.44434,2517.5
0.0,3084.43823,2517.625
0.0,3084.43213,2517.75
0.0,3084.42578,2517.875
0.0,3084.41943,2518.0
0.0,3084.41309,2518.125
0.0,3084.40674,2518.25
0.0,3084.40039,2518.375
0.0,3084.39478,2518.5
0.0,3084.38892,2518.625
0.0,3084.3833,2518.75
0.0,3084.3772,2518.875
0.0,3084.37061,2519.0
0.0,3084.36426,2519.125
0.0,3084.35767,2519.25
0.0,3084.35181,2519.375
0.0,3084.34619,2519.5
0.0,3084.34082,2519.625
0.0,3084.33545,2519.75
0.0,3084.33008,2519.875
0.0,3084.32422,2520.0
0.0,3084.31836,2520.125
0.0,3084.31152,2520.25
0.0,3084.30469,2520.375
0.0,3084.29736,2520.5
0.0,3084.29028,2520.625
0.0,3084.2832,2520.75
0.0,3084.27637,2520.875
0.0,3084.27002,2521.0
0.0,3084.26465,2521.125
0.0,3084.25928,2521.25
0.0,3084.25391,2521.375
0.0,3084.24854,2521.5
0.0,3084.24316,2521.625
0.0,3084.23755,2521.75
0.0,3084.23218,2521.875
0.0,3084.22681,2522.0
0.0,3084.22119,2522.125
0.0,3084.21533,2522.25
0.0,3084.20947,2522.375
0.0,3084.20361,2522.5
0.0,3084.19751,2522.625
0.0,3084.19189,2522.75
0.0,3084.18604,2522.875
0.0,3084.18018,2523.0
0.0,3084.17432,2523.125
0.0,3084.16821,2523.25
0.0,3084.16211,2523.375
0.0,3084.15625,2523.5
0.0,3084.15039,2523.625
0.0,3084.14453,2523.75
0.0,3084.13892,2523.875
0.0,3084.13354,2524.0
0.0,3084.12793,2524.125
0.0,3084.12256,2524.25
0.0,3084.11646,2524.375
0.0,3084.11035,2524.5
0.0,3084.10449,2524.625
0.0,3084.09839,2524.75
0.0,3084.09229,2524.875
0.0,3084.08569,2525.0
0.0,3084.07935,2525.125
0.0,3084.073,2525.25
0.0,3084.06738,2525.375
0.0,3084.06152,2525.5
0.0,3084.05566,2525.625
0.0,3084.0498,2525.75
0.0,3084.04346,2525.875
0.0,3084.03711,2526.0
0.0,3084.03027,2526.125
0.0,3084.02368,2526.25
0.0,3084.01685,2526.375
0.0,3084.0105,2526.5
0.0,3084.00415,2526.625
0.0,3083.99756,2526.75
0.0,3083.99121,2526.875
0.0,3083.98462,2527.0
0.0,3083.97852,2527.125
0.0,3083.97168,2527.25
0.0,3083.96484,2527.375
0.0,3083.95801,2527.5
0.0,3083.95093,2527.625
0.0,3083.94434,2527.75
0.0,3083.93799,2527.875
0.0,3083.93164,2528.0
0.0,3083.92529,2528.125
0.0,3083.91895,2528.25
0.0,3083.91211,2528.375
0.0,3083.90576,2528.5
0.0,3083.89941,2528.625
0.0,3083.89331,2528.75
0.0,3083.8877,2528.875
0.0,3083.88159,2529.0
0.0,3083.875,2529.125
0.0,3083.86865,2529.25
0.0,3083.86206,2529.375
0.0,3083.85547,2529.5
0.0,3083.84888,2529.625
0.0,3083.84277,2529.75
0.0,3083.83618,2529.875
0.0,3083.83008,2530.0
0.0,3083.82422,2530.125
0.0,3083.81836,2530.25
0.0,3083.8125,2530.375
0.0,3083.80566,2530.5
0.0,3083.79883,2530.625
0.0,3083.79199,2530.75
0.0,3083.78516,2530.875
0.0,3083.77881,2531.0
0.0,3083.77295,2531.125
0.0,3083.76758,2531.25
0.0,3083.76196,2531.375
0.0,3083.75586,2531.5
0.0,3083.74927,2531.625
0.0,3083.74268,2531.75
0.0,3083.73682,2531.875
0.0,3083.73096,2532.0
0.0,3083.72559,2532.125
0.0,3083.72021,2532.25
0.0,3083.71484,2532.375
0.0,3083.70947,2532.5
0.0,3083.70361,2532.625
0.0,3083.69775,2532.75
0.0,3083.69116,2532.875
0.0,3083.68481,2533.0
0.0,3083.67871,2533.125
0.0,3083.67334,2533.25
0.0,3083.66797,2533.375
0.0,3083.66284,2533.5
0.0,3083.65674,2533.625
0.0,3083.65039,2533.75
0.0,3083.64404,2533.875
0.0,3083.6377,2534.0
0.0,3083.63184,2534.125
0.0,3083.62646,2534.25
0.0,3083.62109,2534.375
0.0,3083.61548,2534.5
0.0,3083.60962,2534.625
0.0,3083.604,2534.75
0.0,3083.59814,2534.875
0.0,3083.59229,2535.0
0.0,3083.58691,2535.125
0.0,3083.58057,2535.25
0.0,3083.57422,2535.375
0.0,3083.56787,2535.5
0.0,3083.56201,2535.625
0.0,3083.55615,2535.75
0.0,3083.55078,2535.875
0.0,3083.54541,2536.0
0.0,3083.53955,2536.125
0.0,3083.53369,2536.25
0.0,3083.52759,2536.375
0.0,3083.52148,2536.5
0.0,3083.51562,2536.625
0.0,3083.51025,2536.75
0.0,3083.50439,2536.875
0.0,3083.4978,2537.0
0.0,3083.49146,2537.125
0.0,3083.48486,2537.25
0.0,3083.47852,2537.375
0.0,3083.47217,2537.5
0.0,3083.46631,2537.625
0.0,3083.46094,2537.75
0.0,3083.45508,2537.875
0.0,3083.44946,2538.0
0.0,3083.4436,2538.125
0.0,3083.4375,2538.25
0.0,3083.43115,2538.375
0.0,3083.4248,2538.5
0.0,3083.41919,2538.625
0.0,3083.41333,2538.75
0.0,3083.40771,2538.875
0.0,3083.4021,2539.0
0.0,3083.396,2539.125
0.0,3083.38965,2539.25
0.0,3083.3833,2539.375
0.0,3083.37695,2539.5
0.0,3083.37061,2539.625
0.0,3083.36426,2539.75
0.0,3083.35815,2539.875
0.0,3083.35205,2540.0
0.0,3083.3457,2540.125
0.0,3083.33984,2540.25
0.0,3083.3335,2540.375
0.0,3083.32715,2540.5
0.0,3083.3208,2540.625
0.0,3083.31494,2540.75
0.0,3083.30908,2540.875
0.0,3083.30298,2541.0
0.0,3083.29688,2541.125
0.0,3083.29028,2541.25
0.0,3083.28369,2541.375
0.0,3083.2771,2541.5
0.0,3083.27075,2541.625
0.0,3083.26465,2541.75
0.0,3083.2583,2541.875
0.0,3083.25269,2542.0
0.0,3083.24658,2542.125
0.0,3083.24072,2542.25
0.0,3083.23486,2542.375
0.0,3083.22852,2542.5
0.0,3083.22241,2542.625
0.0,3083.21606,2542.75
0.0,3083.20947,2542.875
0.0,3083.20288,2543.0
0.0,3083.19653,2543.125
0.0,3083.19019,2543.25
0.0,3083.18433,2543.375
0.0,3083.17871,2543.5
0.0,3083.17261,2543.625
0.0,3083.16699,2543.75
0.0,3083.16064,2543.875
0.0,3083.15381,2544.0
0.0,3083.14697,2544.125
0.0,3083.14062,2544.25
0.0,3083.13428,2544.375
0.0,3083.12842,2544.5
0.0,3083.12256,2544.625
0.0,3083.1167,2544.75
0.0,3083.11084,2544.875
0.0,3083.10449,2545.0
0.0,3083.09814,2545.125
0.0,3083.09131,2545.25
0.0,3083.08472,2545.375
0.0,3083.07837,2545.5
0.0,3083.07227,2545.625
0.0,3083.06592,2545.75
0.0,3083.06006,2545.875
0.0,3083.0542,2546.0
0.0,3083.04834,2546.125
0.0,3083.04224,2546.25
0.0,3083.03613,2546.375
0.0,3083.02979,2546.5
0.0,3083.02344,2546.625
0.0,3083.01709,2546.75
0.0,3083.01025,2546.875
0.0,3083.00342,2547.0
0.0,3082.99634,2547.125
0.0,3082.98926,2547.25
0.0,3082.98193,2547.375
0.0,3082.97485,2547.5
0.0,3082.96826,2547.625
0.0,3082.96167,2547.75
0.0,3082.95557,2547.875
0.0,3082.94922,2548.0
0.0,3082.94263,2548.125
0.0,3082.93628,2548.25
0.0,3082.92993,2548.375
0.0,3082.92358,2548.5
0.0,3082.91724,2548.625
0.0,3082.91089,2548.75
0.0,3082.9043,2548.875
0.0,3082.89771,2549.0
0.0,3082.89111,2549.125
0.0,3082.88428,2549.25
0.0,3082.87695,2549.375
0.0,3082.87012,2549.5
0.0,3082.86328,2549.625
0.0,3082.85669,2549.75
0.0,3082.85059,2549.875
0.0,3082.84424,2550.0
0.0,3082.83789,2550.125
0.0,3082.83105,2550.25
0.0,3082.82373,2550.375
0.0,3082.81665,2550.5
0.0,3082.80957,2550.625
0.0,3082.80273,2550.75
0.0,3082.79565,2550.875
0.0,3082.78882,2551.0
0.0,3082.78223,2551.125
0.0,3082.77563,2551.25
0.0,3082.76904,2551.375
0.0,3082.7627,2551.5
0.0,3082.75586,2551.625
0.0,3082.74927,2551.75
0.0,3082.74268,2551.875
0.0,3082.73584,2552.0
0.0,3082.72949,2552.125
0.0,3082.7229,2552.25
0.0,3082.7168,2552.375
0.0,3082.71094,2552.5
0.0,3082.70508,2552.625
0.0,3082.69873,2552.75
0.0,3082.69263,2552.875
0.0,3082.68701,2553.0
0.0,3082.68115,2553.125
0.0,3082.67554,2553.25
0.0,3082.67017,2553.375
0.0,3082.66504,2553.5
0.0,3082.65918,2553.625
0.0,3082.65381,2553.75
0.0,3082.64844,2553.875
0.0,3082.64355,2554.0
0.0,3082.63892,2554.125
0.0,3082.63428,2554.25
0.0,3082.62939,2554.375
0.0,3082.62402,2554.5
0.0,3082.61865,2554.625
0.0,3082.61328,2554.75
0.0,3082.60742,2554.875
0.0,3082.60156,2555.0
0.0,3082.59521,2555.125
0.0,3082.58862,2555.25
0.0,3082.58154,2555.375
0.0,3082.57471,2555.5
0.0,3082.56787,2555.625
0.0,3082.56152,2555.75
0.0,3082.55469,2555.875
0.0,3082.54785,2556.0
0.0,3082.54053,2556.125
0.0,3082.53345,2556.25
0.0,3082.52588,2556.375
0.0,3082.51855,2556.5
0.0,3082.51196,2556.625
0.0,3082.50537,2556.75
0.0,3082.49902,2556.875
0.0,3082.49268,2557.0
0.0,3082.48584,2557.125
0.0,3082.479,2557.25
0.0,3082.47168,2557.375
0.0,3082.46484,2557.5
0.0,3082.4585,2557.625
0.0,3082.45215,2557.75
0.0,3082.4458,2557.875
0.0,3082.43872,2558.0
0.0,3082.43115,2558.125
0.0,3082.42358,2558.25
0.0,3082.4165,2558.375
0.0,3082.40991,2558.5
0.0,3082.40332,2558.625
0.0,3082.39697,2558.75
0.0,3082.39014,2558.875
0.0,3082.3833,2559.0
0.0,3082.37695,2559.125
0.0,3082.37061,2559.25
0.0,3082.36475,2559.375
0.0,3082.3584,2559.5
0.0,3082.35156,2559.625
0.0,3082.34424,2559.75
0.0,3082.33594,2559.875
0.0,3082.32764,2560.0
0.0,3082.31934,2560.125
0.0,3082.31177,2560.25
0.0,3082.30469,2560.375
0.0,3082.29834,2560.5
0.0,3082.29199,2560.625
0.0,3082.28516,2560.75
0.0,3082.27881,2560.875
0.0,3082.27197,2561.0
0.0,3082.26514,2561.125
0.0,3082.2583,2561.25
0.0,3082.25146,2561.375
0.0,3082.24414,2561.5
0.0,3082.2373,2561.625
0.0,3082.23047,2561.75
0.0,3082.22412,2561.875
0.0,3082.21826,2562.0
0.0,3082.21216,2562.125
0.0,3082.2063,2562.25
0.0,3082.2002,2562.375
0.0,3082.19385,2562.5
0.0,3082.18799,2562.625
0.0,3082.18188,2562.75
0.0,3082.17578,2562.875
0.0,3082.17041,2563.0
0.0,3082.16406,2563.125
0.0,3082.15771,2563.25
0.0,3082.15137,2563.375
0.0,3082.14502,2563.5
0.0,3082.13892,2563.625
0.0,3082.13281,2563.75
0.0,3082.12695,2563.875
0.0,3082.12061,2564.0
0.0,3082.11426,2564.125
0.0,3082.10767,2564.25
0.0,3082.10132,2564.375
0.0,3082.09521,2564.5
0.0,3082.08936,2564.625
0.0,3082.0835,2564.75
0.0,3082.07764,2564.875
0.0,3082.07178,2565.0
0.0,3082.06616,2565.125
0.0,3082.06055,2565.25
0.0,3082.05444,2565.375
0.0,3082.04834,2565.5
0.0,3082.04199,2565.625
0.0,3082.0354,2565.75
0.0,3082.02881,2565.875
0.0,3082.02246,2566.0
0.0,3082.01562,2566.125
0.0,3082.00879,2566.25
0.0,3082.00195,2566.375
0.0,3081.99512,2566.5
0.0,3081.98779,2566.625
0.0,3081.98071,2566.75
0.0,3081.97363,2566.875
0.0,3081.96729,2567.0
0.0,3081.96143,2567.125
0.0,3081.95605,2567.25
0.0,3081.95117,2567.375
0.0,3081.94556,2567.5
0.0,3081.93994,2567.625
0.0,3081.93408,2567.75
0.0,3081.92773,2567.875
0.0,3081.92139,2568.0
0.0,3081.91528,2568.125
0.0,3081.90918,2568.25
0.0,3081.90332,2568.375
0.0,3081.89746,2568.5
0.0,3081.8916,2568.625
0.0,3081.88623,2568.75
0.0,3081.87988,2568.875
0.0,3081.87427,2569.0
0.0,3081.86816,2569.125
0.0,3081.8623,2569.25
0.0,3081.85645,2569.375
0.0,3081.85034,2569.5
0.0,3081.84424,2569.625
0.0,3081.83862,2569.75
0.0,3081.83276,2569.875
0.0,3081.82666,2570.0
0.0,3081.8208,2570.125
0.0,3081.81519,2570.25
0.0,3081.80957,2570.375
0.0,3081.8042,2570.5
0.0,3081.79834,2570.625
0.0,3081.79272,2570.75
0.0,3081.78662,2570.875
0.0,3081.78076,2571.0
0.0,3081.77441,2571.125
0.0,3081.76855,2571.25
0.0,3081.7627,2571.375
0.0,3081.75708,2571.5
0.0,3081.75098,2571.625
0.0,3081.74512,2571.75
0.0,3081.73877,2571.875
0.0,3081.73242,2572.0
0.0,3081.72607,2572.125
0.0,3081.72021,2572.25
0.0,3081.71436,2572.375
0.0,3081.70801,2572.5
0.0,3081.70166,2572.625
0.0,3081.69531,2572.75
0.0,3081.68872,2572.875
0.0,3081.68213,2573.0
0.0,3081.67651,2573.125
0.0,3081.6709,2573.25
0.0,3081.66528,2573.375
0.0,3081.65967,2573.5
0.0,3081.65332,2573.625
0.0,3081.64697,2573.75
0.0,3081.64087,2573.875
0.0,3081.63477,2574.0
0.0,3081.62891,2574.125
0.0,3081.62354,2574.25
0.0,3081.61816,2574.375
0.0,3081.61304,2574.5
0.0,3081.60718,2574.625
0.0,3081.60156,2574.75
0.0,3081.59546,2574.875
0.0,3081.58936,2575.0
0.0,3081.58301,2575.125
0.0,3081.57666,2575.25
0.0,3081.57104,2575.375
0.0,3081.56519,2575.5
0.0,3081.55957,2575.625
0.0,3081.55371,2575.75
0.0,3081.5481,2575.875
0.0,3081.54199,2576.0
0.0,3081.53564,2576.125
0.0,3081.5293,2576.25
0.0,3081.52344,2576.375
0.0,3081.51807,2576.5
0.0,3081.5127,2576.625
0.0,3081.50732,2576.75
0.0,3081.50171,2576.875
0.0,3081.49585,2577.0
0.0,3081.48999,2577.125
0.0,3081.48389,2577.25
0.0,3081.47754,2577.375
0.0,3081.47168,2577.5
0.0,3081.46533,2577.625
0.0,3081.45947,2577.75
0.0,3081.45386,2577.875
0.0,3081.448,2578.0
0.0,3081.44238,2578.125
0.0,3081.43652,2578.25
0.0,3081.43066,2578.375
0.0,3081.42456,2578.5
0.0,3081.41895,2578.625
0.0,3081.41357,2578.75
0.0,3081.4082,2578.875
0.0,3081.40234,2579.0
0.0,3081.39648,2579.125
0.0,3081.39038,2579.25
0.0,3081.38379,2579.375
0.0,3081.37744,2579.5
0.0,3081.37109,2579.625
0.0,3081.3645,2579.75
0.0,3081.3584,2579.875
0.0,3081.35254,2580.0
0.0,3081.34668,2580.125
0.0,3081.34082,2580.25
0.0,3081.33496,2580.375
0.0,3081.3291,2580.5
0.0,3081.323,2580.625
0.0,3081.31689,2580.75
0.0,3081.31104,2580.875
0.0,3081.30566,2581.0
0.0,3081.2998,2581.125
0.0,3081.2937,2581.25
0.0,3081.2876,2581.375
0.0,3081.28174,2581.5
0.0,3081.27563,2581.625
0.0,3081.26953,2581.75
0.0,3081.26392,2581.875
0.0,3081.2583,2582.0
0.0,3081.25293,2582.125
0.0,3081.24707,2582.25
0.0,3081.24121,2582.375
0.0,3081.23486,2582.5
0.0,3081.229,2582.625
0.0,3081.2229,2582.75
0.0,3081.21704,2582.875
0.0,3081.21143,2583.0
0.0,3081.20508,2583.125
0.0,3081.19922,2583.25
0.0,3081.19287,2583.375
0.0,3081.18652,2583.5
0.0,3081.18066,2583.625
0.0,3081.1748,2583.75
0.0,3081.16895,2583.875
0.0,3081.1626,2584.0
0.0,3081.15601,2584.125
0.0,3081.14941,2584.25
0.0,3081.14307,2584.375
0.0,3081.13647,2584.5
0.0,3081.12988,2584.625
0.0,3081.12354,2584.75
0.0,3081.11719,2584.875
0.0,3081.11108,2585.0
0.0,3081.10498,2585.125
0.0,3081.09863,2585.25
0.0,3081.09229,2585.375
0.0,3081.08618,2585.5
0.0,3081.07959,2585.625
0.0,3081.07324,2585.75
0.0,3081.06641,2585.875
0.0,3081.05933,2586.0
0.0,3081.05273,2586.125
0.0,3081.0459,2586.25
0.0,3081.03955,2586.375
0.0,3081.0332,2586.5
0.0,3081.02686,2586.625
0.0,3081.01978,2586.75
0.0,3081.01245,2586.875
0.0,3081.00537,2587.0
0.0,3080.99854,2587.125
0.0,3080.99194,2587.25
0.0,3080.98584,2587.375
0.0,3080.97974,2587.5
0.0,3080.97363,2587.625
0.0,3080.96777,2587.75
0.0,3080.96191,2587.875
0.0,3080.95605,2588.0
0.0,3080.9502,2588.125
0.0,3080.94385,2588.25
0.0,3080.93799,2588.375
0.0,3080.93213,2588.5
0.0,3080.92603,2588.625
0.0,3080.91992,2588.75
0.0,3080.91284,2588.875
0.0,3080.90576,2589.0
0.0,3080.89844,2589.125
0.0,3080.89209,2589.25
0.0,3080.88599,2589.375
0.0,3080.88062,2589.5
0.0,3080.87573,2589.625
0.0,3080.87061,2589.75
0.0,3080.86499,2589.875
0.0,3080.85938,2590.0
0.0,3080.85352,2590.125
0.0,3080.84766,2590.25
0.0,3080.84131,2590.375
0.0,3080.83545,2590.5
0.0,3080.82959,2590.625
0.0,3080.82422,2590.75
0.0,3080.81885,2590.875
0.0,3080.81323,2591.0
0.0,3080.80762,2591.125
0.0,3080.80225,2591.25
0.0,3080.79688,2591.375
0.0,3080.79102,2591.5
0.0,3080.78564,2591.625
0.0,3080.77979,2591.75
0.0,3080.77393,2591.875
0.0,3080.76782,2592.0
0.0,3080.76172,2592.125
0.0,3080.7561,2592.25
0.0,3080.75,2592.375
0.0,3080.74438,2592.5
0.0,3080.73853,2592.625
0.0,3080.73218,2592.75
0.0,3080.72632,2592.875
0.0,3080.7207,2593.0
0.0,3080.71533,2593.125
0.0,3080.71045,2593.25
0.0,3080.70532,2593.375
0.0,3080.69971,2593.5
0.0,3080.69385,2593.625
0.0,3080.68799,2593.75
0.0,3080.68237,2593.875
0.0,3080.677,2594.0
0.0,3080.67188,2594.125
0.0,3080.6665,2594.25
0.0,3080.66113,2594.375
0.0,3080.65552,2594.5
0.0,3080.64941,2594.625
0.0,3080.64307,2594.75
0.0,3080.63721,2594.875
0.0,3080.63184,2595.0
0.0,3080.62646,2595.125
0.0,3080.62158,2595.25
0.0,3080.61572,2595.375
0.0,3080.60938,2595.5
0.0,3080.60352,2595.625
0.0,3080.59717,2595.75
0.0,3080.59082,2595.875
0.0,3080.58398,2596.0
0.0,3080.5769,2596.125
0.0,3080.56934,2596.25
0.0,3080.5625,2596.375
0.0,3080.55615,2596.5
0.0,3080.55029,2596.625
0.0,3080.54492,2596.75
0.0,3080.53906,2596.875
0.0,3080.53271,2597.0
0.0,3080.52612,2597.125
0.0,3080.51953,2597.25
0.0,3080.51367,2597.375
0.0,3080.50781,2597.5
0.0,3080.50244,2597.625
0.0,3080.49731,2597.75
0.0,3080.49219,2597.875
0.0,3080.48657,2598.0
0.0,3080.48096,2598.125
0.0,3080.4751,2598.25
0.0,3080.46924,2598.375
0.0,3080.46289,2598.5
0.0,3080.45654,2598.625
0.0,3080.45068,2598.75
0.0,3080.44531,2598.875
0.0,3080.43994,2599.0
0.0,3080.43433,2599.125
0.0,3080.4292,2599.25
0.0,3080.42383,2599.375
0.0,3080.41797,2599.5
0.0,3080.41211,2599.625
0.0,3080.40625,2599.75
0.0,3080.40088,2599.875
0.0,3080.39502,2600.0
0.0,3080.38965,2600.125
0.0,3080.38379,2600.25
0.0,3080.37842,2600.375
0.0,3080.37354,2600.5
0.0,3080.36816,2600.625
0.0,3080.36279,2600.75
0.0,3080.35669,2600.875
0.0,3080.35059,2601.0
0.0,3080.34448,2601.125
0.0,3080.33789,2601.25
0.0,3080.33228,2601.375
0.0,3080.32666,2601.5
0.0,3080.32129,2601.625
0.0,3080.31567,2601.75
0.0,3080.30981,2601.875
0.0,3080.3042,2602.0
0.0,3080.2981,2602.125
0.0,3080.29248,2602.25
0.0,3080.28662,2602.375
0.0,3080.28125,2602.5
0.0,3080.27588,2602.625
0.0,3080.27051,2602.75
0.0,3080.26489,2602.875
0.0,3080.25903,2603.0
0.0,3080.25293,2603.125
0.0,3080.24658,2603.25
0.0,3080.24023,2603.375
0.0,3080.23486,2603.5
0.0,3080.229,2603.625
0.0,3080.22314,2603.75
0.0,3080.21777,2603.875
0.0,3080.21167,2604.0
0.0,3080.20605,2604.125
0.0,3080.20068,2604.25
0.0,3080.19482,2604.375
0.0,3080.18896,2604.5
0.0,3080.18311,2604.625
0.0,3080.17676,2604.75
0.0,3080.17065,2604.875
0.0,3080.16455,2605.0
0.0,3080.15869,2605.125
0.0,3080.15283,2605.25
0.0,3080.14648,2605.375
0.0,3080.14062,2605.5
0.0,3080.13477,2605.625
0.0,3080.12939,2605.75
0.0,3080.12402,2605.875
0.0,3080.11865,2606.0
0.0,3080.11304,2606.125
0.0,3080.10693,2606.25
0.0,3080.10059,2606.375
0.0,3080.09424,2606.5
0.0,3080.08789,2606.625
0.0,3080.08179,2606.75
0.0,3080.07593,2606.875
0.0,3080.06982,2607.0
0.0,3080.06348,2607.125
0.0,3080.05762,2607.25
0.0,3080.05176,2607.375
0.0,3080.04614,2607.5
0.0,3080.04053,2607.625
0.0,3080.03516,2607.75
0.0,3080.02979,2607.875
0.0,3080.02441,2608.0
0.0,3080.01904,2608.125
0.0,3080.01294,2608.25
0.0,3080.00684,2608.375
0.0,3080.00049,2608.5
0.0,3079.99414,2608.625
0.0,3079.98828,2608.75
0.0,3079.98218,2608.875
0.0,3079.97656,2609.0
0.0,3079.97119,2609.125
0.0,3079.96558,2609.25
0.0,3079.95996,2609.375
0.0,3079.95459,2609.5
0.0,3079.94922,2609.625
0.0,3079.94385,2609.75
0.0,3079.93848,2609.875
0.0,3079.93359,2610.0
0.0,3079.9292,2610.125
0.0,3079.9248,2610.25
0.0,3079.91992,2610.375
0.0,3079.91528,2610.5
0.0,3079.91016,2610.625
0.0,3079.90527,2610.75
0.0,3079.90015,2610.875
0.0,3079.89502,2611.0
0.0,3079.88965,2611.125
0.0,3079.8833,2611.25
0.0,3079.87598,2611.375
0.0,3079.86792,2611.5
0.0,3079.86011,2611.625
0.0,3079.85254,2611.75
0.0,3079.8457,2611.875
0.0,3079.83936,2612.0
0.0,3079.83325,2612.125
0.0,3079.82764,2612.25
0.0,3079.82178,2612.375
0.0,3079.81592,2612.5
0.0,3079.8103,2612.625
0.0,3079.80493,2612.75
0.0,3079.79932,2612.875
0.0,3079.79346,2613.0
0.0,3079.78711,2613.125
0.0,3079.78027,2613.25
0.0,3079.77344,2613.375
0.0,3079.76709,2613.5
0.0,3079.76123,2613.625
0.0,3079.75562,2613.75
0.0,3079.75024,2613.875
0.0,3079.74438,2614.0
0.0,3079.73828,2614.125
0.0,3079.73193,2614.25
0.0,3079.72534,2614.375
0.0,3079.71875,2614.5
0.0,3079.71216,2614.625
0.0,3079.70557,2614.75
0.0,3079.69922,2614.875
0.0,3079.69263,2615.0
0.0,3079.68628,2615.125
0.0,3079.67969,2615.25
0.0,3079.67383,2615.375
0.0,3079.66772,2615.5
0.0,3079.66211,2615.625
0.0,3079.65576,2615.75
0.0,3079.64917,2615.875
0.0,3079.64258,2616.0
0.0,3079.6355,2616.125
0.0,3079.62842,2616.25
0.0,3079.62183,2616.375
0.0,3079.61523,2616.5
0.0,3079.60889,2616.625
0.0,3079.60254,2616.75
0.0,3079.59668,2616.875
0.0,3079.59058,2617.0
0.0,3079.58447,2617.125
0.0,3079.57764,2617.25
0.0,3079.5708,2617.375
0.0,3079.56348,2617.5
0.0,3079.55664,2617.625
0.0,3079.55029,2617.75
0.0,3079.54443,2617.875
0.0,3079.53857,2618.0
0.0,3079.53223,2618.125
0.0,3079.52588,2618.25
0.0,3079.5188,2618.375
0.0,3079.51196,2618.5
0.0,3079.50562,2618.625
0.0,3079.49902,2618.75
0.0,3079.49316,2618.875
0.0,3079.48682,2619.0
0.0,3079.48071,2619.125
0.0,3079.47412,2619.25
0.0,3079.46777,2619.375
0.0,3079.46191,2619.5
0.0,3079.45557,2619.625
0.0,3079.44946,2619.75
0.0,3079.44312,2619.875
0.0,3079.43677,2620.0
0.0,3079.43042,2620.125
0.0,3079.42383,2620.25
0.0,3079.41748,2620.375
0.0,3079.41138,2620.5
0.0,3079.40527,2620.625
0.0,3079.39893,2620.75
0.0,3079.39307,2620.875
0.0,3079.38672,2621.0
0.0,3079.38086,2621.125
0.0,3079.37451,2621.25
0.0,3079.36816,2621.375
0.0,3079.36133,2621.5
0.0,3079.35449,2621.625
0.0,3079.3479,2621.75
0.0,3079.3418,2621.875
0.0,3079.33594,2622.0
0.0,3079.33032,2622.125
0.0,3079.32422,2622.25
0.0,3079.31836,2622.375
0.0,3079.31152,2622.5
0.0,3079.30469,2622.625
0.0,3079.2981,2622.75
0.0,3079.29175,2622.875
0.0,3079.28516,2623.0
0.0,3079.27881,2623.125
0.0,3079.27246,2623.25
0.0,3079.26611,2623.375
0.0,3079.26025,2623.5
0.0,3079.25391,2623.625
0.0,3079.24829,2623.75
0.0,3079.24219,2623.875
0.0,3079.23584,2624.0
0.0,3079.22925,2624.125
0.0,3079.22314,2624.25
0.0,3079.21729,2624.375
0.0,3079.21167,2624.5
0.0,3079.20605,2624.625
0.0,3079.19971,2624.75
0.0,3079.1936,2624.875
0.0,3079.18726,2625.0
0.0,3079.18066,2625.125
0.0,3079.17432,2625.25
0.0,3079.16772,2625.375
0.0,3079.16113,2625.5
0.0,3079.15503,2625.625
0.0,3079.14893,2625.75
0.0,3079.14355,2625.875
0.0,3079.13818,2626.0
0.0,3079.13281,2626.125
0.0,3079.12671,2626.25
0.0,3079.12061,2626.375
0.0,3079.11377,2626.5
0.0,3079.10742,2626.625
0.0,3079.10107,2626.75
0.0,3079.09473,2626.875
0.0,3079.08765,2627.0
0.0,3079.08057,2627.125
0.0,3079.07397,2627.25
0.0,3079.06738,2627.375
0.0,3079.06104,2627.5
0.0,3079.05518,2627.625
0.0,3079.04956,2627.75
0.0,3079.0437,2627.875
0.0,3079.0376,2628.0
0.0,3079.03149,2628.125
0.0,3079.02539,2628.25
0.0,3079.01953,2628.375
0.0,3079.01367,2628.5
0.0,3079.00781,2628.625
0.0,3079.00171,2628.75
0.0,3078.99536,2628.875
0.0,3078.98877,2629.0
0.0,3078.98291,2629.125
0.0,3078.97656,2629.25
0.0,3078.9707,2629.375
0.0,3078.96484,2629.5
0.0,3078.95874,2629.625
0.0,3078.95239,2629.75
0.0,3078.94604,2629.875
0.0,3078.93994,2630.0
0.0,3078.93433,2630.125
0.0,3078.92871,2630.25
0.0,3078.92334,2630.375
0.0,3078.91748,2630.5
0.0,3078.91162,2630.625
0.0,3078.90576,2630.75
0.0,3078.89941,2630.875
0.0,3078.89307,2631.0
0.0,3078.88696,2631.125
0.0,3078.88086,2631.25
0.0,3078.87549,2631.375
0.0,3078.86987,2631.5
0.0,3078.86401,2631.625
0.0,3078.85791,2631.75
0.0,3078.85132,2631.875
0.0,3078.84473,2632.0
0.0,3078.83862,2632.125
0.0,3078.83252,2632.25
0.0,3078.8269,2632.375
0.0,3078.82178,2632.5
0.0,3078.81641,2632.625
0.0,3078.81055,2632.75
0.0,3078.80444,2632.875
0.0,3078.79834,2633.0
0.0,3078.7915,2633.125
0.0,3078.7854,2633.25
0.0,3078.77954,2633.375
0.0,3078.77393,2633.5
0.0,3078.76904,2633.625
0.0,3078.76367,2633.75
0.0,3078.75806,2633.875
0.0,3078.75195,2634.0
0.0,3078.74561,2634.125
0.0,3078.73926,2634.25
0.0,3078.7334,2634.375
0.0,3078.72803,2634.5
0.0,3078.72217,2634.625
0.0,3078.71631,2634.75
0.0,3078.71069,2634.875
0.0,3078.70459,2635.0
0.0,3078.69824,2635.125
0.0,3078.69189,2635.25
0.0,3078.68579,2635.375
0.0,3078.67993,2635.5
0.0,3078.67432,2635.625
0.0,3078.66846,2635.75
0.0,3078.6626,2635.875
0.0,3078.65674,2636.0
0.0,3078.65088,2636.125
0.0,3078.64478,2636.25
0.0,3078.6394,2636.375
0.0,3078.63403,2636.5
0.0,3078.62842,2636.625
0.0,3078.62256,2636.75
0.0,3078.61597,2636.875
0.0,3078.60962,2637.0
0.0,3078.60327,2637.125
0.0,3078.59717,2637.25
0.0,3078.59204,2637.375
0.0,3078.58643,2637.5
0.0,3078.5813,2637.625
0.0,3078.57568,2637.75
0.0,3078.57007,2637.875
0.0,3078.56396,2638.0
0.0,3078.55811,2638.125
0.0,3078.55225,2638.25
0.0,3078.54639,2638.375
0.0,3078.54053,2638.5
0.0,3078.53516,2638.625
0.0,3078.5293,2638.75
0.0,3078.52368,2638.875
0.0,3078.51807,2639.0
0.0,3078.51221,2639.125
0.0,3078.50586,2639.25
0.0,3078.5,2639.375
0.0,3078.49414,2639.5
0.0,3078.48828,2639.625
0.0,3078.48242,2639.75
0.0,3078.47681,2639.875
0.0,3078.47119,2640.0
0.0,3078.46582,2640.125
0.0,3078.46021,2640.25
0.0,3078.45459,2640.375
0.0,3078.44922,2640.5
0.0,3078.4436,2640.625
0.0,3078.4375,2640.75
0.0,3078.43164,2640.875
0.0,3078.42578,2641.0
0.0,3078.41992,2641.125
0.0,3078.41406,2641.25
0.0,3078.40869,2641.375
0.0,3078.40283,2641.5
0.0,3078.39697,2641.625
0.0,3078.39087,2641.75
0.0,3078.38477,2641.875
0.0,3078.37842,2642.0
0.0,3078.37256,2642.125
0.0,3078.36719,2642.25
0.0,3078.36157,2642.375
0.0,3078.35596,2642.5
0.0,3078.3501,2642.625
0.0,3078.34424,2642.75
0.0,3078.33789,2642.875
0.0,3078.33154,2643.0
0.0,3078.3252,2643.125
0.0,3078.31885,2643.25
0.0,3078.31348,2643.375
0.0,3078.30811,2643.5
0.0,3078.30273,2643.625
0.0,3078.29688,2643.75
0.0,3078.29126,2643.875
0.0,3078.28564,2644.0
0.0,3078.28027,2644.125
0.0,3078.2749,2644.25
0.0,3078.26953,2644.375
0.0,3078.26367,2644.5
0.0,3078.25781,2644.625
0.0,3078.25171,2644.75
0.0,3078.24609,2644.875
0.0,3078.24023,2645.0
0.0,3078.23486,2645.125
0.0,3078.229,2645.25
0.0,3078.22339,2645.375
0.0,3078.21777,2645.5
0.0,3078.21191,2645.625
0.0,3078.20605,2645.75
0.0,3078.2002,2645.875
0.0,3078.19434,2646.0
0.0,3078.18848,2646.125
0.0,3078.18311,2646.25
0.0,3078.17773,2646.375
0.0,3078.17285,2646.5
0.0,3078.16748,2646.625
0.0,3078.16187,2646.75
0.0,3078.15625,2646.875
0.0,3078.1499,2647.0
0.0,3078.14404,2647.125
0.0,3078.13818,2647.25
0.0,3078.13281,2647.375
0.0,3078.12695,2647.5
0.0,3078.12158,2647.625
0.0,3078.11548,2647.75
0.0,3078.10986,2647.875
0.0,3078.104,2648.0
0.0,3078.09863,2648.125
0.0,3078.09277,2648.25
0.0,3078.0874,2648.375
0.0,3078.08154,2648.5
0.0,3078.07568,2648.625
0.0,3078.06982,2648.75
0.0,3078.06421,2648.875
0.0,3078.05884,2649.0
0.0,3078.05273,2649.125
0.0,3078.04688,2649.25
0.0,3078.04102,2649.375
0.0,3078.03491,2649.5
0.0,3078.0293,2649.625
0.0,3078.02344,2649.75
0.0,3078.01782,2649.875
0.0,3078.01221,2650.0
0.0,3078.00659,2650.125
0.0,3078.00073,2650.25
0.0,3077.99463,2650.375
0.0,3077.98877,2650.5
0.0,3077.98242,2650.625
0.0,3077.97656,2650.75
0.0,3077.97021,2650.875
0.0,3077.96436,2651.0
0.0,3077.95898,2651.125
0.0,3077.95312,2651.25
0.0,3077.94824,2651.375
0.0,3077.94312,2651.5
0.0,3077.93774,2651.625
0.0,3077.93237,2651.75
0.0,3077.92627,2651.875
0.0,3077.91992,2652.0
0.0,3077.91357,2652.125
0.0,3077.90698,2652.25
0.0,3077.90137,2652.375
0.0,3077.89551,2652.5
0.0,3077.89038,2652.625
0.0,3077.88525,2652.75
0.0,3077.87988,2652.875
0.0,3077.87451,2653.0
0.0,3077.86816,2653.125
0.0,3077.86255,2653.25
0.0,3077.85669,2653.375
0.0,3077.85107,2653.5
0.0,3077.84546,2653.625
0.0,3077.83936,2653.75
0.0,3077.83301,2653.875
0.0,3077.8269,2654.0
0.0,3077.82129,2654.125
0.0,3077.81567,2654.25
0.0,3077.80981,2654.375
0.0,3077.80322,2654.5
0.0,3077.79639,2654.625
0.0,3077.78906,2654.75
0.0,3077.78174,2654.875
0.0,3077.7749,2655.0
0.0,3077.76807,2655.125
0.0,3077.76172,2655.25
0.0,3077.75586,2655.375
0.0,3077.75,2655.5
0.0,3077.74438,2655.625
0.0,3077.73828,2655.75
0.0,3077.73242,2655.875
0.0,3077.72607,2656.0
0.0,3077.72021,2656.125
0.0,3077.7146,2656.25
0.0,3077.70898,2656.375
0.0,3077.70312,2656.5
0.0,3077.69775,2656.625
0.0,3077.69238,2656.75
0.0,3077.68677,2656.875
0.0,3077.68091,2657.0
0.0,3077.67432,2657.125
0.0,3077.66821,2657.25
0.0,3077.66211,2657.375
0.0,3077.65625,2657.5
0.0,3077.65088,2657.625
0.0,3077.646,2657.75
0.0,3077.64062,2657.875
0.0,3077.63525,2658.0
0.0,3077.62939,2658.125
0.0,3077.62354,2658.25
0.0,3077.61768,2658.375
0.0,3077.61206,2658.5
0.0,3077.60645,2658.625
0.0,3077.60083,2658.75
0.0,3077.59497,2658.875
0.0,3077.58936,2659.0
0.0,3077.58374,2659.125
0.0,3077.57861,2659.25
0.0,3077.57373,2659.375
0.0,3077.56836,2659.5
0.0,3077.56274,2659.625
0.0,3077.55664,2659.75
0.0,3077.55029,2659.875
0.0,3077.54395,2660.0
0.0,3077.53711,2660.125
0.0,3077.53125,2660.25
0.0,3077.52515,2660.375
0.0,3077.51953,2660.5
0.0,3077.51416,2660.625
0.0,3077.5083,2660.75
0.0,3077.50195,2660.875
0.0,3077.49512,2661.0
0.0,3077.48828,2661.125
0.0,3077.48145,2661.25
0.0,3077.47485,2661.375
0.0,3077.46875,2661.5
0.0,3077.46338,2661.625
0.0,3077.45801,2661.75
0.0,3077.45264,2661.875
0.0,3077.44678,2662.0
0.0,3077.44043,2662.125
0.0,3077.43408,2662.25
0.0,3077.42798,2662.375
0.0,3077.42236,2662.5
0.0,3077.41748,2662.625
0.0,3077.41211,2662.75
0.0,3077.40625,2662.875
0.0,3077.40039,2663.0
0.0,3077.39404,2663.125
0.0,3077.3877,2663.25
0.0,3077.38184,2663.375
0.0,3077.37622,2663.5
0.0,3077.37012,2663.625
0.0,3077.36426,2663.75
0.0,3077.3584,2663.875
0.0,3077.35254,2664.0
0.0,3077.34619,2664.125
0.0,3077.33984,2664.25
0.0,3077.33325,2664.375
0.0,3077.32715,2664.5
0.0,3077.32104,2664.625
0.0,3077.31567,2664.75
0.0,3077.3103,2664.875
0.0,3077.30444,2665.0
0.0,3077.29834,2665.125
0.0,3077.29199,2665.25
0.0,3077.28564,2665.375
0.0,3077.27979,2665.5
0.0,3077.27344,2665.625
0.0,3077.26758,2665.75
0.0,3077.26147,2665.875
0.0,3077.25513,2666.0
0.0,3077.24854,2666.125
0.0,3077.24219,2666.25
0.0,3077.23608,2666.375
0.0,3077.22998,2666.5
0.0,3077.22461,2666.625
0.0,3077.21851,2666.75
0.0,3077.2124,2666.875
0.0,3077.20654,2667.0
0.0,3077.20068,2667.125
0.0,3077.19434,2667.25
0.0,3077.18848,2667.375
0.0,3077.18213,2667.5
0.0,3077.17554,2667.625
0.0,3077.1687,2667.75
0.0,3077.16187,2667.875
0.0,3077.15552,2668.0
0.0,3077.14917,2668.125
0.0,3077.14331,2668.25
0.0,3077.1377,2668.375
0.0,3077.13208,2668.5
0.0,3077.12646,2668.625
0.0,3077.12109,2668.75
0.0,3077.11523,2668.875
0.0,3077.10913,2669.0
0.0,3077.10303,2669.125
0.0,3077.09717,2669.25
0.0,3077.09131,2669.375
0.0,3077.08545,2669.5
0.0,3077.07959,2669.625
0.0,3077.07422,2669.75
0.0,3077.06885,2669.875
0.0,3077.06323,2670.0
0.0,3077.05713,2670.125
0.0,3077.05127,2670.25
0.0,3077.04541,2670.375
0.0,3077.03931,2670.5
0.0,3077.03369,2670.625
0.0,3077.02832,2670.75
0.0,3077.02295,2670.875
0.0,3077.01733,2671.0
0.0,3077.01172,2671.125
0.0,3077.00586,2671.25
0.0,3077.0,2671.375
0.0,3076.99438,2671.5
0.0,3076.98853,2671.625
0.0,3076.98291,2671.75
0.0,3076.97705,2671.875
0.0,3076.97119,2672.0
0.0,3076.96606,2672.125
0.0,3076.96069,2672.25
0.0,3076.95532,2672.375
0.0,3076.9502,2672.5
0.0,3076.94507,2672.625
0.0,3076.93994,2672.75
0.0,3076.93457,2672.875
0.0,3076.92896,2673.0
0.0,3076.9231,2673.125
0.0,3076.91699,2673.25
0.0,3076.91113,2673.375
0.0,3076.90576,2673.5
0.0,3076.90063,2673.625
0.0,3076.89575,2673.75
0.0,3076.89014,2673.875
0.0,3076.88403,2674.0
0.0,3076.87744,2674.125
0.0,3076.87085,2674.25
0.0,3076.8645,2674.375
0.0,3076.85864,2674.5
0.0,3076.85352,2674.625
0.0,3076.84814,2674.75
0.0,3076.84326,2674.875
0.0,3076.8374,2675.0
0.0,3076.83179,2675.125
0.0,3076.82544,2675.25
0.0,3076.81885,2675.375
0.0,3076.8125,2675.5
0.0,3076.80664,2675.625
0.0,3076.80127,2675.75
0.0,3076.79565,2675.875
0.0,3076.79028,2676.0
0.0,3076.78442,2676.125
0.0,3076.77783,2676.25
0.0,3076.771,2676.375
0.0,3076.7644,2676.5
0.0,3076.7583,2676.625
0.0,3076.75244,2676.75
0.0,3076.74707,2676.875
0.0,3076.7417,2677.0
0.0,3076.73633,2677.125
0.0,3076.73047,2677.25
0.0,3076.72412,2677.375
0.0,3076.71777,2677.5
0.0,3076.71118,2677.625
0.0,3076.70459,2677.75
0.0,3076.69824,2677.875
0.0,3076.69214,2678.0
0.0,3076.68677,2678.125
0.0,3076.68262,2678.25
0.0,3076.6792,2678.375
0.0,3076.67749,2678.5
0.0,3076.67676,2678.625
0.0,3076.67627,2678.75
0.0,3076.67529,2678.875
0.0,3076.67334,2679.0
0.0,3076.67041,2679.125
0.0,3076.66699,2679.25
0.0,3076.66406,2679.375
0.0,3076.66162,2679.5
0.0,3076.66064,2679.625
0.0,3076.66016,2679.75
0.0,3076.6604,2679.875
0.0,3076.66089,2680.0
0.0,3076.66113,2680.125
0.0,3076.66064,2680.25
0.0,3076.65967,2680.375
0.0,3076.65723,2680.5
0.0,3076.65356,2680.625
0.0,3076.64893,2680.75
0.0,3076.64307,2680.875
0.0,3076.63672,2681.0
0.0,3076.63037,2681.125
0.0,3076.62402,2681.25
0.0,3076.61768,2681.375
0.0,3076.61182,2681.5
0.0,3076.60596,2681.625
0.0,3076.6001,2681.75
0.0,3076.59375,2681.875
0.0,3076.58691,2682.0
0.0,3076.57983,2682.125
0.0,3076.57178,2682.25
0.0,3076.56445,2682.375
0.0,3076.55713,2682.5
0.0,3076.55005,2682.625
0.0,3076.54297,2682.75
0.0,3076.53589,2682.875
0.0,3076.52856,2683.0
0.0,3076.52124,2683.125
0.0,3076.51416,2683.25
0.0,3076.50757,2683.375
0.0,3076.50146,2683.5
0.0,3076.49512,2683.625
0.0,3076.48877,2683.75
0.0,3076.48267,2683.875
0.0,3076.47607,2684.0
0.0,3076.46899,2684.125
0.0,3076.46167,2684.25
0.0,3076.45435,2684.375
0.0,3076.44678,2684.5
0.0,3076.43945,2684.625
0.0,3076.43262,2684.75
0.0,3076.42578,2684.875
0.0,3076.41895,2685.0
0.0,3076.41211,2685.125
0.0,3076.40576,2685.25
0.0,3076.39941,2685.375
0.0,3076.39355,2685.5
0.0,3076.3877,2685.625
0.0,3076.38135,2685.75
0.0,3076.37427,2685.875
0.0,3076.3667,2686.0
0.0,3076.35938,2686.125
0.0,3076.35229,2686.25
0.0,3076.3457,2686.375
0.0,3076.33936,2686.5
0.0,3076.33203,2686.625
0.0,3076.3252,2686.75
0.0,3076.31836,2686.875
0.0,3076.31201,2687.0
0.0,3076.30591,2687.125
0.0,3076.30029,2687.25
0.0,3076.29443,2687.375
0.0,3076.28809,2687.5
0.0,3076.28149,2687.625
0.0,3076.27393,2687.75
0.0,3076.2666,2687.875
0.0,3076.25952,2688.0
0.0,3076.25244,2688.125
0.0,3076.24585,2688.25
0.0,3076.23926,2688.375
0.0,3076.23291,2688.5
0.0,3076.22607,2688.625
0.0,3076.21924,2688.75
0.0,3076.2124,2688.875
0.0,3076.20557,2689.0
0.0,3076.19922,2689.125
0.0,3076.19263,2689.25
0.0,3076.18628,2689.375
0.0,3076.17969,2689.5
0.0,3076.17285,2689.625
0.0,3076.16577,2689.75
0.0,3076.15869,2689.875
0.0,3076.15186,2690.0
0.0,3076.14502,2690.125
0.0,3076.13843,2690.25
0.0,3076.13232,2690.375
0.0,3076.12598,2690.5
0.0,3076.11963,2690.625
0.0,3076.11328,2690.75
0.0,3076.10742,2690.875
0.0,3076.10107,2691.0
0.0,3076.09497,2691.125
0.0,3076.08838,2691.25
0.0,3076.08203,2691.375
0.0,3076.0752,2691.5
0.0,3076.06885,2691.625
0.0,3076.06201,2691.75
0.0,3076.05591,2691.875
0.0,3076.0498,2692.0
0.0,3076.0437,2692.125
0.0,3076.03784,2692.25
0.0,3076.03174,2692.375
0.0,3076.02539,2692.5
0.0,3076.01904,2692.625
0.0,3076.01172,2692.75
0.0,3076.00488,2692.875
0.0,3075.99805,2693.0
0.0,3075.99194,2693.125
0.0,3075.9856,2693.25
0.0,3075.97949,2693.375
0.0,3075.97314,2693.5
0.0,3075.9668,2693.625
0.0,3075.96045,2693.75
0.0,3075.95361,2693.875
0.0,3075.94727,2694.0
0.0,3075.94116,2694.125
0.0,3075.9353,2694.25
0.0,3075.92969,2694.375
0.0,3075.92383,2694.5
0.0,3075.91724,2694.625
0.0,3075.91064,2694.75
0.0,3075.9043,2694.875
0.0,3075.89844,2695.0
0.0,3075.89209,2695.125
0.0,3075.88574,2695.25
0.0,3075.87939,2695.375
0.0,3075.87256,2695.5
0.0,3075.86572,2695.625
0.0,3075.85938,2695.75
0.0,3075.85352,2695.875
0.0,3075.84814,2696.0
0.0,3075.84253,2696.125
0.0,3075.83691,2696.25
0.0,3075.83057,2696.375
0.0,3075.82373,2696.5
0.0,3075.81689,2696.625
0.0,3075.81055,2696.75
0.0,3075.8042,2696.875
0.0,3075.79834,2697.0
0.0,3075.79224,2697.125
0.0,3075.78613,2697.25
0.0,3075.78003,2697.375
0.0,3075.77417,2697.5
0.0,3075.76807,2697.625
0.0,3075.76221,2697.75
0.0,3075.75635,2697.875
0.0,3075.75024,2698.0
0.0,3075.74365,2698.125
0.0,3075.7373,2698.25
0.0,3075.73047,2698.375
0.0,3075.72412,2698.5
0.0,3075.71802,2698.625
0.0,3075.71191,2698.75
0.0,3075.70557,2698.875
0.0,3075.69971,2699.0
0.0,3075.69385,2699.125
0.0,3075.68799,2699.25
0.0,3075.68188,2699.375
0.0,3075.67578,2699.5
0.0,3075.66943,2699.625
0.0,3075.66309,2699.75
0.0,3075.65649,2699.875
0.0,3075.6499,2700.0
0.0,3075.64404,2700.125
0.0,3075.63818,2700.25
0.0,3075.63184,2700.375
0.0,3075.62598,2700.5
0.0,3075.62012,2700.625
0.0,3075.61426,2700.75
0.0,3075.6084,2700.875
0.0,3075.60254,2701.0
0.0,3075.59644,2701.125
0.0,3075.59033,2701.25
0.0,3075.58398,2701.375
0.0,3075.57837,2701.5
0.0,3075.57275,2701.625
0.0,3075.56738,2701.75
0.0,3075.56152,2701.875
0.0,3075.55566,2702.0
0.0,3075.54932,2702.125
0.0,3075.54321,2702.25
0.0,3075.53711,2702.375
0.0,3075.53125,2702.5
0.0,3075.52539,2702.625
0.0,3075.51929,2702.75
0.0,3075.51318,2702.875
0.0,3075.50732,2703.0
0.0,3075.50098,2703.125
0.0,3075.49463,2703.25
0.0,3075.48828,2703.375
0.0,3075.48193,2703.5
0.0,3075.47583,2703.625
0.0,3075.47021,2703.75
0.0,3075.46484,2703.875
0.0,3075.45898,2704.0
0.0,3075.45312,2704.125
0.0,3075.44678,2704.25
0.0,3075.44043,2704.375
0.0,3075.43408,2704.5
0.0,3075.42798,2704.625
0.0,3075.42212,2704.75
0.0,3075.4165,2704.875
0.0,3075.41113,2705.0
0.0,3075.40576,2705.125
0.0,3075.40039,2705.25
0.0,3075.39453,2705.375
0.0,3075.38818,2705.5
0.0,3075.38232,2705.625
0.0,3075.37646,2705.75
0.0,3075.37036,2705.875
0.0,3075.36426,2706.0
0.0,3075.3584,2706.125
0.0,3075.35205,2706.25
0.0,3075.34619,2706.375
0.0,3075.34033,2706.5
0.0,3075.33496,2706.625
0.0,3075.32959,2706.75
0.0,3075.32422,2706.875
0.0,3075.31885,2707.0
0.0,3075.31299,2707.125
0.0,3075.30664,2707.25
0.0,3075.30029,2707.375
0.0,3075.2937,2707.5
0.0,3075.28711,2707.625
0.0,3075.28076,2707.75
0.0,3075.27441,2707.875
0.0,3075.26807,2708.0
0.0,3075.26123,2708.125
0.0,3075.25439,2708.25
0.0,3075.24805,2708.375
0.0,3075.24219,2708.5
0.0,3075.23706,2708.625
0.0,3075.23193,2708.75
0.0,3075.22656,2708.875
0.0,3075.22119,2709.0
0.0,3075.21533,2709.125
0.0,3075.20898,2709.25
0.0,3075.20312,2709.375
0.0,3075.19727,2709.5
0.0,3075.19141,2709.625
0.0,3075.18506,2709.75
0.0,3075.1792,2709.875
0.0,3075.17285,2710.0
0.0,3075.16699,2710.125
0.0,3075.16089,2710.25
0.0,3075.15527,2710.375
0.0,3075.14941,2710.5
0.0,3075.14355,2710.625
0.0,3075.1377,2710.75
0.0,3075.13184,2710.875
0.0,3075.12622,2711.0
0.0,3075.12061,2711.125
0.0,3075.11523,2711.25
0.0,3075.10938,2711.375
0.0,3075.10352,2711.5
0.0,3075.09766,2711.625
0.0,3075.0918,2711.75
0.0,3075.08569,2711.875
0.0,3075.08008,2712.0
0.0,3075.07397,2712.125
0.0,3075.06836,2712.25
0.0,3075.0625,2712.375
0.0,3075.05664,2712.5
0.0,3075.05078,2712.625
0.0,3075.04468,2712.75
0.0,3075.03857,2712.875
0.0,3075.03223,2713.0
0.0,3075.02637,2713.125
0.0,3075.02051,2713.25
0.0,3075.01562,2713.375
0.0,3075.01074,2713.5
0.0,3075.00513,2713.625
0.0,3074.99902,2713.75
0.0,3074.99268,2713.875
0.0,3074.98633,2714.0
0.0,3074.98047,2714.125
0.0,3074.97485,2714.25
0.0,3074.96875,2714.375
0.0,3074.96289,2714.5
0.0,3074.95654,2714.625
0.0,3074.95068,2714.75
0.0,3074.94482,2714.875
0.0,3074.93896,2715.0
0.0,3074.93359,2715.125
0.0,3074.92773,2715.25
0.0,3074.92188,2715.375
0.0,3074.91602,2715.5
0.0,3074.91016,2715.625
0.0,3074.9043,2715.75
0.0,3074.89844,2715.875
0.0,3074.89258,2716.0
0.0,3074.88672,2716.125
0.0,3074.88086,2716.25
0.0,3074.87524,2716.375
0.0,3074.86963,2716.5
0.0,3074.86426,2716.625
0.0,3074.85864,2716.75
0.0,3074.85303,2716.875
0.0,3074.84692,2717.0
0.0,3074.84082,2717.125
0.0,3074.83398,2717.25
0.0,3074.82764,2717.375
0.0,3074.82227,2717.5
0.0,3074.81689,2717.625
0.0,3074.81201,2717.75
0.0,3074.80664,2717.875
0.0,3074.80127,2718.0
0.0,3074.79541,2718.125
0.0,3074.78931,2718.25
0.0,3074.7832,2718.375
0.0,3074.77783,2718.5
0.0,3074.77197,2718.625
0.0,3074.76636,2718.75
0.0,3074.76025,2718.875
0.0,3074.75391,2719.0
0.0,3074.7478,2719.125
0.0,3074.7417,2719.25
0.0,3074.73535,2719.375
0.0,3074.72998,2719.5
0.0,3074.72461,2719.625
0.0,3074.71997,2719.75
0.0,3074.71484,2719.875
0.0,3074.70898,2720.0
0.0,3074.70312,2720.125
0.0,3074.69629,2720.25
0.0,3074.68945,2720.375
0.0,3074.68262,2720.5
0.0,3074.67651,2720.625
0.0,3074.6709,2720.75
0.0,3074.66602,2720.875
0.0,3074.66064,2721.0
0.0,3074.65552,2721.125
0.0,3074.65039,2721.25
0.0,3074.64453,2721.375
0.0,3074.63867,2721.5
0.0,3074.63208,2721.625
0.0,3074.62598,2721.75
0.0,3074.62012,2721.875
0.0,3074.61475,2722.0
0.0,3074.60962,2722.125
0.0,3074.60449,2722.25
0.0,3074.59912,2722.375
0.0,3074.59375,2722.5
0.0,3074.5874,2722.625
0.0,3074.58105,2722.75
0.0,3074.5752,2722.875
0.0,3074.56934,2723.0
0.0,3074.56396,2723.125
0.0,3074.55859,2723.25
0.0,3074.55347,2723.375
0.0,3074.54834,2723.5
0.0,3074.54248,2723.625
0.0,3074.53711,2723.75
0.0,3074.53125,2723.875
0.0,3074.52515,2724.0
0.0,3074.51904,2724.125
0.0,3074.51318,2724.25
0.0,3074.50781,2724.375
0.0,3074.50244,2724.5
0.0,3074.49707,2724.625
0.0,3074.49219,2724.75
0.0,3074.48682,2724.875
0.0,3074.48096,2725.0
0.0,3074.47534,2725.125
0.0,3074.46924,2725.25
0.0,3074.46338,2725.375
0.0,3074.45752,2725.5
0.0,3074.4519,2725.625
0.0,3074.44629,2725.75
0.0,3074.44043,2725.875
0.0,3074.43481,2726.0
0.0,3074.4292,2726.125
0.0,3074.42334,2726.25
0.0,3074.41772,2726.375
0.0,3074.41211,2726.5
0.0,3074.40625,2726.625
0.0,3074.40039,2726.75
0.0,3074.39404,2726.875
0.0,3074.38721,2727.0
0.0,3074.3811,2727.125
0.0,3074.37549,2727.25
0.0,3074.37012,2727.375
0.0,3074.36523,2727.5
0.0,3074.35986,2727.625
0.0,3074.35449,2727.75
0.0,3074.34814,2727.875
0.0,3074.34277,2728.0
0.0,3074.33691,2728.125
0.0,3074.33179,2728.25
0.0,3074.32617,2728.375
0.0,3074.3208,2728.5
0.0,3074.31494,2728.625
0.0,3074.30908,2728.75
0.0,3074.30298,2728.875
0.0,3074.29663,2729.0
0.0,3074.29053,2729.125
0.0,3074.28467,2729.25
0.0,3074.27881,2729.375
0.0,3074.27295,2729.5
0.0,3074.26758,2729.625
0.0,3074.26172,2729.75
0.0,3074.25586,2729.875
0.0,3074.24951,2730.0
0.0,3074.24316,2730.125
0.0,3074.23633,2730.25
0.0,3074.22998,2730.375
0.0,3074.22412,2730.5
0.0,3074.21826,2730.625
0.0,3074.21289,2730.75
0.0,3074.20703,2730.875
0.0,3074.20117,2731.0
0.0,3074.19482,2731.125
0.0,3074.18848,2731.25
0.0,3074.18213,2731.375
0.0,3074.17627,2731.5
0.0,3074.17041,2731.625
0.0,3074.16504,2731.75
0.0,3074.15967,2731.875
0.0,3074.15405,2732.0
0.0,3074.14819,2732.125
0.0,3074.14258,2732.25
0.0,3074.13696,2732.375
0.0,3074.13135,2732.5
0.0,3074.12598,2732.625
0.0,3074.12085,2732.75
0.0,3074.11548,2732.875
0.0,3074.10986,2733.0
0.0,3074.104,2733.125
0.0,3074.09814,2733.25
0.0,3074.09277,2733.375
0.0,3074.08691,2733.5
0.0,3074.08154,2733.625
0.0,3074.07617,2733.75
0.0,3074.07031,2733.875
0.0,3074.06445,2734.0
0.0,3074.05835,2734.125
0.0,3074.05225,2734.25
0.0,3074.04639,2734.375
0.0,3074.04053,2734.5
0.0,3074.03467,2734.625
0.0,3074.02881,2734.75
0.0,3074.02295,2734.875
0.0,3074.01709,2735.0
0.0,3074.01172,2735.125
0.0,3074.0061,2735.25
0.0,3074.00098,2735.375
0.0,3073.99536,2735.5
0.0,3073.98999,2735.625
0.0,3073.98438,2735.75
0.0,3073.97876,2735.875
0.0,3073.97314,2736.0
0.0,3073.96777,2736.125
0.0,3073.9624,2736.25
0.0,3073.95728,2736.375
0.0,3073.9519,2736.5
0.0,3073.94629,2736.625
0.0,3073.94092,2736.75
0.0,3073.93457,2736.875
0.0,3073.92871,2737.0
0.0,3073.92285,2737.125
0.0,3073.91699,2737.25
0.0,3073.91162,2737.375
0.0,3073.90601,2737.5
0.0,3073.90039,2737.625
0.0,3073.89453,2737.75
0.0,3073.88818,2737.875
0.0,3073.88232,2738.0
0.0,3073.87646,2738.125
0.0,3073.87134,2738.25
0.0,3073.86646,2738.375
0.0,3073.86182,2738.5
0.0,3073.85645,2738.625
0.0,3073.85132,2738.75
0.0,3073.8457,2738.875
0.0,3073.84009,2739.0
0.0,3073.83447,2739.125
0.0,3073.8291,2739.25
0.0,3073.82349,2739.375
0.0,3073.81787,2739.5
0.0,3073.81201,2739.625
0.0,3073.80615,2739.75
0.0,3073.80029,2739.875
0.0,3073.79443,2740.0
0.0,3073.78906,2740.125
0.0,3073.78369,2740.25
0.0,3073.77881,2740.375
0.0,3073.77344,2740.5
0.0,3073.76782,2740.625
0.0,3073.76245,2740.75
0.0,3073.75708,2740.875
0.0,3073.75171,2741.0
0.0,3073.74634,2741.125
0.0,3073.74072,2741.25
0.0,3073.73462,2741.375
0.0,3073.72852,2741.5
0.0,3073.72266,2741.625
0.0,3073.7168,2741.75
0.0,3073.71143,2741.875
0.0,3073.70605,2742.0
0.0,3073.70044,2742.125
0.0,3073.69482,2742.25
0.0,3073.68896,2742.375
0.0,3073.68311,2742.5
0.0,3073.67725,2742.625
0.0,3073.67188,2742.75
0.0,3073.6665,2742.875
0.0,3073.66162,2743.0
0.0,3073.65674,2743.125
0.0,3073.65088,2743.25
0.0,3073.64502,2743.375
0.0,3073.63916,2743.5
0.0,3073.63257,2743.625
0.0,3073.62598,2743.75
0.0,3073.62012,2743.875
0.0,3073.6145,2744.0
0.0,3073.60913,2744.125
0.0,3073.60425,2744.25
0.0,3073.59912,2744.375
0.0,3073.59399,2744.5
0.0,3073.58838,2744.625
0.0,3073.58228,2744.75
0.0,3073.57568,2744.875
0.0,3073.56934,2745.0
0.0,3073.56348,2745.125
0.0,3073.55762,2745.25
0.0,3073.552,2745.375
0.0,3073.54663,2745.5
0.0,3073.54126,2745.625
0.0,3073.53564,2745.75
0.0,3073.53052,2745.875
0.0,3073.52539,2746.0
0.0,3073.52002,2746.125
0.0,3073.51465,2746.25
0.0,3073.50879,2746.375
0.0,3073.50293,2746.5
0.0,3073.49707,2746.625
0.0,3073.49121,2746.75
0.0,3073.4856,2746.875
0.0,3073.47998,2747.0
0.0,3073.47412,2747.125
0.0,3073.46826,2747.25
0.0,3073.46265,2747.375
0.0,3073.45703,2747.5
0.0,3073.45117,2747.625
0.0,3073.4458,2747.75
0.0,3073.44019,2747.875
0.0,3073.43457,2748.0
0.0,3073.42944,2748.125
0.0,3073.42432,2748.25
0.0,3073.41895,2748.375
0.0,3073.41357,2748.5
0.0,3073.40771,2748.625
0.0,3073.40186,2748.75
0.0,3073.39575,2748.875
0.0,3073.38965,2749.0
0.0,3073.3833,2749.125
0.0,3073.37695,2749.25
0.0,3073.37036,2749.375
0.0,3073.36377,2749.5
0.0,3073.35742,2749.625
0.0,3073.35205,2749.75
0.0,3073.34717,2749.875
0.0,3073.34229,2750.0
0.0,3073.33789,2750.125
0.0,3073.33301,2750.25
0.0,3073.32812,2750.375
0.0,3073.32373,2750.5
0.0,3073.31885,2750.625
0.0,3073.31396,2750.75
0.0,3073.30908,2750.875
0.0,3073.30322,2751.0
0.0,3073.2981,2751.125
0.0,3073.29297,2751.25
0.0,3073.28735,2751.375
0.0,3073.28198,2751.5
0.0,3073.27661,2751.625
0.0,3073.27148,2751.75
0.0,3073.26611,2751.875
0.0,3073.26025,2752.0
0.0,3073.25439,2752.125
0.0,3073.24805,2752.25
0.0,3073.2417,2752.375
0.0,3073.23584,2752.5
0.0,3073.23047,2752.625
0.0,3073.22583,2752.75
0.0,3073.22119,2752.875
0.0,3073.21631,2753.0
0.0,3073.21094,2753.125
0.0,3073.20508,2753.25
0.0,3073.19897,2753.375
0.0,3073.19238,2753.5
0.0,3073.18604,2753.625
0.0,3073.18018,2753.75
0.0,3073.17456,2753.875
0.0,3073.16943,2754.0
0.0,3073.16431,2754.125
0.0,3073.15942,2754.25
0.0,3073.15405,2754.375
0.0,3073.14868,2754.5
0.0,3073.14307,2754.625
0.0,3073.13672,2754.75
0.0,3073.13037,2754.875
0.0,3073.12402,2755.0
0.0,3073.11792,2755.125
0.0,3073.11182,2755.25
0.0,3073.10547,2755.375
0.0,3073.09888,2755.5
0.0,3073.09229,2755.625
0.0,3073.08569,2755.75
0.0,3073.07959,2755.875
0.0,3073.07373,2756.0
0.0,3073.06787,2756.125
0.0,3073.06201,2756.25
0.0,3073.05664,2756.375
0.0,3073.05103,2756.5
0.0,3073.04517,2756.625
0.0,3073.03906,2756.75
0.0,3073.0332,2756.875
0.0,3073.0271,2757.0
0.0,3073.02148,2757.125
0.0,3073.01587,2757.25
0.0,3073.01025,2757.375
0.0,3073.00513,2757.5
0.0,3072.99951,2757.625
0.0,3072.99365,2757.75
0.0,3072.98853,2757.875
0.0,3072.98291,2758.0
0.0,3072.97705,2758.125
0.0,3072.97119,2758.25
0.0,3072.96533,2758.375
0.0,3072.95996,2758.5
0.0,3072.95435,2758.625
0.0,3072.94873,2758.75
0.0,3072.94336,2758.875
0.0,3072.93799,2759.0
0.0,3072.93262,2759.125
0.0,3072.92725,2759.25
0.0,3072.92212,2759.375
0.0,3072.91699,2759.5
0.0,3072.91138,2759.625
0.0,3072.90576,2759.75
0.0,3072.8999,2759.875
0.0,3072.89355,2760.0
0.0,3072.88794,2760.125
0.0,3072.88184,2760.25
0.0,3072.87671,2760.375
0.0,3072.87134,2760.5
0.0,3072.86597,2760.625
0.0,3072.86035,2760.75
0.0,3072.85498,2760.875
0.0,3072.84937,2761.0
0.0,3072.84375,2761.125
0.0,3072.83789,2761.25
0.0,3072.83252,2761.375
0.0,3072.82715,2761.5
0.0,3072.82153,2761.625
0.0,3072.81616,2761.75
0.0,3072.81055,2761.875
0.0,3072.80469,2762.0
0.0,3072.79907,2762.125
0.0,3072.79346,2762.25
0.0,3072.78809,2762.375
0.0,3072.78247,2762.5
0.0,3072.77686,2762.625
0.0,3072.771,2762.75
0.0,3072.76514,2762.875
0.0,3072.75928,2763.0
0.0,3072.75391,2763.125
0.0,3072.74878,2763.25
0.0,3072.74365,2763.375
0.0,3072.73853,2763.5
0.0,3072.73291,2763.625
0.0,3072.72681,2763.75
0.0,3072.7207,2763.875
0.0,3072.71484,2764.0
0.0,3072.70898,2764.125
0.0,3072.70361,2764.25
0.0,3072.698,2764.375
0.0,3072.69287,2764.5
0.0,3072.68726,2764.625
0.0,3072.68164,2764.75
0.0,3072.67578,2764.875
0.0,3072.66992,2765.0
0.0,3072.66406,2765.125
0.0,3072.6582,2765.25
0.0,3072.65234,2765.375
0.0,3072.64697,2765.5
0.0,3072.64111,2765.625
0.0,3072.63574,2765.75
0.0,3072.62988,2765.875
0.0,3072.62451,2766.0
0.0,3072.61816,2766.125
0.0,3072.6123,2766.25
0.0,3072.60645,2766.375
0.0,3072.60059,2766.5
0.0,3072.59473,2766.625
0.0,3072.58936,2766.75
0.0,3072.58398,2766.875
0.0,3072.57861,2767.0
0.0,3072.57373,2767.125
0.0,3072.56812,2767.25
0.0,3072.56299,2767.375
0.0,3072.55811,2767.5
0.0,3072.55273,2767.625
0.0,3072.54736,2767.75
0.0,3072.5415,2767.875
0.0,3072.5354,2768.0
0.0,3072.5293,2768.125
0.0,3072.52319,2768.25
0.0,3072.51733,2768.375
0.0,3072.51147,2768.5
0.0,3072.50586,2768.625
0.0,3072.5,2768.75
0.0,3072.49414,2768.875
0.0,3072.48877,2769.0
0.0,3072.4834,2769.125
0.0,3072.47852,2769.25
0.0,3072.47363,2769.375
0.0,3072.46826,2769.5
0.0,3072.46265,2769.625
0.0,3072.45654,2769.75
0.0,3072.45068,2769.875
0.0,3072.44531,2770.0
0.0,3072.44019,2770.125
0.0,3072.43555,2770.25
0.0,3072.43018,2770.375
0.0,3072.4248,2770.5
0.0,3072.41895,2770.625
0.0,3072.41309,2770.75
0.0,3072.40723,2770.875
0.0,3072.40186,2771.0
0.0,3072.39648,2771.125
0.0,3072.39136,2771.25
0.0,3072.38599,2771.375
0.0,3072.38037,2771.5
0.0,3072.37476,2771.625
0.0,3072.36938,2771.75
0.0,3072.36426,2771.875
0.0,3072.35913,2772.0
0.0,3072.354,2772.125
0.0,3072.34863,2772.25
0.0,3072.34326,2772.375
0.0,3072.33765,2772.5
0.0,3072.33203,2772.625
0.0,3072.3269,2772.75
0.0,3072.32178,2772.875
0.0,3072.31738,2773.0
0.0,3072.31274,2773.125
0.0,3072.30762,2773.25
0.0,3072.30273,2773.375
0.0,3072.29736,2773.5
0.0,3072.29199,2773.625
0.0,3072.28711,2773.75
0.0,3072.28223,2773.875
0.0,3072.2771,2774.0
0.0,3072.27197,2774.125
0.0,3072.26611,2774.25
0.0,3072.26074,2774.375
0.0,3072.25488,2774.5
0.0,3072.25,2774.625
0.0,3072.24414,2774.75
0.0,3072.23877,2774.875
0.0,3072.23389,2775.0
0.0,3072.22852,2775.125
0.0,3072.2229,2775.25
0.0,3072.21729,2775.375
0.0,3072.21118,2775.5
0.0,3072.20508,2775.625
0.0,3072.19922,2775.75
0.0,3072.19312,2775.875
0.0,3072.1875,2776.0
0.0,3072.18188,2776.125
0.0,3072.17627,2776.25
0.0,3072.17065,2776.375
0.0,3072.16504,2776.5
0.0,3072.15942,2776.625
0.0,3072.15381,2776.75
0.0,3072.14795,2776.875
0.0,3072.14233,2777.0
0.0,3072.13647,2777.125
0.0,3072.13037,2777.25
0.0,3072.125,2777.375
0.0,3072.12012,2777.5
0.0,3072.11523,2777.625
0.0,3072.10986,2777.75
0.0,3072.104,2777.875
0.0,3072.09766,2778.0
0.0,3072.09131,2778.125
0.0,3072.08545,2778.25
0.0,3072.08008,2778.375
0.0,3072.0752,2778.5
0.0,3072.07031,2778.625
0.0,3072.06494,2778.75
0.0,3072.05908,2778.875
0.0,3072.05249,2779.0
0.0,3072.0459,2779.125
0.0,3072.03906,2779.25
0.0,3072.03271,2779.375
0.0,3072.02734,2779.5
0.0,3072.02197,2779.625
0.0,3072.01709,2779.75
0.0,3072.01221,2779.875
0.0,3072.00659,2780.0
0.0,3072.00098,2780.125
0.0,3071.99463,2780.25
0.0,3071.98828,2780.375
0.0,3071.98193,2780.5
0.0,3071.97632,2780.625
0.0,3071.97119,2780.75
0.0,3071.96606,2780.875
0.0,3071.96118,2781.0
0.0,3071.95581,2781.125
0.0,3071.9502,2781.25
0.0,3071.94409,2781.375
0.0,3071.9375,2781.5
0.0,3071.9314,2781.625
0.0,3071.92578,2781.75
0.0,3071.9209,2781.875
0.0,3071.91577,2782.0
0.0,3071.91064,2782.125
0.0,3071.90527,2782.25
0.0,3071.8999,2782.375
0.0,3071.8938,2782.5
0.0,3071.8877,2782.625
0.0,3071.88184,2782.75
0.0,3071.87622,2782.875
0.0,3071.87061,2783.0
0.0,3071.86499,2783.125
0.0,3071.85962,2783.25
0.0,3071.854,2783.375
0.0,3071.84888,2783.5
0.0,3071.84399,2783.625
0.0,3071.83887,2783.75
0.0,3071.8335,2783.875
0.0,3071.82764,2784.0
0.0,3071.82178,2784.125
0.0,3071.81543,2784.25
0.0,3071.81006,2784.375
0.0,3071.8042,2784.5
0.0,3071.79883,2784.625
0.0,3071.79346,2784.75
0.0,3071.78857,2784.875
0.0,3071.7832,2785.0
0.0,3071.77832,2785.125
0.0,3071.77295,2785.25
0.0,3071.76709,2785.375
0.0,3071.76123,2785.5
0.0,3071.75537,2785.625
0.0,3071.74951,2785.75
0.0,3071.7439,2785.875
0.0,3071.73828,2786.0
0.0,3071.7334,2786.125
0.0,3071.72852,2786.25
0.0,3071.72363,2786.375
0.0,3071.71826,2786.5
0.0,3071.71313,2786.625
0.0,3071.70752,2786.75
0.0,3071.70166,2786.875
0.0,3071.6958,2787.0
0.0,3071.69043,2787.125
0.0,3071.68481,2787.25
0.0,3071.67944,2787.375
0.0,3071.67407,2787.5
0.0,3071.66895,2787.625
0.0,3071.66357,2787.75
0.0,3071.6582,2787.875
0.0,3071.65283,2788.0
0.0,3071.64771,2788.125
0.0,3071.64233,2788.25
0.0,3071.63721,2788.375
0.0,3071.63135,2788.5
0.0,3071.62598,2788.625
0.0,3071.62012,2788.75
0.0,3071.61499,2788.875
0.0,3071.60986,2789.0
0.0,3071.60498,2789.125
0.0,3071.6001,2789.25
0.0,3071.59473,2789.375
0.0,3071.58984,2789.5
0.0,3071.58447,2789.625
0.0,3071.57959,2789.75
0.0,3071.57495,2789.875
0.0,3071.57031,2790.0
0.0,3071.56519,2790.125
0.0,3071.56006,2790.25
0.0,3071.55493,2790.375
0.0,3071.55029,2790.5
0.0,3071.54639,2790.625
0.0,3071.54321,2790.75
0.0,3071.54053,2790.875
0.0,3071.53809,2791.0
0.0,3071.53613,2791.125
0.0,3071.53467,2791.25
0.0,3071.53418,2791.375
0.0,3071.53467,2791.5
0.0,3071.53613,2791.625
0.0,3071.53809,2791.75
0.0,3071.54004,2791.875
0.0,3071.5415,2792.0
0.0,3071.54199,2792.125
0.0,3071.54102,2792.25
0.0,3071.53857,2792.375
0.0,3071.53564,2792.5
0.0,3071.53149,2792.625
0.0,3071.52686,2792.75
0.0,3071.52148,2792.875
0.0,3071.51636,2793.0
0.0,3071.5105,2793.125
0.0,3071.50488,2793.25
0.0,3071.49902,2793.375
0.0,3071.49316,2793.5
0.0,3071.48755,2793.625
0.0,3071.48145,2793.75
0.0,3071.47559,2793.875
0.0,3071.46948,2794.0
0.0,3071.46338,2794.125
0.0,3071.45752,2794.25
0.0,3071.45117,2794.375
0.0,3071.44482,2794.5
0.0,3071.43896,2794.625
0.0,3071.43286,2794.75
0.0,3071.42676,2794.875
0.0,3071.42041,2795.0
0.0,3071.41431,2795.125
0.0,3071.40796,2795.25
0.0,3071.40137,2795.375
0.0,3071.39502,2795.5
0.0,3071.38892,2795.625
0.0,3071.38281,2795.75
0.0,3071.3772,2795.875
0.0,3071.37109,2796.0
0.0,3071.36475,2796.125
0.0,3071.35791,2796.25
0.0,3071.35156,2796.375
0.0,3071.34497,2796.5
0.0,3071.33838,2796.625
0.0,3071.33228,2796.75
0.0,3071.32617,2796.875
0.0,3071.32031,2797.0
0.0,3071.31445,2797.125
0.0,3071.30884,2797.25
0.0,3071.30322,2797.375
0.0,3071.29688,2797.5
0.0,3071.29102,2797.625
0.0,3071.28418,2797.75
0.0,3071.27808,2797.875
0.0,3071.27197,2798.0
0.0,3071.26611,2798.125
0.0,3071.26025,2798.25
0.0,3071.25391,2798.375
0.0,3071.24756,2798.5
0.0,3071.24121,2798.625
0.0,3071.23511,2798.75
0.0,3071.229,2798.875
0.0,3071.2229,2799.0
0.0,3071.21655,2799.125
0.0,3071.21045,2799.25
0.0,3071.20459,2799.375
0.0,3071.19922,2799.5
0.0,3071.19336,2799.625
0.0,3071.18726,2799.75
0.0,3071.18115,2799.875
0.0,3071.1748,2800.0
0.0,3071.1687,2800.125
0.0,3071.1626,2800.25
0.0,3071.15698,2800.375
0.0,3071.15137,2800.5
0.0,3071.14502,2800.625
0.0,3071.13867,2800.75
0.0,3071.13232,2800.875
0.0,3071.12646,2801.0
0.0,3071.12061,2801.125
0.0,3071.11475,2801.25
0.0,3071.10889,2801.375
0.0,3071.10254,2801.5
0.0,3071.09619,2801.625
0.0,3071.08984,2801.75
0.0,3071.08398,2801.875
0.0,3071.07812,2802.0
0.0,3071.07202,2802.125
0.0,3071.06543,2802.25
0.0,3071.05933,2802.375
0.0,3071.05347,2802.5
0.0,3071.0481,2802.625
0.0,3071.04248,2802.75
0.0,3071.03662,2802.875
0.0,3071.03027,2803.0
0.0,3071.02393,2803.125
0.0,3071.01733,2803.25
0.0,3071.01074,2803.375
0.0,3071.00464,2803.5
0.0,3070.99854,2803.625
0.0,3070.99292,2803.75
0.0,3070.9873,2803.875
0.0,3070.98145,2804.0
0.0,3070.9751,2804.125
0.0,3070.96875,2804.25
0.0,3070.9624,2804.375
0.0,3070.9563,2804.5
0.0,3070.95068,2804.625
0.0,3070.94507,2804.75
0.0,3070.9397,2804.875
0.0,3070.93408,2805.0
0.0,3070.92822,2805.125
0.0,3070.92236,2805.25
0.0,3070.91602,2805.375
0.0,3070.91016,2805.5
0.0,3070.9043,2805.625
0.0,3070.89795,2805.75
0.0,3070.89209,2805.875
0.0,3070.88623,2806.0
0.0,3070.88037,2806.125
0.0,3070.875,2806.25
0.0,3070.86914,2806.375
0.0,3070.86377,2806.5
0.0,3070.8584,2806.625
0.0,3070.85303,2806.75
0.0,3070.8479,2806.875
0.0,3070.84229,2807.0
0.0,3070.83667,2807.125
0.0,3070.83105,2807.25
0.0,3070.8252,2807.375
0.0,3070.81982,2807.5
0.0,3070.81396,2807.625
0.0,3070.80811,2807.75
0.0,3070.80225,2807.875
0.0,3070.79541,2808.0
0.0,3070.78906,2808.125
0.0,3070.78223,2808.25
0.0,3070.77637,2808.375
0.0,3070.771,2808.5
0.0,3070.76562,2808.625
0.0,3070.76074,2808.75
0.0,3070.75562,2808.875
0.0,3070.75024,2809.0
0.0,3070.74463,2809.125
0.0,3070.73877,2809.25
0.0,3070.73267,2809.375
0.0,3070.72705,2809.5
0.0,3070.72119,2809.625
0.0,3070.71533,2809.75
0.0,3070.70996,2809.875
0.0,3070.70435,2810.0
0.0,3070.69873,2810.125
0.0,3070.69287,2810.25
0.0,3070.68701,2810.375
0.0,3070.68091,2810.5
0.0,3070.6748,2810.625
0.0,3070.66895,2810.75
0.0,3070.66309,2810.875
0.0,3070.65771,2811.0
0.0,3070.65186,2811.125
0.0,3070.64624,2811.25
0.0,3070.64062,2811.375
0.0,3070.63477,2811.5
0.0,3070.62891,2811.625
0.0,3070.62305,2811.75
0.0,3070.61719,2811.875
0.0,3070.61182,2812.0
0.0,3070.60669,2812.125
0.0,3070.60181,2812.25
0.0,3070.59668,2812.375
0.0,3070.59131,2812.5
0.0,3070.58496,2812.625
0.0,3070.57861,2812.75
0.0,3070.57227,2812.875
0.0,3070.56616,2813.0
0.0,3070.56055,2813.125
0.0,3070.55518,2813.25
0.0,3070.5498,2813.375
0.0,3070.54492,2813.5
0.0,3070.53955,2813.625
0.0,3070.53369,2813.75
0.0,3070.52783,2813.875
0.0,3070.52197,2814.0
0.0,3070.51611,2814.125
0.0,3070.51099,2814.25
0.0,3070.5061,2814.375
0.0,3070.50146,2814.5
0.0,3070.49707,2814.625
0.0,3070.49194,2814.75
0.0,3070.48633,2814.875
0.0,3070.48071,2815.0
0.0,3070.4751,2815.125
0.0,3070.46973,2815.25
0.0,3070.46436,2815.375
0.0,3070.45898,2815.5
0.0,3070.4541,2815.625
0.0,3070.44873,2815.75
0.0,3070.44287,2815.875
0.0,3070.43677,2816.0
0.0,3070.43115,2816.125
0.0,3070.42505,2816.25
0.0,3070.41919,2816.375
0.0,3070.41357,2816.5
0.0,3070.40845,2816.625
0.0,3070.40283,2816.75
0.0,3070.39746,2816.875
0.0,3070.39136,2817.0
0.0,3070.38574,2817.125
0.0,3070.37988,2817.25
0.0,3070.37402,2817.375
0.0,3070.36816,2817.5
0.0,3070.3623,2817.625
0.0,3070.35645,2817.75
0.0,3070.35059,2817.875
0.0,3070.34521,2818.0
0.0,3070.33984,2818.125
0.0,3070.33447,2818.25
0.0,3070.32886,2818.375
0.0,3070.323,2818.5
0.0,3070.31714,2818.625
0.0,3070.31104,2818.75
0.0,3070.30518,2818.875
0.0,3070.29932,2819.0
0.0,3070.2937,2819.125
0.0,3070.28784,2819.25
0.0,3070.28247,2819.375
0.0,3070.27637,2819.5
0.0,3070.27051,2819.625
0.0,3070.26514,2819.75
0.0,3070.25977,2819.875
0.0,3070.25439,2820.0
0.0,3070.24927,2820.125
0.0,3070.24365,2820.25
0.0,3070.23828,2820.375
0.0,3070.23242,2820.5
0.0,3070.22705,2820.625
0.0,3070.22119,2820.75
0.0,3070.21533,2820.875
0.0,3070.20996,2821.0
0.0,3070.2041,2821.125
0.0,3070.19873,2821.25
0.0,3070.19336,2821.375
0.0,3070.18799,2821.5
0.0,3070.18262,2821.625
0.0,3070.177,2821.75
0.0,3070.17139,2821.875
0.0,3070.16577,2822.0
0.0,3070.16016,2822.125
0.0,3070.15479,2822.25
0.0,3070.14941,2822.375
0.0,3070.14355,2822.5
0.0,3070.13818,2822.625
0.0,3070.1333,2822.75
0.0,3070.12817,2822.875
0.0,3070.12305,2823.0
0.0,3070.11768,2823.125
0.0,3070.11182,2823.25
0.0,3070.10596,2823.375
0.0,3070.1001,2823.5
0.0,3070.09424,2823.625
0.0,3070.08838,2823.75
0.0,3070.08252,2823.875
0.0,3070.0769,2824.0
0.0,3070.07153,2824.125
0.0,3070.06641,2824.25
0.0,3070.06128,2824.375
0.0,3070.05664,2824.5
0.0,3070.05127,2824.625
0.0,3070.0459,2824.75
0.0,3070.04004,2824.875
0.0,3070.03394,2825.0
0.0,3070.02832,2825.125
0.0,3070.02295,2825.25
0.0,3070.01758,2825.375
0.0,3070.01245,2825.5
0.0,3070.00732,2825.625
0.0,3070.00195,2825.75
0.0,3069.99658,2825.875
0.0,3069.99121,2826.0
0.0,3069.98584,2826.125
0.0,3069.98047,2826.25
0.0,3069.97461,2826.375
0.0,3069.96924,2826.5
0.0,3069.96387,2826.625
0.0,3069.9585,2826.75
0.0,3069.95312,2826.875
0.0,3069.94775,2827.0
0.0,3069.94238,2827.125
0.0,3069.9375,2827.25
0.0,3069.93164,2827.375
0.0,3069.92627,2827.5
0.0,3069.9209,2827.625
0.0,3069.91577,2827.75
0.0,3069.91016,2827.875
0.0,3069.90479,2828.0
0.0,3069.89941,2828.125
0.0,3069.8938,2828.25
0.0,3069.88818,2828.375
0.0,3069.88257,2828.5
0.0,3069.87671,2828.625
0.0,3069.87109,2828.75
0.0,3069.86597,2828.875
0.0,3069.8606,2829.0
0.0,3069.85522,2829.125
0.0,3069.84985,2829.25
0.0,3069.84424,2829.375
0.0,3069.83887,2829.5
0.0,3069.83325,2829.625
0.0,3069.82788,2829.75
0.0,3069.82275,2829.875
0.0,3069.81763,2830.0
0.0,3069.81201,2830.125
0.0,3069.80664,2830.25
0.0,3069.80078,2830.375
0.0,3069.79492,2830.5
0.0,3069.78955,2830.625
0.0,3069.78442,2830.75
0.0,3069.77979,2830.875
0.0,3069.7749,2831.0
0.0,3069.77002,2831.125
0.0,3069.76465,2831.25
0.0,3069.75928,2831.375
0.0,3069.75342,2831.5
0.0,3069.74756,2831.625
0.0,3069.7417,2831.75
0.0,3069.73584,2831.875
0.0,3069.72998,2832.0
0.0,3069.72461,2832.125
0.0,3069.71948,2832.25
0.0,3069.71436,2832.375
0.0,3069.7085,2832.5
0.0,3069.70166,2832.625
0.0,3069.69385,2832.75
0.0,3069.68555,2832.875
0.0,3069.67773,2833.0
0.0,3069.6709,2833.125
0.0,3069.66455,2833.25
0.0,3069.65894,2833.375
0.0,3069.65381,2833.5
0.0,3069.64893,2833.625
0.0,3069.64404,2833.75
0.0,3069.63867,2833.875
0.0,3069.6333,2834.0
0.0,3069.62744,2834.125
0.0,3069.62207,2834.25
0.0,3069.61621,2834.375
0.0,3069.61035,2834.5
0.0,3069.60474,2834.625
0.0,3069.59888,2834.75
0.0,3069.59302,2834.875
0.0,3069.58789,2835.0
0.0,3069.58252,2835.125
0.0,3069.57764,2835.25
0.0,3069.57227,2835.375
0.0,3069.56689,2835.5
0.0,3069.56128,2835.625
0.0,3069.55566,2835.75
0.0,3069.55029,2835.875
0.0,3069.54443,2836.0
0.0,3069.53857,2836.125
0.0,3069.53223,2836.25
0.0,3069.52637,2836.375
0.0,3069.52051,2836.5
0.0,3069.51562,2836.625
0.0,3069.51074,2836.75
0.0,3069.50586,2836.875
0.0,3069.50049,2837.0
0.0,3069.49438,2837.125
0.0,3069.48828,2837.25
0.0,3069.48193,2837.375
0.0,3069.47607,2837.5
0.0,3069.47021,2837.625
0.0,3069.46436,2837.75
0.0,3069.4585,2837.875
0.0,3069.45264,2838.0
0.0,3069.44678,2838.125
0.0,3069.44092,2838.25
0.0,3069.43555,2838.375
0.0,3069.43066,2838.5
0.0,3069.42578,2838.625
0.0,3069.42065,2838.75
0.0,3069.41553,2838.875
0.0,3069.40991,2839.0
0.0,3069.4043,2839.125
0.0,3069.39795,2839.25
0.0,3069.3916,2839.375
0.0,3069.38574,2839.5
0.0,3069.38013,2839.625
0.0,3069.37402,2839.75
0.0,3069.36865,2839.875
0.0,3069.36279,2840.0
0.0,3069.35669,2840.125
0.0,3069.35107,2840.25
0.0,3069.3457,2840.375
0.0,3069.34033,2840.5
0.0,3069.33496,2840.625
0.0,3069.32959,2840.75
0.0,3069.32422,2840.875
0.0,3069.31885,2841.0
0.0,3069.31274,2841.125
0.0,3069.30664,2841.25
0.0,3069.30078,2841.375
0.0,3069.29443,2841.5
0.0,3069.28931,2841.625
0.0,3069.28369,2841.75
0.0,3069.27881,2841.875
0.0,3069.27393,2842.0
0.0,3069.26904,2842.125
0.0,3069.26343,2842.25
0.0,3069.25781,2842.375
0.0,3069.25146,2842.5
0.0,3069.24561,2842.625
0.0,3069.23975,2842.75
0.0,3069.23389,2842.875
0.0,3069.22876,2843.0
0.0,3069.22363,2843.125
0.0,3069.21826,2843.25
0.0,3069.2124,2843.375
0.0,3069.20703,2843.5
0.0,3069.20117,2843.625
0.0,3069.19556,2843.75
0.0,3069.18994,2843.875
0.0,3069.18433,2844.0
0.0,3069.17896,2844.125
0.0,3069.17358,2844.25
0.0,3069.16797,2844.375
0.0,3069.1626,2844.5
0.0,3069.15723,2844.625
0.0,3069.15137,2844.75
0.0,3069.14575,2844.875
0.0,3069.14014,2845.0
0.0,3069.13477,2845.125
0.0,3069.12891,2845.25
0.0,3069.12402,2845.375
0.0,3069.11865,2845.5
0.0,3069.11328,2845.625
0.0,3069.10767,2845.75
0.0,3069.10205,2845.875
0.0,3069.09668,2846.0
0.0,3069.09155,2846.125
0.0,3069.08643,2846.25
0.0,3069.08105,2846.375
0.0,3069.07495,2846.5
0.0,3069.06885,2846.625
0.0,3069.06274,2846.75
0.0,3069.05737,2846.875
0.0,3069.05225,2847.0
0.0,3069.04736,2847.125
0.0,3069.04248,2847.25
0.0,3069.03711,2847.375
0.0,3069.03125,2847.5
0.0,3069.02588,2847.625
0.0,3069.02075,2847.75
0.0,3069.01562,2847.875
0.0,3069.01123,2848.0
0.0,3069.00635,2848.125
0.0,3069.00073,2848.25
0.0,3068.99512,2848.375
0.0,3068.98877,2848.5
0.0,3068.98291,2848.625
0.0,3068.97754,2848.75
0.0,3068.97217,2848.875
0.0,3068.9668,2849.0
0.0,3068.96143,2849.125
0.0,3068.95605,2849.25
0.0,3068.95044,2849.375
0.0,3068.94531,2849.5
0.0,3068.9397,2849.625
0.0,3068.93481,2849.75
0.0,3068.92944,2849.875
0.0,3068.9248,2850.0
0.0,3068.91968,2850.125
0.0,3068.91455,2850.25
0.0,3068.90918,2850.375
0.0,3068.90332,2850.5
0.0,3068.89746,2850.625
0.0,3068.89185,2850.75
0.0,3068.88623,2850.875
0.0,3068.88135,2851.0
0.0,3068.87695,2851.125
0.0,3068.87256,2851.25
0.0,3068.86768,2851.375
0.0,3068.8623,2851.5
0.0,3068.85693,2851.625
0.0,3068.85156,2851.75
0.0,3068.84644,2851.875
0.0,3068.8418,2852.0
0.0,3068.83643,2852.125
0.0,3068.83057,2852.25
0.0,3068.82397,2852.375
0.0,3068.81689,2852.5
0.0,3068.81055,2852.625
0.0,3068.80469,2852.75
0.0,3068.79932,2852.875
0.0,3068.79395,2853.0
0.0,3068.78906,2853.125
0.0,3068.78394,2853.25
0.0,3068.77881,2853.375
0.0,3068.77393,2853.5
0.0,3068.76904,2853.625
0.0,3068.76416,2853.75
0.0,3068.75928,2853.875
0.0,3068.75415,2854.0
0.0,3068.74951,2854.125
0.0,3068.74463,2854.25
0.0,3068.74023,2854.375
0.0,3068.73511,2854.5
0.0,3068.72998,2854.625
0.0,3068.72412,2854.75
0.0,3068.71875,2854.875
0.0,3068.71338,2855.0
0.0,3068.70752,2855.125
0.0,3068.70215,2855.25
0.0,3068.69653,2855.375
0.0,3068.69092,2855.5
0.0,3068.68555,2855.625
0.0,3068.67993,2855.75
0.0,3068.67456,2855.875
0.0,3068.66943,2856.0
0.0,3068.66431,2856.125
0.0,3068.65942,2856.25
0.0,3068.6543,2856.375
0.0,3068.64917,2856.5
0.0,3068.64355,2856.625
0.0,3068.63745,2856.75
0.0,3068.63135,2856.875
0.0,3068.62549,2857.0
0.0,3068.62012,2857.125
0.0,3068.61499,2857.25
0.0,3068.61035,2857.375
0.0,3068.60547,2857.5
0.0,3068.6001,2857.625
0.0,3068.59424,2857.75
0.0,3068.58838,2857.875
0.0,3068.58203,2858.0
0.0,3068.57617,2858.125
0.0,3068.5708,2858.25
0.0,3068.56592,2858.375
0.0,3068.56104,2858.5
0.0,3068.55566,2858.625
0.0,3068.55005,2858.75
0.0,3068.54443,2858.875
0.0,3068.53906,2859.0
0.0,3068.53418,2859.125
0.0,3068.52881,2859.25
0.0,3068.52344,2859.375
0.0,3068.51758,2859.5
0.0,3068.51221,2859.625
0.0,3068.50659,2859.75
0.0,3068.50146,2859.875
0.0,3068.49658,2860.0
0.0,3068.49146,2860.125
0.0,3068.48584,2860.25
0.0,3068.47998,2860.375
0.0,3068.47412,2860.5
0.0,3068.46826,2860.625
0.0,3068.46265,2860.75
0.0,3068.45752,2860.875
0.0,3068.45264,2861.0
0.0,3068.44727,2861.125
0.0,3068.44238,2861.25
0.0,3068.43726,2861.375
0.0,3068.43188,2861.5
0.0,3068.42676,2861.625
0.0,3068.42188,2861.75
0.0,3068.41699,2861.875
0.0,3068.41211,2862.0
0.0,3068.40674,2862.125
0.0,3068.40088,2862.25
0.0,3068.39502,2862.375
0.0,3068.38892,2862.5
0.0,3068.38306,2862.625
0.0,3068.37793,2862.75
0.0,3068.37305,2862.875
0.0,3068.36914,2863.0
0.0,3068.36475,2863.125
0.0,3068.35962,2863.25
0.0,3068.354,2863.375
0.0,3068.34717,2863.5
0.0,3068.34082,2863.625
0.0,3068.33496,2863.75
0.0,3068.32959,2863.875
0.0,3068.32495,2864.0
0.0,3068.32031,2864.125
0.0,3068.31592,2864.25
0.0,3068.31128,2864.375
0.0,3068.3064,2864.5
0.0,3068.30078,2864.625
0.0,3068.29541,2864.75
0.0,3068.29004,2864.875
0.0,3068.28467,2865.0
0.0,3068.27979,2865.125
0.0,3068.27441,2865.25
0.0,3068.26929,2865.375
0.0,3068.26367,2865.5
0.0,3068.25781,2865.625
0.0,3068.25244,2865.75
0.0,3068.24731,2865.875
0.0,3068.24268,2866.0
0.0,3068.23804,2866.125
0.0,3068.23291,2866.25
0.0,3068.22803,2866.375
0.0,3068.22266,2866.5
0.0,3068.21826,2866.625
0.0,3068.21436,2866.75
0.0,3068.21143,2866.875
0.0,3068.20996,2867.0
0.0,3068.20898,2867.125
0.0,3068.20898,2867.25
0.0,3068.20923,2867.375
0.0,3068.20947,2867.5
0.0,3068.21021,2867.625
0.0,3068.21191,2867.75
0.0,3068.21436,2867.875
0.0,3068.21826,2868.0
0.0,3068.22241,2868.125
0.0,3068.22705,2868.25
0.0,3068.23047,2868.375
0.0,3068.23291,2868.5
0.0,3068.23315,2868.625
0.0,3068.23169,2868.75
0.0,3068.22852,2868.875
0.0,3068.22363,2869.0
0.0,3068.21851,2869.125
0.0,3068.2124,2869.25
0.0,3068.2063,2869.375
0.0,3068.19995,2869.5
0.0,3068.19336,2869.625
0.0,3068.18701,2869.75
0.0,3068.18066,2869.875
0.0,3068.1748,2870.0
0.0,3068.16895,2870.125
0.0,3068.16357,2870.25
0.0,3068.15796,2870.375
0.0,3068.15283,2870.5
0.0,3068.14648,2870.625
0.0,3068.14038,2870.75
0.0,3068.1333,2870.875
0.0,3068.12646,2871.0
0.0,3068.11914,2871.125
0.0,3068.11182,2871.25
0.0,3068.10547,2871.375
0.0,3068.09937,2871.5
0.0,3068.09375,2871.625
0.0,3068.08813,2871.75
0.0,3068.08276,2871.875
0.0,3068.07715,2872.0
0.0,3068.07178,2872.125
0.0,3068.06592,2872.25
0.0,3068.05908,2872.375
0.0,3068.05273,2872.5
0.0,3068.0459,2872.625
0.0,3068.03906,2872.75
0.0,3068.03247,2872.875
0.0,3068.02637,2873.0
0.0,3068.02026,2873.125
0.0,3068.01465,2873.25
0.0,3068.00928,2873.375
0.0,3068.00342,2873.5
0.0,3067.99731,2873.625
0.0,3067.99121,2873.75
0.0,3067.98535,2873.875
0.0,3067.97925,2874.0
0.0,3067.97339,2874.125
0.0,3067.96753,2874.25
0.0,3067.96143,2874.375
0.0,3067.95557,2874.5
0.0,3067.94922,2874.625
0.0,3067.94312,2874.75
0.0,3067.93677,2874.875
0.0,3067.93018,2875.0
0.0,3067.92383,2875.125
0.0,3067.91797,2875.25
0.0,3067.9126,2875.375
0.0,3067.90771,2875.5
0.0,3067.9021,2875.625
0.0,3067.89648,2875.75
0.0,3067.89014,2875.875
0.0,3067.88428,2876.0
0.0,3067.87793,2876.125
0.0,3067.87085,2876.25
0.0,3067.86377,2876.375
0.0,3067.85645,2876.5
0.0,3067.84912,2876.625
0.0,3067.84229,2876.75
0.0,3067.83594,2876.875
0.0,3067.82983,2877.0
0.0,3067.82422,2877.125
0.0,3067.81836,2877.25
0.0,3067.81274,2877.375
0.0,3067.80713,2877.5
0.0,3067.80176,2877.625
0.0,3067.79639,2877.75
0.0,3067.79102,2877.875
0.0,3067.78564,2878.0
0.0,3067.78027,2878.125
0.0,3067.77441,2878.25
0.0,3067.76807,2878.375
0.0,3067.76172,2878.5
0.0,3067.75488,2878.625
0.0,3067.74805,2878.75
0.0,3067.7417,2878.875
0.0,3067.73584,2879.0
0.0,3067.73071,2879.125
0.0,3067.72559,2879.25
0.0,3067.72021,2879.375
0.0,3067.71436,2879.5
0.0,3067.70898,2879.625
0.0,3067.70337,2879.75
0.0,3067.69727,2879.875
0.0,3067.69165,2880.0
0.0,3067.68604,2880.125
0.0,3067.67969,2880.25
0.0,3067.67334,2880.375
0.0,3067.66748,2880.5
0.0,3067.66162,2880.625
0.0,3067.65649,2880.75
0.0,3067.65088,2880.875
0.0,3067.64551,2881.0
0.0,3067.64014,2881.125
0.0,3067.63403,2881.25
0.0,3067.62842,2881.375
0.0,3067.62256,2881.5
0.0,3067.6167,2881.625
0.0,3067.6106,2881.75
0.0,3067.60449,2881.875
0.0,3067.59912,2882.0
0.0,3067.59326,2882.125
0.0,3067.58813,2882.25
0.0,3067.58252,2882.375
0.0,3067.57666,2882.5
0.0,3067.5708,2882.625
0.0,3067.56494,2882.75
0.0,3067.55957,2882.875
0.0,3067.55396,2883.0
0.0,3067.54883,2883.125
0.0,3067.54346,2883.25
0.0,3067.53784,2883.375
0.0,3067.53174,2883.5
0.0,3067.52539,2883.625
0.0,3067.51953,2883.75
0.0,3067.51318,2883.875
0.0,3067.50708,2884.0
0.0,3067.50098,2884.125
0.0,3067.49463,2884.25
0.0,3067.48901,2884.375
0.0,3067.48364,2884.5
0.0,3067.47852,2884.625
0.0,3067.47314,2884.75
0.0,3067.46826,2884.875
0.0,3067.46313,2885.0
0.0,3067.45801,2885.125
0.0,3067.45239,2885.25
0.0,3067.44678,2885.375
0.0,3067.44092,2885.5
0.0,3067.4353,2885.625
0.0,3067.42969,2885.75
0.0,3067.42383,2885.875
0.0,3067.41797,2886.0
0.0,3067.41162,2886.125
0.0,3067.40576,2886.25
0.0,3067.40039,2886.375
0.0,3067.39575,2886.5
0.0,3067.39111,2886.625
0.0,3067.38672,2886.75
0.0,3067.38135,2886.875
0.0,3067.37549,2887.0
0.0,3067.36963,2887.125
0.0,3067.36328,2887.25
0.0,3067.35718,2887.375
0.0,3067.35156,2887.5
0.0,3067.3457,2887.625
0.0,3067.34033,2887.75
0.0,3067.33472,2887.875
0.0,3067.32935,2888.0
0.0,3067.32422,2888.125
0.0,3067.31934,2888.25
0.0,3067.31445,2888.375
0.0,3067.30957,2888.5
0.0,3067.30444,2888.625
0.0,3067.29907,2888.75
0.0,3067.29346,2888.875
0.0,3067.2876,2889.0
0.0,3067.28198,2889.125
0.0,3067.27612,2889.25
0.0,3067.27051,2889.375
0.0,3067.2644,2889.5
0.0,3067.25879,2889.625
0.0,3067.25342,2889.75
0.0,3067.2478,2889.875
0.0,3067.24268,2890.0
0.0,3067.2373,2890.125
0.0,3067.23193,2890.25
0.0,3067.22705,2890.375
0.0,3067.22168,2890.5
0.0,3067.2168,2890.625
0.0,3067.21143,2890.75
0.0,3067.20557,2890.875
0.0,3067.19922,2891.0
0.0,3067.19287,2891.125
0.0,3067.18701,2891.25
0.0,3067.1814,2891.375
0.0,3067.17627,2891.5
0.0,3067.1709,2891.625
0.0,3067.16553,2891.75
0.0,3067.16016,2891.875
0.0,3067.15479,2892.0
0.0,3067.14966,2892.125
0.0,3067.14478,2892.25
0.0,3067.14014,2892.375
0.0,3067.13525,2892.5
0.0,3067.12988,2892.625
0.0,3067.12451,2892.75
0.0,3067.11865,2892.875
0.0,3067.11279,2893.0
0.0,3067.10693,2893.125
0.0,3067.10181,2893.25
0.0,3067.09668,2893.375
0.0,3067.0918,2893.5
0.0,3067.08691,2893.625
0.0,3067.08228,2893.75
0.0,3067.07739,2893.875
0.0,3067.07275,2894.0
0.0,3067.06787,2894.125
0.0,3067.06299,2894.25
0.0,3067.05762,2894.375
0.0,3067.05225,2894.5
0.0,3067.04688,2894.625
0.0,3067.0415,2894.75
0.0,3067.03613,2894.875
0.0,3067.03125,2895.0
0.0,3067.0271,2895.125
0.0,3067.02246,2895.25
0.0,3067.01782,2895.375
0.0,3067.0127,2895.5
0.0,3067.00732,2895.625
0.0,3067.00171,2895.75
0.0,3066.99634,2895.875
0.0,3066.9917,2896.0
0.0,3066.98682,2896.125
0.0,3066.98218,2896.25
0.0,3066.97754,2896.375
0.0,3066.97266,2896.5
0.0,3066.96704,2896.625
0.0,3066.96143,2896.75
0.0,3066.95605,2896.875
0.0,3066.95068,2897.0
0.0,3066.94556,2897.125
0.0,3066.94092,2897.25
0.0,3066.93604,2897.375
0.0,3066.93115,2897.5
0.0,3066.92627,2897.625
0.0,3066.92139,2897.75
0.0,3066.91626,2897.875
0.0,3066.91064,2898.0
0.0,3066.90503,2898.125
0.0,3066.89917,2898.25
0.0,3066.89307,2898.375
0.0,3066.8877,2898.5
0.0,3066.88232,2898.625
0.0,3066.87695,2898.75
0.0,3066.87207,2898.875
0.0,3066.86694,2899.0
0.0,3066.86182,2899.125
0.0,3066.85645,2899.25
0.0,3066.85107,2899.375
0.0,3066.8457,2899.5
0.0,3066.84033,2899.625
0.0,3066.83447,2899.75
0.0,3066.82861,2899.875
0.0,3066.82275,2900.0
0.0,3066.81738,2900.125
0.0,3066.81177,2900.25
0.0,3066.80664,2900.375
0.0,3066.80151,2900.5
0.0,3066.79639,2900.625
0.0,3066.79175,2900.75
0.0,3066.78662,2900.875
0.0,3066.78149,2901.0
0.0,3066.77637,2901.125
0.0,3066.77148,2901.25
0.0,3066.76636,2901.375
0.0,3066.76172,2901.5
0.0,3066.75635,2901.625
0.0,3066.75049,2901.75
0.0,3066.74463,2901.875
0.0,3066.73828,2902.0
0.0,3066.73218,2902.125
0.0,3066.72656,2902.25
0.0,3066.72119,2902.375
0.0,3066.71606,2902.5
0.0,3066.71143,2902.625
0.0,3066.70679,2902.75
0.0,3066.70264,2902.875
0.0,3066.69775,2903.0
0.0,3066.69263,2903.125
0.0,3066.68701,2903.25
0.0,3066.6814,2903.375
0.0,3066.67554,2903.5
0.0,3066.66968,2903.625
0.0,3066.66357,2903.75
0.0,3066.65796,2903.875
0.0,3066.65283,2904.0
0.0,3066.64795,2904.125
0.0,3066.64404,2904.25
0.0,3066.63916,2904.375
0.0,3066.63403,2904.5
0.0,3066.62842,2904.625
0.0,3066.62305,2904.75
0.0,3066.61768,2904.875
0.0,3066.6123,2905.0
0.0,3066.60791,2905.125
0.0,3066.60352,2905.25
0.0,3066.59863,2905.375
0.0,3066.59351,2905.5
0.0,3066.58789,2905.625
0.0,3066.58203,2905.75
0.0,3066.57617,2905.875
0.0,3066.5708,2906.0
0.0,3066.56592,2906.125
0.0,3066.56104,2906.25
0.0,3066.55664,2906.375
0.0,3066.55176,2906.5
0.0,3066.54639,2906.625
0.0,3066.54077,2906.75
0.0,3066.53516,2906.875
0.0,3066.5293,2907.0
0.0,3066.52393,2907.125
0.0,3066.51855,2907.25
0.0,3066.51318,2907.375
0.0,3066.50732,2907.5
0.0,3066.50146,2907.625
0.0,3066.49634,2907.75
0.0,3066.49146,2907.875
0.0,3066.48657,2908.0
0.0,3066.48193,2908.125
0.0,3066.47656,2908.25
0.0,3066.47119,2908.375
0.0,3066.46582,2908.5
0.0,3066.46045,2908.625
0.0,3066.45508,2908.75
0.0,3066.44971,2908.875
0.0,3066.44385,2909.0
0.0,3066.43896,2909.125
0.0,3066.43384,2909.25
0.0,3066.42896,2909.375
0.0,3066.42407,2909.5
0.0,3066.41943,2909.625
0.0,3066.41455,2909.75
0.0,3066.40918,2909.875
0.0,3066.40356,2910.0
0.0,3066.39795,2910.125
0.0,3066.39258,2910.25
0.0,3066.38721,2910.375
0.0,3066.38184,2910.5
0.0,3066.3772,2910.625
0.0,3066.37256,2910.75
0.0,3066.36719,2910.875
0.0,3066.36157,2911.0
0.0,3066.35547,2911.125
0.0,3066.34985,2911.25
0.0,3066.34424,2911.375
0.0,3066.33887,2911.5
0.0,3066.33398,2911.625
0.0,3066.3291,2911.75
0.0,3066.32397,2911.875
0.0,3066.31836,2912.0
0.0,3066.31299,2912.125
0.0,3066.30786,2912.25
0.0,3066.30273,2912.375
0.0,3066.29736,2912.5
0.0,3066.29199,2912.625
0.0,3066.28662,2912.75
0.0,3066.28125,2912.875
0.0,3066.27563,2913.0
0.0,3066.27051,2913.125
0.0,3066.26562,2913.25
0.0,3066.26099,2913.375
0.0,3066.25635,2913.5
0.0,3066.25122,2913.625
0.0,3066.24658,2913.75
0.0,3066.24146,2913.875
0.0,3066.23584,2914.0
0.0,3066.23047,2914.125
0.0,3066.22485,2914.25
0.0,3066.21948,2914.375
0.0,3066.21362,2914.5
0.0,3066.2085,2914.625
0.0,3066.20239,2914.75
0.0,3066.19653,2914.875
0.0,3066.19043,2915.0
0.0,3066.18457,2915.125
0.0,3066.17871,2915.25
0.0,3066.17334,2915.375
0.0,3066.16797,2915.5
0.0,3066.16235,2915.625
0.0,3066.15674,2915.75
0.0,3066.15161,2915.875
0.0,3066.14648,2916.0
0.0,3066.1416,2916.125
0.0,3066.13623,2916.25
0.0,3066.1311,2916.375
0.0,3066.12549,2916.5
0.0,3066.12012,2916.625
0.0,3066.11475,2916.75
0.0,3066.10986,2916.875
0.0,3066.10522,2917.0
0.0,3066.10059,2917.125
0.0,3066.09595,2917.25
0.0,3066.09082,2917.375
0.0,3066.08594,2917.5
0.0,3066.08057,2917.625
0.0,3066.0752,2917.75
0.0,3066.07056,2917.875
0.0,3066.06543,2918.0
0.0,3066.06055,2918.125
0.0,3066.05566,2918.25
0.0,3066.05029,2918.375
0.0,3066.04395,2918.5
0.0,3066.0376,2918.625
0.0,3066.03076,2918.75
0.0,3066.02441,2918.875
0.0,3066.01904,2919.0
0.0,3066.01367,2919.125
0.0,3066.00928,2919.25
0.0,3066.00439,2919.375
0.0,3065.99951,2919.5
0.0,3065.99365,2919.625
0.0,3065.98804,2919.75
0.0,3065.98242,2919.875
0.0,3065.97705,2920.0
0.0,3065.97144,2920.125
0.0,3065.96631,2920.25
0.0,3065.96094,2920.375
0.0,3065.95605,2920.5
0.0,3065.95117,2920.625
0.0,3065.9458,2920.75
0.0,3065.94092,2920.875
0.0,3065.93604,2921.0
0.0,3065.93115,2921.125
0.0,3065.92603,2921.25
0.0,3065.92114,2921.375
0.0,3065.91602,2921.5
0.0,3065.91089,2921.625
0.0,3065.90576,2921.75
0.0,3065.90039,2921.875
0.0,3065.89526,2922.0
0.0,3065.89014,2922.125
0.0,3065.88525,2922.25
0.0,3065.87988,2922.375
0.0,3065.875,2922.5
0.0,3065.87012,2922.625
0.0,3065.86572,2922.75
0.0,3065.86182,2922.875
0.0,3065.85791,2923.0
0.0,3065.85449,2923.125
0.0,3065.85059,2923.25
0.0,3065.84668,2923.375
0.0,3065.84326,2923.5
0.0,3065.83984,2923.625
0.0,3065.83667,2923.75
0.0,3065.8335,2923.875
0.0,3065.83008,2924.0
0.0,3065.82666,2924.125
0.0,3065.823,2924.25
0.0,3065.81885,2924.375
0.0,3065.81445,2924.5
0.0,3065.80981,2924.625
0.0,3065.80469,2924.75
0.0,3065.79932,2924.875
0.0,3065.79395,2925.0
0.0,3065.78882,2925.125
0.0,3065.78345,2925.25
0.0,3065.77856,2925.375
0.0,3065.77344,2925.5
0.0,3065.76855,2925.625
0.0,3065.76343,2925.75
0.0,3065.7583,2925.875
0.0,3065.75342,2926.0
0.0,3065.74805,2926.125
0.0,3065.74243,2926.25
0.0,3065.73633,2926.375
0.0,3065.73047,2926.5
0.0,3065.7251,2926.625
0.0,3065.71973,2926.75
0.0,3065.71484,2926.875
0.0,3065.70947,2927.0
0.0,3065.70459,2927.125
0.0,3065.69922,2927.25
0.0,3065.69385,2927.375
0.0,3065.68848,2927.5
0.0,3065.68311,2927.625
0.0,3065.67749,2927.75
0.0,3065.67188,2927.875
0.0,3065.6665,2928.0
0.0,3065.66113,2928.125
0.0,3065.65576,2928.25
0.0,3065.65063,2928.375
0.0,3065.64551,2928.5
0.0,3065.64062,2928.625
0.0,3065.6355,2928.75
0.0,3065.63013,2928.875
0.0,3065.62451,2929.0
0.0,3065.6189,2929.125
0.0,3065.61328,2929.25
0.0,3065.60791,2929.375
0.0,3065.60254,2929.5
0.0,3065.59717,2929.625
0.0,3065.59204,2929.75
0.0,3065.58691,2929.875
0.0,3065.58154,2930.0
0.0,3065.57568,2930.125
0.0,3065.57031,2930.25
0.0,3065.56494,2930.375
0.0,3065.56006,2930.5
0.0,3065.55469,2930.625
0.0,3065.54932,2930.75
0.0,3065.54346,2930.875
0.0,3065.53809,2931.0
0.0,3065.53271,2931.125
0.0,3065.52734,2931.25
0.0,3065.52222,2931.375
0.0,3065.51709,2931.5
0.0,3065.51123,2931.625
0.0,3065.50537,2931.75
0.0,3065.49951,2931.875
0.0,3065.4939,2932.0
0.0,3065.48901,2932.125
0.0,3065.48438,2932.25
0.0,3065.47998,2932.375
0.0,3065.4751,2932.5
0.0,3065.46973,2932.625
0.0,3065.46436,2932.75
0.0,3065.45898,2932.875
0.0,3065.45337,2933.0
0.0,3065.44751,2933.125
0.0,3065.44189,2933.25
0.0,3065.43628,2933.375
0.0,3065.43066,2933.5
0.0,3065.42529,2933.625
0.0,3065.42041,2933.75
0.0,3065.41602,2933.875
0.0,3065.41162,2934.0
0.0,3065.40674,2934.125
0.0,3065.40186,2934.25
0.0,3065.39648,2934.375
0.0,3065.39062,2934.5
0.0,3065.38477,2934.625
0.0,3065.37891,2934.75
0.0,3065.37305,2934.875
0.0,3065.36816,2935.0
0.0,3065.36304,2935.125
0.0,3065.35791,2935.25
0.0,3065.35254,2935.375
0.0,3065.34766,2935.5
0.0,3065.34229,2935.625
0.0,3065.33765,2935.75
0.0,3065.33301,2935.875
0.0,3065.32812,2936.0
0.0,3065.32324,2936.125
0.0,3065.31787,2936.25
0.0,3065.3125,2936.375
0.0,3065.30615,2936.5
0.0,3065.30054,2936.625
0.0,3065.29468,2936.75
0.0,3065.28955,2936.875
0.0,3065.28442,2937.0
0.0,3065.27979,2937.125
0.0,3065.27515,2937.25
0.0,3065.27026,2937.375
0.0,3065.26514,2937.5
0.0,3065.26001,2937.625
0.0,3065.25439,2937.75
0.0,3065.24854,2937.875
0.0,3065.24316,2938.0
0.0,3065.23804,2938.125
0.0,3065.23291,2938.25
0.0,3065.22852,2938.375
0.0,3065.22363,2938.5
0.0,3065.21851,2938.625
0.0,3065.21387,2938.75
0.0,3065.20898,2938.875
0.0,3065.2041,2939.0
0.0,3065.19897,2939.125
0.0,3065.19385,2939.25
0.0,3065.18848,2939.375
0.0,3065.18311,2939.5
0.0,3065.17822,2939.625
0.0,3065.17285,2939.75
0.0,3065.16748,2939.875
0.0,3065.1626,2940.0
0.0,3065.15723,2940.125
0.0,3065.15234,2940.25
0.0,3065.14746,2940.375
0.0,3065.14258,2940.5
0.0,3065.13745,2940.625
0.0,3065.13208,2940.75
0.0,3065.12646,2940.875
0.0,3065.12061,2941.0
0.0,3065.11523,2941.125
0.0,3065.11035,2941.25
0.0,3065.10547,2941.375
0.0,3065.10034,2941.5
0.0,3065.09521,2941.625
0.0,3065.09033,2941.75
0.0,3065.08521,2941.875
0.0,3065.08008,2942.0
0.0,3065.0752,2942.125
0.0,3065.06982,2942.25
0.0,3065.06445,2942.375
0.0,3065.05957,2942.5
0.0,3065.0542,2942.625
0.0,3065.04956,2942.75
0.0,3065.04443,2942.875
0.0,3065.03931,2943.0
0.0,3065.03418,2943.125
0.0,3065.02856,2943.25
0.0,3065.02295,2943.375
0.0,3065.01782,2943.5
0.0,3065.0127,2943.625
0.0,3065.00781,2943.75
0.0,3065.00293,2943.875
0.0,3064.99756,2944.0
0.0,3064.99243,2944.125
0.0,3064.98682,2944.25
0.0,3064.9812,2944.375
0.0,3064.97559,2944.5
0.0,3064.96997,2944.625
0.0,3064.96484,2944.75
0.0,3064.95996,2944.875
0.0,3064.95508,2945.0
0.0,3064.9502,2945.125
0.0,3064.94531,2945.25
0.0,3064.93994,2945.375
0.0,3064.93457,2945.5
0.0,3064.92871,2945.625
0.0,3064.9231,2945.75
0.0,3064.91797,2945.875
0.0,3064.91309,2946.0
0.0,3064.90796,2946.125
0.0,3064.90283,2946.25
0.0,3064.89795,2946.375
0.0,3064.89258,2946.5
0.0,3064.8877,2946.625
0.0,3064.88281,2946.75
0.0,3064.87744,2946.875
0.0,3064.87207,2947.0
0.0,3064.86694,2947.125
0.0,3064.86182,2947.25
0.0,3064.85645,2947.375
0.0,3064.85107,2947.5
0.0,3064.84521,2947.625
0.0,3064.83984,2947.75
0.0,3064.83398,2947.875
0.0,3064.82935,2948.0
0.0,3064.82422,2948.125
0.0,3064.81958,2948.25
0.0,3064.8147,2948.375
0.0,3064.80908,2948.5
0.0,3064.80347,2948.625
0.0,3064.79688,2948.75
0.0,3064.79102,2948.875
0.0,3064.78516,2949.0
0.0,3064.77979,2949.125
0.0,3064.77466,2949.25
0.0,3064.76953,2949.375
0.0,3064.76367,2949.5
0.0,3064.75732,2949.625
0.0,3064.75073,2949.75
0.0,3064.74463,2949.875
0.0,3064.73926,2950.0
0.0,3064.73438,2950.125
0.0,3064.72998,2950.25
0.0,3064.72534,2950.375
0.0,3064.72021,2950.5
0.0,3064.71509,2950.625
0.0,3064.70996,2950.75
0.0,3064.70459,2950.875
0.0,3064.69922,2951.0
0.0,3064.69385,2951.125
0.0,3064.68848,2951.25
0.0,3064.68335,2951.375
0.0,3064.67822,2951.5
0.0,3064.67358,2951.625
0.0,3064.66895,2951.75
0.0,3064.66406,2951.875
0.0,3064.65918,2952.0
0.0,3064.65405,2952.125
0.0,3064.64941,2952.25
0.0,3064.64453,2952.375
0.0,3064.63965,2952.5
0.0,3064.63477,2952.625
0.0,3064.62988,2952.75
0.0,3064.625,2952.875
0.0,3064.62012,2953.0
0.0,3064.61499,2953.125
0.0,3064.60962,2953.25
0.0,3064.604,2953.375
0.0,3064.59863,2953.5
0.0,3064.59351,2953.625
0.0,3064.58838,2953.75
0.0,3064.5835,2953.875
0.0,3064.57886,2954.0
0.0,3064.57446,2954.125
0.0,3064.56934,2954.25
0.0,3064.56445,2954.375
0.0,3064.55908,2954.5
0.0,3064.55396,2954.625
0.0,3064.54907,2954.75
0.0,3064.54443,2954.875
0.0,3064.53979,2955.0
0.0,3064.53516,2955.125
0.0,3064.53027,2955.25
0.0,3064.5249,2955.375
0.0,3064.51904,2955.5
0.0,3064.51367,2955.625
0.0,3064.50781,2955.75
0.0,3064.50244,2955.875
0.0,3064.49731,2956.0
0.0,3064.49219,2956.125
0.0,3064.4873,2956.25
0.0,3064.48218,2956.375
0.0,3064.47705,2956.5
0.0,3064.47192,2956.625
0.0,3064.46704,2956.75
0.0,3064.46216,2956.875
0.0,3064.45728,2957.0
0.0,3064.45215,2957.125
0.0,3064.44702,2957.25
0.0,3064.44141,2957.375
0.0,3064.43604,2957.5
0.0,3064.43066,2957.625
0.0,3064.42554,2957.75
0.0,3064.42041,2957.875
0.0,3064.41553,2958.0
0.0,3064.41064,2958.125
0.0,3064.40625,2958.25
0.0,3064.40137,2958.375
0.0,3064.39648,2958.5
0.0,3064.3916,2958.625
0.0,3064.38623,2958.75
0.0,3064.38062,2958.875
0.0,3064.375,2959.0
0.0,3064.36963,2959.125
0.0,3064.36426,2959.25
0.0,3064.35938,2959.375
0.0,3064.35449,2959.5
0.0,3064.34985,2959.625
0.0,3064.34521,2959.75
0.0,3064.3396,2959.875
0.0,3064.33447,2960.0
0.0,3064.32886,2960.125
0.0,3064.32373,2960.25
0.0,3064.31836,2960.375
0.0,3064.31299,2960.5
0.0,3064.30762,2960.625
0.0,3064.30176,2960.75
0.0,3064.29639,2960.875
0.0,3064.29175,2961.0
0.0,3064.28735,2961.125
0.0,3064.28271,2961.25
0.0,3064.27832,2961.375
0.0,3064.27344,2961.5
0.0,3064.26855,2961.625
0.0,3064.26343,2961.75
0.0,3064.2583,2961.875
0.0,3064.25269,2962.0
0.0,3064.24707,2962.125
0.0,3064.2417,2962.25
0.0,3064.23608,2962.375
0.0,3064.23047,2962.5
0.0,3064.2251,2962.625
0.0,3064.21924,2962.75
0.0,3064.21387,2962.875
0.0,3064.20801,2963.0
0.0,3064.20264,2963.125
0.0,3064.19727,2963.25
0.0,3064.19214,2963.375
0.0,3064.18726,2963.5
0.0,3064.18237,2963.625
0.0,3064.17773,2963.75
0.0,3064.17285,2963.875
0.0,3064.16797,2964.0
0.0,3064.16309,2964.125
0.0,3064.15869,2964.25
0.0,3064.15356,2964.375
0.0,3064.14893,2964.5
0.0,3064.1438,2964.625
0.0,3064.13867,2964.75
0.0,3064.13379,2964.875
0.0,3064.12891,2965.0
0.0,3064.12402,2965.125
0.0,3064.11914,2965.25
0.0,3064.11377,2965.375
0.0,3064.10889,2965.5
0.0,3064.10352,2965.625
0.0,3064.09863,2965.75
0.0,3064.09351,2965.875
0.0,3064.08838,2966.0
0.0,3064.08423,2966.125
0.0,3064.07959,2966.25
0.0,3064.0752,2966.375
0.0,3064.07031,2966.5
0.0,3064.06543,2966.625
0.0,3064.06006,2966.75
0.0,3064.0542,2966.875
0.0,3064.04834,2967.0
0.0,3064.04272,2967.125
0.0,3064.0376,2967.25
0.0,3064.0332,2967.375
0.0,3064.02881,2967.5
0.0,3064.02466,2967.625
0.0,3064.02002,2967.75
0.0,3064.01514,2967.875
0.0,3064.01025,2968.0
0.0,3064.00537,2968.125
0.0,3064.00098,2968.25
0.0,3063.99658,2968.375
0.0,3063.99219,2968.5
0.0,3063.98804,2968.625
0.0,3063.98389,2968.75
0.0,3063.98047,2968.875
0.0,3063.97803,2969.0
0.0,3063.97559,2969.125
0.0,3063.97363,2969.25
0.0,3063.97119,2969.375
0.0,3063.96899,2969.5
0.0,3063.96655,2969.625
0.0,3063.96436,2969.75
0.0,3063.96289,2969.875
0.0,3063.96191,2970.0
0.0,3063.96143,2970.125
0.0,3063.96143,2970.25
0.0,3063.9624,2970.375
0.0,3063.96484,2970.5
0.0,3063.96875,2970.625
0.0,3063.97339,2970.75
0.0,3063.97852,2970.875
0.0,3063.98218,2971.0
0.0,3063.9834,2971.125
0.0,3063.98267,2971.25
0.0,3063.97949,2971.375
0.0,3063.97559,2971.5
0.0,3063.97119,2971.625
0.0,3063.9668,2971.75
0.0,3063.96289,2971.875
0.0,3063.95874,2972.0
0.0,3063.95435,2972.125
0.0,3063.94922,2972.25
0.0,3063.9436,2972.375
0.0,3063.9375,2972.5
0.0,3063.93213,2972.625
0.0,3063.92603,2972.75
0.0,3063.92041,2972.875
0.0,3063.91406,2973.0
0.0,3063.9082,2973.125
0.0,3063.90186,2973.25
0.0,3063.89551,2973.375
0.0,3063.88965,2973.5
0.0,3063.88379,2973.625
0.0,3063.87817,2973.75
0.0,3063.87231,2973.875
0.0,3063.8667,2974.0
0.0,3063.86133,2974.125
0.0,3063.85596,2974.25
0.0,3063.85132,2974.375
0.0,3063.84619,2974.5
0.0,3063.84033,2974.625
0.0,3063.83447,2974.75
0.0,3063.82788,2974.875
0.0,3063.82129,2975.0
0.0,3063.81494,2975.125
0.0,3063.80908,2975.25
0.0,3063.80273,2975.375
0.0,3063.79688,2975.5
0.0,3063.79102,2975.625
0.0,3063.78564,2975.75
0.0,3063.78027,2975.875
0.0,3063.77539,2976.0
0.0,3063.77026,2976.125
0.0,3063.76465,2976.25
0.0,3063.75977,2976.375
0.0,3063.75439,2976.5
0.0,3063.74854,2976.625
0.0,3063.74268,2976.75
0.0,3063.73706,2976.875
0.0,3063.73096,2977.0
0.0,3063.7251,2977.125
0.0,3063.71899,2977.25
0.0,3063.71338,2977.375
0.0,3063.70801,2977.5
0.0,3063.70215,2977.625
0.0,3063.69678,2977.75
0.0,3063.69141,2977.875
0.0,3063.68555,2978.0
0.0,3063.68018,2978.125
0.0,3063.6748,2978.25
0.0,3063.66895,2978.375
0.0,3063.66309,2978.5
0.0,3063.65723,2978.625
0.0,3063.65137,2978.75
0.0,3063.64551,2978.875
0.0,3063.63965,2979.0
0.0,3063.63403,2979.125
0.0,3063.62842,2979.25
0.0,3063.62256,2979.375
0.0,3063.61694,2979.5
0.0,3063.61133,2979.625
0.0,3063.6062,2979.75
0.0,3063.60083,2979.875
0.0,3063.59521,2980.0
0.0,3063.58911,2980.125
0.0,3063.58301,2980.25
0.0,3063.57715,2980.375
0.0,3063.57129,2980.5
0.0,3063.56543,2980.625
0.0,3063.55981,2980.75
0.0,3063.55371,2980.875
0.0,3063.54785,2981.0
0.0,3063.5415,2981.125
0.0,3063.53589,2981.25
0.0,3063.53076,2981.375
0.0,3063.52563,2981.5
0.0,3063.52075,2981.625
0.0,3063.51538,2981.75
0.0,3063.50928,2981.875
0.0,3063.50317,2982.0
0.0,3063.49658,2982.125
0.0,3063.49048,2982.25
0.0,3063.48413,2982.375
0.0,3063.47803,2982.5
0.0,3063.47192,2982.625
0.0,3063.46582,2982.75
0.0,3063.46069,2982.875
0.0,3063.45605,2983.0
0.0,3063.45117,2983.125
0.0,3063.4458,2983.25
0.0,3063.44043,2983.375
0.0,3063.43433,2983.5
0.0,3063.42822,2983.625
0.0,3063.42236,2983.75
0.0,3063.4165,2983.875
0.0,3063.41113,2984.0
0.0,3063.40527,2984.125
0.0,3063.39917,2984.25
0.0,3063.39282,2984.375
0.0,3063.38721,2984.5
0.0,3063.38184,2984.625
0.0,3063.37695,2984.75
0.0,3063.37207,2984.875
0.0,3063.36719,2985.0
0.0,3063.36182,2985.125
0.0,3063.35596,2985.25
0.0,3063.3501,2985.375
0.0,3063.34399,2985.5
0.0,3063.33789,2985.625
0.0,3063.33228,2985.75
0.0,3063.32666,2985.875
0.0,3063.3208,2986.0
0.0,3063.31543,2986.125
0.0,3063.30933,2986.25
0.0,3063.30371,2986.375
0.0,3063.2981,2986.5
0.0,3063.29248,2986.625
0.0,3063.28687,2986.75
0.0,3063.28125,2986.875
0.0,3063.2749,2987.0
0.0,3063.26807,2987.125
0.0,3063.26172,2987.25
0.0,3063.25586,2987.375
0.0,3063.25049,2987.5
0.0,3063.24561,2987.625
0.0,3063.24023,2987.75
0.0,3063.23535,2987.875
0.0,3063.22949,2988.0
0.0,3063.22363,2988.125
0.0,3063.2168,2988.25
0.0,3063.20947,2988.375
0.0,3063.20166,2988.5
0.0,3063.19336,2988.625
0.0,3063.18555,2988.75
0.0,3063.17773,2988.875
0.0,3063.1709,2989.0
0.0,3063.16504,2989.125
0.0,3063.15918,2989.25
0.0,3063.15381,2989.375
0.0,3063.14795,2989.5
0.0,3063.14258,2989.625
0.0,3063.13721,2989.75
0.0,3063.13135,2989.875
0.0,3063.12598,2990.0
0.0,3063.12061,2990.125
0.0,3063.11523,2990.25
0.0,3063.1106,2990.375
0.0,3063.10596,2990.5
0.0,3063.10059,2990.625
0.0,3063.09546,2990.75
0.0,3063.09009,2990.875
0.0,3063.08447,2991.0
0.0,3063.0791,2991.125
0.0,3063.07422,2991.25
0.0,3063.06885,2991.375
0.0,3063.06323,2991.5
0.0,3063.05786,2991.625
0.0,3063.05225,2991.75
0.0,3063.04712,2991.875
0.0,3063.04199,2992.0
0.0,3063.03662,2992.125
0.0,3063.03149,2992.25
0.0,3063.02588,2992.375
0.0,3063.02051,2992.5
0.0,3063.01514,2992.625
0.0,3063.01025,2992.75
0.0,3063.00488,2992.875
0.0,3062.99976,2993.0
0.0,3062.99438,2993.125
0.0,3062.98877,2993.25
0.0,3062.98291,2993.375
0.0,3062.97705,2993.5
0.0,3062.97168,2993.625
0.0,3062.9668,2993.75
0.0,3062.96216,2993.875
0.0,3062.95801,2994.0
0.0,3062.95337,2994.125
0.0,3062.94873,2994.25
0.0,3062.94385,2994.375
0.0,3062.93774,2994.5
0.0,3062.93164,2994.625
0.0,3062.92529,2994.75
0.0,3062.91992,2994.875
0.0,3062.91455,2995.0
0.0,3062.90967,2995.125
0.0,3062.90479,2995.25
0.0,3062.8999,2995.375
0.0,3062.89478,2995.5
0.0,3062.88965,2995.625
0.0,3062.88477,2995.75
0.0,3062.87988,2995.875
0.0,3062.87524,2996.0
0.0,3062.87012,2996.125
0.0,3062.86523,2996.25
0.0,3062.86035,2996.375
0.0,3062.85498,2996.5
0.0,3062.8501,2996.625
0.0,3062.84473,2996.75
0.0,3062.83984,2996.875
0.0,3062.83496,2997.0
0.0,3062.83008,2997.125
0.0,3062.82568,2997.25
0.0,3062.8208,2997.375
0.0,3062.81641,2997.5
0.0,3062.81152,2997.625
0.0,3062.8064,2997.75
0.0,3062.80151,2997.875
0.0,3062.79663,2998.0
0.0,3062.7915,2998.125
0.0,3062.78613,2998.25
0.0,3062.78076,2998.375
0.0,3062.77539,2998.5
0.0,3062.76978,2998.625
0.0,3062.76465,2998.75
0.0,3062.75977,2998.875
0.0,3062.75488,2999.0
0.0,3062.74951,2999.125
0.0,3062.74512,2999.25
0.0,3062.74023,2999.375
0.0,3062.73511,2999.5
0.0,3062.73047,2999.625
0.0,3062.72559,2999.75
0.0,3062.72021,2999.875
0.0,3062.71436,3000.0
0.0,3062.7085,3000.125
0.0,3062.70264,3000.25
0.0,3062.69727,3000.375
0.0,3062.69189,3000.5
0.0,3062.68652,3000.625
0.0,3062.68115,3000.75
0.0,3062.67603,3000.875
0.0,3062.6709,3001.0
0.0,3062.66553,3001.125
0.0,3062.66016,3001.25
0.0,3062.65503,3001.375
0.0,3062.6499,3001.5
0.0,3062.64502,3001.625
0.0,3062.63965,3001.75
0.0,3062.63477,3001.875
0.0,3062.62988,3002.0
0.0,3062.62451,3002.125
0.0,3062.61914,3002.25
0.0,3062.61377,3002.375
0.0,3062.6084,3002.5
0.0,3062.60254,3002.625
0.0,3062.59717,3002.75
0.0,3062.59229,3002.875
0.0,3062.58716,3003.0
0.0,3062.58228,3003.125
0.0,3062.57764,3003.25
0.0,3062.57251,3003.375
0.0,3062.56714,3003.5
0.0,3062.56201,3003.625
0.0,3062.5564,3003.75
0.0,3062.55054,3003.875
0.0,3062.54517,3004.0
0.0,3062.53955,3004.125
0.0,3062.53418,3004.25
0.0,3062.52905,3004.375
0.0,3062.52393,3004.5
0.0,3062.51855,3004.625
0.0,3062.51318,3004.75
0.0,3062.50732,3004.875
0.0,3062.50195,3005.0
0.0,3062.49658,3005.125
0.0,3062.49121,3005.25
0.0,3062.48633,3005.375
0.0,3062.48145,3005.5
0.0,3062.47656,3005.625
0.0,3062.47168,3005.75
0.0,3062.46631,3005.875
0.0,3062.46069,3006.0
0.0,3062.45508,3006.125
0.0,3062.44873,3006.25
0.0,3062.44238,3006.375
0.0,3062.43604,3006.5
0.0,3062.43018,3006.625
0.0,3062.42432,3006.75
0.0,3062.41895,3006.875
0.0,3062.41406,3007.0
0.0,3062.40918,3007.125
0.0,3062.4043,3007.25
0.0,3062.39893,3007.375
0.0,3062.39404,3007.5
0.0,3062.38916,3007.625
0.0,3062.38428,3007.75
0.0,3062.37939,3007.875
0.0,3062.37402,3008.0
0.0,3062.36841,3008.125
0.0,3062.36304,3008.25
0.0,3062.35767,3008.375
0.0,3062.35278,3008.5
0.0,3062.3479,3008.625
0.0,3062.34277,3008.75
0.0,3062.3374,3008.875
0.0,3062.33154,3009.0
0.0,3062.32617,3009.125
0.0,3062.32129,3009.25
0.0,3062.31689,3009.375
0.0,3062.31201,3009.5
0.0,3062.30713,3009.625
0.0,3062.30176,3009.75
0.0,3062.29639,3009.875
0.0,3062.2915,3010.0
0.0,3062.28662,3010.125
0.0,3062.28198,3010.25
0.0,3062.27734,3010.375
0.0,3062.27246,3010.5
0.0,3062.26758,3010.625
0.0,3062.26221,3010.75
0.0,3062.25684,3010.875
0.0,3062.25146,3011.0
0.0,3062.24609,3011.125
0.0,3062.24072,3011.25
0.0,3062.23584,3011.375
0.0,3062.23096,3011.5
0.0,3062.22607,3011.625
0.0,3062.22119,3011.75
0.0,3062.21631,3011.875
0.0,3062.21094,3012.0
0.0,3062.20581,3012.125
0.0,3062.20068,3012.25
0.0,3062.1958,3012.375
0.0,3062.19141,3012.5
0.0,3062.18652,3012.625
0.0,3062.18213,3012.75
0.0,3062.17725,3012.875
0.0,3062.17188,3013.0
0.0,3062.16602,3013.125
0.0,3062.15967,3013.25
0.0,3062.1543,3013.375
0.0,3062.14893,3013.5
0.0,3062.1438,3013.625
0.0,3062.13892,3013.75
0.0,3062.13428,3013.875
0.0,3062.12915,3014.0
0.0,3062.12378,3014.125
0.0,3062.11865,3014.25
0.0,3062.11328,3014.375
0.0,3062.10791,3014.5
0.0,3062.10303,3014.625
0.0,3062.09766,3014.75
0.0,3062.09253,3014.875
0.0,3062.0874,3015.0
0.0,3062.08203,3015.125
0.0,3062.07715,3015.25
0.0,3062.07202,3015.375
0.0,3062.06714,3015.5
0.0,3062.0625,3015.625
0.0,3062.05762,3015.75
0.0,3062.05273,3015.875
0.0,3062.04761,3016.0
0.0,3062.04248,3016.125
0.0,3062.0376,3016.25
0.0,3062.03223,3016.375
0.0,3062.0271,3016.5
0.0,3062.02173,3016.625
0.0,3062.01636,3016.75
0.0,3062.01099,3016.875
0.0,3062.00537,3017.0
0.0,3062.00049,3017.125
0.0,3061.99536,3017.25
0.0,3061.99023,3017.375
0.0,3061.98486,3017.5
0.0,3061.97925,3017.625
0.0,3061.97461,3017.75
0.0,3061.96948,3017.875
0.0,3061.96484,3018.0
0.0,3061.96045,3018.125
0.0,3061.95581,3018.25
0.0,3061.95068,3018.375
0.0,3061.94531,3018.5
0.0,3061.93945,3018.625
0.0,3061.93408,3018.75
0.0,3061.92871,3018.875
0.0,3061.92383,3019.0
0.0,3061.91895,3019.125
0.0,3061.91406,3019.25
0.0,3061.90967,3019.375
0.0,3061.90527,3019.5
0.0,3061.90039,3019.625
0.0,3061.89551,3019.75
0.0,3061.89111,3019.875
0.0,3061.88623,3020.0
0.0,3061.88232,3020.125
0.0,3061.87769,3020.25
0.0,3061.87305,3020.375
0.0,3061.86768,3020.5
0.0,3061.86255,3020.625
0.0,3061.85742,3020.75
0.0,3061.85303,3020.875
0.0,3061.84863,3021.0
0.0,3061.84424,3021.125
0.0,3061.83936,3021.25
0.0,3061.83447,3021.375
0.0,3061.8291,3021.5
0.0,3061.82397,3021.625
0.0,3061.81934,3021.75
0.0,3061.8147,3021.875
0.0,3061.81055,3022.0
0.0,3061.80591,3022.125
0.0,3061.80127,3022.25
0.0,3061.79639,3022.375
0.0,3061.7915,3022.5
0.0,3061.78662,3022.625
0.0,3061.78125,3022.75
0.0,3061.77588,3022.875
0.0,3061.77051,3023.0
0.0,3061.76514,3023.125
0.0,3061.76025,3023.25
0.0,3061.75488,3023.375
0.0,3061.74951,3023.5
0.0,3061.74438,3023.625
0.0,3061.73926,3023.75
0.0,3061.73462,3023.875
0.0,3061.72949,3024.0
0.0,3061.72437,3024.125
0.0,3061.71875,3024.25
0.0,3061.71289,3024.375
0.0,3061.70728,3024.5
0.0,3061.7019,3024.625
0.0,3061.69678,3024.75
0.0,3061.69189,3024.875
0.0,3061.6875,3025.0
0.0,3061.68213,3025.125
0.0,3061.67676,3025.25
0.0,3061.67139,3025.375
0.0,3061.66602,3025.5
0.0,3061.66064,3025.625
0.0,3061.65527,3025.75
0.0,3061.6499,3025.875
0.0,3061.64453,3026.0
0.0,3061.6394,3026.125
0.0,3061.63452,3026.25
0.0,3061.62939,3026.375
0.0,3061.62427,3026.5
0.0,3061.61865,3026.625
0.0,3061.61377,3026.75
0.0,3061.6084,3026.875
0.0,3061.60303,3027.0
0.0,3061.59766,3027.125
0.0,3061.59229,3027.25
0.0,3061.58691,3027.375
0.0,3061.58081,3027.5
0.0,3061.57471,3027.625
0.0,3061.56958,3027.75
0.0,3061.5647,3027.875
0.0,3061.56006,3028.0
0.0,3061.55566,3028.125
0.0,3061.55054,3028.25
0.0,3061.54541,3028.375
0.0,3061.53931,3028.5
0.0,3061.53369,3028.625
0.0,3061.52783,3028.75
0.0,3061.52222,3028.875
0.0,3061.51758,3029.0
0.0,3061.51318,3029.125
0.0,3061.50854,3029.25
0.0,3061.50391,3029.375
0.0,3061.49902,3029.5
0.0,3061.49365,3029.625
0.0,3061.48804,3029.75
0.0,3061.48242,3029.875
0.0,3061.47705,3030.0
0.0,3061.47168,3030.125
0.0,3061.4668,3030.25
0.0,3061.4624,3030.375
0.0,3061.45752,3030.5
0.0,3061.45215,3030.625
0.0,3061.44629,3030.75
0.0,3061.44092,3030.875
0.0,3061.43604,3031.0
0.0,3061.4314,3031.125
0.0,3061.42725,3031.25
0.0,3061.42285,3031.375
0.0,3061.41821,3031.5
0.0,3061.41284,3031.625
0.0,3061.40723,3031.75
0.0,3061.40137,3031.875
0.0,3061.396,3032.0
0.0,3061.39087,3032.125
0.0,3061.38623,3032.25
0.0,3061.38135,3032.375
0.0,3061.37646,3032.5
0.0,3061.37158,3032.625
0.0,3061.36621,3032.75
0.0,3061.36133,3032.875
0.0,3061.35645,3033.0
0.0,3061.35156,3033.125
0.0,3061.34692,3033.25
0.0,3061.34204,3033.375
0.0,3061.33691,3033.5
0.0,3061.33154,3033.625
0.0,3061.32666,3033.75
0.0,3061.32178,3033.875
0.0,3061.31738,3034.0
0.0,3061.31226,3034.125
0.0,3061.30688,3034.25
0.0,3061.30127,3034.375
0.0,3061.2959,3034.5
0.0,3061.29053,3034.625
0.0,3061.28516,3034.75
0.0,3061.28003,3034.875
0.0,3061.2749,3035.0
0.0,3061.27002,3035.125
0.0,3061.26514,3035.25
0.0,3061.26074,3035.375
0.0,3061.25586,3035.5
0.0,3061.25171,3035.625
0.0,3061.24707,3035.75
0.0,3061.2417,3035.875
0.0,3061.23633,3036.0
0.0,3061.23047,3036.125
0.0,3061.2251,3036.25
0.0,3061.21973,3036.375
0.0,3061.21509,3036.5
0.0,3061.21021,3036.625
0.0,3061.20532,3036.75
0.0,3061.2002,3036.875
0.0,3061.19507,3037.0
0.0,3061.18994,3037.125
0.0,3061.18457,3037.25
0.0,3061.17969,3037.375
0.0,3061.1748,3037.5
0.0,3061.16992,3037.625
0.0,3061.16455,3037.75
0.0,3061.15942,3037.875
0.0,3061.15405,3038.0
0.0,3061.14893,3038.125
0.0,3061.14355,3038.25
0.0,3061.13843,3038.375
0.0,3061.13379,3038.5
0.0,3061.12891,3038.625
0.0,3061.12402,3038.75
0.0,3061.11914,3038.875
0.0,3061.11377,3039.0
0.0,3061.1084,3039.125
0.0,3061.10303,3039.25
0.0,3061.09766,3039.375
0.0,3061.09253,3039.5
0.0,3061.08789,3039.625
0.0,3061.0835,3039.75
0.0,3061.07861,3039.875
0.0,3061.07422,3040.0
0.0,3061.06934,3040.125
0.0,3061.06396,3040.25
0.0,3061.05859,3040.375
0.0,3061.05322,3040.5
0.0,3061.04834,3040.625
0.0,3061.04297,3040.75
0.0,3061.03809,3040.875
0.0,3061.0332,3041.0
0.0,3061.02808,3041.125
0.0,3061.02295,3041.25
0.0,3061.01782,3041.375
0.0,3061.01245,3041.5
0.0,3061.00684,3041.625
0.0,3061.00195,3041.75
0.0,3060.99707,3041.875
0.0,3060.99268,3042.0
0.0,3060.98804,3042.125
0.0,3060.98291,3042.25
0.0,3060.97754,3042.375
0.0,3060.97266,3042.5
0.0,3060.96729,3042.625
0.0,3060.9624,3042.75
0.0,3060.95752,3042.875
0.0,3060.95239,3043.0
0.0,3060.94727,3043.125
0.0,3060.94238,3043.25
0.0,3060.9375,3043.375
0.0,3060.93286,3043.5
0.0,3060.92871,3043.625
0.0,3060.92432,3043.75
0.0,3060.91943,3043.875
0.0,3060.91431,3044.0
0.0,3060.90894,3044.125
0.0,3060.90356,3044.25
0.0,3060.89795,3044.375
0.0,3060.89185,3044.5
0.0,3060.88574,3044.625
0.0,3060.87964,3044.75
0.0,3060.87402,3044.875
0.0,3060.86841,3045.0
0.0,3060.86377,3045.125
0.0,3060.85889,3045.25
0.0,3060.854,3045.375
0.0,3060.84961,3045.5
0.0,3060.84448,3045.625
0.0,3060.83936,3045.75
0.0,3060.83398,3045.875
0.0,3060.82861,3046.0
0.0,3060.82349,3046.125
0.0,3060.81836,3046.25
0.0,3060.81348,3046.375
0.0,3060.80908,3046.5
0.0,3060.80518,3046.625
0.0,3060.80127,3046.75
0.0,3060.79712,3046.875
0.0,3060.79297,3047.0
0.0,3060.78809,3047.125
0.0,3060.7832,3047.25
0.0,3060.77783,3047.375
0.0,3060.77295,3047.5
0.0,3060.76807,3047.625
0.0,3060.76367,3047.75
0.0,3060.75879,3047.875
0.0,3060.75366,3048.0
0.0,3060.74854,3048.125
0.0,3060.74365,3048.25
0.0,3060.73828,3048.375
0.0,3060.7334,3048.5
0.0,3060.72852,3048.625
0.0,3060.72363,3048.75
0.0,3060.71899,3048.875
0.0,3060.71436,3049.0
0.0,3060.70898,3049.125
0.0,3060.7041,3049.25
0.0,3060.69873,3049.375
0.0,3060.69336,3049.5
0.0,3060.68848,3049.625
0.0,3060.68262,3049.75
0.0,3060.67725,3049.875
0.0,3060.67139,3050.0
0.0,3060.66577,3050.125
0.0,3060.66016,3050.25
0.0,3060.65479,3050.375
0.0,3060.64941,3050.5
0.0,3060.64453,3050.625
0.0,3060.63965,3050.75
0.0,3060.63428,3050.875
0.0,3060.62939,3051.0
0.0,3060.62427,3051.125
0.0,3060.61938,3051.25
0.0,3060.61426,3051.375
0.0,3060.60913,3051.5
0.0,3060.604,3051.625
0.0,3060.59912,3051.75
0.0,3060.59424,3051.875
0.0,3060.58936,3052.0
0.0,3060.58447,3052.125
0.0,3060.5791,3052.25
0.0,3060.57422,3052.375
0.0,3060.56909,3052.5
0.0,3060.56396,3052.625
0.0,3060.55933,3052.75
0.0,3060.55444,3052.875
0.0,3060.5498,3053.0
0.0,3060.54492,3053.125
0.0,3060.54004,3053.25
0.0,3060.53516,3053.375
0.0,3060.53027,3053.5
0.0,3060.5249,3053.625
0.0,3060.51953,3053.75
0.0,3060.51416,3053.875
0.0,3060.50928,3054.0
0.0,3060.50439,3054.125
0.0,3060.49951,3054.25
0.0,3060.49463,3054.375
0.0,3060.4895,3054.5
0.0,3060.48438,3054.625
0.0,3060.47949,3054.75
0.0,3060.47461,3054.875
0.0,3060.46997,3055.0
0.0,3060.46509,3055.125
0.0,3060.45996,3055.25
0.0,3060.45459,3055.375
0.0,3060.44922,3055.5
0.0,3060.44385,3055.625
0.0,3060.43872,3055.75
0.0,3060.43359,3055.875
0.0,3060.42871,3056.0
0.0,3060.42432,3056.125
0.0,3060.41992,3056.25
0.0,3060.41528,3056.375
0.0,3060.41016,3056.5
0.0,3060.40454,3056.625
0.0,3060.39844,3056.75
0.0,3060.39209,3056.875
0.0,3060.38623,3057.0
0.0,3060.38086,3057.125
0.0,3060.37646,3057.25
0.0,3060.37207,3057.375
0.0,3060.36768,3057.5
0.0,3060.36279,3057.625
0.0,3060.35742,3057.75
0.0,3060.35205,3057.875
0.0,3060.34644,3058.0
0.0,3060.34106,3058.125
0.0,3060.33594,3058.25
0.0,3060.33105,3058.375
0.0,3060.32568,3058.5
0.0,3060.32031,3058.625
0.0,3060.31494,3058.75
0.0,3060.30908,3058.875
0.0,3060.3042,3059.0
0.0,3060.29907,3059.125
0.0,3060.29419,3059.25
0.0,3060.28955,3059.375
0.0,3060.28467,3059.5
0.0,3060.27905,3059.625
0.0,3060.27393,3059.75
0.0,3060.26831,3059.875
0.0,3060.26245,3060.0
0.0,3060.25684,3060.125
0.0,3060.25098,3060.25
0.0,3060.24585,3060.375
0.0,3060.24072,3060.5
0.0,3060.23584,3060.625
0.0,3060.23145,3060.75
0.0,3060.22656,3060.875
0.0,3060.22168,3061.0
0.0,3060.2168,3061.125
0.0,3060.21143,3061.25
0.0,3060.20605,3061.375
0.0,3060.20068,3061.5
0.0,3060.19531,3061.625
0.0,3060.19019,3061.75
0.0,3060.18555,3061.875
0.0,3060.18115,3062.0
0.0,3060.17627,3062.125
0.0,3060.17139,3062.25
0.0,3060.16602,3062.375
0.0,3060.15991,3062.5
0.0,3060.15381,3062.625
0.0,3060.14893,3062.75
0.0,3060.14404,3062.875
0.0,3060.14014,3063.0
0.0,3060.13574,3063.125
0.0,3060.13135,3063.25
0.0,3060.12646,3063.375
0.0,3060.12134,3063.5
0.0,3060.1167,3063.625
0.0,3060.11133,3063.75
0.0,3060.10645,3063.875
0.0,3060.10107,3064.0
0.0,3060.0957,3064.125
0.0,3060.09033,3064.25
0.0,3060.08496,3064.375
0.0,3060.08008,3064.5
0.0,3060.0752,3064.625
0.0,3060.06982,3064.75
0.0,3060.06445,3064.875
0.0,3060.05957,3065.0
0.0,3060.05469,3065.125
0.0,3060.04932,3065.25
0.0,3060.04468,3065.375
0.0,3060.03979,3065.5
0.0,3060.03491,3065.625
0.0,3060.02979,3065.75
0.0,3060.02441,3065.875
0.0,3060.0188,3066.0
0.0,3060.01294,3066.125
0.0,3060.00708,3066.25
0.0,3060.00146,3066.375
0.0,3059.99634,3066.5
0.0,3059.9917,3066.625
0.0,3059.98682,3066.75
0.0,3059.98218,3066.875
0.0,3059.97705,3067.0
0.0,3059.97168,3067.125
0.0,3059.96631,3067.25
0.0,3059.96143,3067.375
0.0,3059.95605,3067.5
0.0,3059.95117,3067.625
0.0,3059.94531,3067.75
0.0,3059.93994,3067.875
0.0,3059.93433,3068.0
0.0,3059.92871,3068.125
0.0,3059.92334,3068.25
0.0,3059.9187,3068.375
0.0,3059.91406,3068.5
0.0,3059.90918,3068.625
0.0,3059.9043,3068.75
0.0,3059.89941,3068.875
0.0,3059.89404,3069.0
0.0,3059.88867,3069.125
0.0,3059.88379,3069.25
0.0,3059.87817,3069.375
0.0,3059.87305,3069.5
0.0,3059.86768,3069.625
0.0,3059.8623,3069.75
0.0,3059.85693,3069.875
0.0,3059.85156,3070.0
0.0,3059.84619,3070.125
0.0,3059.84082,3070.25
0.0,3059.83545,3070.375
0.0,3059.83008,3070.5
0.0,3059.8252,3070.625
0.0,3059.82031,3070.75
0.0,3059.81567,3070.875
0.0,3059.81104,3071.0
0.0,3059.80615,3071.125
0.0,3059.80078,3071.25
0.0,3059.7959,3071.375
0.0,3059.79102,3071.5
0.0,3059.78564,3071.625
0.0,3059.78076,3071.75
0.0,3059.77515,3071.875
0.0,3059.77002,3072.0
0.0,3059.76489,3072.125
0.0,3059.75977,3072.25
0.0,3059.75488,3072.375
0.0,3059.75,3072.5
0.0,3059.74512,3072.625
0.0,3059.73975,3072.75
0.0,3059.73486,3072.875
0.0,3059.72949,3073.0
0.0,3059.72461,3073.125
0.0,3059.71948,3073.25
0.0,3059.71436,3073.375
0.0,3059.70947,3073.5
0.0,3059.70508,3073.625
0.0,3059.70068,3073.75
0.0,3059.69604,3073.875
0.0,3059.69092,3074.0
0.0,3059.68506,3074.125
0.0,3059.67896,3074.25
0.0,3059.67285,3074.375
0.0,3059.66699,3074.5
0.0,3059.66211,3074.625
0.0,3059.65723,3074.75
0.0,3059.65234,3074.875
0.0,3059.64746,3075.0
0.0,3059.64307,3075.125
0.0,3059.63794,3075.25
0.0,3059.63281,3075.375
0.0,3059.62744,3075.5
0.0,3059.62231,3075.625
0.0,3059.61719,3075.75
0.0,3059.61206,3075.875
0.0,3059.60742,3076.0
0.0,3059.60303,3076.125
0.0,3059.59888,3076.25
0.0,3059.59424,3076.375
0.0,3059.58936,3076.5
0.0,3059.5835,3076.625
0.0,3059.57812,3076.75
0.0,3059.57251,3076.875
0.0,3059.56714,3077.0
0.0,3059.56152,3077.125
0.0,3059.55664,3077.25
0.0,3059.55176,3077.375
0.0,3059.54639,3077.5
0.0,3059.54126,3077.625
0.0,3059.53613,3077.75
0.0,3059.53076,3077.875
0.0,3059.52563,3078.0
0.0,3059.521,3078.125
0.0,3059.51562,3078.25
0.0,3059.51074,3078.375
0.0,3059.50586,3078.5
0.0,3059.50098,3078.625
0.0,3059.49561,3078.75
0.0,3059.49072,3078.875
0.0,3059.48608,3079.0
0.0,3059.48145,3079.125
0.0,3059.47705,3079.25
0.0,3059.47217,3079.375
0.0,3059.46704,3079.5
0.0,3059.46143,3079.625
0.0,3059.45557,3079.75
0.0,3059.44971,3079.875
0.0,3059.44482,3080.0
0.0,3059.44019,3080.125
0.0,3059.43604,3080.25
0.0,3059.43115,3080.375
0.0,3059.42627,3080.5
0.0,3059.42114,3080.625
0.0,3059.41602,3080.75
0.0,3059.41064,3080.875
0.0,3059.40576,3081.0
0.0,3059.40161,3081.125
0.0,3059.39697,3081.25
0.0,3059.39209,3081.375
0.0,3059.38696,3081.5
0.0,3059.38135,3081.625
0.0,3059.37598,3081.75
0.0,3059.37061,3081.875
0.0,3059.36523,3082.0
0.0,3059.36035,3082.125
0.0,3059.35571,3082.25
0.0,3059.35107,3082.375
0.0,3059.34668,3082.5
0.0,3059.34204,3082.625
0.0,3059.3374,3082.75
0.0,3059.33252,3082.875
0.0,3059.32764,3083.0
0.0,3059.32251,3083.125
0.0,3059.31738,3083.25
0.0,3059.31201,3083.375
0.0,3059.30664,3083.5
0.0,3059.30176,3083.625
0.0,3059.29688,3083.75
0.0,3059.29248,3083.875
0.0,3059.28809,3084.0
0.0,3059.28369,3084.125
0.0,3059.27905,3084.25
0.0,3059.27393,3084.375
0.0,3059.26855,3084.5
0.0,3059.26318,3084.625
0.0,3059.25781,3084.75
0.0,3059.25317,3084.875
0.0,3059.24829,3085.0
0.0,3059.24365,3085.125
0.0,3059.23901,3085.25
0.0,3059.23438,3085.375
0.0,3059.22974,3085.5
0.0,3059.22461,3085.625
0.0,3059.21948,3085.75
0.0,3059.21387,3085.875
0.0,3059.2085,3086.0
0.0,3059.20337,3086.125
0.0,3059.19824,3086.25
0.0,3059.19409,3086.375
0.0,3059.1897,3086.5
0.0,3059.1853,3086.625
0.0,3059.18115,3086.75
0.0,3059.17676,3086.875
0.0,3059.17212,3087.0
0.0,3059.16748,3087.125
0.0,3059.16309,3087.25
0.0,3059.1582,3087.375
0.0,3059.15308,3087.5
0.0,3059.14795,3087.625
0.0,3059.14307,3087.75
0.0,3059.13818,3087.875
0.0,3059.13354,3088.0
0.0,3059.12891,3088.125
0.0,3059.12427,3088.25
0.0,3059.11914,3088.375
0.0,3059.11401,3088.5
0.0,3059.10889,3088.625
0.0,3059.10376,3088.75
0.0,3059.09912,3088.875
0.0,3059.09448,3089.0
0.0,3059.09033,3089.125
0.0,3059.08545,3089.25
0.0,3059.08032,3089.375
0.0,3059.0752,3089.5
0.0,3059.07007,3089.625
0.0,3059.06543,3089.75
0.0,3059.06079,3089.875
0.0,3059.05615,3090.0
0.0,3059.05176,3090.125
0.0,3059.04688,3090.25
0.0,3059.04199,3090.375
0.0,3059.03687,3090.5
0.0,3059.03174,3090.625
0.0,3059.02686,3090.75
0.0,3059.02222,3090.875
0.0,3059.01733,3091.0
0.0,3059.01245,3091.125
0.0,3059.00732,3091.25
0.0,3059.00244,3091.375
0.0,3058.99731,3091.5
0.0,3058.99243,3091.625
0.0,3058.98804,3091.75
0.0,3058.98291,3091.875
0.0,3058.97803,3092.0
0.0,3058.97363,3092.125
0.0,3058.96851,3092.25
0.0,3058.96362,3092.375
0.0,3058.9585,3092.5
0.0,3058.95361,3092.625
0.0,3058.94873,3092.75
0.0,3058.94336,3092.875
0.0,3058.93774,3093.0
0.0,3058.93213,3093.125
0.0,3058.92627,3093.25
0.0,3058.92041,3093.375
0.0,3058.91455,3093.5
0.0,3058.90967,3093.625
0.0,3058.90479,3093.75
0.0,3058.8999,3093.875
0.0,3058.89526,3094.0
0.0,3058.89038,3094.125
0.0,3058.88574,3094.25
0.0,3058.88086,3094.375
0.0,3058.87622,3094.5
0.0,3058.87109,3094.625
0.0,3058.86597,3094.75
0.0,3058.86084,3094.875
0.0,3058.85547,3095.0
0.0,3058.8501,3095.125
0.0,3058.84497,3095.25
0.0,3058.84033,3095.375
0.0,3058.83569,3095.5
0.0,3058.83154,3095.625
0.0,3058.82666,3095.75
0.0,3058.82178,3095.875
0.0,3058.81641,3096.0
0.0,3058.81055,3096.125
0.0,3058.80518,3096.25
0.0,3058.7998,3096.375
0.0,3058.79492,3096.5
0.0,3058.79053,3096.625
0.0,3058.78564,3096.75
0.0,3058.78052,3096.875
0.0,3058.77539,3097.0
0.0,3058.77002,3097.125
0.0,3058.76465,3097.25
0.0,3058.75928,3097.375
0.0,3058.75415,3097.5
0.0,3058.74902,3097.625
0.0,3058.74414,3097.75
0.0,3058.73926,3097.875
0.0,3058.73389,3098.0
0.0,3058.729,3098.125
0.0,3058.72363,3098.25
0.0,3058.71875,3098.375
0.0,3058.71313,3098.5
0.0,3058.70801,3098.625
0.0,3058.70312,3098.75
0.0,3058.69775,3098.875
0.0,3058.69263,3099.0
0.0,3058.6875,3099.125
0.0,3058.68213,3099.25
0.0,3058.67676,3099.375
0.0,3058.67163,3099.5
0.0,3058.66626,3099.625
0.0,3058.66138,3099.75
0.0,3058.65649,3099.875
0.0,3058.65186,3100.0
0.0,3058.64697,3100.125
0.0,3058.64209,3100.25
0.0,3058.63721,3100.375
0.0,3058.63232,3100.5
0.0,3058.62744,3100.625
0.0,3058.62231,3100.75
0.0,3058.61719,3100.875
0.0,3058.6123,3101.0
0.0,3058.60693,3101.125
0.0,3058.60205,3101.25
0.0,3058.59717,3101.375
0.0,3058.5918,3101.5
0.0,3058.58691,3101.625
0.0,3058.58154,3101.75
0.0,3058.57666,3101.875
0.0,3058.57104,3102.0
0.0,3058.56592,3102.125
0.0,3058.56055,3102.25
0.0,3058.55615,3102.375
0.0,3058.55151,3102.5
0.0,3058.54688,3102.625
0.0,3058.54175,3102.75
0.0,3058.53662,3102.875
0.0,3058.53101,3103.0
0.0,3058.52588,3103.125
0.0,3058.521,3103.25
0.0,3058.51611,3103.375
0.0,3058.51172,3103.5
0.0,3058.50708,3103.625
0.0,3058.5022,3103.75
0.0,3058.49707,3103.875
0.0,3058.4917,3104.0
0.0,3058.48608,3104.125
0.0,3058.48096,3104.25
0.0,3058.47607,3104.375
0.0,3058.47095,3104.5
0.0,3058.46631,3104.625
0.0,3058.46167,3104.75
0.0,3058.45654,3104.875
0.0,3058.45117,3105.0
0.0,3058.4458,3105.125
0.0,3058.44092,3105.25
0.0,3058.43604,3105.375
0.0,3058.43091,3105.5
0.0,3058.42529,3105.625
0.0,3058.41992,3105.75
0.0,3058.41406,3105.875
0.0,3058.40869,3106.0
0.0,3058.40332,3106.125
0.0,3058.39819,3106.25
0.0,3058.39258,3106.375
0.0,3058.38647,3106.5
0.0,3058.38037,3106.625
0.0,3058.37451,3106.75
0.0,3058.36914,3106.875
0.0,3058.36426,3107.0
0.0,3058.35938,3107.125
0.0,3058.354,3107.25
0.0,3058.34814,3107.375
0.0,3058.34229,3107.5
0.0,3058.33667,3107.625
0.0,3058.33105,3107.75
0.0,3058.32568,3107.875
0.0,3058.32031,3108.0
0.0,3058.31445,3108.125
0.0,3058.30908,3108.25
0.0,3058.30371,3108.375
0.0,3058.29834,3108.5
0.0,3058.29346,3108.625
0.0,3058.28906,3108.75
0.0,3058.28467,3108.875
0.0,3058.28125,3109.0
0.0,3058.2793,3109.125
0.0,3058.27954,3109.25
0.0,3058.28223,3109.375
0.0,3058.2876,3109.5
0.0,3058.2959,3109.625
0.0,3058.3064,3109.75
0.0,3058.31787,3109.875
0.0,3058.3291,3110.0
0.0,3058.33887,3110.125
0.0,3058.34521,3110.25
0.0,3058.3479,3110.375
0.0,3058.34766,3110.5
0.0,3058.34521,3110.625
0.0,3058.34204,3110.75
0.0,3058.33887,3110.875
0.0,3058.33496,3111.0
0.0,3058.33032,3111.125
0.0,3058.32568,3111.25
0.0,3058.31982,3111.375
0.0,3058.31396,3111.5
0.0,3058.30737,3111.625
0.0,3058.30078,3111.75
0.0,3058.29443,3111.875
0.0,3058.28906,3112.0
0.0,3058.2832,3112.125
0.0,3058.27783,3112.25
0.0,3058.27246,3112.375
0.0,3058.26782,3112.5
0.0,3058.2627,3112.625
0.0,3058.25781,3112.75
0.0,3058.25293,3112.875
0.0,3058.24805,3113.0
0.0,3058.24292,3113.125
0.0,3058.23682,3113.25
0.0,3058.23047,3113.375
0.0,3058.22339,3113.5
0.0,3058.21655,3113.625
0.0,3058.20947,3113.75
0.0,3058.20361,3113.875
0.0,3058.198,3114.0
0.0,3058.19287,3114.125
0.0,3058.18848,3114.25
0.0,3058.18384,3114.375
0.0,3058.1792,3114.5
0.0,3058.17432,3114.625
0.0,3058.16895,3114.75
0.0,3058.16357,3114.875
0.0,3058.15796,3115.0
0.0,3058.15186,3115.125
0.0,3058.14478,3115.25
0.0,3058.13794,3115.375
0.0,3058.1311,3115.5
0.0,3058.125,3115.625
0.0,3058.11938,3115.75
0.0,3058.11426,3115.875
0.0,3058.10986,3116.0
0.0,3058.10547,3116.125
0.0,3058.10059,3116.25
0.0,3058.0957,3116.375
0.0,3058.09082,3116.5
0.0,3058.08521,3116.625
0.0,3058.0791,3116.75
0.0,3058.07324,3116.875
0.0,3058.06689,3117.0
0.0,3058.06006,3117.125
0.0,3058.05371,3117.25
0.0,3058.04712,3117.375
0.0,3058.04077,3117.5
0.0,3058.03467,3117.625
0.0,3058.02979,3117.75
0.0,3058.02466,3117.875
0.0,3058.02002,3118.0
0.0,3058.01514,3118.125
0.0,3058.01025,3118.25
0.0,3058.00537,3118.375
0.0,3058.0,3118.5
0.0,3057.99438,3118.625
0.0,3057.98828,3118.75
0.0,3057.98218,3118.875
0.0,3057.97607,3119.0
0.0,3057.97021,3119.125
0.0,3057.9646,3119.25
0.0,3057.95947,3119.375
0.0,3057.95386,3119.5
0.0,3057.94873,3119.625
0.0,3057.94287,3119.75
0.0,3057.93701,3119.875
0.0,3057.93213,3120.0
0.0,3057.92725,3120.125
0.0,3057.92236,3120.25
0.0,3057.91748,3120.375
0.0,3057.91284,3120.5
0.0,3057.90723,3120.625
0.0,3057.90137,3120.75
0.0,3057.89502,3120.875
0.0,3057.88867,3121.0
0.0,3057.88208,3121.125
0.0,3057.87598,3121.25
0.0,3057.87085,3121.375
0.0,3057.86621,3121.5
0.0,3057.86206,3121.625
0.0,3057.85791,3121.75
0.0,3057.85303,3121.875
0.0,3057.84766,3122.0
0.0,3057.84229,3122.125
0.0,3057.83667,3122.25
0.0,3057.83081,3122.375
0.0,3057.82495,3122.5
0.0,3057.81934,3122.625
0.0,3057.81396,3122.75
0.0,3057.80884,3122.875
0.0,3057.80371,3123.0
0.0,3057.79834,3123.125
0.0,3057.79321,3123.25
0.0,3057.78809,3123.375
0.0,3057.7832,3123.5
0.0,3057.77832,3123.625
0.0,3057.77344,3123.75
0.0,3057.76855,3123.875
0.0,3057.76318,3124.0
0.0,3057.75781,3124.125
0.0,3057.75244,3124.25
0.0,3057.74658,3124.375
0.0,3057.74121,3124.5
0.0,3057.73535,3124.625
0.0,3057.72949,3124.75
0.0,3057.72363,3124.875
0.0,3057.71777,3125.0
0.0,3057.71289,3125.125
0.0,3057.70801,3125.25
0.0,3057.70459,3125.375
0.0,3057.70068,3125.5
0.0,3057.69653,3125.625
0.0,3057.69092,3125.75
0.0,3057.68506,3125.875
0.0,3057.67847,3126.0
0.0,3057.67188,3126.125
0.0,3057.66602,3126.25
0.0,3057.66064,3126.375
0.0,3057.65552,3126.5
0.0,3057.65039,3126.625
0.0,3057.64502,3126.75
0.0,3057.64014,3126.875
0.0,3057.6355,3127.0
0.0,3057.63086,3127.125
0.0,3057.62622,3127.25
0.0,3057.62134,3127.375
0.0,3057.6167,3127.5
0.0,3057.6123,3127.625
0.0,3057.60742,3127.75
0.0,3057.60254,3127.875
0.0,3057.59668,3128.0
0.0,3057.59058,3128.125
0.0,3057.58398,3128.25
0.0,3057.57764,3128.375
0.0,3057.57178,3128.5
0.0,3057.56616,3128.625
0.0,3057.56104,3128.75
0.0,3057.55664,3128.875
0.0,3057.55273,3129.0
0.0,3057.5481,3129.125
0.0,3057.54297,3129.25
0.0,3057.53833,3129.375
0.0,3057.53223,3129.5
0.0,3057.52637,3129.625
0.0,3057.52051,3129.75
0.0,3057.5144,3129.875
0.0,3057.50879,3130.0
0.0,3057.50366,3130.125
0.0,3057.49854,3130.25
0.0,3057.49341,3130.375
0.0,3057.48804,3130.5
0.0,3057.4834,3130.625
0.0,3057.47852,3130.75
0.0,3057.47388,3130.875
0.0,3057.46924,3131.0
0.0,3057.46387,3131.125
0.0,3057.45801,3131.25
0.0,3057.45215,3131.375
0.0,3057.44604,3131.5
0.0,3057.43994,3131.625
0.0,3057.43408,3131.75
0.0,3057.42871,3131.875
0.0,3057.42334,3132.0
0.0,3057.41797,3132.125
0.0,3057.41333,3132.25
0.0,3057.40869,3132.375
0.0,3057.40381,3132.5
0.0,3057.39941,3132.625
0.0,3057.39478,3132.75
0.0,3057.39014,3132.875
0.0,3057.38525,3133.0
0.0,3057.37988,3133.125
0.0,3057.37451,3133.25
0.0,3057.36865,3133.375
0.0,3057.3623,3133.5
0.0,3057.35669,3133.625
0.0,3057.35107,3133.75
0.0,3057.34595,3133.875
0.0,3057.34082,3134.0
0.0,3057.33594,3134.125
0.0,3057.33105,3134.25
0.0,3057.32642,3134.375
0.0,3057.32129,3134.5
0.0,3057.31665,3134.625
0.0,3057.31152,3134.75
0.0,3057.30615,3134.875
0.0,3057.30078,3135.0
0.0,3057.29614,3135.125
0.0,3057.29126,3135.25
0.0,3057.28638,3135.375
0.0,3057.28125,3135.5
0.0,3057.27539,3135.625
0.0,3057.27002,3135.75
0.0,3057.26416,3135.875
0.0,3057.25903,3136.0
0.0,3057.25391,3136.125
0.0,3057.24902,3136.25
0.0,3057.24463,3136.375
0.0,3057.24048,3136.5
0.0,3057.23608,3136.625
0.0,3057.2312,3136.75
0.0,3057.22607,3136.875
0.0,3057.22021,3137.0
0.0,3057.21411,3137.125
0.0,3057.20776,3137.25
0.0,3057.20142,3137.375
0.0,3057.19531,3137.5
0.0,3057.18921,3137.625
0.0,3057.18335,3137.75
0.0,3057.17822,3137.875
0.0,3057.17383,3138.0
0.0,3057.16919,3138.125
0.0,3057.16479,3138.25
0.0,3057.1604,3138.375
0.0,3057.15552,3138.5
0.0,3057.15063,3138.625
0.0,3057.14551,3138.75
0.0,3057.14014,3138.875
0.0,3057.13477,3139.0
0.0,3057.12939,3139.125
0.0,3057.12402,3139.25
0.0,3057.11914,3139.375
0.0,3057.11377,3139.5
0.0,3057.1084,3139.625
0.0,3057.10352,3139.75
0.0,3057.09839,3139.875
0.0,3057.09302,3140.0
0.0,3057.08789,3140.125
0.0,3057.08252,3140.25
0.0,3057.07666,3140.375
0.0,3057.0708,3140.5
0.0,3057.06494,3140.625
0.0,3057.05957,3140.75
0.0,3057.05469,3140.875
0.0,3057.04932,3141.0
0.0,3057.04443,3141.125
0.0,3057.03955,3141.25
0.0,3057.03516,3141.375
0.0,3057.03076,3141.5
0.0,3057.02637,3141.625
0.0,3057.02197,3141.75
0.0,3057.01758,3141.875
0.0,3057.01318,3142.0
0.0,3057.0083,3142.125
0.0,3057.00342,3142.25
0.0,3056.99829,3142.375
0.0,3056.99292,3142.5
0.0,3056.98755,3142.625
0.0,3056.98193,3142.75
0.0,3056.97656,3142.875
0.0,3056.97168,3143.0
0.0,3056.96655,3143.125
0.0,3056.96191,3143.25
0.0,3056.95728,3143.375
0.0,3056.95215,3143.5
0.0,3056.94775,3143.625
0.0,3056.94287,3143.75
0.0,3056.93896,3143.875
0.0,3056.93457,3144.0
0.0,3056.93018,3144.125
0.0,3056.92529,3144.25
0.0,3056.91992,3144.375
0.0,3056.91406,3144.5
0.0,3056.9082,3144.625
0.0,3056.90283,3144.75
0.0,3056.89746,3144.875
0.0,3056.89258,3145.0
0.0,3056.88818,3145.125
0.0,3056.88403,3145.25
0.0,3056.87988,3145.375
0.0,3056.87549,3145.5
0.0,3056.87109,3145.625
0.0,3056.8667,3145.75
0.0,3056.86182,3145.875
0.0,3056.85693,3146.0
0.0,3056.85181,3146.125
0.0,3056.84668,3146.25
0.0,3056.84131,3146.375
0.0,3056.83643,3146.5
0.0,3056.8313,3146.625
0.0,3056.82617,3146.75
0.0,3056.82178,3146.875
0.0,3056.81689,3147.0
0.0,3056.81201,3147.125
0.0,3056.80713,3147.25
0.0,3056.80273,3147.375
0.0,3056.79858,3147.5
0.0,3056.79395,3147.625
0.0,3056.78955,3147.75
0.0,3056.78467,3147.875
0.0,3056.77979,3148.0
0.0,3056.7749,3148.125
0.0,3056.76953,3148.25
0.0,3056.7644,3148.375
0.0,3056.75879,3148.5
0.0,3056.75366,3148.625
0.0,3056.74854,3148.75
0.0,3056.74414,3148.875
0.0,3056.74023,3149.0
0.0,3056.73633,3149.125
0.0,3056.73193,3149.25
0.0,3056.72729,3149.375
0.0,3056.72217,3149.5
0.0,3056.7168,3149.625
0.0,3056.71143,3149.75
0.0,3056.7063,3149.875
0.0,3056.70166,3150.0
0.0,3056.69678,3150.125
0.0,3056.69238,3150.25
0.0,3056.6875,3150.375
0.0,3056.68311,3150.5
0.0,3056.67822,3150.625
0.0,3056.67358,3150.75
0.0,3056.66895,3150.875
0.0,3056.66406,3151.0
0.0,3056.65967,3151.125
0.0,3056.65479,3151.25
0.0,3056.65039,3151.375
0.0,3056.64526,3151.5
0.0,3056.64014,3151.625
0.0,3056.63525,3151.75
0.0,3056.63037,3151.875
0.0,3056.62598,3152.0
0.0,3056.62158,3152.125
0.0,3056.61743,3152.25
0.0,3056.61279,3152.375
0.0,3056.60791,3152.5
0.0,3056.60327,3152.625
0.0,3056.59863,3152.75
0.0,3056.59424,3152.875
0.0,3056.58984,3153.0
0.0,3056.58496,3153.125
0.0,3056.58008,3153.25
0.0,3056.57471,3153.375
0.0,3056.56982,3153.5
0.0,3056.56494,3153.625
0.0,3056.56006,3153.75
0.0,3056.55566,3153.875
0.0,3056.55078,3154.0
0.0,3056.54541,3154.125
0.0,3056.54053,3154.25
0.0,3056.53564,3154.375
0.0,3056.53125,3154.5
0.0,3056.52661,3154.625
0.0,3056.52197,3154.75
0.0,3056.51709,3154.875
0.0,3056.51221,3155.0
0.0,3056.50732,3155.125
0.0,3056.50244,3155.25
0.0,3056.49756,3155.375
0.0,3056.49268,3155.5
0.0,3056.48682,3155.625
0.0,3056.48145,3155.75
0.0,3056.47656,3155.875
0.0,3056.47119,3156.0
0.0,3056.4668,3156.125
0.0,3056.46265,3156.25
0.0,3056.45801,3156.375
0.0,3056.45312,3156.5
0.0,3056.44824,3156.625
0.0,3056.44312,3156.75
0.0,3056.43848,3156.875
0.0,3056.43384,3157.0
0.0,3056.42896,3157.125
0.0,3056.42407,3157.25
0.0,3056.41943,3157.375
0.0,3056.41431,3157.5
0.0,3056.40942,3157.625
0.0,3056.40503,3157.75
0.0,3056.40039,3157.875
0.0,3056.396,3158.0
0.0,3056.39111,3158.125
0.0,3056.38672,3158.25
0.0,3056.38232,3158.375
0.0,3056.37793,3158.5
0.0,3056.37305,3158.625
0.0,3056.36768,3158.75
0.0,3056.36206,3158.875
0.0,3056.35645,3159.0
0.0,3056.35107,3159.125
0.0,3056.34668,3159.25
0.0,3056.34229,3159.375
0.0,3056.33838,3159.5
0.0,3056.33398,3159.625
0.0,3056.32935,3159.75
0.0,3056.32422,3159.875
0.0,3056.31885,3160.0
0.0,3056.31396,3160.125
0.0,3056.30908,3160.25
0.0,3056.30469,3160.375
0.0,3056.30029,3160.5
0.0,3056.2959,3160.625
0.0,3056.29102,3160.75
0.0,3056.28589,3160.875
0.0,3056.28125,3161.0
0.0,3056.27637,3161.125
0.0,3056.27148,3161.25
0.0,3056.2666,3161.375
0.0,3056.26221,3161.5
0.0,3056.25781,3161.625
0.0,3056.25342,3161.75
0.0,3056.24854,3161.875
0.0,3056.24414,3162.0
0.0,3056.23926,3162.125
0.0,3056.23389,3162.25
0.0,3056.22852,3162.375
0.0,3056.22314,3162.5
0.0,3056.21802,3162.625
0.0,3056.21338,3162.75
0.0,3056.20825,3162.875
0.0,3056.20361,3163.0
0.0,3056.19922,3163.125
0.0,3056.19482,3163.25
0.0,3056.18994,3163.375
0.0,3056.1853,3163.5
0.0,3056.18066,3163.625
0.0,3056.17578,3163.75
0.0,3056.1709,3163.875
0.0,3056.16602,3164.0
0.0,3056.16113,3164.125
0.0,3056.15649,3164.25
0.0,3056.15186,3164.375
0.0,3056.14673,3164.5
0.0,3056.1416,3164.625
0.0,3056.13623,3164.75
0.0,3056.13135,3164.875
0.0,3056.12598,3165.0
0.0,3056.12061,3165.125
0.0,3056.11572,3165.25
0.0,3056.11133,3165.375
0.0,3056.10669,3165.5
0.0,3056.10205,3165.625
0.0,3056.09766,3165.75
0.0,3056.09277,3165.875
0.0,3056.08813,3166.0
0.0,3056.0835,3166.125
0.0,3056.07886,3166.25
0.0,3056.07397,3166.375
0.0,3056.0686,3166.5
0.0,3056.06299,3166.625
0.0,3056.05762,3166.75
0.0,3056.05249,3166.875
0.0,3056.04785,3167.0
0.0,3056.04297,3167.125
0.0,3056.03833,3167.25
0.0,3056.03369,3167.375
0.0,3056.0293,3167.5
0.0,3056.0249,3167.625
0.0,3056.02075,3167.75
0.0,3056.01636,3167.875
0.0,3056.01172,3168.0
0.0,3056.00684,3168.125
0.0,3056.00122,3168.25
0.0,3055.99609,3168.375
0.0,3055.99121,3168.5
0.0,3055.98633,3168.625
0.0,3055.98193,3168.75
0.0,3055.97729,3168.875
0.0,3055.97266,3169.0
0.0,3055.96802,3169.125
0.0,3055.96289,3169.25
0.0,3055.95752,3169.375
0.0,3055.95166,3169.5
0.0,3055.94678,3169.625
0.0,3055.94189,3169.75
0.0,3055.93799,3169.875
0.0,3055.93384,3170.0
0.0,3055.92969,3170.125
0.0,3055.9248,3170.25
0.0,3055.91943,3170.375
0.0,3055.91406,3170.5
0.0,3055.90845,3170.625
0.0,3055.90356,3170.75
0.0,3055.89893,3170.875
0.0,3055.89502,3171.0
0.0,3055.89062,3171.125
0.0,3055.88623,3171.25
0.0,3055.88159,3171.375
0.0,3055.87695,3171.5
0.0,3055.87207,3171.625
0.0,3055.86694,3171.75
0.0,3055.8623,3171.875
0.0,3055.85767,3172.0
0.0,3055.85303,3172.125
0.0,3055.84814,3172.25
0.0,3055.84326,3172.375
0.0,3055.83838,3172.5
0.0,3055.83398,3172.625
0.0,3055.82959,3172.75
0.0,3055.8252,3172.875
0.0,3055.82056,3173.0
0.0,3055.81567,3173.125
0.0,3055.81104,3173.25
0.0,3055.80615,3173.375
0.0,3055.80151,3173.5
0.0,3055.79639,3173.625
0.0,3055.79102,3173.75
0.0,3055.78564,3173.875
0.0,3055.78076,3174.0
0.0,3055.77637,3174.125
0.0,3055.77246,3174.25
0.0,3055.76807,3174.375
0.0,3055.76367,3174.5
0.0,3055.75879,3174.625
0.0,3055.75391,3174.75
0.0,3055.74902,3174.875
0.0,3055.74438,3175.0
0.0,3055.73975,3175.125
0.0,3055.73535,3175.25
0.0,3055.73047,3175.375
0.0,3055.7251,3175.5
0.0,3055.71997,3175.625
0.0,3055.71484,3175.75
0.0,3055.70996,3175.875
0.0,3055.70557,3176.0
0.0,3055.70117,3176.125
0.0,3055.69702,3176.25
0.0,3055.69263,3176.375
0.0,3055.68823,3176.5
0.0,3055.68359,3176.625
0.0,3055.6792,3176.75
0.0,3055.67456,3176.875
0.0,3055.66968,3177.0
0.0,3055.66431,3177.125
0.0,3055.65918,3177.25
0.0,3055.65381,3177.375
0.0,3055.64844,3177.5
0.0,3055.64282,3177.625
0.0,3055.63721,3177.75
0.0,3055.63135,3177.875
0.0,3055.62524,3178.0
0.0,3055.61914,3178.125
0.0,3055.61353,3178.25
0.0,3055.60815,3178.375
0.0,3055.60278,3178.5
0.0,3055.59741,3178.625
0.0,3055.59204,3178.75
0.0,3055.58643,3178.875
0.0,3055.58154,3179.0
0.0,3055.57715,3179.125
0.0,3055.57275,3179.25
0.0,3055.5686,3179.375
0.0,3055.56445,3179.5
0.0,3055.5603,3179.625
0.0,3055.55542,3179.75
0.0,3055.55029,3179.875
0.0,3055.54492,3180.0
0.0,3055.53906,3180.125
0.0,3055.53394,3180.25
0.0,3055.52881,3180.375
0.0,3055.52441,3180.5
0.0,3055.52002,3180.625
0.0,3055.51514,3180.75
0.0,3055.51025,3180.875
0.0,3055.50537,3181.0
0.0,3055.5,3181.125
0.0,3055.49512,3181.25
0.0,3055.49048,3181.375
0.0,3055.48633,3181.5
0.0,3055.48193,3181.625
0.0,3055.47705,3181.75
0.0,3055.47192,3181.875
0.0,3055.46631,3182.0
0.0,3055.46045,3182.125
0.0,3055.45459,3182.25
0.0,3055.44922,3182.375
0.0,3055.44434,3182.5
0.0,3055.43945,3182.625
0.0,3055.43506,3182.75
0.0,3055.43066,3182.875
0.0,3055.42651,3183.0
0.0,3055.42212,3183.125
0.0,3055.41748,3183.25
0.0,3055.41284,3183.375
0.0,3055.40771,3183.5
0.0,3055.40259,3183.625
0.0,3055.39746,3183.75
0.0,3055.39233,3183.875
0.0,3055.3877,3184.0
0.0,3055.3833,3184.125
0.0,3055.37915,3184.25
0.0,3055.37451,3184.375
0.0,3055.37012,3184.5
0.0,3055.36523,3184.625
0.0,3055.36035,3184.75
0.0,3055.35571,3184.875
0.0,3055.35107,3185.0
0.0,3055.3457,3185.125
0.0,3055.34058,3185.25
0.0,3055.33545,3185.375
0.0,3055.33057,3185.5
0.0,3055.32617,3185.625
0.0,3055.32178,3185.75
0.0,3055.31738,3185.875
0.0,3055.31299,3186.0
0.0,3055.30811,3186.125
0.0,3055.30322,3186.25
0.0,3055.29834,3186.375
0.0,3055.29395,3186.5
0.0,3055.28906,3186.625
0.0,3055.28516,3186.75
0.0,3055.28076,3186.875
0.0,3055.27637,3187.0
0.0,3055.27197,3187.125
0.0,3055.26709,3187.25
0.0,3055.26245,3187.375
0.0,3055.25732,3187.5
0.0,3055.2522,3187.625
0.0,3055.24707,3187.75
0.0,3055.24219,3187.875
0.0,3055.23779,3188.0
0.0,3055.2334,3188.125
0.0,3055.229,3188.25
0.0,3055.22461,3188.375
0.0,3055.21973,3188.5
0.0,3055.21387,3188.625
0.0,3055.20874,3188.75
0.0,3055.20361,3188.875
0.0,3055.19922,3189.0
0.0,3055.19507,3189.125
0.0,3055.19092,3189.25
0.0,3055.18677,3189.375
0.0,3055.18213,3189.5
0.0,3055.17822,3189.625
0.0,3055.17334,3189.75
0.0,3055.16821,3189.875
0.0,3055.16284,3190.0
0.0,3055.15723,3190.125
0.0,3055.15137,3190.25
0.0,3055.146,3190.375
0.0,3055.14111,3190.5
0.0,3055.13647,3190.625
0.0,3055.13184,3190.75
0.0,3055.12793,3190.875
0.0,3055.12402,3191.0
0.0,3055.11963,3191.125
0.0,3055.11499,3191.25
0.0,3055.11035,3191.375
0.0,3055.10547,3191.5
0.0,3055.10059,3191.625
0.0,3055.0957,3191.75
0.0,3055.09106,3191.875
0.0,3055.08594,3192.0
0.0,3055.08105,3192.125
0.0,3055.07617,3192.25
0.0,3055.07153,3192.375
0.0,3055.06689,3192.5
0.0,3055.06201,3192.625
0.0,3055.05713,3192.75
0.0,3055.05176,3192.875
0.0,3055.04663,3193.0
0.0,3055.04175,3193.125
0.0,3055.03711,3193.25
0.0,3055.03271,3193.375
0.0,3055.02832,3193.5
0.0,3055.02344,3193.625
0.0,3055.01855,3193.75
0.0,3055.01367,3193.875
0.0,3055.00928,3194.0
0.0,3055.00488,3194.125
0.0,3055.00049,3194.25
0.0,3054.99609,3194.375
0.0,3054.9917,3194.5
0.0,3054.9873,3194.625
0.0,3054.98242,3194.75
0.0,3054.97754,3194.875
0.0,3054.97314,3195.0
0.0,3054.96875,3195.125
0.0,3054.96411,3195.25
0.0,3054.95947,3195.375
0.0,3054.95459,3195.5
0.0,3054.94922,3195.625
0.0,3054.94434,3195.75
0.0,3054.93896,3195.875
0.0,3054.93359,3196.0
0.0,3054.92847,3196.125
0.0,3054.92334,3196.25
0.0,3054.91821,3196.375
0.0,3054.91357,3196.5
0.0,3054.90894,3196.625
0.0,3054.9043,3196.75
0.0,3054.89941,3196.875
0.0,3054.89355,3197.0
0.0,3054.8877,3197.125
0.0,3054.88159,3197.25
0.0,3054.87646,3197.375
0.0,3054.87183,3197.5
0.0,3054.86719,3197.625
0.0,3054.86279,3197.75
0.0,3054.85791,3197.875
0.0,3054.85254,3198.0
0.0,3054.84717,3198.125
0.0,3054.8418,3198.25
0.0,3054.83667,3198.375
0.0,3054.83203,3198.5
0.0,3054.82739,3198.625
0.0,3054.82275,3198.75
0.0,3054.81812,3198.875
0.0,3054.81299,3199.0
0.0,3054.80786,3199.125
0.0,3054.80273,3199.25
0.0,3054.79761,3199.375
0.0,3054.79248,3199.5
0.0,3054.7876,3199.625
0.0,3054.78247,3199.75
0.0,3054.77734,3199.875
0.0,3054.77246,3200.0
0.0,3054.76807,3200.125
0.0,3054.76343,3200.25
0.0,3054.75928,3200.375
0.0,3054.75464,3200.5
0.0,3054.74951,3200.625
0.0,3054.7439,3200.75
0.0,3054.73828,3200.875
0.0,3054.7334,3201.0
0.0,3054.72876,3201.125
0.0,3054.72437,3201.25
0.0,3054.72021,3201.375
0.0,3054.71509,3201.5
0.0,3054.70996,3201.625
0.0,3054.70459,3201.75
0.0,3054.69971,3201.875
0.0,3054.69507,3202.0
0.0,3054.69043,3202.125
0.0,3054.68604,3202.25
0.0,3054.68188,3202.375
0.0,3054.67725,3202.5
0.0,3054.67188,3202.625
0.0,3054.6665,3202.75
0.0,3054.66113,3202.875
0.0,3054.65552,3203.0
0.0,3054.65088,3203.125
0.0,3054.646,3203.25
0.0,3054.64111,3203.375
0.0,3054.63647,3203.5
0.0,3054.63184,3203.625
0.0,3054.6272,3203.75
0.0,3054.62256,3203.875
0.0,3054.61743,3204.0
0.0,3054.61279,3204.125
0.0,3054.60742,3204.25
0.0,3054.60254,3204.375
0.0,3054.59766,3204.5
0.0,3054.59277,3204.625
0.0,3054.58789,3204.75
0.0,3054.58252,3204.875
0.0,3054.57739,3205.0
0.0,3054.57227,3205.125
0.0,3054.56738,3205.25
0.0,3054.56201,3205.375
0.0,3054.55713,3205.5
0.0,3054.552,3205.625
0.0,3054.54736,3205.75
0.0,3054.54248,3205.875
0.0,3054.5376,3206.0
0.0,3054.53271,3206.125
0.0,3054.52783,3206.25
0.0,3054.52344,3206.375
0.0,3054.51904,3206.5
0.0,3054.51465,3206.625
0.0,3054.51025,3206.75
0.0,3054.50537,3206.875
0.0,3054.5,3207.0
0.0,3054.49414,3207.125
0.0,3054.48901,3207.25
0.0,3054.48438,3207.375
0.0,3054.48022,3207.5
0.0,3054.47607,3207.625
0.0,3054.47217,3207.75
0.0,3054.46729,3207.875
0.0,3054.4624,3208.0
0.0,3054.45703,3208.125
0.0,3054.45215,3208.25
0.0,3054.44702,3208.375
0.0,3054.44238,3208.5
0.0,3054.43799,3208.625
0.0,3054.43359,3208.75
0.0,3054.4292,3208.875
0.0,3054.42432,3209.0
0.0,3054.42017,3209.125
0.0,3054.41577,3209.25
0.0,3054.41113,3209.375
0.0,3054.40674,3209.5
0.0,3054.40137,3209.625
0.0,3054.39648,3209.75
0.0,3054.39087,3209.875
0.0,3054.38574,3210.0
0.0,3054.38086,3210.125
0.0,3054.37646,3210.25
0.0,3054.37183,3210.375
0.0,3054.36719,3210.5
0.0,3054.36279,3210.625
0.0,3054.35791,3210.75
0.0,3054.35303,3210.875
0.0,3054.34814,3211.0
0.0,3054.34375,3211.125
0.0,3054.33887,3211.25
0.0,3054.33423,3211.375
0.0,3054.32959,3211.5
0.0,3054.32471,3211.625
0.0,3054.31982,3211.75
0.0,3054.31519,3211.875
0.0,3054.31006,3212.0
0.0,3054.30518,3212.125
0.0,3054.30029,3212.25
0.0,3054.29565,3212.375
0.0,3054.29102,3212.5
0.0,3054.28687,3212.625
0.0,3054.28247,3212.75
0.0,3054.27734,3212.875
0.0,3054.27246,3213.0
0.0,3054.26709,3213.125
0.0,3054.26221,3213.25
0.0,3054.25732,3213.375
0.0,3054.25244,3213.5
0.0,3054.2478,3213.625
0.0,3054.24292,3213.75
0.0,3054.23779,3213.875
0.0,3054.23291,3214.0
0.0,3054.22778,3214.125
0.0,3054.22266,3214.25
0.0,3054.21753,3214.375
0.0,3054.2124,3214.5
0.0,3054.20752,3214.625
0.0,3054.20215,3214.75
0.0,3054.19751,3214.875
0.0,3054.19287,3215.0
0.0,3054.18848,3215.125
0.0,3054.18408,3215.25
0.0,3054.17969,3215.375
0.0,3054.17505,3215.5
0.0,3054.17017,3215.625
0.0,3054.16504,3215.75
0.0,3054.1604,3215.875
0.0,3054.15576,3216.0
0.0,3054.15088,3216.125
0.0,3054.14551,3216.25
0.0,3054.14014,3216.375
0.0,3054.13501,3216.5
0.0,3054.12988,3216.625
0.0,3054.12549,3216.75
0.0,3054.12061,3216.875
0.0,3054.11621,3217.0
0.0,3054.11133,3217.125
0.0,3054.1062,3217.25
0.0,3054.10107,3217.375
0.0,3054.09619,3217.5
0.0,3054.09131,3217.625
0.0,3054.08618,3217.75
0.0,3054.0813,3217.875
0.0,3054.07617,3218.0
0.0,3054.07129,3218.125
0.0,3054.06641,3218.25
0.0,3054.06201,3218.375
0.0,3054.05713,3218.5
0.0,3054.05225,3218.625
0.0,3054.04785,3218.75
0.0,3054.04346,3218.875
0.0,3054.03906,3219.0
0.0,3054.03442,3219.125
0.0,3054.03003,3219.25
0.0,3054.0249,3219.375
0.0,3054.02002,3219.5
0.0,3054.01562,3219.625
0.0,3054.01099,3219.75
0.0,3054.00659,3219.875
0.0,3054.00195,3220.0
0.0,3053.99756,3220.125
0.0,3053.99292,3220.25
0.0,3053.98804,3220.375
0.0,3053.9834,3220.5
0.0,3053.97852,3220.625
0.0,3053.97363,3220.75
0.0,3053.96875,3220.875
0.0,3053.96387,3221.0
0.0,3053.95923,3221.125
0.0,3053.9541,3221.25
0.0,3053.94922,3221.375
0.0,3053.94385,3221.5
0.0,3053.93848,3221.625
0.0,3053.93335,3221.75
0.0,3053.92822,3221.875
0.0,3053.9231,3222.0
0.0,3053.91821,3222.125
0.0,3053.91357,3222.25
0.0,3053.90918,3222.375
0.0,3053.90479,3222.5
0.0,3053.90015,3222.625
0.0,3053.89551,3222.75
0.0,3053.89014,3222.875
0.0,3053.88525,3223.0
0.0,3053.87988,3223.125
0.0,3053.87451,3223.25
0.0,3053.86938,3223.375
0.0,3053.86377,3223.5
0.0,3053.85889,3223.625
0.0,3053.854,3223.75
0.0,3053.84863,3223.875
0.0,3053.84375,3224.0
0.0,3053.83838,3224.125
0.0,3053.8335,3224.25
0.0,3053.82861,3224.375
0.0,3053.82446,3224.5
0.0,3053.81982,3224.625
0.0,3053.8147,3224.75
0.0,3053.80908,3224.875
0.0,3053.80322,3225.0
0.0,3053.7981,3225.125
0.0,3053.79272,3225.25
0.0,3053.7876,3225.375
0.0,3053.78271,3225.5
0.0,3053.77783,3225.625
0.0,3053.77295,3225.75
0.0,3053.76807,3225.875
0.0,3053.76343,3226.0
0.0,3053.75854,3226.125
0.0,3053.75342,3226.25
0.0,3053.74805,3226.375
0.0,3053.74268,3226.5
0.0,3053.7373,3226.625
0.0,3053.73193,3226.75
0.0,3053.72656,3226.875
0.0,3053.72119,3227.0
0.0,3053.71533,3227.125
0.0,3053.70923,3227.25
0.0,3053.70312,3227.375
0.0,3053.69824,3227.5
0.0,3053.6936,3227.625
0.0,3053.68896,3227.75
0.0,3053.68457,3227.875
0.0,3053.67969,3228.0
0.0,3053.67432,3228.125
0.0,3053.66895,3228.25
0.0,3053.66357,3228.375
0.0,3053.65845,3228.5
0.0,3053.65332,3228.625
0.0,3053.64819,3228.75
0.0,3053.64282,3228.875
0.0,3053.63721,3229.0
0.0,3053.63184,3229.125
0.0,3053.62695,3229.25
0.0,3053.62256,3229.375
0.0,3053.61816,3229.5
0.0,3053.61328,3229.625
0.0,3053.6084,3229.75
0.0,3053.60303,3229.875
0.0,3053.59766,3230.0
0.0,3053.59229,3230.125
0.0,3053.5874,3230.25
0.0,3053.58203,3230.375
0.0,3053.5769,3230.5
0.0,3053.57202,3230.625
0.0,3053.56738,3230.75
0.0,3053.56226,3230.875
0.0,3053.55737,3231.0
0.0,3053.55225,3231.125
0.0,3053.54688,3231.25
0.0,3053.54175,3231.375
0.0,3053.53638,3231.5
0.0,3053.53125,3231.625
0.0,3053.52612,3231.75
0.0,3053.521,3231.875
0.0,3053.51611,3232.0
0.0,3053.51123,3232.125
0.0,3053.50635,3232.25
0.0,3053.50146,3232.375
0.0,3053.49609,3232.5
0.0,3053.49121,3232.625
0.0,3053.48633,3232.75
0.0,3053.48145,3232.875
0.0,3053.47656,3233.0
0.0,3053.47168,3233.125
0.0,3053.46631,3233.25
0.0,3053.46143,3233.375
0.0,3053.45605,3233.5
0.0,3053.45117,3233.625
0.0,3053.44629,3233.75
0.0,3053.44165,3233.875
0.0,3053.43677,3234.0
0.0,3053.43164,3234.125
0.0,3053.42651,3234.25
0.0,3053.42139,3234.375
0.0,3053.4165,3234.5
0.0,3053.41162,3234.625
0.0,3053.40674,3234.75
0.0,3053.40234,3234.875
0.0,3053.39746,3235.0
0.0,3053.39258,3235.125
0.0,3053.3877,3235.25
0.0,3053.38281,3235.375
0.0,3053.37769,3235.5
0.0,3053.37207,3235.625
0.0,3053.36621,3235.75
0.0,3053.35986,3235.875
0.0,3053.354,3236.0
0.0,3053.34863,3236.125
0.0,3053.34375,3236.25
0.0,3053.33936,3236.375
0.0,3053.33545,3236.5
0.0,3053.33154,3236.625
0.0,3053.32764,3236.75
0.0,3053.32324,3236.875
0.0,3053.3186,3237.0
0.0,3053.31348,3237.125
0.0,3053.30859,3237.25
0.0,3053.30371,3237.375
0.0,3053.29834,3237.5
0.0,3053.29297,3237.625
0.0,3053.28711,3237.75
0.0,3053.28174,3237.875
0.0,3053.27588,3238.0
0.0,3053.27075,3238.125
0.0,3053.26562,3238.25
0.0,3053.26123,3238.375
0.0,3053.25659,3238.5
0.0,3053.25195,3238.625
0.0,3053.24683,3238.75
0.0,3053.24194,3238.875
0.0,3053.23682,3239.0
0.0,3053.23193,3239.125
0.0,3053.22681,3239.25
0.0,3053.22168,3239.375
0.0,3053.2168,3239.5
0.0,3053.21191,3239.625
0.0,3053.20654,3239.75
0.0,3053.20166,3239.875
0.0,3053.19629,3240.0
0.0,3053.19116,3240.125
0.0,3053.18604,3240.25
0.0,3053.18066,3240.375
0.0,3053.17578,3240.5
0.0,3053.17041,3240.625
0.0,3053.16553,3240.75
0.0,3053.16064,3240.875
0.0,3053.15527,3241.0
0.0,3053.1499,3241.125
0.0,3053.14502,3241.25
0.0,3053.14014,3241.375
0.0,3053.13525,3241.5
0.0,3053.13086,3241.625
0.0,3053.12646,3241.75
0.0,3053.12183,3241.875
0.0,3053.1167,3242.0
0.0,3053.11108,3242.125
0.0,3053.10547,3242.25
0.0,3053.1001,3242.375
0.0,3053.09473,3242.5
0.0,3053.09033,3242.625
0.0,3053.08545,3242.75
0.0,3053.0813,3242.875
0.0,3053.07666,3243.0
0.0,3053.07153,3243.125
0.0,3053.06641,3243.25
0.0,3053.06104,3243.375
0.0,3053.05566,3243.5
0.0,3053.05078,3243.625
0.0,3053.04565,3243.75
0.0,3053.04102,3243.875
0.0,3053.03638,3244.0
0.0,3053.03174,3244.125
0.0,3053.02734,3244.25
0.0,3053.02222,3244.375
0.0,3053.01709,3244.5
0.0,3053.01221,3244.625
0.0,3053.00684,3244.75
0.0,3053.00195,3244.875
0.0,3052.99756,3245.0
0.0,3052.99316,3245.125
0.0,3052.98877,3245.25
0.0,3052.98389,3245.375
0.0,3052.979,3245.5
0.0,3052.97412,3245.625
0.0,3052.96875,3245.75
0.0,3052.96387,3245.875
0.0,3052.95898,3246.0
0.0,3052.95386,3246.125
0.0,3052.94873,3246.25
0.0,3052.94434,3246.375
0.0,3052.93994,3246.5
0.0,3052.93555,3246.625
0.0,3052.93115,3246.75
0.0,3052.92651,3246.875
0.0,3052.92139,3247.0
0.0,3052.91602,3247.125
0.0,3052.91089,3247.25
0.0,3052.90576,3247.375
0.0,3052.90088,3247.5
0.0,3052.89673,3247.625
0.0,3052.89233,3247.75
0.0,3052.8877,3247.875
0.0,3052.88306,3248.0
0.0,3052.87793,3248.125
0.0,3052.87256,3248.25
0.0,3052.86719,3248.375
0.0,3052.86206,3248.5
0.0,3052.85693,3248.625
0.0,3052.85254,3248.75
0.0,3052.8479,3248.875
0.0,3052.84351,3249.0
0.0,3052.83887,3249.125
0.0,3052.83423,3249.25
0.0,3052.82959,3249.375
0.0,3052.82471,3249.5
0.0,3052.81982,3249.625
0.0,3052.81519,3249.75
0.0,3052.8103,3249.875
