This is pdfTeX, Version 3.141592653-2.6-1.40.24 (TeX Live 2022 - Spack) (preloaded format=pdflatex 2024.9.27)  14 JUL 2026 10:33
entering extended mode
 restricted \write18 enabled.
 %&-line parsing enabled.
**geos_mpm_manual.tex
(./geos_mpm_manual.tex
LaTeX2e <2021-11-15> patch level 1
L3 programming layer <2022-02-24> (./tex/preamble.tex
(/usr/tce/backend/installations/linux-rhel8-x86_64/gcc-10.3.1/texlive-20220321-
5dvbmoj4mr7bmfyzzzstanspbcoex6ij/texmf-dist/tex/latex/base/report.cls
Document Class: report 2021/10/04 v1.4n Standard LaTeX document class

(/usr/tce/backend/installations/linux-rhel8-x86_64/gcc-10.3.1/texlive-20220321-
5dvbmoj4mr7bmfyzzzstanspbcoex6ij/texmf-dist/tex/latex/base/size11.clo
File: size11.clo 2021/10/04 v1.4n Standard LaTeX file (size option)
)
\c@part=\count185
\c@chapter=\count186
\c@section=\count187
\c@subsection=\count188
\c@subsubsection=\count189
\c@paragraph=\count190
\c@subparagraph=\count191
\c@figure=\count192
\c@table=\count193
\abovecaptionskip=\skip47
\belowcaptionskip=\skip48
\bibindent=\dimen138
)
(/usr/tce/backend/installations/linux-rhel8-x86_64/gcc-10.3.1/texlive-20220321-
5dvbmoj4mr7bmfyzzzstanspbcoex6ij/texmf-dist/tex/latex/geometry/geometry.sty
Package: geometry 2020/01/02 v5.9 Page Geometry

(/usr/tce/backend/installations/linux-rhel8-x86_64/gcc-10.3.1/texlive-20220321-
5dvbmoj4mr7bmfyzzzstanspbcoex6ij/texmf-dist/tex/latex/graphics/keyval.sty
Package: keyval 2014/10/28 v1.15 key=value parser (DPC)
\KV@toks@=\toks16
)
(/usr/tce/backend/installations/linux-rhel8-x86_64/gcc-10.3.1/texlive-20220321-
5dvbmoj4mr7bmfyzzzstanspbcoex6ij/texmf-dist/tex/generic/iftex/ifvtex.sty
Package: ifvtex 2019/10/25 v1.7 ifvtex legacy package. Use iftex instead.

(/usr/tce/backend/installations/linux-rhel8-x86_64/gcc-10.3.1/texlive-20220321-
5dvbmoj4mr7bmfyzzzstanspbcoex6ij/texmf-dist/tex/generic/iftex/iftex.sty
Package: iftex 2022/02/03 v1.0f TeX engine tests
))
\Gm@cnth=\count194
\Gm@cntv=\count195
\c@Gm@tempcnt=\count196
\Gm@bindingoffset=\dimen139
\Gm@wd@mp=\dimen140
\Gm@odd@mp=\dimen141
\Gm@even@mp=\dimen142
\Gm@layoutwidth=\dimen143
\Gm@layoutheight=\dimen144
\Gm@layouthoffset=\dimen145
\Gm@layoutvoffset=\dimen146
\Gm@dimlist=\toks17
)
(/usr/tce/backend/installations/linux-rhel8-x86_64/gcc-10.3.1/texlive-20220321-
5dvbmoj4mr7bmfyzzzstanspbcoex6ij/texmf-dist/tex/latex/base/fontenc.sty
Package: fontenc 2021/04/29 v2.0v Standard LaTeX package
)
(/usr/tce/backend/installations/linux-rhel8-x86_64/gcc-10.3.1/texlive-20220321-
5dvbmoj4mr7bmfyzzzstanspbcoex6ij/texmf-dist/tex/latex/base/inputenc.sty
Package: inputenc 2021/02/14 v1.3d Input encoding file
\inpenc@prehook=\toks18
\inpenc@posthook=\toks19
)
(/usr/tce/backend/installations/linux-rhel8-x86_64/gcc-10.3.1/texlive-20220321-
5dvbmoj4mr7bmfyzzzstanspbcoex6ij/texmf-dist/tex/latex/lm/lmodern.sty
Package: lmodern 2015/05/01 v1.6.1 Latin Modern Fonts
LaTeX Font Info:    Overwriting symbol font `operators' in version `normal'
(Font)                  OT1/cmr/m/n --> OT1/lmr/m/n on input line 22.
LaTeX Font Info:    Overwriting symbol font `letters' in version `normal'
(Font)                  OML/cmm/m/it --> OML/lmm/m/it on input line 23.
LaTeX Font Info:    Overwriting symbol font `symbols' in version `normal'
(Font)                  OMS/cmsy/m/n --> OMS/lmsy/m/n on input line 24.
LaTeX Font Info:    Overwriting symbol font `largesymbols' in version `normal'
(Font)                  OMX/cmex/m/n --> OMX/lmex/m/n on input line 25.
LaTeX Font Info:    Overwriting symbol font `operators' in version `bold'
(Font)                  OT1/cmr/bx/n --> OT1/lmr/bx/n on input line 26.
LaTeX Font Info:    Overwriting symbol font `letters' in version `bold'
(Font)                  OML/cmm/b/it --> OML/lmm/b/it on input line 27.
LaTeX Font Info:    Overwriting symbol font `symbols' in version `bold'
(Font)                  OMS/cmsy/b/n --> OMS/lmsy/b/n on input line 28.
LaTeX Font Info:    Overwriting symbol font `largesymbols' in version `bold'
(Font)                  OMX/cmex/m/n --> OMX/lmex/m/n on input line 29.
LaTeX Font Info:    Overwriting math alphabet `\mathbf' in version `normal'
(Font)                  OT1/cmr/bx/n --> OT1/lmr/bx/n on input line 31.
LaTeX Font Info:    Overwriting math alphabet `\mathsf' in version `normal'
(Font)                  OT1/cmss/m/n --> OT1/lmss/m/n on input line 32.
LaTeX Font Info:    Overwriting math alphabet `\mathit' in version `normal'
(Font)                  OT1/cmr/m/it --> OT1/lmr/m/it on input line 33.
LaTeX Font Info:    Overwriting math alphabet `\mathtt' in version `normal'
(Font)                  OT1/cmtt/m/n --> OT1/lmtt/m/n on input line 34.
LaTeX Font Info:    Overwriting math alphabet `\mathbf' in version `bold'
(Font)                  OT1/cmr/bx/n --> OT1/lmr/bx/n on input line 35.
LaTeX Font Info:    Overwriting math alphabet `\mathsf' in version `bold'
(Font)                  OT1/cmss/bx/n --> OT1/lmss/bx/n on input line 36.
LaTeX Font Info:    Overwriting math alphabet `\mathit' in version `bold'
(Font)                  OT1/cmr/bx/it --> OT1/lmr/bx/it on input line 37.
LaTeX Font Info:    Overwriting math alphabet `\mathtt' in version `bold'
(Font)                  OT1/cmtt/m/n --> OT1/lmtt/m/n on input line 38.
)
(/usr/tce/backend/installations/linux-rhel8-x86_64/gcc-10.3.1/texlive-20220321-
5dvbmoj4mr7bmfyzzzstanspbcoex6ij/texmf-dist/tex/latex/microtype/microtype.sty
Package: microtype 2022/03/14 v3.0d Micro-typographical refinements (RS)

(/usr/tce/backend/installations/linux-rhel8-x86_64/gcc-10.3.1/texlive-20220321-
5dvbmoj4mr7bmfyzzzstanspbcoex6ij/texmf-dist/tex/latex/etoolbox/etoolbox.sty
Package: etoolbox 2020/10/05 v2.5k e-TeX tools for LaTeX (JAW)
\etb@tempcnta=\count197
)
\MT@toks=\toks20
\MT@tempbox=\box50
\MT@count=\count198
LaTeX Info: Redefining \noprotrusionifhmode on input line 1027.
LaTeX Info: Redefining \leftprotrusion on input line 1028.
LaTeX Info: Redefining \rightprotrusion on input line 1036.
LaTeX Info: Redefining \textls on input line 1195.
\MT@outer@kern=\dimen147
LaTeX Info: Redefining \textmicrotypecontext on input line 1781.
\MT@listname@count=\count199

(/usr/tce/backend/installations/linux-rhel8-x86_64/gcc-10.3.1/texlive-20220321-
5dvbmoj4mr7bmfyzzzstanspbcoex6ij/texmf-dist/tex/latex/microtype/microtype-pdfte
x.def
File: microtype-pdftex.def 2022/03/14 v3.0d Definitions specific to pdftex (RS)

LaTeX Info: Redefining \lsstyle on input line 900.
LaTeX Info: Redefining \lslig on input line 900.
\MT@outer@space=\skip49
)
Package microtype Info: Loading configuration file microtype.cfg.

(/usr/tce/backend/installations/linux-rhel8-x86_64/gcc-10.3.1/texlive-20220321-
5dvbmoj4mr7bmfyzzzstanspbcoex6ij/texmf-dist/tex/latex/microtype/microtype.cfg
File: microtype.cfg 2022/03/14 v3.0d microtype main configuration file (RS)
))
(/usr/tce/backend/installations/linux-rhel8-x86_64/gcc-10.3.1/texlive-20220321-
5dvbmoj4mr7bmfyzzzstanspbcoex6ij/texmf-dist/tex/latex/amsmath/amsmath.sty
Package: amsmath 2021/10/15 v2.17l AMS math features
\@mathmargin=\skip50

For additional information on amsmath, use the `?' option.

(/usr/tce/backend/installations/linux-rhel8-x86_64/gcc-10.3.1/texlive-20220321-
5dvbmoj4mr7bmfyzzzstanspbcoex6ij/texmf-dist/tex/latex/amsmath/amstext.sty
Package: amstext 2021/08/26 v2.01 AMS text

(/usr/tce/backend/installations/linux-rhel8-x86_64/gcc-10.3.1/texlive-20220321-
5dvbmoj4mr7bmfyzzzstanspbcoex6ij/texmf-dist/tex/latex/amsmath/amsgen.sty
File: amsgen.sty 1999/11/30 v2.0 generic functions
\@emptytoks=\toks21
\ex@=\dimen148
))
(/usr/tce/backend/installations/linux-rhel8-x86_64/gcc-10.3.1/texlive-20220321-
5dvbmoj4mr7bmfyzzzstanspbcoex6ij/texmf-dist/tex/latex/amsmath/amsbsy.sty
Package: amsbsy 1999/11/29 v1.2d Bold Symbols
\pmbraise@=\dimen149
)
(/usr/tce/backend/installations/linux-rhel8-x86_64/gcc-10.3.1/texlive-20220321-
5dvbmoj4mr7bmfyzzzstanspbcoex6ij/texmf-dist/tex/latex/amsmath/amsopn.sty
Package: amsopn 2021/08/26 v2.02 operator names
)
\inf@bad=\count266
LaTeX Info: Redefining \frac on input line 234.
\uproot@=\count267
\leftroot@=\count268
LaTeX Info: Redefining \overline on input line 399.
\classnum@=\count269
\DOTSCASE@=\count270
LaTeX Info: Redefining \ldots on input line 496.
LaTeX Info: Redefining \dots on input line 499.
LaTeX Info: Redefining \cdots on input line 620.
\Mathstrutbox@=\box51
\strutbox@=\box52
\big@size=\dimen150
LaTeX Font Info:    Redeclaring font encoding OML on input line 743.
LaTeX Font Info:    Redeclaring font encoding OMS on input line 744.
\macc@depth=\count271
\c@MaxMatrixCols=\count272
\dotsspace@=\muskip16
\c@parentequation=\count273
\dspbrk@lvl=\count274
\tag@help=\toks22
\row@=\count275
\column@=\count276
\maxfields@=\count277
\andhelp@=\toks23
\eqnshift@=\dimen151
\alignsep@=\dimen152
\tagshift@=\dimen153
\tagwidth@=\dimen154
\totwidth@=\dimen155
\lineht@=\dimen156
\@envbody=\toks24
\multlinegap=\skip51
\multlinetaggap=\skip52
\mathdisplay@stack=\toks25
LaTeX Info: Redefining \[ on input line 2938.
LaTeX Info: Redefining \] on input line 2939.
)
(/usr/tce/backend/installations/linux-rhel8-x86_64/gcc-10.3.1/texlive-20220321-
5dvbmoj4mr7bmfyzzzstanspbcoex6ij/texmf-dist/tex/latex/amsfonts/amssymb.sty
Package: amssymb 2013/01/14 v3.01 AMS font symbols

(/usr/tce/backend/installations/linux-rhel8-x86_64/gcc-10.3.1/texlive-20220321-
5dvbmoj4mr7bmfyzzzstanspbcoex6ij/texmf-dist/tex/latex/amsfonts/amsfonts.sty
Package: amsfonts 2013/01/14 v3.01 Basic AMSFonts support
\symAMSa=\mathgroup4
\symAMSb=\mathgroup5
LaTeX Font Info:    Redeclaring math symbol \hbar on input line 98.
LaTeX Font Info:    Overwriting math alphabet `\mathfrak' in version `bold'
(Font)                  U/euf/m/n --> U/euf/b/n on input line 106.
))
(/usr/tce/backend/installations/linux-rhel8-x86_64/gcc-10.3.1/texlive-20220321-
5dvbmoj4mr7bmfyzzzstanspbcoex6ij/texmf-dist/tex/latex/booktabs/booktabs.sty
Package: booktabs 2020/01/12 v1.61803398 Publication quality tables
\heavyrulewidth=\dimen157
\lightrulewidth=\dimen158
\cmidrulewidth=\dimen159
\belowrulesep=\dimen160
\belowbottomsep=\dimen161
\aboverulesep=\dimen162
\abovetopsep=\dimen163
\cmidrulesep=\dimen164
\cmidrulekern=\dimen165
\defaultaddspace=\dimen166
\@cmidla=\count278
\@cmidlb=\count279
\@aboverulesep=\dimen167
\@belowrulesep=\dimen168
\@thisruleclass=\count280
\@lastruleclass=\count281
\@thisrulewidth=\dimen169
)
(/usr/tce/backend/installations/linux-rhel8-x86_64/gcc-10.3.1/texlive-20220321-
5dvbmoj4mr7bmfyzzzstanspbcoex6ij/texmf-dist/tex/latex/tools/longtable.sty
Package: longtable 2021-09-01 v4.17 Multi-page Table package (DPC)
\LTleft=\skip53
\LTright=\skip54
\LTpre=\skip55
\LTpost=\skip56
\LTchunksize=\count282
\LTcapwidth=\dimen170
\LT@head=\box53
\LT@firsthead=\box54
\LT@foot=\box55
\LT@lastfoot=\box56
\LT@gbox=\box57
\LT@cols=\count283
\LT@rows=\count284
\c@LT@tables=\count285
\c@LT@chunks=\count286
\LT@p@ftn=\toks26
)
(/usr/tce/backend/installations/linux-rhel8-x86_64/gcc-10.3.1/texlive-20220321-
5dvbmoj4mr7bmfyzzzstanspbcoex6ij/texmf-dist/tex/latex/tools/array.sty
Package: array 2021/10/04 v2.5f Tabular extension package (FMi)
\col@sep=\dimen171
\ar@mcellbox=\box58
\extrarowheight=\dimen172
\NC@list=\toks27
\extratabsurround=\skip57
\backup@length=\skip58
\ar@cellbox=\box59
)
(/usr/tce/backend/installations/linux-rhel8-x86_64/gcc-10.3.1/texlive-20220321-
5dvbmoj4mr7bmfyzzzstanspbcoex6ij/texmf-dist/tex/latex/tools/tabularx.sty
Package: tabularx 2020/01/15 v2.11c `tabularx' package (DPC)
\TX@col@width=\dimen173
\TX@old@table=\dimen174
\TX@old@col=\dimen175
\TX@target=\dimen176
\TX@delta=\dimen177
\TX@cols=\count287
\TX@ftn=\toks28
)
(/usr/tce/backend/installations/linux-rhel8-x86_64/gcc-10.3.1/texlive-20220321-
5dvbmoj4mr7bmfyzzzstanspbcoex6ij/texmf-dist/tex/latex/graphics/graphicx.sty
Package: graphicx 2021/09/16 v1.2d Enhanced LaTeX Graphics (DPC,SPQR)

(/usr/tce/backend/installations/linux-rhel8-x86_64/gcc-10.3.1/texlive-20220321-
5dvbmoj4mr7bmfyzzzstanspbcoex6ij/texmf-dist/tex/latex/graphics/graphics.sty
Package: graphics 2021/03/04 v1.4d Standard LaTeX Graphics (DPC,SPQR)

(/usr/tce/backend/installations/linux-rhel8-x86_64/gcc-10.3.1/texlive-20220321-
5dvbmoj4mr7bmfyzzzstanspbcoex6ij/texmf-dist/tex/latex/graphics/trig.sty
Package: trig 2021/08/11 v1.11 sin cos tan (DPC)
)
(/usr/tce/backend/installations/linux-rhel8-x86_64/gcc-10.3.1/texlive-20220321-
5dvbmoj4mr7bmfyzzzstanspbcoex6ij/texmf-dist/tex/latex/graphics-cfg/graphics.cfg
File: graphics.cfg 2016/06/04 v1.11 sample graphics configuration
)
Package graphics Info: Driver file: pdftex.def on input line 107.

(/usr/tce/backend/installations/linux-rhel8-x86_64/gcc-10.3.1/texlive-20220321-
5dvbmoj4mr7bmfyzzzstanspbcoex6ij/texmf-dist/tex/latex/graphics-def/pdftex.def
File: pdftex.def 2020/10/05 v1.2a Graphics/color driver for pdftex
))
\Gin@req@height=\dimen178
\Gin@req@width=\dimen179
)
(/usr/tce/backend/installations/linux-rhel8-x86_64/gcc-10.3.1/texlive-20220321-
5dvbmoj4mr7bmfyzzzstanspbcoex6ij/texmf-dist/tex/latex/enumitem/enumitem.sty
Package: enumitem 2019/06/20 v3.9 Customized lists
\labelindent=\skip59
\enit@outerparindent=\dimen180
\enit@toks=\toks29
\enit@inbox=\box60
\enit@count@id=\count288
\enitdp@description=\count289
)
(/usr/tce/backend/installations/linux-rhel8-x86_64/gcc-10.3.1/texlive-20220321-
5dvbmoj4mr7bmfyzzzstanspbcoex6ij/texmf-dist/tex/latex/xcolor/xcolor.sty
Package: xcolor 2021/10/31 v2.13 LaTeX color extensions (UK)

(/usr/tce/backend/installations/linux-rhel8-x86_64/gcc-10.3.1/texlive-20220321-
5dvbmoj4mr7bmfyzzzstanspbcoex6ij/texmf-dist/tex/latex/graphics-cfg/color.cfg
File: color.cfg 2016/01/02 v1.6 sample color configuration
)
Package xcolor Info: Driver file: pdftex.def on input line 227.
Package xcolor Info: Model `cmy' substituted by `cmy0' on input line 1352.
Package xcolor Info: Model `hsb' substituted by `rgb' on input line 1356.
Package xcolor Info: Model `RGB' extended on input line 1368.
Package xcolor Info: Model `HTML' substituted by `rgb' on input line 1370.
Package xcolor Info: Model `Hsb' substituted by `hsb' on input line 1371.
Package xcolor Info: Model `tHsb' substituted by `hsb' on input line 1372.
Package xcolor Info: Model `HSB' substituted by `hsb' on input line 1373.
Package xcolor Info: Model `Gray' substituted by `gray' on input line 1374.
Package xcolor Info: Model `wave' substituted by `hsb' on input line 1375.
)
(/usr/tce/backend/installations/linux-rhel8-x86_64/gcc-10.3.1/texlive-20220321-
5dvbmoj4mr7bmfyzzzstanspbcoex6ij/texmf-dist/tex/latex/listings/listings.sty
\lst@mode=\count290
\lst@gtempboxa=\box61
\lst@token=\toks30
\lst@length=\count291
\lst@currlwidth=\dimen181
\lst@column=\count292
\lst@pos=\count293
\lst@lostspace=\dimen182
\lst@width=\dimen183
\lst@newlines=\count294
\lst@lineno=\count295
\lst@maxwidth=\dimen184

(/usr/tce/backend/installations/linux-rhel8-x86_64/gcc-10.3.1/texlive-20220321-
5dvbmoj4mr7bmfyzzzstanspbcoex6ij/texmf-dist/tex/latex/listings/lstmisc.sty
File: lstmisc.sty 2020/03/24 1.8d (Carsten Heinz)
\c@lstnumber=\count296
\lst@skipnumbers=\count297
\lst@framebox=\box62
)
(/usr/tce/backend/installations/linux-rhel8-x86_64/gcc-10.3.1/texlive-20220321-
5dvbmoj4mr7bmfyzzzstanspbcoex6ij/texmf-dist/tex/latex/listings/listings.cfg
File: listings.cfg 2020/03/24 1.8d listings configuration
))
Package: listings 2020/03/24 1.8d (Carsten Heinz)

(/usr/tce/backend/installations/linux-rhel8-x86_64/gcc-10.3.1/texlive-20220321-
5dvbmoj4mr7bmfyzzzstanspbcoex6ij/texmf-dist/tex/latex/hyperref/hyperref.sty
Package: hyperref 2022-02-21 v7.00n Hypertext links for LaTeX

(/usr/tce/backend/installations/linux-rhel8-x86_64/gcc-10.3.1/texlive-20220321-
5dvbmoj4mr7bmfyzzzstanspbcoex6ij/texmf-dist/tex/generic/ltxcmds/ltxcmds.sty
Package: ltxcmds 2020-05-10 v1.25 LaTeX kernel commands for general use (HO)
)
(/usr/tce/backend/installations/linux-rhel8-x86_64/gcc-10.3.1/texlive-20220321-
5dvbmoj4mr7bmfyzzzstanspbcoex6ij/texmf-dist/tex/generic/pdftexcmds/pdftexcmds.s
ty
Package: pdftexcmds 2020-06-27 v0.33 Utility functions of pdfTeX for LuaTeX (HO
)

(/usr/tce/backend/installations/linux-rhel8-x86_64/gcc-10.3.1/texlive-20220321-
5dvbmoj4mr7bmfyzzzstanspbcoex6ij/texmf-dist/tex/generic/infwarerr/infwarerr.sty
Package: infwarerr 2019/12/03 v1.5 Providing info/warning/error messages (HO)
)
Package pdftexcmds Info: \pdf@primitive is available.
Package pdftexcmds Info: \pdf@ifprimitive is available.
Package pdftexcmds Info: \pdfdraftmode found.
)
(/usr/tce/backend/installations/linux-rhel8-x86_64/gcc-10.3.1/texlive-20220321-
5dvbmoj4mr7bmfyzzzstanspbcoex6ij/texmf-dist/tex/generic/kvsetkeys/kvsetkeys.sty
Package: kvsetkeys 2019/12/15 v1.18 Key value parser (HO)
)
(/usr/tce/backend/installations/linux-rhel8-x86_64/gcc-10.3.1/texlive-20220321-
5dvbmoj4mr7bmfyzzzstanspbcoex6ij/texmf-dist/tex/generic/kvdefinekeys/kvdefineke
ys.sty
Package: kvdefinekeys 2019-12-19 v1.6 Define keys (HO)
)
(/usr/tce/backend/installations/linux-rhel8-x86_64/gcc-10.3.1/texlive-20220321-
5dvbmoj4mr7bmfyzzzstanspbcoex6ij/texmf-dist/tex/generic/pdfescape/pdfescape.sty
Package: pdfescape 2019/12/09 v1.15 Implements pdfTeX's escape features (HO)
)
(/usr/tce/backend/installations/linux-rhel8-x86_64/gcc-10.3.1/texlive-20220321-
5dvbmoj4mr7bmfyzzzstanspbcoex6ij/texmf-dist/tex/latex/hycolor/hycolor.sty
Package: hycolor 2020-01-27 v1.10 Color options for hyperref/bookmark (HO)
)
(/usr/tce/backend/installations/linux-rhel8-x86_64/gcc-10.3.1/texlive-20220321-
5dvbmoj4mr7bmfyzzzstanspbcoex6ij/texmf-dist/tex/latex/letltxmacro/letltxmacro.s
ty
Package: letltxmacro 2019/12/03 v1.6 Let assignment for LaTeX macros (HO)
)
(/usr/tce/backend/installations/linux-rhel8-x86_64/gcc-10.3.1/texlive-20220321-
5dvbmoj4mr7bmfyzzzstanspbcoex6ij/texmf-dist/tex/latex/auxhook/auxhook.sty
Package: auxhook 2019-12-17 v1.6 Hooks for auxiliary files (HO)
)
(/usr/tce/backend/installations/linux-rhel8-x86_64/gcc-10.3.1/texlive-20220321-
5dvbmoj4mr7bmfyzzzstanspbcoex6ij/texmf-dist/tex/latex/kvoptions/kvoptions.sty
Package: kvoptions 2020-10-07 v3.14 Key value format for package options (HO)
)
\@linkdim=\dimen185
\Hy@linkcounter=\count298
\Hy@pagecounter=\count299

(/usr/tce/backend/installations/linux-rhel8-x86_64/gcc-10.3.1/texlive-20220321-
5dvbmoj4mr7bmfyzzzstanspbcoex6ij/texmf-dist/tex/latex/hyperref/pd1enc.def
File: pd1enc.def 2022-02-21 v7.00n Hyperref: PDFDocEncoding definition (HO)
Now handling font encoding PD1 ...
... no UTF-8 mapping file for font encoding PD1
)
(/usr/tce/backend/installations/linux-rhel8-x86_64/gcc-10.3.1/texlive-20220321-
5dvbmoj4mr7bmfyzzzstanspbcoex6ij/texmf-dist/tex/generic/intcalc/intcalc.sty
Package: intcalc 2019/12/15 v1.3 Expandable calculations with integers (HO)
)
(/usr/tce/backend/installations/linux-rhel8-x86_64/gcc-10.3.1/texlive-20220321-
5dvbmoj4mr7bmfyzzzstanspbcoex6ij/texmf-dist/tex/generic/etexcmds/etexcmds.sty
Package: etexcmds 2019/12/15 v1.7 Avoid name clashes with e-TeX commands (HO)
)
\Hy@SavedSpaceFactor=\count300

(/usr/tce/backend/installations/linux-rhel8-x86_64/gcc-10.3.1/texlive-20220321-
5dvbmoj4mr7bmfyzzzstanspbcoex6ij/texmf-dist/tex/latex/hyperref/puenc.def
File: puenc.def 2022-02-21 v7.00n Hyperref: PDF Unicode definition (HO)
Now handling font encoding PU ...
... no UTF-8 mapping file for font encoding PU
)
Package hyperref Info: Hyper figures OFF on input line 4137.
Package hyperref Info: Link nesting OFF on input line 4142.
Package hyperref Info: Hyper index ON on input line 4145.
Package hyperref Info: Plain pages OFF on input line 4152.
Package hyperref Info: Backreferencing OFF on input line 4157.
Package hyperref Info: Implicit mode ON; LaTeX internals redefined.
Package hyperref Info: Bookmarks ON on input line 4390.
\c@Hy@tempcnt=\count301

(/usr/tce/backend/installations/linux-rhel8-x86_64/gcc-10.3.1/texlive-20220321-
5dvbmoj4mr7bmfyzzzstanspbcoex6ij/texmf-dist/tex/latex/url/url.sty
\Urlmuskip=\muskip17
Package: url 2013/09/16  ver 3.4  Verb mode for urls, etc.
)
LaTeX Info: Redefining \url on input line 4749.
\XeTeXLinkMargin=\dimen186

(/usr/tce/backend/installations/linux-rhel8-x86_64/gcc-10.3.1/texlive-20220321-
5dvbmoj4mr7bmfyzzzstanspbcoex6ij/texmf-dist/tex/generic/bitset/bitset.sty
Package: bitset 2019/12/09 v1.3 Handle bit-vector datatype (HO)

(/usr/tce/backend/installations/linux-rhel8-x86_64/gcc-10.3.1/texlive-20220321-
5dvbmoj4mr7bmfyzzzstanspbcoex6ij/texmf-dist/tex/generic/bigintcalc/bigintcalc.s
ty
Package: bigintcalc 2019/12/15 v1.5 Expandable calculations on big integers (HO
)
))
\Fld@menulength=\count302
\Field@Width=\dimen187
\Fld@charsize=\dimen188
Package hyperref Info: Hyper figures OFF on input line 6027.
Package hyperref Info: Link nesting OFF on input line 6032.
Package hyperref Info: Hyper index ON on input line 6035.
Package hyperref Info: backreferencing OFF on input line 6042.
Package hyperref Info: Link coloring OFF on input line 6047.
Package hyperref Info: Link coloring with OCG OFF on input line 6052.
Package hyperref Info: PDF/A mode OFF on input line 6057.
LaTeX Info: Redefining \ref on input line 6097.
LaTeX Info: Redefining \pageref on input line 6101.

(/usr/tce/backend/installations/linux-rhel8-x86_64/gcc-10.3.1/texlive-20220321-
5dvbmoj4mr7bmfyzzzstanspbcoex6ij/texmf-dist/tex/latex/base/atbegshi-ltx.sty
Package: atbegshi-ltx 2021/01/10 v1.0c Emulation of the original atbegshi
package with kernel methods
)
\Hy@abspage=\count303
\c@Item=\count304
\c@Hfootnote=\count305
)
Package hyperref Info: Driver (autodetected): hpdftex.

(/usr/tce/backend/installations/linux-rhel8-x86_64/gcc-10.3.1/texlive-20220321-
5dvbmoj4mr7bmfyzzzstanspbcoex6ij/texmf-dist/tex/latex/hyperref/hpdftex.def
File: hpdftex.def 2022-02-21 v7.00n Hyperref driver for pdfTeX

(/usr/tce/backend/installations/linux-rhel8-x86_64/gcc-10.3.1/texlive-20220321-
5dvbmoj4mr7bmfyzzzstanspbcoex6ij/texmf-dist/tex/latex/base/atveryend-ltx.sty
Package: atveryend-ltx 2020/08/19 v1.0a Emulation of the original atveryend pac
kage
with kernel methods
)
\Fld@listcount=\count306
\c@bookmark@seq@number=\count307

(/usr/tce/backend/installations/linux-rhel8-x86_64/gcc-10.3.1/texlive-20220321-
5dvbmoj4mr7bmfyzzzstanspbcoex6ij/texmf-dist/tex/latex/rerunfilecheck/rerunfilec
heck.sty
Package: rerunfilecheck 2019/12/05 v1.9 Rerun checks for auxiliary files (HO)

(/usr/tce/backend/installations/linux-rhel8-x86_64/gcc-10.3.1/texlive-20220321-
5dvbmoj4mr7bmfyzzzstanspbcoex6ij/texmf-dist/tex/generic/uniquecounter/uniquecou
nter.sty
Package: uniquecounter 2019/12/15 v1.4 Provide unlimited unique counter (HO)
)
Package uniquecounter Info: New unique counter `rerunfilecheck' on input line 2
86.
)
\Hy@SectionHShift=\skip60
)
(/usr/tce/backend/installations/linux-rhel8-x86_64/gcc-10.3.1/texlive-20220321-
5dvbmoj4mr7bmfyzzzstanspbcoex6ij/texmf-dist/tex/latex/bookmark/bookmark.sty
Package: bookmark 2020-11-06 v1.29 PDF bookmarks (HO)

(/usr/tce/backend/installations/linux-rhel8-x86_64/gcc-10.3.1/texlive-20220321-
5dvbmoj4mr7bmfyzzzstanspbcoex6ij/texmf-dist/tex/latex/bookmark/bkm-pdftex.def
File: bkm-pdftex.def 2020-11-06 v1.29 bookmark driver for pdfTeX (HO)
\BKM@id=\count308
))
(/usr/tce/backend/installations/linux-rhel8-x86_64/gcc-10.3.1/texlive-20220321-
5dvbmoj4mr7bmfyzzzstanspbcoex6ij/texmf-dist/tex/latex/base/makeidx.sty
Package: makeidx 2021/10/04 v1.0m Standard LaTeX package
)
(/usr/tce/backend/installations/linux-rhel8-x86_64/gcc-10.3.1/texlive-20220321-
5dvbmoj4mr7bmfyzzzstanspbcoex6ij/texmf-dist/tex/latex/fancyhdr/fancyhdr.sty
Package: fancyhdr 2021/01/28 v4.0.1 Extensive control of page headers and foote
rs
\f@nch@headwidth=\skip61
\f@nch@O@elh=\skip62
\f@nch@O@erh=\skip63
\f@nch@O@olh=\skip64
\f@nch@O@orh=\skip65
\f@nch@O@elf=\skip66
\f@nch@O@erf=\skip67
\f@nch@O@olf=\skip68
\f@nch@O@orf=\skip69
)
(/usr/tce/backend/installations/linux-rhel8-x86_64/gcc-10.3.1/texlive-20220321-
5dvbmoj4mr7bmfyzzzstanspbcoex6ij/texmf-dist/tex/latex/titlesec/titlesec.sty
Package: titlesec 2021/07/05 v2.14 Sectioning titles
\ttl@box=\box63
\beforetitleunit=\skip70
\aftertitleunit=\skip71
\ttl@plus=\dimen189
\ttl@minus=\dimen190
\ttl@toksa=\toks31
\titlewidth=\dimen191
\titlewidthlast=\dimen192
\titlewidthfirst=\dimen193
)
(/usr/tce/backend/installations/linux-rhel8-x86_64/gcc-10.3.1/texlive-20220321-
5dvbmoj4mr7bmfyzzzstanspbcoex6ij/texmf-dist/tex/latex/caption/caption.sty
Package: caption 2022/03/01 v3.6b Customizing captions (AR)

(/usr/tce/backend/installations/linux-rhel8-x86_64/gcc-10.3.1/texlive-20220321-
5dvbmoj4mr7bmfyzzzstanspbcoex6ij/texmf-dist/tex/latex/caption/caption3.sty
Package: caption3 2022/03/17 v2.3b caption3 kernel (AR)
\caption@tempdima=\dimen194
\captionmargin=\dimen195
\caption@leftmargin=\dimen196
\caption@rightmargin=\dimen197
\caption@width=\dimen198
\caption@indent=\dimen199
\caption@parindent=\dimen256
\caption@hangindent=\dimen257
Package caption Info: Standard document class detected.
)
\c@caption@flags=\count309
\c@continuedfloat=\count310
Package caption Info: hyperref package is loaded.
Package caption Info: listings package is loaded.
Package caption Info: longtable package is loaded.

(/usr/tce/backend/installations/linux-rhel8-x86_64/gcc-10.3.1/texlive-20220321-
5dvbmoj4mr7bmfyzzzstanspbcoex6ij/texmf-dist/tex/latex/caption/ltcaption.sty
Package: ltcaption 2021/01/08 v1.4c longtable captions (AR)
))
\@indexfile=\write3
\openout3 = `geos_mpm_manual.idx'.


Writing index file geos_mpm_manual.idx
Package hyperref Info: Option `colorlinks' set `true' on input line 48.
)
LaTeX Font Info:    Trying to load font information for T1+lmr on input line 3.


(/usr/tce/backend/installations/linux-rhel8-x86_64/gcc-10.3.1/texlive-20220321-
5dvbmoj4mr7bmfyzzzstanspbcoex6ij/texmf-dist/tex/latex/lm/t1lmr.fd
File: t1lmr.fd 2015/05/01 v1.6.1 Font defs for Latin Modern
)
(/usr/tce/backend/installations/linux-rhel8-x86_64/gcc-10.3.1/texlive-20220321-
5dvbmoj4mr7bmfyzzzstanspbcoex6ij/texmf-dist/tex/latex/l3backend/l3backend-pdfte
x.def
File: l3backend-pdftex.def 2022-02-07 L3 backend support: PDF output (pdfTeX)
\l__color_backend_stack_int=\count311
\l__pdf_internal_box=\box64
) (./geos_mpm_manual.aux)
\openout1 = `geos_mpm_manual.aux'.

LaTeX Font Info:    Checking defaults for OML/cmm/m/it on input line 3.
LaTeX Font Info:    ... okay on input line 3.
LaTeX Font Info:    Checking defaults for OMS/cmsy/m/n on input line 3.
LaTeX Font Info:    ... okay on input line 3.
LaTeX Font Info:    Checking defaults for OT1/cmr/m/n on input line 3.
LaTeX Font Info:    ... okay on input line 3.
LaTeX Font Info:    Checking defaults for T1/cmr/m/n on input line 3.
LaTeX Font Info:    ... okay on input line 3.
LaTeX Font Info:    Checking defaults for TS1/cmr/m/n on input line 3.
LaTeX Font Info:    ... okay on input line 3.
LaTeX Font Info:    Checking defaults for OMX/cmex/m/n on input line 3.
LaTeX Font Info:    ... okay on input line 3.
LaTeX Font Info:    Checking defaults for U/cmr/m/n on input line 3.
LaTeX Font Info:    ... okay on input line 3.
LaTeX Font Info:    Checking defaults for PD1/pdf/m/n on input line 3.
LaTeX Font Info:    ... okay on input line 3.
LaTeX Font Info:    Checking defaults for PU/pdf/m/n on input line 3.
LaTeX Font Info:    ... okay on input line 3.

*geometry* driver: auto-detecting
*geometry* detected driver: pdftex
*geometry* verbose mode - [ preamble ] result:
* driver: pdftex
* paper: letterpaper
* layout: <same size as paper>
* layoutoffset:(h,v)=(0.0pt,0.0pt)
* modes: 
* h-part:(L,W,R)=(61.42993pt, 491.43513pt, 61.42993pt)
* v-part:(T,H,B)=(61.42993pt, 672.11012pt, 61.42993pt)
* \paperwidth=614.295pt
* \paperheight=794.96999pt
* \textwidth=491.43513pt
* \textheight=672.11012pt
* \oddsidemargin=-10.84006pt
* \evensidemargin=-10.84006pt
* \topmargin=-47.84006pt
* \headheight=14.0pt
* \headsep=25.0pt
* \topskip=11.0pt
* \footskip=30.0pt
* \marginparwidth=59.0pt
* \marginparsep=10.0pt
* \columnsep=10.0pt
* \skip\footins=10.0pt plus 4.0pt minus 2.0pt
* \hoffset=0.0pt
* \voffset=0.0pt
* \mag=1000
* \@twocolumnfalse
* \@twosidefalse
* \@mparswitchfalse
* \@reversemarginfalse
* (1in=72.27pt=25.4mm, 1cm=28.453pt)

LaTeX Info: Redefining \microtypecontext on input line 3.
Package microtype Info: Applying patch `item' on input line 3.
Package microtype Info: Applying patch `toc' on input line 3.
Package microtype Info: Applying patch `eqnum' on input line 3.
Package microtype Info: Applying patch `footnote' on input line 3.
Package microtype Info: Generating PDF output.
Package microtype Info: Character protrusion enabled (level 2).
Package microtype Info: Using default protrusion set `alltext'.
Package microtype Info: Automatic font expansion enabled (level 2),
(microtype)             stretch: 20, shrink: 20, step: 1, non-selected.
Package microtype Info: Using default expansion set `alltext-nott'.
LaTeX Info: Redefining \showhyphens on input line 3.
Package microtype Info: No adjustment of tracking.
Package microtype Info: No adjustment of interword spacing.
Package microtype Info: No adjustment of character kerning.

(/usr/tce/backend/installations/linux-rhel8-x86_64/gcc-10.3.1/texlive-20220321-
5dvbmoj4mr7bmfyzzzstanspbcoex6ij/texmf-dist/tex/latex/microtype/mt-cmr.cfg
File: mt-cmr.cfg 2013/05/19 v2.2 microtype config. file: Computer Modern Roman 
(RS)
)
(/usr/tce/backend/installations/linux-rhel8-x86_64/gcc-10.3.1/texlive-20220321-
5dvbmoj4mr7bmfyzzzstanspbcoex6ij/texmf-dist/tex/context/base/mkii/supp-pdf.mkii
[Loading MPS to PDF converter (version 2006.09.02).]
\scratchcounter=\count312
\scratchdimen=\dimen258
\scratchbox=\box65
\nofMPsegments=\count313
\nofMParguments=\count314
\everyMPshowfont=\toks32
\MPscratchCnt=\count315
\MPscratchDim=\dimen259
\MPnumerator=\count316
\makeMPintoPDFobject=\count317
\everyMPtoPDFconversion=\toks33
)
(/usr/tce/backend/installations/linux-rhel8-x86_64/gcc-10.3.1/texlive-20220321-
5dvbmoj4mr7bmfyzzzstanspbcoex6ij/texmf-dist/tex/latex/epstopdf-pkg/epstopdf-bas
e.sty
Package: epstopdf-base 2020-01-24 v2.11 Base part for package epstopdf
Package epstopdf-base Info: Redefining graphics rule for `.eps' on input line 4
85.

(/usr/tce/backend/installations/linux-rhel8-x86_64/gcc-10.3.1/texlive-20220321-
5dvbmoj4mr7bmfyzzzstanspbcoex6ij/texmf-dist/tex/latex/latexconfig/epstopdf-sys.
cfg
File: epstopdf-sys.cfg 2010/07/13 v1.3 Configuration of (r)epstopdf for TeX Liv
e
))
\c@lstlisting=\count318
Package hyperref Info: Link coloring ON on input line 3.

(/usr/tce/backend/installations/linux-rhel8-x86_64/gcc-10.3.1/texlive-20220321-
5dvbmoj4mr7bmfyzzzstanspbcoex6ij/texmf-dist/tex/latex/hyperref/nameref.sty
Package: nameref 2021-04-02 v2.47 Cross-referencing by name of section

(/usr/tce/backend/installations/linux-rhel8-x86_64/gcc-10.3.1/texlive-20220321-
5dvbmoj4mr7bmfyzzzstanspbcoex6ij/texmf-dist/tex/latex/refcount/refcount.sty
Package: refcount 2019/12/15 v3.6 Data extraction from label references (HO)
)
(/usr/tce/backend/installations/linux-rhel8-x86_64/gcc-10.3.1/texlive-20220321-
5dvbmoj4mr7bmfyzzzstanspbcoex6ij/texmf-dist/tex/generic/gettitlestring/gettitle
string.sty
Package: gettitlestring 2019/12/15 v1.6 Cleanup title references (HO)
)
\c@section@level=\count319
)
LaTeX Info: Redefining \ref on input line 3.
LaTeX Info: Redefining \pageref on input line 3.
LaTeX Info: Redefining \nameref on input line 3.
Package caption Info: Begin \AtBeginDocument code.
Package caption Info: End \AtBeginDocument code.
 (./tex/titlepage.tex
LaTeX Font Info:    Trying to load font information for T1+lmtt on input line 9
.

(/usr/tce/backend/installations/linux-rhel8-x86_64/gcc-10.3.1/texlive-20220321-
5dvbmoj4mr7bmfyzzzstanspbcoex6ij/texmf-dist/tex/latex/lm/t1lmtt.fd
File: t1lmtt.fd 2015/05/01 v1.6.1 Font defs for Latin Modern
)
Package microtype Info: Loading generic protrusion settings for font family
(microtype)             `lmtt' (encoding: T1).
(microtype)             For optimal results, create family-specific settings.
(microtype)             See the microtype manual for details.
<figures/cover_disk_compaction.png, id=3, 1606.0pt x 1606.0pt>
File: figures/cover_disk_compaction.png Graphic file (type png)
<use figures/cover_disk_compaction.png>
Package pdftex.def Info: figures/cover_disk_compaction.png  used on input line 
11.
(pdftex.def)             Requested size: 215.06075pt x 215.08015pt.
LaTeX Font Info:    Trying to load font information for OT1+lmr on input line 3
1.

(/usr/tce/backend/installations/linux-rhel8-x86_64/gcc-10.3.1/texlive-20220321-
5dvbmoj4mr7bmfyzzzstanspbcoex6ij/texmf-dist/tex/latex/lm/ot1lmr.fd
File: ot1lmr.fd 2015/05/01 v1.6.1 Font defs for Latin Modern
)
LaTeX Font Info:    Trying to load font information for OML+lmm on input line 3
1.

(/usr/tce/backend/installations/linux-rhel8-x86_64/gcc-10.3.1/texlive-20220321-
5dvbmoj4mr7bmfyzzzstanspbcoex6ij/texmf-dist/tex/latex/lm/omllmm.fd
File: omllmm.fd 2015/05/01 v1.6.1 Font defs for Latin Modern
)
LaTeX Font Info:    Trying to load font information for OMS+lmsy on input line 
31.

(/usr/tce/backend/installations/linux-rhel8-x86_64/gcc-10.3.1/texlive-20220321-
5dvbmoj4mr7bmfyzzzstanspbcoex6ij/texmf-dist/tex/latex/lm/omslmsy.fd
File: omslmsy.fd 2015/05/01 v1.6.1 Font defs for Latin Modern
)
LaTeX Font Info:    Trying to load font information for OMX+lmex on input line 
31.

(/usr/tce/backend/installations/linux-rhel8-x86_64/gcc-10.3.1/texlive-20220321-
5dvbmoj4mr7bmfyzzzstanspbcoex6ij/texmf-dist/tex/latex/lm/omxlmex.fd
File: omxlmex.fd 2015/05/01 v1.6.1 Font defs for Latin Modern
)
LaTeX Font Info:    External font `lmex10' loaded for size
(Font)              <10.95> on input line 31.
LaTeX Font Info:    External font `lmex10' loaded for size
(Font)              <8> on input line 31.
LaTeX Font Info:    External font `lmex10' loaded for size
(Font)              <6> on input line 31.
LaTeX Font Info:    Trying to load font information for U+msa on input line 31.


(/usr/tce/backend/installations/linux-rhel8-x86_64/gcc-10.3.1/texlive-20220321-
5dvbmoj4mr7bmfyzzzstanspbcoex6ij/texmf-dist/tex/latex/amsfonts/umsa.fd
File: umsa.fd 2013/01/14 v3.01 AMS symbols A
)
(/usr/tce/backend/installations/linux-rhel8-x86_64/gcc-10.3.1/texlive-20220321-
5dvbmoj4mr7bmfyzzzstanspbcoex6ij/texmf-dist/tex/latex/microtype/mt-msa.cfg
File: mt-msa.cfg 2006/02/04 v1.1 microtype config. file: AMS symbols (a) (RS)
)
LaTeX Font Info:    Trying to load font information for U+msb on input line 31.


(/usr/tce/backend/installations/linux-rhel8-x86_64/gcc-10.3.1/texlive-20220321-
5dvbmoj4mr7bmfyzzzstanspbcoex6ij/texmf-dist/tex/latex/amsfonts/umsb.fd
File: umsb.fd 2013/01/14 v3.01 AMS symbols B
)
(/usr/tce/backend/installations/linux-rhel8-x86_64/gcc-10.3.1/texlive-20220321-
5dvbmoj4mr7bmfyzzzstanspbcoex6ij/texmf-dist/tex/latex/microtype/mt-msb.cfg
File: mt-msb.cfg 2005/06/01 v1.0 microtype config. file: AMS symbols (b) (RS)
)
[1

{/usr/tce/backend/installations/linux-rhel8-x86_64/gcc-10.3.1/texlive-20220321-
5dvbmoj4mr7bmfyzzzstanspbcoex6ij/texmf-dist/fonts/map/pdftex/updmap/pdftex.map}
 <./figures/cover_disk_compaction.png (PNG copy)>])
(./tex/frontmatter/preface.tex (./generated/tex/source_counts_table.tex))
[1

] (./geos_mpm_manual.toc [2

] [3] [4] [5] [6])
\tf@toc=\write4
\openout4 = `geos_mpm_manual.toc'.

 [7]
(./tex/frontmatter/introduction.tex
<figures/mpm_overview_diagram.png, id=563, 1535.7375pt x 941.5175pt>
File: figures/mpm_overview_diagram.png Graphic file (type png)
<use figures/mpm_overview_diagram.png>
Package pdftex.def Info: figures/mpm_overview_diagram.png  used on input line 1
6.
(pdftex.def)             Requested size: 466.86188pt x 286.22142pt.

pdfTeX warning (ext4): destination with the same identifier (name{page.1}) has 
been already used, duplicate ignored
<to be read again> 
                   \relax 
l.24 
      [1


 <./figures/mpm_overview_diagram.png>]
LaTeX Font Info:    Trying to load font information for TS1+lmr on input line 4
2.

(/usr/tce/backend/installations/linux-rhel8-x86_64/gcc-10.3.1/texlive-20220321-
5dvbmoj4mr7bmfyzzzstanspbcoex6ij/texmf-dist/tex/latex/lm/ts1lmr.fd
File: ts1lmr.fd 2015/05/01 v1.6.1 Font defs for Latin Modern
) [2]
<figures/mpm_applications_composite.png, id=609, 1496.59125pt x 733.74126pt>
File: figures/mpm_applications_composite.png Graphic file (type png)
<use figures/mpm_applications_composite.png>
Package pdftex.def Info: figures/mpm_applications_composite.png  used on input 
line 53.
(pdftex.def)             Requested size: 481.60432pt x 236.11192pt.
)
(./tex/chapters/01_getting_started/main.tex [3 <./figures/mpm_applications_comp
osite.png>]
Chapter 1.

Underfull \hbox (badness 10000) in paragraph at lines 16--17
[]$\T1/lmtt/m/n/10.95 scripts / preProcessing / materialPointMethodParticleFile
Writer / particleFileWriter . py$
 []


Underfull \hbox (badness 10000) in paragraph at lines 17--18
[]$\T1/lmtt/m/n/10.95 scripts / preProcessing / materialPointMethodParticleFile
Writer / pfw _ geometryObjects . py$
 []

LaTeX Font Info:    Font shape `T1/lmtt/bx/n' in size <14.4> not available
(Font)              Font shape `T1/lmtt/b/n' tried instead on input line 21.

(/usr/tce/backend/installations/linux-rhel8-x86_64/gcc-10.3.1/texlive-20220321-
5dvbmoj4mr7bmfyzzzstanspbcoex6ij/texmf-dist/tex/latex/listings/lstlang1.sty
File: lstlang1.sty 2020/03/24 1.8d listings language file
)
(/usr/tce/backend/installations/linux-rhel8-x86_64/gcc-10.3.1/texlive-20220321-
5dvbmoj4mr7bmfyzzzstanspbcoex6ij/texmf-dist/tex/latex/listings/lstlang1.sty
File: lstlang1.sty 2020/03/24 1.8d listings language file
)
Package hyperref Info: bookmark level for unknown lstlisting defaults to 0 on i
nput line 28.
LaTeX Font Info:    Font shape `T1/lmtt/bx/n' in size <10> not available
(Font)              Font shape `T1/lmtt/b/n' tried instead on input line 36.

[4

] [5]) (./tex/chapters/02_theory/main.tex [6]
Chapter 2.
(./tex/chapters/02_theory/00_scope.tex)
(./tex/chapters/02_theory/01_data_model.tex)
(./tex/chapters/02_theory/02_time_integration.tex)
(./tex/chapters/02_theory/03_governing_equations.tex [7

])
(./tex/chapters/02_theory/04_solver_steps/main.tex
Underfull \hbox (badness 4229) in paragraph at lines 27--28
[]|\T1/lmr/m/n/10.95 (+20) Refresh damage-gradient, crack-tip, SPH-Jacobian,
 []


Underfull \hbox (badness 1127) in paragraph at lines 29--29
[]|\T1/lmr/m/n/10.95 (+20) Compute par-ti-cle loads and
 []


Underfull \hbox (badness 10000) in paragraph at lines 32--32
[]|\T1/lmr/m/n/10.95 (+20) Compute and syn-chro-nize
 []


Underfull \hbox (badness 1715) in paragraph at lines 39--39
[]|\T1/lmr/m/n/10.95 (+20) Write op-tional out-puts and
 []

[8] [9] [10] [11] [12] [13] [14] [15]
Overfull \hbox (9.67303pt too wide) in paragraph at lines 349--351
\T1/lmr/m/n/10.95 (-20) while diffuse-interface surface-tension forces are as-s
em-bled later as the grid force \T1/lmtt/m/n/10.95 gridSurfaceTensionForce
 []

[16] [17] [18] [19] [20] [21] [22] [23] [24])
(./tex/chapters/02_theory/05_events.tex [25]
LaTeX Font Info:    Font shape `T1/lmtt/bx/n' in size <12> not available
(Font)              Font shape `T1/lmtt/b/n' tried instead on input line 52.
 [26] [27] [28]
Underfull \hbox (badness 2237) in paragraph at lines 187--188
\T1/lmtt/m/n/10.95 endTime\T1/lmr/m/n/10.95 (+20) ; \T1/lmtt/m/n/10.95 czVolume
Normalization\T1/lmr/m/n/10.95 (+20) , de-fault \T1/lmtt/m/n/10.95 1\T1/lmr/m/n
/10.95 (+20) ; \T1/lmtt/m/n/10.95 computeNormalsAndPositions\T1/lmr/m/n/10.95 (
+20) , de-fault \T1/lmtt/m/n/10.95 0\T1/lmr/m/n/10.95 (+20) ;
 []


Overfull \hbox (20.56873pt too wide) in paragraph at lines 187--188
\T1/lmr/m/n/10.95 (-20) de-fault \T1/lmtt/m/n/10.95 TypeB\T1/lmr/m/n/10.95 (-20
) . The two Boolean-like flags \T1/lmtt/m/n/10.95 czVolumeNormalization \T1/lmr
/m/n/10.95 (-20) and \T1/lmtt/m/n/10.95 computeNormalsAndPositions
 []

[29] [30] [31]
Overfull \hbox (260.0977pt too wide) detected at line 353
[][][] \OMS/lmsy/m/n/10.95   []\OML/lmm/m/it/10.95 ;  [] \OMS/lmsy/m/n/10.95   
[]\OML/lmm/m/it/10.95 ;  [] \OMS/lmsy/m/n/10.95   []\OML/lmm/m/it/10.95 :
 []


Underfull \hbox (badness 7613) in paragraph at lines 364--365
[] []\T1/lmr/bx/n/10.95 (+20) Im-ple-men-ta-tion note.[] \T1/lmr/m/n/10.95 (+20
) In the re-viewed source, both \T1/lmtt/m/n/10.95 prescribedFTableString() \T1
/lmr/m/n/10.95 (+20) and
 []

[32] [33] [34] [35] [36] [37] [38] [39]
LaTeX Font Info:    External font `lmex10' loaded for size
(Font)              <9> on input line 780.
LaTeX Font Info:    External font `lmex10' loaded for size
(Font)              <5> on input line 780.
)
(./tex/chapters/02_theory/06_constitutive_models/main.tex [40]
LaTeX Font Info:    Font shape `T1/lmtt/bx/n' in size <10.95> not available
(Font)              Font shape `T1/lmtt/b/n' tried instead on input line 40.
 [41] [42]
[43] [44] [45] [46]
Underfull \hbox (badness 3449) in paragraph at lines 405--406
[]|\T1/lmr/m/n/8 (+20) Time-to-failure reg-u-lar-iza-tion speed used when
 []


Underfull \hbox (badness 10000) in paragraph at lines 406--407
[]|\T1/lmr/m/n/8 (+20) Enables fracture-energy reg-u-lar-iza-tion us-ing
 []


Underfull \hbox (badness 10000) in paragraph at lines 410--410
[]|\T1/lmr/m/n/8 (+20) particle
 []


Underfull \hbox (badness 10000) in paragraph at lines 411--411
[]|\T1/lmr/m/n/8 (+20) particle
 []


Underfull \hbox (badness 10000) in paragraph at lines 412--412
[]|\T1/lmr/m/n/8 (+20) particle
 []

[47] [48]
Overfull \hbox (8.96936pt too wide) in paragraph at lines 463--465
\T1/lmr/m/n/10.95 (-20) where $\OML/lmm/m/it/10.95 ^^X[] \OMS/lmsy/m/n/10.95 ^^
U \OT1/lmr/m/n/10.95 (-20) 1$ \T1/lmr/m/n/10.95 (-20) is the crack-tip stress-c
oncentration fac-tor and $\OT1/lmr/m/n/10.95 (-20) ^^@[] = 1$ \T1/lmr/m/n/10.95
 (-20) when \T1/lmtt/m/n/10.95 thirdInvariantDependence=0\T1/lmr/m/n/10.95 (-20
) .
 []

<figures/ceramic_damage_yield_surface_fig8_hi.pdf, id=1654, 1385.175pt x 933.48
75pt>
File: figures/ceramic_damage_yield_surface_fig8_hi.pdf Graphic file (type pdf)
<use figures/ceramic_damage_yield_surface_fig8_hi.pdf>
Package pdftex.def Info: figures/ceramic_damage_yield_surface_fig8_hi.pdf  used
 on input line 482.
(pdftex.def)             Requested size: 452.11942pt x 304.69028pt.
[49 <./figures/ceramic_damage_yield_surface_fig8_hi.pdf>] [50] [51] [52

]
<figures/graphite_deformation_modes.png, id=1724, 1409.265pt x 850.17625pt>
File: figures/graphite_deformation_modes.png Graphic file (type png)
<use figures/graphite_deformation_modes.png>
Package pdftex.def Info: figures/graphite_deformation_modes.png  used on input 
line 621.
(pdftex.def)             Requested size: 471.78102pt x 284.60649pt.

[53] [54 <./figures/graphite_deformation_modes.png>]
Underfull \hbox (badness 2401) in paragraph at lines 672--674
\T1/lmr/m/n/10.95 (+20) pres-sure scales $\OML/lmm/m/it/10.95 P[]$\T1/lmr/m/n/1
0.95 (+20) , $\OML/lmm/m/it/10.95 P[]$\T1/lmr/m/n/10.95 (+20) , and $\OML/lmm/m
/it/10.95 P[]$ \T1/lmr/m/n/10.95 (+20) are sup-plied by \T1/lmtt/m/n/10.95 defa
ultYoungModulusAxialPressureScale\T1/lmr/m/n/10.95 (+20) ,
 []


Overfull \hbox (46.43814pt too wide) in paragraph at lines 672--674
\T1/lmtt/m/n/10.95 defaultYoungModulusTransversePressureScale\T1/lmr/m/n/10.95 
(-20) , and \T1/lmtt/m/n/10.95 defaultShearModulusAxialTransversePressureScale\
T1/lmr/m/n/10.95 (-20) .
 []

[55] [56]
<figures/graphite_point_slope_strength.png, id=1789, 751.24664pt x 397.12366pt>

File: figures/graphite_point_slope_strength.png Graphic file (type png)
<use figures/graphite_point_slope_strength.png>
Package pdftex.def Info: figures/graphite_point_slope_strength.png  used on inp
ut line 788.
(pdftex.def)             Requested size: 383.3188pt x 202.63339pt.

Overfull \hbox (47.12003pt too wide) in paragraph at lines 799--801
\T1/lmr/m/n/10.95 (-20) Here $\OML/lmm/m/it/10.95 C[]$ \T1/lmr/m/n/10.95 (-20) 
is one of \T1/lmtt/m/n/10.95 distortionStrainHardeningC0\T1/lmr/m/n/10.95 (-20)
 , \T1/lmtt/m/n/10.95 inPlaneStrainHardeningC0\T1/lmr/m/n/10.95 (-20) , or \T1/
lmtt/m/n/10.95 coupledStrainHardeningC0\T1/lmr/m/n/10.95 (-20) ;
 []

[57 <./figures/graphite_point_slope_strength.png>]
Overfull \hbox (76.07536pt too wide) in paragraph at lines 817--819
\T1/lmr/m/n/10.95 (-20) for fi-nite in-put val-ues, where $\OML/lmm/m/it/10.95 
G[] \OT1/lmr/m/n/10.95 (-20) = []$\T1/lmr/m/n/10.95 (-20) , $\OML/lmm/m/it/10.9
5 G[] \OT1/lmr/m/n/10.95 (-20) = []$\T1/lmr/m/n/10.95 (-20) ,
 []


Overfull \hbox (46.87157pt too wide) in paragraph at lines 840--841
[]\T1/lmr/m/n/10.95 (-20) When the crack-tip stress con-cen-tra-tion op-tion is
 ac-tive, the same fac-tor $\OML/lmm/m/it/10.95 C[] \OT1/lmr/m/n/10.95 (-20) = 
[]$
 []

[58] [59]
Underfull \hbox (badness 1509) in paragraph at lines 936--937
[]\T1/lmr/m/n/10.95 (+20) Damage can evolve through the pre-plastic brit-tle te
n-sile re-turn in Eqs. []--[]
 []


Underfull \hbox (badness 1946) in paragraph at lines 936--937
\T1/lmr/m/n/10.95 (+20) and through plas-tic work ac-cu-mu-lated af-ter the mod
al re-turn. The brit-tle branch uses
 []


Overfull \hbox (77.61252pt too wide) in paragraph at lines 936--937
\T1/lmtt/m/n/10.95 totalFractureEnergyReleaseRate \T1/lmr/m/n/10.95 (-20) for m
aximum-principal ten-sile fail-ure and \T1/lmtt/m/n/10.95 basalPlaneFractureEne
rgyReleaseRate
 []

[60] [61] [62]
<figures/geomechanics_formulation_composite.png, id=1893, 693.792pt x 697.76685
pt>
File: figures/geomechanics_formulation_composite.png Graphic file (type png)
<use figures/geomechanics_formulation_composite.png>
Package pdftex.def Info: figures/geomechanics_formulation_composite.png  used o
n input line 1073.
(pdftex.def)             Requested size: 481.60432pt x 484.3663pt.

Underfull \hbox (badness 3354) in paragraph at lines 1091--1092
[]|\T1/lmtt/m/n/10.95 stren > 0 \T1/lmr/m/n/10.95 (+20) with \T1/lmtt/m/n/10.95
 fSlope = peakI1 = ySlope = 0\T1/lmr/m/n/10.95 (+20) . This gives
 []


Underfull \hbox (badness 10000) in paragraph at lines 1093--1093
[]|\T1/lmr/m/n/10.95 (+20) Nonlinear Drucker--
 []

[63] [64 <./figures/geomechanics_formulation_composite.png (PNG copy)>]
[65] [66]
Underfull \hbox (badness 10000) in paragraph at lines 1258--1258
[]|\T1/lmtt/m/n/10.95 b0,b1,b2,b3,b4\T1/lmr/m/n/10.95 (+20) ,
 []


Underfull \hbox (badness 10000) in paragraph at lines 1260--1260
[]|\T1/lmtt/m/n/10.95 peakI1\T1/lmr/m/n/10.95 (+20) , \T1/lmtt/m/n/10.95 fSlope
\T1/lmr/m/n/10.95 (+20) ,
 []


Underfull \hbox (badness 10000) in paragraph at lines 1260--1260
\T1/lmtt/m/n/10.95 fSlopeFailed\T1/lmr/m/n/10.95 (+20) , \T1/lmtt/m/n/10.95 str
en\T1/lmr/m/n/10.95 (+20) ,
 []


Underfull \hbox (badness 10000) in paragraph at lines 1261--1261
[]|\T1/lmtt/m/n/10.95 strainHardeningK\T1/lmr/m/n/10.95 (+20) ,
 []


Underfull \hbox (badness 10000) in paragraph at lines 1261--1261
\T1/lmtt/m/n/10.95 strainHardeningN\T1/lmr/m/n/10.95 (+20) ,
 []


Underfull \hbox (badness 10000) in paragraph at lines 1261--1261
\T1/lmtt/m/n/10.95 dstrendh\T1/lmr/m/n/10.95 (+20) , \T1/lmtt/m/n/10.95 dfslope
dh\T1/lmr/m/n/10.95 (+20) ,
 []


Overfull \hbox (7.57587pt too wide) in paragraph at lines 1262--1262
[]|\T1/lmtt/m/n/10.95 fractureEnergyReleaseRate\T1/lmr/m/n/10.95 (-20) ,
 []


Overfull \hbox (7.57587pt too wide) in paragraph at lines 1262--1262
\T1/lmtt/m/n/10.95 fractureSofteningExponent\T1/lmr/m/n/10.95 (-20) ,
 []


Underfull \hbox (badness 10000) in paragraph at lines 1262--1262
\T1/lmtt/m/n/10.95 fractureStress\T1/lmr/m/n/10.95 (+20) ,
 []


Overfull \hbox (1.82713pt too wide) in paragraph at lines 1262--1262
\T1/lmtt/m/n/10.95 brittleDuctileTransition\T1/lmr/m/n/10.95 (-20) ,
 []


Underfull \hbox (badness 10000) in paragraph at lines 1263--1263
[]|\T1/lmtt/m/n/10.95 enableCreep\T1/lmr/m/n/10.95 (+20) , \T1/lmtt/m/n/10.95 c
reepC0\T1/lmr/m/n/10.95 (+20) ,
 []


Underfull \hbox (badness 10000) in paragraph at lines 1263--1263
\T1/lmtt/m/n/10.95 creepB\T1/lmr/m/n/10.95 (+20) , \T1/lmtt/m/n/10.95 creepC\T1
/lmr/m/n/10.95 (+20) , \T1/lmtt/m/n/10.95 creepD\T1/lmr/m/n/10.95 (+20) ,
 []


Underfull \hbox (badness 10000) in paragraph at lines 1263--1263
\T1/lmtt/m/n/10.95 creepE\T1/lmr/m/n/10.95 (+20) , \T1/lmtt/m/n/10.95 creepF\T1
/lmr/m/n/10.95 (+20) , \T1/lmtt/m/n/10.95 creepG\T1/lmr/m/n/10.95 (+20) ,
 []


Underfull \hbox (badness 10000) in paragraph at lines 1264--1264
[]|\T1/lmtt/m/n/10.95 enableBuckling\T1/lmr/m/n/10.95 (+20) ,
 []


Underfull \hbox (badness 10000) in paragraph at lines 1264--1264
\T1/lmtt/m/n/10.95 bucklingLength\T1/lmr/m/n/10.95 (+20) ,
 []


Underfull \hbox (badness 10000) in paragraph at lines 1264--1264
\T1/lmtt/m/n/10.95 bucklingAmplitude\T1/lmr/m/n/10.95 (+20) ,
 []


Underfull \hbox (badness 10000) in paragraph at lines 1265--1265
[]|\T1/lmtt/m/n/10.95 plasticStrainTolerance\T1/lmr/m/n/10.95 (+20) ,
 []


Underfull \hbox (badness 10000) in paragraph at lines 1265--1265
\T1/lmtt/m/n/10.95 stressReturnTolerance\T1/lmr/m/n/10.95 (+20) ,
 []


Underfull \hbox (badness 10000) in paragraph at lines 1265--1265
\T1/lmtt/m/n/10.95 maxAllowedSubcycles\T1/lmr/m/n/10.95 (+20) ,
 []


Underfull \hbox (badness 10000) in paragraph at lines 1265--1265
\T1/lmtt/m/n/10.95 failedStepResponse\T1/lmr/m/n/10.95 (+20) ,
 []


Underfull \hbox (badness 10000) in paragraph at lines 1265--1266
[]|\T1/lmr/m/n/10.95 (+20) Return tol-er-ances, sub-cy-cling lim-its,
 []


Underfull \hbox (badness 3679) in paragraph at lines 1265--1266
\T1/lmr/m/n/10.95 (+20) fail-ure re-sponse, and elastic-only test
 []


Underfull \hbox (badness 10000) in paragraph at lines 1265--1266
\T1/lmr/m/n/10.95 (+20) mode. Failed con-ver-gence ex-poses
 []


Underfull \hbox (badness 10000) in paragraph at lines 1266--1266
[]|\T1/lmr/m/n/10.95 (+20) Currently dis-abled
 []


Underfull \hbox (badness 10000) in paragraph at lines 1266--1266
[]|\T1/lmtt/m/n/10.95 fluidBulkModulus\T1/lmr/m/n/10.95 (+20) ,
 []

[67] [68]
Overfull \hbox (28.04353pt too wide) in paragraph at lines 1313--1314
\T1/lmtt/m/n/10.95 Liquid \T1/lmr/m/n/10.95 (-20) is the im-ple-mented weakly c
om-press-ible New-to-nian liq-uid model in \T1/lmtt/m/n/10.95 constitutive/liqu
id/Liquid.cpp\T1/lmr/m/n/10.95 (-20) .
 []

[69] [70] [71]
(/usr/tce/backend/installations/linux-rhel8-x86_64/gcc-10.3.1/texlive-20220321-
5dvbmoj4mr7bmfyzzzstanspbcoex6ij/texmf-dist/tex/latex/listings/lstlang1.sty
File: lstlang1.sty 2020/03/24 1.8d listings language file
)
(/usr/tce/backend/installations/linux-rhel8-x86_64/gcc-10.3.1/texlive-20220321-
5dvbmoj4mr7bmfyzzzstanspbcoex6ij/texmf-dist/tex/latex/listings/lstlang1.sty
File: lstlang1.sty 2020/03/24 1.8d listings language file
)
(/usr/tce/backend/installations/linux-rhel8-x86_64/gcc-10.3.1/texlive-20220321-
5dvbmoj4mr7bmfyzzzstanspbcoex6ij/texmf-dist/tex/latex/listings/lstmisc.sty
File: lstmisc.sty 2020/03/24 1.8d (Carsten Heinz)
)
[72]
Overfull \hbox (19.155pt too wide) in paragraph at lines 1471--1472
[] []\T1/lmr/bx/n/10.95 (-20) Build and ex-e-cutable dis-cov-ery.[] \T1/lmr/m/n
/10.95 (-20) The com-piled ex-e-cutable is named \T1/lmtt/m/n/10.95 geos_mpm_ma
terial_point_driver\T1/lmr/m/n/10.95 (-20) .
 []

[73]
(/usr/tce/backend/installations/linux-rhel8-x86_64/gcc-10.3.1/texlive-20220321-
5dvbmoj4mr7bmfyzzzstanspbcoex6ij/texmf-dist/tex/latex/listings/lstlang1.sty
File: lstlang1.sty 2020/03/24 1.8d listings language file
)
[74] [75]) (./tex/chapters/02_theory/07_particle_types.tex [76] [77]
<figures/particle_shape_functions.pdf, id=2147, 520.34402pt x 296.307pt>
File: figures/particle_shape_functions.pdf Graphic file (type pdf)
<use figures/particle_shape_functions.pdf>
Package pdftex.def Info: figures/particle_shape_functions.pdf  used on input li
ne 135.
(pdftex.def)             Requested size: 452.11942pt x 257.46852pt.
 [78 <./figures/particle_shape_functions.pdf>] [79] [80] [81] [82] [83]
Underfull \hbox (badness 2073) in paragraph at lines 474--474
[]|\T1/lmr/m/n/10.95 (+20) implemented, de-
 []


Underfull \hbox (badness 2582) in paragraph at lines 476--477
[]|\T1/lmr/m/n/10.95 (+20) Approximate full-mass in-verse con-trolled by
 []

[84]) (./tex/chapters/02_theory/08_boundary_conditions.tex [85] [86] [87]
[88] [89]
Overfull \hbox (24.225pt too wide) in paragraph at lines 270--272
\T1/lmr/m/n/10.95 (-20) buffer-reflection op-er-a-tions used by a mov-ing face.
 The reg-is-tered \T1/lmtt/m/n/10.95 boundaryFaceCoefficientsOfRestitution
 []

[90] [91]
Overfull \hbox (10.3516pt too wide) in paragraph at lines 465--492
 [][] 
 []


LaTeX Warning: `h' float specifier changed to `ht'.


Underfull \hbox (badness 3058) in paragraph at lines 494--500
[]\T1/lmr/m/n/10.95 (+20) For prescribed-F quasi-static tests, the de-fault str
ain scales are suit-able start-ing val-
 []

[92] [93] [94]
Underfull \hbox (badness 2181) in paragraph at lines 585--592
[]\T1/lmr/m/n/10.95 (+20) Persistent wave warn-ings in-di-cate that the con-tro
lled stress is dom-i-nated by tran-sient
 []


Underfull \hbox (badness 1292) in paragraph at lines 585--592
\T1/lmr/m/n/10.95 (+20) stress waves rather than a quasi-static mean. In-crease
 \T1/lmtt/m/n/10.95 stressControlResponseStrain \T1/lmr/m/n/10.95 (+20) and
 []

[95]) (./tex/chapters/02_theory/09_cohesive_zone.tex [96]
Overfull \hbox (52.29422pt too wide) in paragraph at lines 54--55
[]\T1/lmr/m/n/10.95 (-20) Two op-tions con-trol how par-ti-cle sur-face data en
-ter the ref-er-ence con-fig-u-ra-tion. If \T1/lmtt/m/n/10.95 computeNormalsAnd
Positions
 []

[97]
Underfull \hbox (badness 1189) in paragraph at lines 129--130
\T1/lmr/m/n/10.95 (+20) viewed source reg-is-ters five ex-e-cutable cohesive-zo
ne model classes: \T1/lmtt/m/n/10.95 UncoupledCohesiveZone\T1/lmr/m/n/10.95 (+2
0) ,
 []


Overfull \hbox (80.74802pt too wide) in paragraph at lines 129--130
\T1/lmtt/m/n/10.95 CoupledCohesiveZone\T1/lmr/m/n/10.95 (-20) , \T1/lmtt/m/n/10
.95 BicrystalCohesiveZone\T1/lmr/m/n/10.95 (-20) , \T1/lmtt/m/n/10.95 PolymerCo
hesiveZone\T1/lmr/m/n/10.95 (-20) , and \T1/lmtt/m/n/10.95 SurfaceInformedPolym
erCohesiveZone\T1/lmr/m/n/10.95 (-20) .
 []

[98]
Underfull \hbox (badness 5504) in paragraph at lines 142--143
[] []\T1/lmtt/b/n/10.95 CoupledCohesiveZone\T1/lmr/bx/n/10.95 (+20) .[] \T1/lmr
/m/n/10.95 (+20) This law im-ple-ments a cou-pled ex-po-nen-tial co-he-sive re-
sponse of
 []


Underfull \hbox (badness 2781) in paragraph at lines 142--143
\T1/lmr/m/n/10.95 (+20) the Needleman--Xu fam-ily [[]]. Re-quired in-puts are \
T1/lmtt/m/n/10.95 characteristicNormalDisplacement\T1/lmr/m/n/10.95 (+20) ,
 []


Underfull \hbox (badness 3343) in paragraph at lines 155--156
\T1/lmtt/m/n/10.95 bulkModulusA\T1/lmr/m/n/10.95 (+20) , \T1/lmtt/m/n/10.95 bul
kModulusB\T1/lmr/m/n/10.95 (+20) , \T1/lmtt/m/n/10.95 bulkModulusT0\T1/lmr/m/n/
10.95 (+20) , the shear-modulus pa-ram-e-ters \T1/lmtt/m/n/10.95 shearModulus\T
1/lmr/m/n/10.95 (+20) ,
 []


Underfull \hbox (badness 3168) in paragraph at lines 155--156
\T1/lmtt/m/n/10.95 shearModulusA\T1/lmr/m/n/10.95 (+20) , \T1/lmtt/m/n/10.95 sh
earModulusB\T1/lmr/m/n/10.95 (+20) , \T1/lmtt/m/n/10.95 shearModulusT0\T1/lmr/m
/n/10.95 (+20) , yield-strength pa-ram-e-ters \T1/lmtt/m/n/10.95 yieldStrength0
\T1/lmr/m/n/10.95 (+20) ,
 []

[99]
Overfull \hbox (1.10962pt too wide) in paragraph at lines 213--213
\T1/lmtt/m/n/10.95 PolymerCohesiveZone|  
 []

[100]
Underfull \hbox (badness 1502) in paragraph at lines 221--222
\T1/lmr/m/n/10.95 (+20) The min-i-mum event-level con-trols are \T1/lmtt/m/n/10
.95 regionNames\T1/lmr/m/n/10.95 (+20) , \T1/lmtt/m/n/10.95 constitutiveModels\
T1/lmr/m/n/10.95 (+20) , and \T1/lmtt/m/n/10.95 czTags\T1/lmr/m/n/10.95 (+20) ;
 the
 []


Underfull \hbox (badness 1072) in paragraph at lines 221--222
\T1/lmr/m/n/10.95 (+20) ar-rays must have the same nonzero length. Op-tional co
n-trols are \T1/lmtt/m/n/10.95 czVolumeNormalization\T1/lmr/m/n/10.95 (+20) ,
 []

) (./tex/chapters/02_theory/10_weak_trace.tex [101] [102]
Overfull \hbox (42.72571pt too wide) in paragraph at lines 122--123
\T1/lmr/m/n/10.95 (-20) scribed de-for-ma-tion and boundary-condition en-force-
ment. When \T1/lmtt/m/n/10.95 weakInterfaceTraceSuppressNodalContact=1\T1/lmr/m
/n/10.95 (-20) ,
 []

[103]
LaTeX Font Info:    External font `lmex10' loaded for size
(Font)              <10> on input line 145.
LaTeX Font Info:    External font `lmex10' loaded for size
(Font)              <7> on input line 145.

Overfull \hbox (12.75168pt too wide) in paragraph at lines 146--146
[]|\T1/lmtt/m/n/10 weakInterfaceTraceProjectionIterations|  
 []


Overfull \hbox (12.75168pt too wide) in paragraph at lines 149--149
[]|\T1/lmtt/m/n/10 weakInterfaceTraceSuppressNodalContact|  
 []


Overfull \hbox (4.91241pt too wide) in paragraph at lines 154--155
[]\T1/lmr/m/n/10.95 (-20) The prin-ci-pal grid di-ag-nos-tics are \T1/lmtt/m/n/
10.95 gridWeakInterfaceTraceActive\T1/lmr/m/n/10.95 (-20) , \T1/lmtt/m/n/10.95 
gridWeakInterfaceTraceForce\T1/lmr/m/n/10.95 (-20) ,
 []

) (./tex/chapters/02_theory/11_contact_options.tex [104] [105]
<figures/contact_fields_schematic.pdf, id=2704, 1000.88431pt x 573.46545pt>
File: figures/contact_fields_schematic.pdf Graphic file (type pdf)
<use figures/contact_fields_schematic.pdf>
Package pdftex.def Info: figures/contact_fields_schematic.pdf  used on input li
ne 67.
(pdftex.def)             Requested size: 491.43513pt x 281.56929pt.
 [106] [107 <./figures/contact_fields_schematic.pdf>]
Underfull \hbox (badness 5091) in paragraph at lines 120--121
[]\T1/lmr/m/n/10.95 (+20) When \T1/lmtt/m/n/10.95 enableWeakInterfaceTraceProje
ction=1\T1/lmr/m/n/10.95 (+20) , se-lected group pairs are iden-ti-fied by
 []


Underfull \hbox (badness 2698) in paragraph at lines 122--123
[]\T1/lmr/m/n/10.95 (+20) For pre-scribed trace ge-om-e-try, par-ti-cles on the
 in-tended bonded in-ter-face should use
 []


Underfull \hbox (badness 1424) in paragraph at lines 122--123
\T1/lmtt/m/n/10.95 SurfaceFlag::WeakDiscontinuity\T1/lmr/m/n/10.95 (+20) . This
 flag con-tributes ex-plicit sur-face nor-mals and po-si-
 []

[108]
Overfull \hbox (61.4305pt too wide) in paragraph at lines 165--167
\T1/lmr/m/n/10.95 (-20) with a sep-a-rate mass-like nor-mal-iza-tion stored in 
\T1/lmtt/m/n/10.95 gridSurfaceFieldMass\T1/lmr/m/n/10.95 (-20) . When \T1/lmtt/
m/n/10.95 useSurfacePositionForContact=1\T1/lmr/m/n/10.95 (-20) ,
 []

<figures/contact_surface_methods_schematic.pdf, id=2838, 455.4475pt x 220.0659p
t>
File: figures/contact_surface_methods_schematic.pdf Graphic file (type pdf)
<use figures/contact_surface_methods_schematic.pdf>
Package pdftex.def Info: figures/contact_surface_methods_schematic.pdf  used on
 input line 170.
(pdftex.def)             Requested size: 471.78102pt x 227.95984pt.
[109] [110 <./figures/contact_surface_methods_schematic.pdf>] [111] [112]
[113] [114]
<figures/contact_examples_summary.pdf, id=2931, 1011.78pt x 433.62pt>
File: figures/contact_examples_summary.pdf Graphic file (type pdf)
<use figures/contact_examples_summary.pdf>
Package pdftex.def Info: figures/contact_examples_summary.pdf  used on input li
ne 434.
(pdftex.def)             Requested size: 491.43513pt x 210.61642pt.
 [115]
Overfull \hbox (1.58253pt too wide) in paragraph at lines 476--476
[]|\T1/lmtt/m/n/10 enableWeakInterfaceTraceProjection|  
 []


Overfull \hbox (22.31998pt too wide) in paragraph at lines 478--478
\T1/lmtt/m/n/10 weakInterfaceTraceProjectionIterations|  
 []


Overfull \hbox (2.91473pt too wide) in paragraph at lines 479--479
[]|\T1/lmtt/m/n/10 weakInterfaceTraceGapStabilization\T1/lmr/m/n/10 (-20) , 
 []


Overfull \hbox (22.58247pt too wide) in paragraph at lines 480--480
[]|\T1/lmtt/m/n/10 weakInterfaceTraceSuppressNodalContact|  
 []

[116 <./figures/contact_examples_summary.pdf>])
(./tex/chapters/02_theory/12_robustness_controls.tex [117]
Underfull \hbox (badness 1448) in paragraph at lines 27--28
[]\T1/lmr/bx/n/10.95 (+20) Constitutive fail-ure flag. \T1/lmr/m/n/10.95 (+20) 
If a ma-te-rial wrap-per ex-poses \T1/lmtt/m/n/10.95 constitutiveUpdateFlag\T1/
lmr/m/n/10.95 (+20) ,
 []

[118]
Underfull \hbox (badness 10000) in paragraph at lines 93--94
[]\T1/lmr/m/n/10.95 (+20) If \T1/lmtt/m/n/10.95 resetDefGradForScaledSurfacePar
ticles=1\T1/lmr/m/n/10.95 (+20) , CPDI-
 []

[119] [120])) (./tex/chapters/03_particle_file_writer/main.tex [121]
Chapter 3.
(./tex/chapters/03_particle_file_writer/00_purpose.tex)
(./tex/chapters/03_particle_file_writer/01_input_file.tex [122

])
(./tex/chapters/03_particle_file_writer/02_dependencies.tex [123])
(./tex/chapters/03_particle_file_writer/03_background_grid.tex [124]
<figures/pfw_grid_partition_schematic.pdf, id=3161, 892.6873pt x 516.32903pt>
File: figures/pfw_grid_partition_schematic.pdf Graphic file (type pdf)
<use figures/pfw_grid_partition_schematic.pdf>
Package pdftex.def Info: figures/pfw_grid_partition_schematic.pdf  used on inpu
t line 49.
(pdftex.def)             Requested size: 452.11942pt x 261.51225pt.
 [125 <./figures/pfw_grid_partition_schematic.pdf>])
(./tex/chapters/03_particle_file_writer/04_geometry_objects.tex [126] [127]
Underfull \hbox (badness 10000) in paragraph at lines 97--97
[]|\T1/lmtt/m/n/10 getParticleType(pt) \T1/lmr/m/n/10 (+20) or
 []


Underfull \hbox (badness 10000) in paragraph at lines 97--97
[]|\T1/lmtt/m/n/10 getDamage\T1/lmr/m/n/10 (+20) , \T1/lmtt/m/n/10 getPorosity\
T1/lmr/m/n/10 (+20) ,
 []

[128] [129] [130] [131] [132]
Underfull \hbox (badness 7451) in paragraph at lines 221--222
[] []\T1/lmr/bx/n/10.95 (+20) Ba-sic field wrap-pers.[] \T1/lmr/m/n/10.95 (+20)
 The wrap-pers \T1/lmtt/m/n/10.95 materialDirectionWrapper\T1/lmr/m/n/10.95 (+2
0) , \T1/lmtt/m/n/10.95 surfaceFlagWrapper\T1/lmr/m/n/10.95 (+20) ,
 []


Underfull \hbox (badness 10000) in paragraph at lines 221--222
\T1/lmtt/m/n/10.95 czTagWrapper\T1/lmr/m/n/10.95 (+20) , \T1/lmtt/m/n/10.95 sur
faceNormalWrapper\T1/lmr/m/n/10.95 (+20) , \T1/lmtt/m/n/10.95 surfacePositionWr
apper\T1/lmr/m/n/10.95 (+20) , \T1/lmtt/m/n/10.95 shrinkageFlagWrapper\T1/lmr/m
/n/10.95 (+20) ,
 []


Underfull \hbox (badness 1163) in paragraph at lines 221--222
\T1/lmtt/m/n/10.95 strengthScaleWrapper\T1/lmr/m/n/10.95 (+20) , \T1/lmtt/m/n/1
0.95 damageWrapper\T1/lmr/m/n/10.95 (+20) , \T1/lmtt/m/n/10.95 porosityWrapper\
T1/lmr/m/n/10.95 (+20) , and \T1/lmtt/m/n/10.95 temperatureWrapper \T1/lmr/m/n/
10.95 (+20) as-sign a
 []


Overfull \hbox (10.83942pt too wide) in paragraph at lines 225--226
[] []\T1/lmr/bx/n/10.95 (-20) Voronoi, Weibull, and ma-te-ri-al-di-rec-tion wra
p-pers.[] \T1/lmtt/m/n/10.95 voronoiWrapperWithLayeredStrengthScale\T1/lmr/m/n/
10.95 (-20) ,
 []


Underfull \hbox (badness 10000) in paragraph at lines 225--226
\T1/lmtt/m/n/10.95 layeredVoronoiWeibullWrapper\T1/lmr/m/n/10.95 (+20) , \T1/lm
tt/m/n/10.95 voronoiWeibullBoxWrapper\T1/lmr/m/n/10.95 (+20) , \T1/lmtt/m/n/10.
95 voronoiMatDirBoxWrapper\T1/lmr/m/n/10.95 (+20) ,
 []


Underfull \hbox (badness 1168) in paragraph at lines 225--226
\T1/lmtt/m/n/10.95 sizeEffectVoronoiWeibullBoxWrapper\T1/lmr/m/n/10.95 (+20) , 
and \T1/lmtt/m/n/10.95 layeredStrengthScaleBoxWrapper \T1/lmr/m/n/10.95 (+20) a
s-sign spa-tially
 []

)
(./tex/chapters/03_particle_file_writer/05_materials_groups_particle_types.tex
[133]
Underfull \hbox (badness 10000) in paragraph at lines 29--29
[]|\T1/lmtt/m/n/10 ElasticIsotropic\T1/lmr/m/n/10 (+20) , \T1/lmtt/m/n/10 Elast
icTransverseIsotropic\T1/lmr/m/n/10 (+20) ,
 []


Underfull \hbox (badness 10000) in paragraph at lines 29--29
[]|\T1/lmtt/m/n/10 CeramicDamage\T1/lmr/m/n/10 (+20) , \T1/lmtt/m/n/10 Chiument
i\T1/lmr/m/n/10 (+20) , \T1/lmtt/m/n/10 StrainHardeningPolymer\T1/lmr/m/n/10 (+
20) , \T1/lmtt/m/n/10 Graphite\T1/lmr/m/n/10 (+20) ,
 []

[134] [135]
Underfull \hbox (badness 10000) in paragraph at lines 126--126
[]|\T1/lmtt/m/n/10 strengthScaleWrapper\T1/lmr/m/n/10 (+20) , lay-
 []


Underfull \hbox (badness 10000) in paragraph at lines 126--126
[]|\T1/lmtt/m/n/10 damageWrapper\T1/lmr/m/n/10 (+20) ,
 []


Underfull \hbox (badness 10000) in paragraph at lines 126--126
\T1/lmtt/m/n/10 damageBoxWrapper\T1/lmr/m/n/10 (+20) ,
 []


Underfull \hbox (badness 10000) in paragraph at lines 126--126
[]|\T1/lmtt/m/n/10 porosityWrapper\T1/lmr/m/n/10 (+20) ,
 []


Underfull \hbox (badness 10000) in paragraph at lines 126--126
\T1/lmtt/m/n/10 pointwisePorosityWrapper\T1/lmr/m/n/10 (+20) ,
 []


Underfull \hbox (badness 10000) in paragraph at lines 126--126
[]|\T1/lmtt/m/n/10 surfaceFlagWrapper\T1/lmr/m/n/10 (+20) ,
 []


Underfull \hbox (badness 10000) in paragraph at lines 126--126
\T1/lmtt/m/n/10 surfaceNormalWrapper\T1/lmr/m/n/10 (+20) ,
 []


Underfull \hbox (badness 10000) in paragraph at lines 126--126
\T1/lmtt/m/n/10 surfacePositionWrapper\T1/lmr/m/n/10 (+20) ,
 []

[136] [137] [138

])
(./tex/chapters/03_particle_file_writer/06_solver_controls.tex [139

]
Underfull \hbox (badness 10000) in paragraph at lines 52--52
[]|$\T1/lmtt/m/n/10 examples / elasticDisk / pfw _
 []


Underfull \hbox (badness 10000) in paragraph at lines 52--52
[]|$\T1/lmtt/m/n/10 verification / contact / pfw _
 []


Underfull \hbox (badness 10000) in paragraph at lines 52--52
\T1/lmtt/m/n/10 input _ symmetricInterface _
 []


Underfull \hbox (badness 10000) in paragraph at lines 52--52
\T1/lmtt/m/n/10 contact / pfw _ input _
 []


Underfull \hbox (badness 10000) in paragraph at lines 52--52
\T1/lmtt/m/n/10 symmetricInterface _ implicit .
 []


Underfull \hbox (badness 10000) in paragraph at lines 52--52
[]|$\T1/lmtt/m/n/10 examples / brazilianDisk _ FLIP /
 []


Underfull \hbox (badness 10000) in paragraph at lines 52--52
\T1/lmtt/m/n/10 pfw _ input _ brazilianDisk _ FLIP .
 []


Underfull \hbox (badness 10000) in paragraph at lines 52--52
[]|$\T1/lmtt/m/n/10 examples / brazilianDisk _
 []


Underfull \hbox (badness 10000) in paragraph at lines 52--52
\T1/lmtt/m/n/10 BSpline / pfw _ input _
 []


Underfull \hbox (badness 10000) in paragraph at lines 52--52
\T1/lmtt/m/n/10 brazilianDisk _ BSpline . py$
 []


Underfull \hbox (badness 10000) in paragraph at lines 52--52
\T1/lmr/m/n/10 (+20) and $\T1/lmtt/m/n/10 examples / brazilianDisk _
 []


Underfull \hbox (badness 10000) in paragraph at lines 52--52
\T1/lmtt/m/n/10 FMPM / pfw _ input _ brazilianDisk _
 []


Underfull \hbox (badness 10000) in paragraph at lines 52--52
[]|$\T1/lmtt/m/n/10 verification / sizeEffect / pfw _
 []


Underfull \hbox (badness 10000) in paragraph at lines 52--52
[]|$\T1/lmtt/m/n/10 verification / cohesiveZones /
 []


Underfull \hbox (badness 10000) in paragraph at lines 52--52
\T1/lmtt/m/n/10 pfw _ input _ cz _ flip . py$ \T1/lmr/m/n/10 (+20) and
 []


Underfull \hbox (badness 10000) in paragraph at lines 52--52
\T1/lmtt/m/n/10 verification / cohesiveZones /
 []

[140] [141] [142] [143]
Overfull \hbox (55.18887pt too wide) in paragraph at lines 259--260
[]\T1/lmr/m/n/10.95 (-20) Older cohesive-failure style con-trols such as \T1/lm
tt/m/n/10.95 enableCohesiveFailure\T1/lmr/m/n/10.95 (-20) , \T1/lmtt/m/n/10.95 
cohesiveLaw\T1/lmr/m/n/10.95 (-20) , \T1/lmtt/m/n/10.95 maxCohesiveNormalStress
\T1/lmr/m/n/10.95 (-20) ,
 []

[144]
Underfull \hbox (badness 10000) in paragraph at lines 320--320
[]|\T1/lmtt/m/n/9 timeIntegrationOption\T1/lmr/m/n/9 (+20) ,
 []


Underfull \hbox (badness 10000) in paragraph at lines 320--320
\T1/lmtt/m/n/9 cflFactor\T1/lmr/m/n/9 (+20) , \T1/lmtt/m/n/9 initialDt\T1/lmr/m
/n/9 (+20) ,
 []


Underfull \hbox (badness 10000) in paragraph at lines 320--320
\T1/lmtt/m/n/9 endTime\T1/lmr/m/n/9 (+20) , \T1/lmtt/m/n/9 plotInterval\T1/lmr/
m/n/9 (+20) ,
 []


Underfull \hbox (badness 10000) in paragraph at lines 320--320
\T1/lmtt/m/n/9 restartInterval\T1/lmr/m/n/9 (+20) ,
 []


Underfull \hbox (badness 10000) in paragraph at lines 322--322
[]|\T1/lmtt/m/n/9 damageFieldPartitioning=0\T1/lmr/m/n/9 (+20) ,
 []


Underfull \hbox (badness 10000) in paragraph at lines 323--323
[]|\T1/lmtt/m/n/9 frictionCoefficient\T1/lmr/m/n/9 (+20) ,
 []


Underfull \hbox (badness 10000) in paragraph at lines 323--323
\T1/lmtt/m/n/9 frictionCoefficientTable\T1/lmr/m/n/9 (+20) ,
 []


Overfull \hbox (28.15427pt too wide) in paragraph at lines 323--323
\T1/lmtt/m/n/9 frictionCoefficientRuleOfMixtures| 
 []


Underfull \hbox (badness 10000) in paragraph at lines 324--324
[]|\T1/lmtt/m/n/9 contactGapCorrection\T1/lmr/m/n/9 (+20) ,
 []


Underfull \hbox (badness 10000) in paragraph at lines 324--324
\T1/lmtt/m/n/9 contactNormalType\T1/lmr/m/n/9 (+20) ,
 []


Underfull \hbox (badness 10000) in paragraph at lines 324--324
\T1/lmtt/m/n/9 contactNormalExponent\T1/lmr/m/n/9 (+20) ,
 []


Overfull \hbox (5.76169pt too wide) in paragraph at lines 324--324
\T1/lmtt/m/n/9 useSurfacePositionForContact\T1/lmr/m/n/9 (-20) ,
 []


Overfull \hbox (13.9793pt too wide) in paragraph at lines 324--324
\T1/lmtt/m/n/9 explicitSurfaceNormalInfluence| 
 []


Underfull \hbox (badness 10000) in paragraph at lines 324--325
[]|\T1/lmr/m/n/9 (+20) Two-material fric-tion ex-am-ple; B-
 []


Underfull \hbox (badness 10000) in paragraph at lines 325--325
[]|\T1/lmtt/m/n/9 cpdiDomainScaling\T1/lmr/m/n/9 (+20) ,
 []


Underfull \hbox (badness 10000) in paragraph at lines 325--325
\T1/lmtt/m/n/9 damageFieldPartitioning\T1/lmr/m/n/9 (+20) ,
 []


Underfull \hbox (badness 10000) in paragraph at lines 325--325
\T1/lmtt/m/n/9 needsNeighborList\T1/lmr/m/n/9 (+20) ,
 []


Underfull \hbox (badness 10000) in paragraph at lines 325--325
\T1/lmtt/m/n/9 separabilityMinDamage\T1/lmr/m/n/9 (+20) ,
 []


Overfull \hbox (13.9793pt too wide) in paragraph at lines 325--325
\T1/lmtt/m/n/9 treatFullyDamagedAsSingleField| 
 []


Underfull \hbox (badness 10000) in paragraph at lines 326--326
[]|\T1/lmtt/m/n/9 particleFileFields\T1/lmr/m/n/9 (+20) ,
 []


Underfull \hbox (badness 10000) in paragraph at lines 326--326
\T1/lmtt/m/n/9 surfaceQualityThreshold\T1/lmr/m/n/9 (+20) ,
 []


Underfull \hbox (badness 10000) in paragraph at lines 327--327
[]|\T1/lmtt/m/n/9 useCrackTipDetection\T1/lmr/m/n/9 (+20) ,
 []


Underfull \hbox (badness 10000) in paragraph at lines 328--328
[]|\T1/lmtt/m/n/9 normalAndPositionMethod\T1/lmr/m/n/9 (+20) ,
 []


Underfull \hbox (badness 5490) in paragraph at lines 329--329
[]|\T1/lmtt/m/n/9 useEvents\T1/lmr/m/n/9 (+20) , \T1/lmtt/m/n/9 mpmEventsString
\T1/lmr/m/n/9 (+20) ,
 []


Underfull \hbox (badness 10000) in paragraph at lines 329--329
\T1/lmtt/m/n/9 cohesiveFieldPartitioning\T1/lmr/m/n/9 (+20) ,
 []


Underfull \hbox (badness 10000) in paragraph at lines 330--330
[]|\T1/lmtt/m/n/9 enableCohesiveFailure\T1/lmr/m/n/9 (+20) ,
 []


Underfull \hbox (badness 10000) in paragraph at lines 331--331
[]|\T1/lmtt/m/n/9 bodyForce\T1/lmr/m/n/9 (+20) ,
 []


Underfull \hbox (badness 10000) in paragraph at lines 331--331
\T1/lmtt/m/n/9 generalizedVortexMMS\T1/lmr/m/n/9 (+20) ,
 []


Underfull \hbox (badness 10000) in paragraph at lines 331--331
\T1/lmtt/m/n/9 neighborRadius\T1/lmr/m/n/9 (+20) , \T1/lmtt/m/n/9 useAPIC\T1/lm
r/m/n/9 (+20) ,
 []


Overfull \hbox (42.32924pt too wide) in paragraph at lines 331--331
\T1/lmtt/m/n/9 useReferenceVectorsForParticleUpdate| 
 []


Underfull \hbox (badness 10000) in paragraph at lines 332--332
[]|\T1/lmtt/m/n/9 maxParticleVelocity\T1/lmr/m/n/9 (+20) ,
 []


Underfull \hbox (badness 10000) in paragraph at lines 332--332
\T1/lmtt/m/n/9 minParticleJacobian\T1/lmr/m/n/9 (+20) ,
 []


Underfull \hbox (badness 10000) in paragraph at lines 332--332
\T1/lmtt/m/n/9 maxParticleJacobian\T1/lmr/m/n/9 (+20) ,
 []

[145]) (./tex/chapters/03_particle_file_writer/07_boundary_controls.tex
[146]
Underfull \hbox (badness 1776) in paragraph at lines 59--60
\T1/lmr/m/n/10.95 (+20) Use \T1/lmtt/m/n/10.95 prescribedFTable = 1 \T1/lmr/m/n
/10.95 (+20) for a su-per-posed ho-mo-ge-neous velocity-gradient up-date in pe-
ri-
 []

[147]
Underfull \hbox (badness 2961) in paragraph at lines 91--92
\T1/lmr/m/n/10.95 (+20) fi-cients are sup-plied with \T1/lmtt/m/n/10.95 boundar
yFaceFrictionCoefficients\T1/lmr/m/n/10.95 (+20) . The solver also reg-is-ters
 []


Underfull \hbox (badness 1558) in paragraph at lines 91--92
\T1/lmtt/m/n/10.95 boundaryFaceCoefficientsOfRestitution\T1/lmr/m/n/10.95 (+20)
 , but the re-viewed ac-tive code path does not use
 []

) (./tex/chapters/03_particle_file_writer/08_diagnostics.tex [148]
Underfull \hbox (badness 10000) in paragraph at lines 20--20
[]|\T1/lmtt/m/n/10 boxAverageHistory\T1/lmr/m/n/10 (+20) , \T1/lmtt/m/n/10 boxA
verageWriteInterval\T1/lmr/m/n/10 (+20) , \T1/lmtt/m/n/10 boxAverageMin\T1/lmr/
m/n/10 (+20) , \T1/lmtt/m/n/10 boxAverageMax\T1/lmr/m/n/10 (+20) ,
 []


Underfull \hbox (badness 10000) in paragraph at lines 20--20
[]|\T1/lmtt/m/n/10 profileHistory\T1/lmr/m/n/10 (+20) , \T1/lmtt/m/n/10 profile
Direction\T1/lmr/m/n/10 (+20) , \T1/lmtt/m/n/10 profileVariables\T1/lmr/m/n/10 
(+20) , \T1/lmtt/m/n/10 profileNumSlices\T1/lmr/m/n/10 (+20) ,
 []


Underfull \hbox (badness 10000) in paragraph at lines 20--20
[]|\T1/lmtt/m/n/10 tracerHistory\T1/lmr/m/n/10 (+20) , \T1/lmtt/m/n/10 tracerCo
ordinates\T1/lmr/m/n/10 (+20) , \T1/lmtt/m/n/10 tracerVariables\T1/lmr/m/n/10 (
+20) , \T1/lmtt/m/n/10 tracerWriteInterval\T1/lmr/m/n/10 (+20) ,
 []

[149] [150] [151] [152])
(./tex/chapters/03_particle_file_writer/09_output_controls.tex
Underfull \hbox (badness 1715) in paragraph at lines 19--20
\T1/lmtt/m/n/10.95 outputs \T1/lmr/m/n/10.95 (+20) with \T1/lmtt/m/n/10.95 time
Frequency=pfw["plotInterval"]\T1/lmr/m/n/10.95 (+20) , tar-get-ing ei-ther \T1/
lmtt/m/n/10.95 /Outputs/vtkOutput \T1/lmr/m/n/10.95 (+20) or
 []


Underfull \hbox (badness 10000) in paragraph at lines 53--53
[]|\T1/lmtt/m/n/10 False\T1/lmr/m/n/10 (+20) , \T1/lmtt/m/n/10 True\T1/lmr/m/n/
10 (+20) ,
 []


Underfull \hbox (badness 10000) in paragraph at lines 53--53
\T1/lmtt/m/n/10 "common"\T1/lmr/m/n/10 (+20) , \T1/lmtt/m/n/10 "all"\T1/lmr/m/n
/10 (+20) ,
 []


Overfull \hbox (2.13336pt too wide) in paragraph at lines 54--54
[]|\T1/lmtt/m/n/10 plotUnscaledParticles| 
 []

[153]
(/usr/tce/backend/installations/linux-rhel8-x86_64/gcc-10.3.1/texlive-20220321-
5dvbmoj4mr7bmfyzzzstanspbcoex6ij/texmf-dist/tex/latex/listings/lstlang1.sty
File: lstlang1.sty 2020/03/24 1.8d listings language file
)
(/usr/tce/backend/installations/linux-rhel8-x86_64/gcc-10.3.1/texlive-20220321-
5dvbmoj4mr7bmfyzzzstanspbcoex6ij/texmf-dist/tex/latex/listings/lstmisc.sty
File: lstmisc.sty 2020/03/24 1.8d (Carsten Heinz)
)
[154] [155] [156])
(./tex/chapters/03_particle_file_writer/10_event_controls.tex [157] [158]
[159] [160] [161] [162] [163] [164])
(./tex/chapters/03_particle_file_writer/11_restart_controls.tex [165] [166]
[167])) (./tex/chapters/04_postprocessing/main.tex [168]
Chapter 4.
[169

]
Underfull \hbox (badness 1789) in paragraph at lines 33--34
[]\T1/lmr/m/n/10.95 (+20) The re-ac-tion file $\T1/lmtt/m/n/10.95 reactionHisto
ry . csv$ \T1/lmr/m/n/10.95 (+20) has the header \T1/lmtt/m/n/10.95 time, F00, 
F11, F22, length_x,
 []

) (./tex/chapters/05_reports/main.tex [170]
Chapter 5.
) (./tex/chapters/06_maintaining/main.tex [171

]
Chapter 6.

Underfull \hbox (badness 4391) in paragraph at lines 40--41
\T1/lmr/m/n/10.95 (+20) The re-viewed repos-i-tory al-ready in-cludes schema-to
-RST doc-u-men-ta-tion ma-chin-ery un-der
 []


Underfull \hbox (badness 2478) in paragraph at lines 40--41
\T1/lmtt/m/n/10.95 src / coreComponents / schema / docs$ \T1/lmr/m/n/10.95 (+20
) and $\T1/lmtt/m/n/10.95 scripts / SchemaToRSTDocumentation . py$\T1/lmr/m/n/1
0.95 (+20) , plus a Read
 []

[172

]) (./tex/backmatter/references.tex [173]
Chapter 7.
[174

] [175

] [176] [177] (./generated/tex/source_inventory.tex
Underfull \hbox (badness 10000) in paragraph at lines 20--21
[]|\T1/lmtt/m/n/9 src/coreComponents/physicsSolvers/solidMechanics/
 []


Underfull \hbox (badness 10000) in paragraph at lines 21--22
[]|\T1/lmtt/m/n/9 src/coreComponents/physicsSolvers/solidMechanics/kernels/
 []


Underfull \hbox (badness 10000) in paragraph at lines 22--23
[]|\T1/lmtt/m/n/9 src/coreComponents/physicsSolvers/solidMechanics/MPMSolverFie
lds.
 []


Underfull \hbox (badness 10000) in paragraph at lines 24--25
[]|\T1/lmtt/m/n/9 src/coreComponents/mesh/Particle*.{hpp,cpp}, src/coreComponen
ts/
 []


Underfull \hbox (badness 10000) in paragraph at lines 25--26
[]|\T1/lmtt/m/n/9 src/coreComponents/schema/docs/SolidMechanics_MPM.rst and rel
ated
 []


Underfull \hbox (badness 10000) in paragraph at lines 26--27
[]|\T1/lmtt/m/n/9 scripts/preProcessing/materialPointMethodParticleFileWriter/
 []


Underfull \hbox (badness 10000) in paragraph at lines 27--28
[]|\T1/lmtt/m/n/9 scripts/preProcessing/materialPointMethodParticleFileWriter/p
fw_
 []


Underfull \hbox (badness 10000) in paragraph at lines 28--29
[]|\T1/lmtt/m/n/9 scripts/preProcessing/materialPointMethodParticleFileWriter/p
fw_
 []


Underfull \hbox (badness 10000) in paragraph at lines 29--30
[]|\T1/lmtt/m/n/9 scripts/preProcessing/materialPointMethodParticleFileWriter/p
fw_
 []

[178])) (./tex/appendices/solver_schema_reference.tex
(./generated/tex/solver_attributes.tex [179]
Appendix A.

Overfull \hbox (1.60341pt too wide) in alignment at lines 33--38
 [] [] [] [] 
 []


Overfull \hbox (1.60341pt too wide) in alignment at lines 38--42
 [] [] [] [] 
 []


Overfull \hbox (1.60341pt too wide) in alignment at lines 42--45
 [] [] [] [] 
 []


Overfull \hbox (1.60341pt too wide) in alignment at lines 45--47
 [] [] [] [] 
 []


Underfull \hbox (badness 10000) in paragraph at lines 65--65
[]|\T1/lmtt/m/n/6 m_computeInternalEnergyAnd
 []


Underfull \hbox (badness 10000) in paragraph at lines 67--67
[]|\T1/lmtt/m/n/6 computeParticleSurfaceNormalsAnd
 []


Underfull \hbox (badness 10000) in paragraph at lines 67--67
[]|\T1/lmtt/m/n/6 m_computeParticleSurfaceNormals
 []


Underfull \hbox (badness 10000) in paragraph at lines 77--77
[]|\T1/lmtt/m/n/6 disableSurfaceNormalsAndPositionsOn
 []


Underfull \hbox (badness 10000) in paragraph at lines 77--77
[]|\T1/lmtt/m/n/6 m_disableSurfaceNormalsAnd
 []


Underfull \hbox (badness 10000) in paragraph at lines 78--78
[]|\T1/lmtt/m/n/6 disableSurfaceNormalsAndPositionsOn
 []


Underfull \hbox (badness 10000) in paragraph at lines 78--78
[]|\T1/lmtt/m/n/6 m_disableSurfaceNormalsAnd
 []


Underfull \hbox (badness 10000) in paragraph at lines 80--80
[]|\T1/lmtt/m/n/6 enablePrescribedBoundaryTransverse
 []


Underfull \hbox (badness 10000) in paragraph at lines 82--82
[]|\T1/lmtt/m/n/6 m_enableWeakInterfaceTrace
 []


Underfull \hbox (badness 10000) in paragraph at lines 88--88
[]|\T1/lmtt/m/n/6 flagParticlesWithBadMappingArraysFor
 []


Underfull \hbox (badness 10000) in paragraph at lines 88--88
[]|\T1/lmtt/m/n/6 m_flagParticlesWithBadMapping
 []


Underfull \hbox (badness 10000) in paragraph at lines 107--107
[]|\T1/lmtt/m/n/6 m_overwriteExistingNormalsAnd
 []


Underfull \hbox (badness 10000) in paragraph at lines 115--115
[]|\T1/lmtt/m/n/6 prescribedBoundaryTransverse
 []


Underfull \hbox (badness 10000) in paragraph at lines 126--126
[]|\T1/lmtt/m/n/6 m_resetDefGradForFullyDamaged
 []


Underfull \hbox (badness 10000) in paragraph at lines 127--127
[]|\T1/lmtt/m/n/6 m_resetDefGradForScaledSurface
 []


Underfull \hbox (badness 10000) in paragraph at lines 138--138
[]|\T1/lmtt/m/n/6 m_stressControlCommandFilter
 []


Underfull \hbox (badness 10000) in paragraph at lines 140--140
[]|\T1/lmtt/m/n/6 m_stressControlJammingPressure
 []


Underfull \hbox (badness 10000) in paragraph at lines 145--145
[]|\T1/lmtt/m/n/6 m_stressControlMaxFeedbackRate
 []


Underfull \hbox (badness 10000) in paragraph at lines 150--150
[]|\T1/lmtt/m/n/6 m_stressControlMaxSeekStrain
 []


Underfull \hbox (badness 10000) in paragraph at lines 153--153
[]|\T1/lmtt/m/n/6 m_stressControlReengageTangent
 []


Underfull \hbox (badness 10000) in paragraph at lines 158--158
[]|\T1/lmtt/m/n/6 m_stressControlTangentCeiling
 []


Underfull \hbox (badness 10000) in paragraph at lines 166--166
[]|\T1/lmtt/m/n/6 surfaceNormalAndPositionDamage
 []


Underfull \hbox (badness 10000) in paragraph at lines 166--166
[]|\T1/lmtt/m/n/6 m_surfaceNormalAndPositionDamage
 []


Underfull \hbox (badness 10000) in paragraph at lines 187--187
[]|\T1/lmtt/m/n/6 m_useReferenceVectorsForParticle
 []


Underfull \hbox (badness 10000) in paragraph at lines 189--189
[]|\T1/lmtt/m/n/6 m_weakInterfaceTraceGap
 []


Underfull \hbox (badness 10000) in paragraph at lines 192--192
[]|\T1/lmtt/m/n/6 weakInterfaceTraceProjection
 []


Underfull \hbox (badness 10000) in paragraph at lines 192--192
[]|\T1/lmtt/m/n/6 m_weakInterfaceTraceProjection
 []


Underfull \hbox (badness 10000) in paragraph at lines 193--193
[]|\T1/lmtt/m/n/6 m_weakInterfaceTraceProjection
 []


Underfull \hbox (badness 10000) in paragraph at lines 194--194
[]|\T1/lmtt/m/n/6 weakInterfaceTraceSuppressNodal
 []


Underfull \hbox (badness 10000) in paragraph at lines 194--194
[]|\T1/lmtt/m/n/6 m_weakInterfaceTraceSuppressNodal
 []


Overfull \hbox (1.60341pt too wide) in alignment at lines 47--196
 [] [] [] [] 
 []

[180

] [181] [182]
Overfull \hbox (17.1885pt too wide) in paragraph at lines 200--201
[] []\T1/lmr/bx/n/10.95 (-20) In-ter-nal/non-in-put wrap-pers.[] \T1/lmr/m/n/10
.95 (-20) The fol-low-ing reg-is-tered wrap-pers were marked with \T1/lmtt/m/n/
10.95 InputFlags::FALSE
 []


Underfull \hbox (badness 1360) in paragraph at lines 200--201
\T1/lmr/m/n/10.95 (+20) LastEr-ror, stress-Con-trol-Pre-vi-ous-Do-mainL, stress
-Con-trol-Reen-gageS-train, stress-Con-trolSeek-Strain,
 []

[183]
Overfull \hbox (1.60341pt too wide) in alignment at lines 208--213
 [] [] [] [] 
 []


Overfull \hbox (1.60341pt too wide) in alignment at lines 213--217
 [] [] [] [] 
 []


Overfull \hbox (1.60341pt too wide) in alignment at lines 217--220
 [] [] [] [] 
 []


Overfull \hbox (1.60341pt too wide) in alignment at lines 220--222
 [] [] [] [] 
 []


Underfull \hbox (badness 10000) in paragraph at lines 225--226
[]|\T1/lmr/m/n/8 (+20) Factor to ap-ply to the `CFL con-di-tion
 []


Underfull \hbox (badness 10000) in paragraph at lines 225--226
\T1/lmr/m/n/8 (+20) <http://en.wikipedia.org/wiki/Courant-Friedrichs-
 []


Underfull \hbox (badness 5446) in paragraph at lines 229--230
[]|\T1/lmr/m/n/8 (+20) Name of dis-cretiza-tion ob-ject (de-fined in the
 []


Underfull \hbox (badness 10000) in paragraph at lines 240--240
[]|\T1/lmtt/m/n/8 prescribedBoundary
 []


Underfull \hbox (badness 10000) in paragraph at lines 252--252
[]|\T1/lmtt/m/n/8 treatFullyDamagedAs
 []


Underfull \hbox (badness 10000) in paragraph at lines 252--252
[]|\T1/lmtt/m/n/8 Whether to
 []


Underfull \hbox (badness 10000) in paragraph at lines 252--252
\T1/lmtt/m/n/8 consolidate fully
 []


Underfull \hbox (badness 10000) in paragraph at lines 252--252
\T1/lmtt/m/n/8 damaged fields
 []


Underfull \hbox (badness 10000) in paragraph at lines 255--255
[]|\T1/lmtt/m/n/8 NonlinearSolver
 []


Overfull \hbox (1.60341pt too wide) in alignment at lines 222--256
 [] [] [] [] 
 []

[184]
Overfull \hbox (1.60341pt too wide) in alignment at lines 260--265
 [] [] [] [] 
 []


Overfull \hbox (1.60341pt too wide) in alignment at lines 265--269
 [] [] [] [] 
 []


Overfull \hbox (1.60341pt too wide) in alignment at lines 269--272
 [] [] [] [] 
 []


Overfull \hbox (1.60341pt too wide) in alignment at lines 272--274
 [] [] [] [] 
 []


Underfull \hbox (badness 10000) in paragraph at lines 275--275
[]|\T1/lmtt/m/n/8 required path to
 []


Underfull \hbox (badness 10000) in paragraph at lines 276--276
[]|\T1/lmtt/m/n/8 required A name is
 []


Underfull \hbox (badness 10000) in paragraph at lines 276--276
\T1/lmtt/m/n/8 required for any
 []


Underfull \hbox (badness 10000) in paragraph at lines 277--277
[]|\T1/lmtt/m/n/8 required path to
 []


Overfull \hbox (1.60341pt too wide) in alignment at lines 274--278
 [] [] [] [] 
 []


Overfull \hbox (1.60341pt too wide) in alignment at lines 282--287
 [] [] [] [] 
 []


Overfull \hbox (1.60341pt too wide) in alignment at lines 287--291
 [] [] [] [] 
 []


Overfull \hbox (1.60341pt too wide) in alignment at lines 291--294
 [] [] [] [] 
 []


Overfull \hbox (1.60341pt too wide) in alignment at lines 294--296
 [] [] [] [] 
 []


Underfull \hbox (badness 10000) in paragraph at lines 297--297
[]|\T1/lmtt/m/n/8 Mesh body that
 []


Underfull \hbox (badness 10000) in paragraph at lines 297--297
\T1/lmtt/m/n/8 contains this
 []


Underfull \hbox (badness 10000) in paragraph at lines 298--298
[]|\T1/lmtt/m/n/8 required A name is
 []


Underfull \hbox (badness 10000) in paragraph at lines 298--298
\T1/lmtt/m/n/8 required for any
 []


Overfull \hbox (1.60341pt too wide) in alignment at lines 296--299
 [] [] [] [] 
 []


Overfull \hbox (1.60341pt too wide) in alignment at lines 303--308
 [] [] [] [] 
 []


Overfull \hbox (1.60341pt too wide) in alignment at lines 308--312
 [] [] [] [] 
 []


Overfull \hbox (1.60341pt too wide) in alignment at lines 312--315
 [] [] [] [] 
 []


Overfull \hbox (1.60341pt too wide) in alignment at lines 315--317
 [] [] [] [] 
 []


Overfull \hbox (1.60341pt too wide) in alignment at lines 317--318
 [] [] [] [] 
 []

)) (./tex/appendices/events_catalogue.tex (./generated/tex/events.tex [185]
Appendix B.

Overfull \hbox (1.59592pt too wide) in alignment at lines 9--14
 [] [] [] [] 
 []


Overfull \hbox (1.59592pt too wide) in alignment at lines 14--18
 [] [] [] [] 
 []


Overfull \hbox (1.59592pt too wide) in alignment at lines 18--21
 [] [] [] [] 
 []


Overfull \hbox (1.59592pt too wide) in alignment at lines 21--23
 [] [] [] [] 
 []


Underfull \hbox (badness 10000) in paragraph at lines 24--25
[]|\T1/lmtt/m/n/9 src/coreComponents/
 []


Underfull \hbox (badness 10000) in paragraph at lines 24--25
\T1/lmtt/m/n/9 events/mpmEvents/
 []


Underfull \hbox (badness 10000) in paragraph at lines 25--26
[]|\T1/lmtt/m/n/9 src/coreComponents/
 []


Underfull \hbox (badness 10000) in paragraph at lines 25--26
\T1/lmtt/m/n/9 events/mpmEvents/
 []


Overfull \hbox (11.80676pt too wide) in paragraph at lines 25--26
\T1/lmtt/m/n/9 BodyForceUpdateMPMEvent.
 []


Underfull \hbox (badness 10000) in paragraph at lines 26--26
[]|\T1/lmtt/m/n/8 BoreholePressure
 []


Underfull \hbox (badness 10000) in paragraph at lines 26--27
[]|\T1/lmtt/m/n/9 src/coreComponents/
 []


Underfull \hbox (badness 10000) in paragraph at lines 26--27
\T1/lmtt/m/n/9 events/mpmEvents/
 []


Overfull \hbox (16.53175pt too wide) in paragraph at lines 26--27
\T1/lmtt/m/n/9 BoreholePressureMPMEvent.
 []


Underfull \hbox (badness 10000) in paragraph at lines 27--27
[]|\T1/lmtt/m/n/8 ConfiningPressure
 []


Underfull \hbox (badness 10000) in paragraph at lines 27--28
[]|\T1/lmtt/m/n/9 src/coreComponents/
 []


Underfull \hbox (badness 10000) in paragraph at lines 27--28
\T1/lmtt/m/n/9 events/mpmEvents/
 []


Overfull \hbox (21.25674pt too wide) in paragraph at lines 27--28
\T1/lmtt/m/n/9 ConfiningPressureMPMEvent.
 []


Underfull \hbox (badness 10000) in paragraph at lines 28--29
[]|\T1/lmtt/m/n/9 src/coreComponents/
 []


Underfull \hbox (badness 10000) in paragraph at lines 28--29
\T1/lmtt/m/n/9 events/mpmEvents/
 []


Underfull \hbox (badness 10000) in paragraph at lines 28--29
\T1/lmtt/m/n/9 CrystalHealMPMEvent.
 []


Underfull \hbox (badness 10000) in paragraph at lines 29--29
[]|\T1/lmtt/m/n/8 DeformationUpdate
 []


Underfull \hbox (badness 10000) in paragraph at lines 29--30
[]|\T1/lmtt/m/n/9 src/coreComponents/
 []


Underfull \hbox (badness 10000) in paragraph at lines 29--30
\T1/lmtt/m/n/9 events/mpmEvents/
 []


Overfull \hbox (21.25674pt too wide) in paragraph at lines 29--30
\T1/lmtt/m/n/9 DeformationUpdateMPMEvent.
 []


Underfull \hbox (badness 10000) in paragraph at lines 30--30
[]|\T1/lmtt/m/n/8 FrictionCoefficient
 []


Underfull \hbox (badness 10000) in paragraph at lines 30--30
[]|\T1/lmtt/m/n/8 FrictionCoefficientSwap
 []


Underfull \hbox (badness 10000) in paragraph at lines 30--31
[]|\T1/lmtt/m/n/9 src/coreComponents/
 []


Underfull \hbox (badness 10000) in paragraph at lines 30--31
\T1/lmtt/m/n/9 events/mpmEvents/
 []


Overfull \hbox (49.60669pt too wide) in paragraph at lines 30--31
\T1/lmtt/m/n/9 FrictionCoefficientSwapMPMEvent.
 []


Underfull \hbox (badness 10000) in paragraph at lines 31--32
[]|\T1/lmtt/m/n/9 src/coreComponents/
 []


Underfull \hbox (badness 10000) in paragraph at lines 31--32
\T1/lmtt/m/n/9 events/mpmEvents/
 []


Underfull \hbox (badness 10000) in paragraph at lines 32--32
[]|\T1/lmtt/m/n/8 InitializeStress
 []


Underfull \hbox (badness 10000) in paragraph at lines 32--33
[]|\T1/lmtt/m/n/9 src/coreComponents/
 []


Underfull \hbox (badness 10000) in paragraph at lines 32--33
\T1/lmtt/m/n/9 events/mpmEvents/
 []


Overfull \hbox (16.53175pt too wide) in paragraph at lines 32--33
\T1/lmtt/m/n/9 InitializeStressMPMEvent.
 []


Underfull \hbox (badness 10000) in paragraph at lines 33--33
[]|\T1/lmtt/m/n/8 InsertPeriodic
 []


Underfull \hbox (badness 10000) in paragraph at lines 33--33
[]|\T1/lmtt/m/n/8 InsertPeriodicContact
 []


Underfull \hbox (badness 10000) in paragraph at lines 33--34
[]|\T1/lmtt/m/n/9 src/coreComponents/
 []


Underfull \hbox (badness 10000) in paragraph at lines 33--34
\T1/lmtt/m/n/9 events/mpmEvents/
 []


Overfull \hbox (77.95663pt too wide) in paragraph at lines 33--34
\T1/lmtt/m/n/9 InsertPeriodicContactSurfacesMPMEvent.
 []


Underfull \hbox (badness 10000) in paragraph at lines 34--35
[]|\T1/lmtt/m/n/9 src/coreComponents/
 []


Underfull \hbox (badness 10000) in paragraph at lines 34--35
\T1/lmtt/m/n/9 events/mpmEvents/
 []


Overfull \hbox (2.35678pt too wide) in paragraph at lines 34--35
\T1/lmtt/m/n/9 MachineSampleMPMEvent.
 []


Underfull \hbox (badness 10000) in paragraph at lines 35--36
[]|\T1/lmtt/m/n/9 src/coreComponents/
 []


Underfull \hbox (badness 10000) in paragraph at lines 35--36
\T1/lmtt/m/n/9 events/mpmEvents/
 []


Underfull \hbox (badness 10000) in paragraph at lines 35--36
\T1/lmtt/m/n/9 MaterialSwapMPMEvent.
 []


Underfull \hbox (badness 10000) in paragraph at lines 36--37
[]|\T1/lmtt/m/n/9 src/coreComponents/
 []


Underfull \hbox (badness 10000) in paragraph at lines 36--37
\T1/lmtt/m/n/9 events/mpmEvents/
 []


Underfull \hbox (badness 10000) in paragraph at lines 36--37
\T1/lmtt/m/n/9 PolymerHealMPMEvent.
 []


Underfull \hbox (badness 10000) in paragraph at lines 37--37
[]|\T1/lmtt/m/n/8 ReferenceCohesive
 []


Underfull \hbox (badness 10000) in paragraph at lines 37--37
[]|\T1/lmtt/m/n/8 ReferenceCohesiveZones
 []


Underfull \hbox (badness 10000) in paragraph at lines 37--38
[]|\T1/lmtt/m/n/9 src/coreComponents/
 []


Underfull \hbox (badness 10000) in paragraph at lines 37--38
\T1/lmtt/m/n/9 events/mpmEvents/
 []


Overfull \hbox (44.8817pt too wide) in paragraph at lines 37--38
\T1/lmtt/m/n/9 ReferenceCohesiveZonesMPMEvent.
 []


Underfull \hbox (badness 10000) in paragraph at lines 38--38
[]|\T1/lmtt/m/n/8 ResetDeformation
 []


Underfull \hbox (badness 10000) in paragraph at lines 38--38
[]|\T1/lmtt/m/n/8 ResetDeformation
 []


Underfull \hbox (badness 10000) in paragraph at lines 38--39
[]|\T1/lmtt/m/n/9 src/coreComponents/
 []


Underfull \hbox (badness 10000) in paragraph at lines 38--39
\T1/lmtt/m/n/9 events/mpmEvents/
 []


Overfull \hbox (54.33168pt too wide) in paragraph at lines 38--39
\T1/lmtt/m/n/9 ResetDeformationGradientMPMEvent.
 []


Underfull \hbox (badness 10000) in paragraph at lines 39--39
[]|\T1/lmtt/m/n/8 SetInitial
 []


Underfull \hbox (badness 10000) in paragraph at lines 39--39
\T1/lmtt/m/n/8 TemperatureAnd
 []


Underfull \hbox (badness 10000) in paragraph at lines 39--39
[]|\T1/lmtt/m/n/8 SetInitialTemperature
 []


Underfull \hbox (badness 10000) in paragraph at lines 39--40
[]|\T1/lmtt/m/n/9 src/coreComponents/
 []


Underfull \hbox (badness 10000) in paragraph at lines 39--40
\T1/lmtt/m/n/9 events/mpmEvents/
 []


Overfull \hbox (92.1316pt too wide) in paragraph at lines 39--40
\T1/lmtt/m/n/9 SetInitialTemperatureAndPressureMPMEvent.
 []


Underfull \hbox (badness 10000) in paragraph at lines 40--40
[]|\T1/lmtt/m/n/8 TemperatureProfile
 []


Underfull \hbox (badness 10000) in paragraph at lines 40--41
[]|\T1/lmtt/m/n/9 src/coreComponents/
 []


Underfull \hbox (badness 10000) in paragraph at lines 40--41
\T1/lmtt/m/n/9 events/mpmEvents/
 []


Overfull \hbox (25.74548pt too wide) in paragraph at lines 40--41
\T1/lmtt/m/n/9 TemperatureProfileMPMEvent.
 []


Underfull \hbox (badness 10000) in paragraph at lines 41--41
[]|\T1/lmtt/m/n/8 TransformParticles
 []


Underfull \hbox (badness 10000) in paragraph at lines 41--42
[]|\T1/lmtt/m/n/9 src/coreComponents/
 []


Underfull \hbox (badness 10000) in paragraph at lines 41--42
\T1/lmtt/m/n/9 events/mpmEvents/
 []


Overfull \hbox (25.74548pt too wide) in paragraph at lines 41--42
\T1/lmtt/m/n/9 TransformParticlesMPMEvent.
 []


Underfull \hbox (badness 10000) in paragraph at lines 42--43
[]|\T1/lmtt/m/n/9 src/coreComponents/
 []


Underfull \hbox (badness 10000) in paragraph at lines 42--43
\T1/lmtt/m/n/9 events/mpmEvents/
 []


Overfull \hbox (7.08177pt too wide) in paragraph at lines 42--43
\T1/lmtt/m/n/9 UpdateSurfacesMPMEvent.
 []


Overfull \hbox (1.59592pt too wide) in alignment at lines 23--43
 [] [] [] [] 
 []

[186

]
Overfull \hbox (13.59589pt too wide) in alignment at lines 49--54
 [] [] [] [] [] 
 []


Overfull \hbox (13.59589pt too wide) in alignment at lines 54--58
 [] [] [] [] [] 
 []


Overfull \hbox (13.59589pt too wide) in alignment at lines 58--61
 [] [] [] [] [] 
 []


Overfull \hbox (13.59589pt too wide) in alignment at lines 61--63
 [] [] [] [] [] 
 []


Underfull \hbox (badness 10000) in paragraph at lines 90--90
[]|\T1/lmtt/m/n/8 confiningPressure
 []


Underfull \hbox (badness 10000) in paragraph at lines 91--91
[]|\T1/lmtt/m/n/8 confiningPressure
 []


Underfull \hbox (badness 10000) in paragraph at lines 102--102
[]|\T1/lmtt/m/n/8 m_strength
 []


Underfull \hbox (badness 10000) in paragraph at lines 108--108
[]|\T1/lmtt/m/n/8 m_relative
 []


Underfull \hbox (badness 10000) in paragraph at lines 110--110
[]|\T1/lmtt/m/n/8 prescribedBoundary
 []


Underfull \hbox (badness 10000) in paragraph at lines 112--112
[]|\T1/lmtt/m/n/8 m_fTableInterp
 []


Underfull \hbox (badness 10000) in paragraph at lines 113--113
[]|\T1/lmtt/m/n/8 stressTableInterp
 []


Underfull \hbox (badness 10000) in paragraph at lines 113--113
[]|\T1/lmtt/m/n/8 m_stressTable
 []


Underfull \hbox (badness 10000) in paragraph at lines 116--116
[]|\T1/lmtt/m/n/8 FrictionCoefficient
 []


Underfull \hbox (badness 10000) in paragraph at lines 117--117
[]|\T1/lmtt/m/n/8 FrictionCoefficient
 []


Underfull \hbox (badness 10000) in paragraph at lines 118--118
[]|\T1/lmtt/m/n/8 FrictionCoefficient
 []


Underfull \hbox (badness 10000) in paragraph at lines 119--119
[]|\T1/lmtt/m/n/8 FrictionCoefficient
 []


Underfull \hbox (badness 10000) in paragraph at lines 120--120
[]|\T1/lmtt/m/n/8 FrictionCoefficient
 []


Underfull \hbox (badness 10000) in paragraph at lines 121--121
[]|\T1/lmtt/m/n/8 FrictionCoefficient
 []


Underfull \hbox (badness 10000) in paragraph at lines 122--122
[]|\T1/lmtt/m/n/8 FrictionCoefficient
 []


Underfull \hbox (badness 10000) in paragraph at lines 122--122
[]|\T1/lmtt/m/n/8 frictionCoefficient
 []


Underfull \hbox (badness 10000) in paragraph at lines 136--136
[]|\T1/lmtt/m/n/8 InsertPeriodic
 []


Underfull \hbox (badness 10000) in paragraph at lines 137--137
[]|\T1/lmtt/m/n/8 InsertPeriodic
 []


Underfull \hbox (badness 10000) in paragraph at lines 138--138
[]|\T1/lmtt/m/n/8 InsertPeriodic
 []


Underfull \hbox (badness 10000) in paragraph at lines 139--139
[]|\T1/lmtt/m/n/8 InsertPeriodic
 []


Underfull \hbox (badness 10000) in paragraph at lines 140--140
[]|\T1/lmtt/m/n/8 InsertPeriodic
 []


Underfull \hbox (badness 10000) in paragraph at lines 164--164
[]|\T1/lmtt/m/n/8 ReferenceCohesive
 []


Underfull \hbox (badness 10000) in paragraph at lines 165--165
[]|\T1/lmtt/m/n/8 ReferenceCohesive
 []


Underfull \hbox (badness 10000) in paragraph at lines 166--166
[]|\T1/lmtt/m/n/8 ReferenceCohesive
 []


Underfull \hbox (badness 10000) in paragraph at lines 167--167
[]|\T1/lmtt/m/n/8 ReferenceCohesive
 []


Underfull \hbox (badness 10000) in paragraph at lines 168--168
[]|\T1/lmtt/m/n/8 ReferenceCohesive
 []


Underfull \hbox (badness 10000) in paragraph at lines 169--169
[]|\T1/lmtt/m/n/8 ReferenceCohesive
 []


Underfull \hbox (badness 10000) in paragraph at lines 170--170
[]|\T1/lmtt/m/n/8 ReferenceCohesive
 []


Underfull \hbox (badness 10000) in paragraph at lines 170--170
[]|\T1/lmtt/m/n/8 czVolume
 []


Underfull \hbox (badness 10000) in paragraph at lines 170--170
[]|\T1/lmtt/m/n/8 m_czVolume
 []


Underfull \hbox (badness 10000) in paragraph at lines 171--171
[]|\T1/lmtt/m/n/8 ReferenceCohesive
 []


Underfull \hbox (badness 10000) in paragraph at lines 171--171
[]|\T1/lmtt/m/n/8 computeNormalsAnd
 []


Underfull \hbox (badness 10000) in paragraph at lines 171--171
[]|\T1/lmtt/m/n/8 m_computeNormals
 []


Underfull \hbox (badness 10000) in paragraph at lines 172--172
[]|\T1/lmtt/m/n/8 ReferenceCohesive
 []


Underfull \hbox (badness 10000) in paragraph at lines 172--172
[]|\T1/lmtt/m/n/8 normalsAndPositions
 []


Underfull \hbox (badness 10000) in paragraph at lines 172--172
[]|\T1/lmtt/m/n/8 m_normalsAnd
 []


Underfull \hbox (badness 10000) in paragraph at lines 173--173
[]|\T1/lmtt/m/n/8 ReferenceCohesive
 []


Underfull \hbox (badness 10000) in paragraph at lines 173--173
[]|\T1/lmtt/m/n/8 czSurface
 []


Underfull \hbox (badness 10000) in paragraph at lines 173--173
[]|\T1/lmtt/m/n/8 m_czSurface
 []


Underfull \hbox (badness 10000) in paragraph at lines 173--173
\T1/lmtt/m/n/8 Displacement
 []


Underfull \hbox (badness 10000) in paragraph at lines 173--174
[]|\T1/lmr/m/n/8 (+20) Cohesive sur-face dis-place-ment up-date
 []


Underfull \hbox (badness 2150) in paragraph at lines 173--174
\T1/lmr/m/n/8 (+20) nodal up-date; Ty-peA uses the stored
 []


Underfull \hbox (badness 10000) in paragraph at lines 174--174
[]|\T1/lmtt/m/n/8 ResetDeformation
 []


Underfull \hbox (badness 10000) in paragraph at lines 175--175
[]|\T1/lmtt/m/n/8 ResetDeformation
 []


Underfull \hbox (badness 10000) in paragraph at lines 176--176
[]|\T1/lmtt/m/n/8 ResetDeformation
 []


Underfull \hbox (badness 10000) in paragraph at lines 177--177
[]|\T1/lmtt/m/n/8 ResetDeformation
 []


Underfull \hbox (badness 10000) in paragraph at lines 178--178
[]|\T1/lmtt/m/n/8 ResetDeformation
 []


Underfull \hbox (badness 10000) in paragraph at lines 179--179
[]|\T1/lmtt/m/n/8 SetInitial
 []


Underfull \hbox (badness 10000) in paragraph at lines 179--179
\T1/lmtt/m/n/8 TemperatureAnd
 []


Underfull \hbox (badness 10000) in paragraph at lines 180--180
[]|\T1/lmtt/m/n/8 SetInitial
 []


Underfull \hbox (badness 10000) in paragraph at lines 180--180
\T1/lmtt/m/n/8 TemperatureAnd
 []


Underfull \hbox (badness 10000) in paragraph at lines 181--181
[]|\T1/lmtt/m/n/8 SetInitial
 []


Underfull \hbox (badness 10000) in paragraph at lines 181--181
\T1/lmtt/m/n/8 TemperatureAnd
 []


Underfull \hbox (badness 10000) in paragraph at lines 182--182
[]|\T1/lmtt/m/n/8 SetInitial
 []


Underfull \hbox (badness 10000) in paragraph at lines 182--182
\T1/lmtt/m/n/8 TemperatureAnd
 []


Underfull \hbox (badness 10000) in paragraph at lines 183--183
[]|\T1/lmtt/m/n/8 SetInitial
 []


Underfull \hbox (badness 10000) in paragraph at lines 183--183
\T1/lmtt/m/n/8 TemperatureAnd
 []


Underfull \hbox (badness 10000) in paragraph at lines 184--184
[]|\T1/lmtt/m/n/8 SetInitial
 []


Underfull \hbox (badness 10000) in paragraph at lines 184--184
\T1/lmtt/m/n/8 TemperatureAnd
 []


Underfull \hbox (badness 1603) in paragraph at lines 184--185
[]|\T1/lmr/m/n/8 (+20) Target positive-compressive pres-sure for
 []


Underfull \hbox (badness 10000) in paragraph at lines 185--185
[]|\T1/lmtt/m/n/8 SetInitial
 []


Underfull \hbox (badness 10000) in paragraph at lines 185--185
\T1/lmtt/m/n/8 TemperatureAnd
 []


Underfull \hbox (badness 10000) in paragraph at lines 186--186
[]|\T1/lmtt/m/n/8 SetInitial
 []


Underfull \hbox (badness 10000) in paragraph at lines 186--186
\T1/lmtt/m/n/8 TemperatureAnd
 []


Underfull \hbox (badness 10000) in paragraph at lines 187--187
[]|\T1/lmtt/m/n/8 SetInitial
 []


Underfull \hbox (badness 10000) in paragraph at lines 187--187
\T1/lmtt/m/n/8 TemperatureAnd
 []


Underfull \hbox (badness 1087) in paragraph at lines 187--188
[]|\T1/lmr/m/n/8 (+20) Optional material-specific phase se-lec-tor
 []


Underfull \hbox (badness 10000) in paragraph at lines 188--188
[]|\T1/lmtt/m/n/8 SetInitial
 []


Underfull \hbox (badness 10000) in paragraph at lines 188--188
\T1/lmtt/m/n/8 TemperatureAnd
 []


Underfull \hbox (badness 10000) in paragraph at lines 195--195
[]|\T1/lmtt/m/n/8 m_interpolation
 []


Overfull \hbox (13.59589pt too wide) in alignment at lines 63--206
 [] [] [] [] [] 
 []

[187] [188] [189] [190])) (./tex/appendices/particle_file_writer_reference.tex
(./generated/tex/pfw.tex [191]
Appendix C.

Underfull \hbox (badness 10000) in paragraph at lines 13--14
[]|\T1/lmr/bx/n/8 (+20) Emits solver at-
 []


Underfull \hbox (badness 10000) in paragraph at lines 17--18
[]|\T1/lmr/bx/n/8 (+20) Emits solver at-
 []


Underfull \hbox (badness 10000) in paragraph at lines 136--136
[]|\T1/lmtt/m/n/8 [[0.0, 0.0], [0.0, 0.0], [0.0, 0.0],
 []

[192

] [193] [194] [195])) (./tex/appendices/particle_format_reference.tex
(./generated/tex/particle_format.tex
Underfull \hbox (badness 10000) in paragraph at lines 237--3
\T1/lmr/m/n/10.95 (+20) mal, grid-Prin-ci-pal-Ex-plic-it-Sur-faceNor-mal, grid-
Co-he-sive-Field-Flag, grid-MaxMapped-Par-ti-cleID,
 []

[196]
Appendix D.

Underfull \hbox (badness 2318) in paragraph at lines 39--40
[]|\T1/lmr/bx/n/8 (+20) Required if ab-
 []


Underfull \hbox (badness 2318) in paragraph at lines 43--44
[]|\T1/lmr/bx/n/8 (+20) Required if ab-
 []

[197

])) (./tex/appendices/geometry_material_catalogue.tex
(./generated/tex/geometry_materials.tex [198]
Appendix E.
[199

]
Underfull \hbox (badness 10000) in paragraph at lines 100--100
[]|\T1/lmtt/m/n/8 voronoiWrapperWithLayered
 []


Underfull \hbox (badness 10000) in paragraph at lines 105--105
[]|\T1/lmtt/m/n/8 sizeEffectVoronoiWeibullBox
 []


Underfull \hbox (badness 10000) in paragraph at lines 168--168
[]|\T1/lmtt/m/n/8 ElasticTransverseIsotropicPressure
 []

[200])) (./tex/appendices/suite_case_catalogue.tex (./generated/tex/suites.tex
[201]
Appendix F.

Overfull \hbox (1.59592pt too wide) in alignment at lines 12--17
 [] [] [] [] 
 []


Overfull \hbox (1.59592pt too wide) in alignment at lines 17--21
 [] [] [] [] 
 []


Overfull \hbox (1.59592pt too wide) in alignment at lines 21--24
 [] [] [] [] 
 []


Overfull \hbox (1.59592pt too wide) in alignment at lines 24--26
 [] [] [] [] 
 []


Underfull \hbox (badness 10000) in paragraph at lines 27--28
[]|\T1/lmtt/m/n/6 scripts/preProcessing/
 []


Underfull \hbox (badness 10000) in paragraph at lines 27--28
\T1/lmtt/m/n/6 materialPointMethodParticleFileWriter/examples/benchy/
 []


Underfull \hbox (badness 10000) in paragraph at lines 28--28
[]|\T1/lmtt/m/n/8 borehole/boreholeCollapse2D_
 []


Underfull \hbox (badness 10000) in paragraph at lines 28--29
[]|\T1/lmtt/m/n/6 scripts/preProcessing/
 []


Underfull \hbox (badness 10000) in paragraph at lines 28--29
\T1/lmtt/m/n/6 materialPointMethodParticleFileWriter/examples/
 []


Underfull \hbox (badness 10000) in paragraph at lines 28--29
\T1/lmtt/m/n/6 borehole/pfw_input_boreholeCollapse2D_Ghareb_borehole.
 []


Underfull \hbox (badness 10000) in paragraph at lines 29--29
[]|\T1/lmtt/m/n/8 brazilianDisk_BSpline/
 []


Underfull \hbox (badness 10000) in paragraph at lines 29--30
[]|\T1/lmtt/m/n/6 scripts/preProcessing/
 []


Underfull \hbox (badness 10000) in paragraph at lines 29--30
\T1/lmtt/m/n/6 materialPointMethodParticleFileWriter/examples/
 []


Underfull \hbox (badness 10000) in paragraph at lines 29--30
\T1/lmtt/m/n/6 brazilianDisk_BSpline/pfw_input_brazilianDisk_BSpline.
 []


Underfull \hbox (badness 10000) in paragraph at lines 30--30
[]|\T1/lmtt/m/n/8 brazilianDisk_FLIP/brazilian
 []


Underfull \hbox (badness 10000) in paragraph at lines 30--31
[]|\T1/lmtt/m/n/6 scripts/preProcessing/
 []


Underfull \hbox (badness 10000) in paragraph at lines 30--31
\T1/lmtt/m/n/6 materialPointMethodParticleFileWriter/examples/
 []


Underfull \hbox (badness 10000) in paragraph at lines 31--31
[]|\T1/lmtt/m/n/8 brazilianDisk_FMPM/brazilian
 []


Underfull \hbox (badness 10000) in paragraph at lines 31--32
[]|\T1/lmtt/m/n/6 scripts/preProcessing/
 []


Underfull \hbox (badness 10000) in paragraph at lines 31--32
\T1/lmtt/m/n/6 materialPointMethodParticleFileWriter/examples/
 []


Underfull \hbox (badness 10000) in paragraph at lines 32--32
[]|\T1/lmtt/m/n/8 brazilianDisk_PIC/brazilian
 []


Underfull \hbox (badness 10000) in paragraph at lines 32--33
[]|\T1/lmtt/m/n/6 scripts/preProcessing/
 []


Underfull \hbox (badness 10000) in paragraph at lines 32--33
\T1/lmtt/m/n/6 materialPointMethodParticleFileWriter/examples/
 []


Underfull \hbox (badness 10000) in paragraph at lines 33--33
[]|\T1/lmtt/m/n/8 brazilianDisk_XPIC/brazilian
 []


Underfull \hbox (badness 10000) in paragraph at lines 33--34
[]|\T1/lmtt/m/n/6 scripts/preProcessing/
 []


Underfull \hbox (badness 10000) in paragraph at lines 33--34
\T1/lmtt/m/n/6 materialPointMethodParticleFileWriter/examples/
 []


Underfull \hbox (badness 10000) in paragraph at lines 34--34
[]|\T1/lmtt/m/n/8 collidingDisks/colliding
 []


Underfull \hbox (badness 10000) in paragraph at lines 34--35
[]|\T1/lmtt/m/n/6 scripts/preProcessing/
 []


Underfull \hbox (badness 10000) in paragraph at lines 34--35
\T1/lmtt/m/n/6 materialPointMethodParticleFileWriter/examples/
 []


Underfull \hbox (badness 10000) in paragraph at lines 35--35
[]|\T1/lmtt/m/n/8 copperFoamCompression/copper
 []


Underfull \hbox (badness 10000) in paragraph at lines 35--36
[]|\T1/lmtt/m/n/6 scripts/preProcessing/
 []


Underfull \hbox (badness 10000) in paragraph at lines 35--36
\T1/lmtt/m/n/6 materialPointMethodParticleFileWriter/examples/
 []


Underfull \hbox (badness 10000) in paragraph at lines 35--36
\T1/lmtt/m/n/6 copperFoamCompression/pfw_input_copperFoamCompression.
 []


Underfull \hbox (badness 10000) in paragraph at lines 36--36
[]|\T1/lmtt/m/n/8 copperFoamCompression/copper
 []


Underfull \hbox (badness 10000) in paragraph at lines 36--37
[]|\T1/lmtt/m/n/6 scripts/preProcessing/
 []


Underfull \hbox (badness 10000) in paragraph at lines 36--37
\T1/lmtt/m/n/6 materialPointMethodParticleFileWriter/examples/
 []


Underfull \hbox (badness 10000) in paragraph at lines 36--37
\T1/lmtt/m/n/6 copperFoamCompression/pfw_input_copperFoamCompression2D.
 []


Underfull \hbox (badness 10000) in paragraph at lines 37--38
[]|\T1/lmtt/m/n/6 scripts/preProcessing/
 []


Underfull \hbox (badness 10000) in paragraph at lines 37--38
\T1/lmtt/m/n/6 materialPointMethodParticleFileWriter/examples/
 []


Underfull \hbox (badness 10000) in paragraph at lines 38--39
[]|\T1/lmtt/m/n/6 scripts/preProcessing/
 []


Underfull \hbox (badness 10000) in paragraph at lines 38--39
\T1/lmtt/m/n/6 materialPointMethodParticleFileWriter/examples/pdc/
 []


Underfull \hbox (badness 10000) in paragraph at lines 39--39
[]|\T1/lmtt/m/n/8 powderCompression/mixed
 []


Underfull \hbox (badness 10000) in paragraph at lines 39--40
[]|\T1/lmtt/m/n/6 scripts/preProcessing/
 []


Underfull \hbox (badness 10000) in paragraph at lines 39--40
\T1/lmtt/m/n/6 materialPointMethodParticleFileWriter/examples/
 []


Underfull \hbox (badness 10000) in paragraph at lines 40--40
[]|\T1/lmtt/m/n/8 powderCompression/mixed
 []


Underfull \hbox (badness 10000) in paragraph at lines 40--41
[]|\T1/lmtt/m/n/6 scripts/preProcessing/
 []


Underfull \hbox (badness 10000) in paragraph at lines 40--41
\T1/lmtt/m/n/6 materialPointMethodParticleFileWriter/examples/
 []


Underfull \hbox (badness 10000) in paragraph at lines 41--42
[]|\T1/lmtt/m/n/6 scripts/preProcessing/
 []


Underfull \hbox (badness 10000) in paragraph at lines 41--42
\T1/lmtt/m/n/6 materialPointMethodParticleFileWriter/verification/
 []


Underfull \hbox (badness 10000) in paragraph at lines 42--43
[]|\T1/lmtt/m/n/6 scripts/preProcessing/
 []


Underfull \hbox (badness 10000) in paragraph at lines 42--43
\T1/lmtt/m/n/6 materialPointMethodParticleFileWriter/verification/
 []


Underfull \hbox (badness 10000) in paragraph at lines 43--44
[]|\T1/lmtt/m/n/6 scripts/preProcessing/
 []


Underfull \hbox (badness 10000) in paragraph at lines 43--44
\T1/lmtt/m/n/6 materialPointMethodParticleFileWriter/verification/
 []


Underfull \hbox (badness 10000) in paragraph at lines 44--45
[]|\T1/lmtt/m/n/6 scripts/preProcessing/
 []


Underfull \hbox (badness 10000) in paragraph at lines 44--45
\T1/lmtt/m/n/6 materialPointMethodParticleFileWriter/verification/
 []


Underfull \hbox (badness 10000) in paragraph at lines 45--46
[]|\T1/lmtt/m/n/6 scripts/preProcessing/
 []


Underfull \hbox (badness 10000) in paragraph at lines 45--46
\T1/lmtt/m/n/6 materialPointMethodParticleFileWriter/verification/
 []


Underfull \hbox (badness 10000) in paragraph at lines 46--46
[]|\T1/lmtt/m/n/8 boundaryContactBounce/
 []


Underfull \hbox (badness 10000) in paragraph at lines 46--47
[]|\T1/lmtt/m/n/6 scripts/preProcessing/
 []


Underfull \hbox (badness 10000) in paragraph at lines 46--47
\T1/lmtt/m/n/6 materialPointMethodParticleFileWriter/verification/
 []


Underfull \hbox (badness 10000) in paragraph at lines 46--47
\T1/lmtt/m/n/6 boundaryContactBounce/pfw_input_boundaryContactBounce.
 []


Underfull \hbox (badness 10000) in paragraph at lines 47--48
[]|\T1/lmtt/m/n/6 scripts/preProcessing/
 []


Underfull \hbox (badness 10000) in paragraph at lines 47--48
\T1/lmtt/m/n/6 materialPointMethodParticleFileWriter/verification/
 []


Underfull \hbox (badness 10000) in paragraph at lines 48--49
[]|\T1/lmtt/m/n/6 scripts/preProcessing/
 []


Underfull \hbox (badness 10000) in paragraph at lines 48--49
\T1/lmtt/m/n/6 materialPointMethodParticleFileWriter/verification/
 []


Underfull \hbox (badness 10000) in paragraph at lines 49--50
[]|\T1/lmtt/m/n/6 scripts/preProcessing/
 []


Underfull \hbox (badness 10000) in paragraph at lines 49--50
\T1/lmtt/m/n/6 materialPointMethodParticleFileWriter/verification/
 []


Underfull \hbox (badness 10000) in paragraph at lines 50--50
[]|\T1/lmtt/m/n/8 cohesiveZoneLifecycle/cz
 []


Underfull \hbox (badness 10000) in paragraph at lines 50--51
[]|\T1/lmtt/m/n/6 scripts/preProcessing/
 []


Underfull \hbox (badness 10000) in paragraph at lines 50--51
\T1/lmtt/m/n/6 materialPointMethodParticleFileWriter/verification/
 []


Underfull \hbox (badness 10000) in paragraph at lines 51--51
[]|\T1/lmtt/m/n/8 cohesiveZoneMultipleTags/cz
 []


Underfull \hbox (badness 10000) in paragraph at lines 51--52
[]|\T1/lmtt/m/n/6 scripts/preProcessing/
 []


Underfull \hbox (badness 10000) in paragraph at lines 51--52
\T1/lmtt/m/n/6 materialPointMethodParticleFileWriter/verification/
 []


Underfull \hbox (badness 10000) in paragraph at lines 52--52
[]|\T1/lmtt/m/n/8 cohesiveZoneOrientation/cz
 []


Underfull \hbox (badness 10000) in paragraph at lines 52--53
[]|\T1/lmtt/m/n/6 scripts/preProcessing/
 []


Underfull \hbox (badness 10000) in paragraph at lines 52--53
\T1/lmtt/m/n/6 materialPointMethodParticleFileWriter/
 []


Underfull \hbox (badness 10000) in paragraph at lines 52--53
\T1/lmtt/m/n/6 verification/cohesiveZoneOrientation/pfw_input_
 []


Underfull \hbox (badness 10000) in paragraph at lines 53--53
[]|\T1/lmtt/m/n/8 cohesiveZonePeriodic/cz
 []


Underfull \hbox (badness 10000) in paragraph at lines 53--54
[]|\T1/lmtt/m/n/6 scripts/preProcessing/
 []


Underfull \hbox (badness 10000) in paragraph at lines 53--54
\T1/lmtt/m/n/6 materialPointMethodParticleFileWriter/verification/
 []


Underfull \hbox (badness 10000) in paragraph at lines 54--54
[]|\T1/lmtt/m/n/8 cohesiveZoneShearPeel/cz
 []


Underfull \hbox (badness 10000) in paragraph at lines 54--55
[]|\T1/lmtt/m/n/6 scripts/preProcessing/
 []


Underfull \hbox (badness 10000) in paragraph at lines 54--55
\T1/lmtt/m/n/6 materialPointMethodParticleFileWriter/verification/
 []


Underfull \hbox (badness 10000) in paragraph at lines 55--55
[]|\T1/lmtt/m/n/8 cohesiveZoneTraction2D/cz
 []


Underfull \hbox (badness 10000) in paragraph at lines 55--56
[]|\T1/lmtt/m/n/6 scripts/preProcessing/
 []


Underfull \hbox (badness 10000) in paragraph at lines 55--56
\T1/lmtt/m/n/6 materialPointMethodParticleFileWriter/verification/
 []


Underfull \hbox (badness 10000) in paragraph at lines 55--56
\T1/lmtt/m/n/6 cohesiveZoneTraction2D/pfw_input_czTractionSeparation2D.
 []


Underfull \hbox (badness 10000) in paragraph at lines 56--56
[]|\T1/lmtt/m/n/8 cohesiveZoneTraction3D/cz
 []


Underfull \hbox (badness 10000) in paragraph at lines 56--57
[]|\T1/lmtt/m/n/6 scripts/preProcessing/
 []


Underfull \hbox (badness 10000) in paragraph at lines 56--57
\T1/lmtt/m/n/6 materialPointMethodParticleFileWriter/verification/
 []


Underfull \hbox (badness 10000) in paragraph at lines 56--57
\T1/lmtt/m/n/6 cohesiveZoneTraction3D/pfw_input_czTractionSeparation3D.
 []


Underfull \hbox (badness 10000) in paragraph at lines 57--57
[]|\T1/lmtt/m/n/8 cohesiveZones/bicrystal/cz_
 []


Underfull \hbox (badness 10000) in paragraph at lines 57--58
[]|\T1/lmtt/m/n/6 scripts/preProcessing/
 []


Underfull \hbox (badness 10000) in paragraph at lines 57--58
\T1/lmtt/m/n/6 materialPointMethodParticleFileWriter/verification/
 []


Underfull \hbox (badness 10000) in paragraph at lines 58--58
[]|\T1/lmtt/m/n/8 cohesiveZones/bicrystal/cz_
 []


Underfull \hbox (badness 10000) in paragraph at lines 58--59
[]|\T1/lmtt/m/n/6 scripts/preProcessing/
 []


Underfull \hbox (badness 10000) in paragraph at lines 58--59
\T1/lmtt/m/n/6 materialPointMethodParticleFileWriter/verification/
 []


Underfull \hbox (badness 10000) in paragraph at lines 59--59
[]|\T1/lmtt/m/n/8 cohesiveZones/bicrystal/cz_
 []


Underfull \hbox (badness 10000) in paragraph at lines 59--60
[]|\T1/lmtt/m/n/6 scripts/preProcessing/
 []


Underfull \hbox (badness 10000) in paragraph at lines 59--60
\T1/lmtt/m/n/6 materialPointMethodParticleFileWriter/verification/
 []


Underfull \hbox (badness 10000) in paragraph at lines 60--60
[]|\T1/lmtt/m/n/8 cohesiveZones/bicrystal/cz_
 []


Underfull \hbox (badness 10000) in paragraph at lines 60--61
[]|\T1/lmtt/m/n/6 scripts/preProcessing/
 []


Underfull \hbox (badness 10000) in paragraph at lines 60--61
\T1/lmtt/m/n/6 materialPointMethodParticleFileWriter/verification/
 []


Underfull \hbox (badness 10000) in paragraph at lines 61--61
[]|\T1/lmtt/m/n/8 cohesiveZones/bicrystal/cz_
 []


Underfull \hbox (badness 10000) in paragraph at lines 61--62
[]|\T1/lmtt/m/n/6 scripts/preProcessing/
 []


Underfull \hbox (badness 10000) in paragraph at lines 61--62
\T1/lmtt/m/n/6 materialPointMethodParticleFileWriter/verification/
 []


Underfull \hbox (badness 10000) in paragraph at lines 61--62
\T1/lmtt/m/n/6 cohesiveZones/bicrystal/pfw_input_cz_bicrystal_7p5deg.
 []


Underfull \hbox (badness 10000) in paragraph at lines 62--62
[]|\T1/lmtt/m/n/8 cohesiveZones/bicrystal/cz_
 []


Underfull \hbox (badness 10000) in paragraph at lines 62--63
[]|\T1/lmtt/m/n/6 scripts/preProcessing/
 []


Underfull \hbox (badness 10000) in paragraph at lines 62--63
\T1/lmtt/m/n/6 materialPointMethodParticleFileWriter/verification/
 []


Underfull \hbox (badness 10000) in paragraph at lines 63--64
[]|\T1/lmtt/m/n/6 scripts/preProcessing/
 []


Underfull \hbox (badness 10000) in paragraph at lines 63--64
\T1/lmtt/m/n/6 materialPointMethodParticleFileWriter/verification/
 []


Underfull \hbox (badness 10000) in paragraph at lines 64--65
[]|\T1/lmtt/m/n/6 scripts/preProcessing/
 []


Underfull \hbox (badness 10000) in paragraph at lines 64--65
\T1/lmtt/m/n/6 materialPointMethodParticleFileWriter/verification/
 []


Underfull \hbox (badness 10000) in paragraph at lines 65--66
[]|\T1/lmtt/m/n/6 scripts/preProcessing/
 []


Underfull \hbox (badness 10000) in paragraph at lines 65--66
\T1/lmtt/m/n/6 materialPointMethodParticleFileWriter/verification/
 []


Underfull \hbox (badness 10000) in paragraph at lines 66--67
[]|\T1/lmtt/m/n/6 scripts/preProcessing/
 []


Underfull \hbox (badness 10000) in paragraph at lines 66--67
\T1/lmtt/m/n/6 materialPointMethodParticleFileWriter/verification/
 []


Underfull \hbox (badness 10000) in paragraph at lines 67--67
[]|\T1/lmtt/m/n/8 cohesiveZones/cz_gridAligned_
 []


Underfull \hbox (badness 10000) in paragraph at lines 67--68
[]|\T1/lmtt/m/n/6 scripts/preProcessing/
 []


Underfull \hbox (badness 10000) in paragraph at lines 67--68
\T1/lmtt/m/n/6 materialPointMethodParticleFileWriter/verification/
 []


Underfull \hbox (badness 10000) in paragraph at lines 68--68
[]|\T1/lmtt/m/n/8 cohesiveZones/cz_overlap
 []


Underfull \hbox (badness 10000) in paragraph at lines 68--69
[]|\T1/lmtt/m/n/6 scripts/preProcessing/
 []


Underfull \hbox (badness 10000) in paragraph at lines 68--69
\T1/lmtt/m/n/6 materialPointMethodParticleFileWriter/verification/
 []


Underfull \hbox (badness 10000) in paragraph at lines 69--70
[]|\T1/lmtt/m/n/6 scripts/preProcessing/
 []


Underfull \hbox (badness 10000) in paragraph at lines 69--70
\T1/lmtt/m/n/6 materialPointMethodParticleFileWriter/verification/
 []


Underfull \hbox (badness 10000) in paragraph at lines 70--71
[]|\T1/lmtt/m/n/6 scripts/preProcessing/
 []


Underfull \hbox (badness 10000) in paragraph at lines 70--71
\T1/lmtt/m/n/6 materialPointMethodParticleFileWriter/verification/
 []


Underfull \hbox (badness 10000) in paragraph at lines 71--71
[]|\T1/lmtt/m/n/8 cohesiveZones/cz_
 []


Underfull \hbox (badness 10000) in paragraph at lines 71--72
[]|\T1/lmtt/m/n/6 scripts/preProcessing/
 []


Underfull \hbox (badness 10000) in paragraph at lines 71--72
\T1/lmtt/m/n/6 materialPointMethodParticleFileWriter/verification/
 []


Underfull \hbox (badness 10000) in paragraph at lines 72--73
[]|\T1/lmtt/m/n/6 scripts/preProcessing/
 []


Underfull \hbox (badness 10000) in paragraph at lines 72--73
\T1/lmtt/m/n/6 materialPointMethodParticleFileWriter/verification/
 []


Underfull \hbox (badness 10000) in paragraph at lines 73--74
[]|\T1/lmtt/m/n/6 scripts/preProcessing/
 []


Underfull \hbox (badness 10000) in paragraph at lines 73--74
\T1/lmtt/m/n/6 materialPointMethodParticleFileWriter/verification/
 []


Underfull \hbox (badness 10000) in paragraph at lines 74--75
[]|\T1/lmtt/m/n/6 scripts/preProcessing/
 []


Underfull \hbox (badness 10000) in paragraph at lines 74--75
\T1/lmtt/m/n/6 materialPointMethodParticleFileWriter/verification/
 []


Underfull \hbox (badness 10000) in paragraph at lines 75--75
[]|\T1/lmtt/m/n/8 cohesiveZones/spinning_cz_
 []


Underfull \hbox (badness 10000) in paragraph at lines 75--76
[]|\T1/lmtt/m/n/6 scripts/preProcessing/
 []


Underfull \hbox (badness 10000) in paragraph at lines 75--76
\T1/lmtt/m/n/6 materialPointMethodParticleFileWriter/verification/
 []


Underfull \hbox (badness 10000) in paragraph at lines 76--77
[]|\T1/lmtt/m/n/6 scripts/preProcessing/
 []


Underfull \hbox (badness 10000) in paragraph at lines 76--77
\T1/lmtt/m/n/6 materialPointMethodParticleFileWriter/verification/
 []


Underfull \hbox (badness 10000) in paragraph at lines 77--78
[]|\T1/lmtt/m/n/6 scripts/preProcessing/
 []


Underfull \hbox (badness 10000) in paragraph at lines 77--78
\T1/lmtt/m/n/6 materialPointMethodParticleFileWriter/verification/
 []


Underfull \hbox (badness 10000) in paragraph at lines 78--78
[]|\T1/lmtt/m/n/8 contact/symmetricInterface_
 []


Underfull \hbox (badness 10000) in paragraph at lines 78--79
[]|\T1/lmtt/m/n/6 scripts/preProcessing/
 []


Underfull \hbox (badness 10000) in paragraph at lines 78--79
\T1/lmtt/m/n/6 materialPointMethodParticleFileWriter/verification/
 []


Underfull \hbox (badness 10000) in paragraph at lines 79--79
[]|\T1/lmtt/m/n/8 contact/symmetricInterface_
 []


Underfull \hbox (badness 10000) in paragraph at lines 79--80
[]|\T1/lmtt/m/n/6 scripts/preProcessing/
 []


Underfull \hbox (badness 10000) in paragraph at lines 79--80
\T1/lmtt/m/n/6 materialPointMethodParticleFileWriter/verification/
 []


Underfull \hbox (badness 10000) in paragraph at lines 80--81
[]|\T1/lmtt/m/n/6 scripts/preProcessing/
 []


Underfull \hbox (badness 10000) in paragraph at lines 80--81
\T1/lmtt/m/n/6 materialPointMethodParticleFileWriter/verification/
 []


Underfull \hbox (badness 10000) in paragraph at lines 81--82
[]|\T1/lmtt/m/n/6 scripts/preProcessing/
 []


Underfull \hbox (badness 10000) in paragraph at lines 81--82
\T1/lmtt/m/n/6 materialPointMethodParticleFileWriter/verification/
 []


Underfull \hbox (badness 10000) in paragraph at lines 82--82
[]|\T1/lmtt/m/n/8 contactGapCorrection/contact
 []


Underfull \hbox (badness 10000) in paragraph at lines 82--83
[]|\T1/lmtt/m/n/6 scripts/preProcessing/
 []


Underfull \hbox (badness 10000) in paragraph at lines 82--83
\T1/lmtt/m/n/6 materialPointMethodParticleFileWriter/verification/
 []


Overfull \hbox (6.39346pt too wide) in paragraph at lines 83--83
[]|\T1/lmr/m/n/8 (-20) contactInterfaceCompression| 
 []


Underfull \hbox (badness 10000) in paragraph at lines 83--83
[]|\T1/lmtt/m/n/8 contactInterfaceCompression/
 []


Underfull \hbox (badness 10000) in paragraph at lines 83--84
[]|\T1/lmtt/m/n/6 scripts/preProcessing/
 []


Underfull \hbox (badness 10000) in paragraph at lines 83--84
\T1/lmtt/m/n/6 materialPointMethodParticleFileWriter/verification/
 []


Underfull \hbox (badness 10000) in paragraph at lines 83--84
\T1/lmtt/m/n/6 contactInterfaceCompression/pfw_input_
 []


Underfull \hbox (badness 10000) in paragraph at lines 84--84
[]|\T1/lmtt/m/n/8 contactSurfaceGapClosure/
 []


Underfull \hbox (badness 10000) in paragraph at lines 84--85
[]|\T1/lmtt/m/n/6 scripts/preProcessing/
 []


Underfull \hbox (badness 10000) in paragraph at lines 84--85
\T1/lmtt/m/n/6 materialPointMethodParticleFileWriter/
 []


Underfull \hbox (badness 10000) in paragraph at lines 84--85
\T1/lmtt/m/n/6 verification/contactSurfaceGapClosure/pfw_input_
 []


Underfull \hbox (badness 10000) in paragraph at lines 85--86
[]|\T1/lmtt/m/n/6 scripts/preProcessing/
 []


Underfull \hbox (badness 10000) in paragraph at lines 85--86
\T1/lmtt/m/n/6 materialPointMethodParticleFileWriter/verification/
 []


Underfull \hbox (badness 10000) in paragraph at lines 86--87
[]|\T1/lmtt/m/n/6 scripts/preProcessing/
 []


Underfull \hbox (badness 10000) in paragraph at lines 86--87
\T1/lmtt/m/n/6 materialPointMethodParticleFileWriter/verification/
 []


Underfull \hbox (badness 10000) in paragraph at lines 87--88
[]|\T1/lmtt/m/n/6 scripts/preProcessing/
 []


Underfull \hbox (badness 10000) in paragraph at lines 87--88
\T1/lmtt/m/n/6 materialPointMethodParticleFileWriter/verification/
 []


Underfull \hbox (badness 10000) in paragraph at lines 88--88
[]|\T1/lmtt/m/n/8 diskThruPartitions/diskThru
 []


Underfull \hbox (badness 10000) in paragraph at lines 88--89
[]|\T1/lmtt/m/n/6 scripts/preProcessing/
 []


Underfull \hbox (badness 10000) in paragraph at lines 88--89
\T1/lmtt/m/n/6 materialPointMethodParticleFileWriter/verification/
 []


Underfull \hbox (badness 10000) in paragraph at lines 89--89
[]|\T1/lmtt/m/n/8 explicitContact/explicit
 []


Underfull \hbox (badness 10000) in paragraph at lines 89--90
[]|\T1/lmtt/m/n/6 scripts/preProcessing/
 []


Underfull \hbox (badness 10000) in paragraph at lines 89--90
\T1/lmtt/m/n/6 materialPointMethodParticleFileWriter/verification/
 []


Underfull \hbox (badness 10000) in paragraph at lines 90--90
[]|\T1/lmtt/m/n/8 explicitContact/extreme
 []


Underfull \hbox (badness 10000) in paragraph at lines 90--91
[]|\T1/lmtt/m/n/6 scripts/preProcessing/
 []


Underfull \hbox (badness 10000) in paragraph at lines 90--91
\T1/lmtt/m/n/6 materialPointMethodParticleFileWriter/verification/
 []


Underfull \hbox (badness 10000) in paragraph at lines 91--91
[]|\T1/lmtt/m/n/8 explicitContact/spinning
 []


Underfull \hbox (badness 10000) in paragraph at lines 91--92
[]|\T1/lmtt/m/n/6 scripts/preProcessing/
 []


Underfull \hbox (badness 10000) in paragraph at lines 91--92
\T1/lmtt/m/n/6 materialPointMethodParticleFileWriter/verification/
 []


Underfull \hbox (badness 10000) in paragraph at lines 92--92
[]|\T1/lmtt/m/n/8 explicitContactCollision/
 []


Underfull \hbox (badness 10000) in paragraph at lines 92--93
[]|\T1/lmtt/m/n/6 scripts/preProcessing/
 []


Underfull \hbox (badness 10000) in paragraph at lines 92--93
\T1/lmtt/m/n/6 materialPointMethodParticleFileWriter/
 []


Underfull \hbox (badness 10000) in paragraph at lines 92--93
\T1/lmtt/m/n/6 verification/explicitContactCollision/pfw_input_
 []


Underfull \hbox (badness 10000) in paragraph at lines 93--94
[]|\T1/lmtt/m/n/6 scripts/preProcessing/
 []


Underfull \hbox (badness 10000) in paragraph at lines 93--94
\T1/lmtt/m/n/6 materialPointMethodParticleFileWriter/verification/
 []


Underfull \hbox (badness 10000) in paragraph at lines 94--95
[]|\T1/lmtt/m/n/6 scripts/preProcessing/
 []


Underfull \hbox (badness 10000) in paragraph at lines 94--95
\T1/lmtt/m/n/6 materialPointMethodParticleFileWriter/verification/
 []


Underfull \hbox (badness 10000) in paragraph at lines 95--95
[]|\T1/lmtt/m/n/8 generalizedVortex/
 []


Underfull \hbox (badness 10000) in paragraph at lines 95--96
[]|\T1/lmtt/m/n/6 scripts/preProcessing/
 []


Underfull \hbox (badness 10000) in paragraph at lines 95--96
\T1/lmtt/m/n/6 materialPointMethodParticleFileWriter/verification/
 []


Underfull \hbox (badness 10000) in paragraph at lines 96--97
[]|\T1/lmtt/m/n/6 scripts/preProcessing/
 []


Underfull \hbox (badness 10000) in paragraph at lines 96--97
\T1/lmtt/m/n/6 materialPointMethodParticleFileWriter/verification/
 []


Underfull \hbox (badness 10000) in paragraph at lines 97--98
[]|\T1/lmtt/m/n/6 scripts/preProcessing/
 []


Underfull \hbox (badness 10000) in paragraph at lines 97--98
\T1/lmtt/m/n/6 materialPointMethodParticleFileWriter/verification/
 []


Underfull \hbox (badness 10000) in paragraph at lines 98--99
[]|\T1/lmtt/m/n/6 scripts/preProcessing/
 []


Underfull \hbox (badness 10000) in paragraph at lines 98--99
\T1/lmtt/m/n/6 materialPointMethodParticleFileWriter/verification/
 []


Underfull \hbox (badness 10000) in paragraph at lines 99--99
[]|\T1/lmtt/m/n/8 geomechanics/geoModel_
 []


Underfull \hbox (badness 10000) in paragraph at lines 99--100
[]|\T1/lmtt/m/n/6 scripts/preProcessing/
 []


Underfull \hbox (badness 10000) in paragraph at lines 99--100
\T1/lmtt/m/n/6 materialPointMethodParticleFileWriter/verification/
 []


Underfull \hbox (badness 10000) in paragraph at lines 100--100
[]|\T1/lmtt/m/n/8 geomechanicsFTable/
 []


Underfull \hbox (badness 10000) in paragraph at lines 100--101
[]|\T1/lmtt/m/n/6 scripts/preProcessing/
 []


Underfull \hbox (badness 10000) in paragraph at lines 100--101
\T1/lmtt/m/n/6 materialPointMethodParticleFileWriter/verification/
 []


Underfull \hbox (badness 10000) in paragraph at lines 101--101
[]|\T1/lmtt/m/n/8 geomechanicsHydrostatic/
 []


Underfull \hbox (badness 10000) in paragraph at lines 101--102
[]|\T1/lmtt/m/n/6 scripts/preProcessing/
 []


Underfull \hbox (badness 10000) in paragraph at lines 101--102
\T1/lmtt/m/n/6 materialPointMethodParticleFileWriter/
 []


Underfull \hbox (badness 10000) in paragraph at lines 101--102
\T1/lmtt/m/n/6 verification/geomechanicsHydrostatic/pfw_input_
 []


Underfull \hbox (badness 10000) in paragraph at lines 102--102
[]|\T1/lmtt/m/n/8 geomechanicsTension/
 []


Underfull \hbox (badness 10000) in paragraph at lines 102--103
[]|\T1/lmtt/m/n/6 scripts/preProcessing/
 []


Underfull \hbox (badness 10000) in paragraph at lines 102--103
\T1/lmtt/m/n/6 materialPointMethodParticleFileWriter/verification/
 []


Overfull \hbox (25.18105pt too wide) in paragraph at lines 103--103
[]|\T1/lmr/m/n/8 (-20) geomechanicsTriaxialCompression| 
 []


Underfull \hbox (badness 10000) in paragraph at lines 103--103
[]|\T1/lmtt/m/n/8 geomechanicsTriaxial
 []


Underfull \hbox (badness 10000) in paragraph at lines 103--103
\T1/lmtt/m/n/8 Compression/geomechanics
 []


Underfull \hbox (badness 10000) in paragraph at lines 103--104
[]|\T1/lmtt/m/n/6 scripts/preProcessing/
 []


Underfull \hbox (badness 10000) in paragraph at lines 103--104
\T1/lmtt/m/n/6 materialPointMethodParticleFileWriter/verification/
 []


Underfull \hbox (badness 10000) in paragraph at lines 103--104
\T1/lmtt/m/n/6 geomechanicsTriaxialCompression/pfw_input_
 []


Underfull \hbox (badness 10000) in paragraph at lines 104--105
[]|\T1/lmtt/m/n/6 scripts/preProcessing/
 []


Underfull \hbox (badness 10000) in paragraph at lines 104--105
\T1/lmtt/m/n/6 materialPointMethodParticleFileWriter/verification/
 []


Underfull \hbox (badness 10000) in paragraph at lines 105--105
[]|\T1/lmtt/m/n/8 logisticRegression/logistic
 []


Underfull \hbox (badness 10000) in paragraph at lines 105--106
[]|\T1/lmtt/m/n/6 scripts/preProcessing/
 []


Underfull \hbox (badness 10000) in paragraph at lines 105--106
\T1/lmtt/m/n/6 materialPointMethodParticleFileWriter/verification/
 []


Underfull \hbox (badness 10000) in paragraph at lines 106--106
[]|\T1/lmtt/m/n/8 materialPoint/graphite_
 []


Underfull \hbox (badness 10000) in paragraph at lines 106--106
\T1/lmtt/m/n/8 triaxial_sweep_material_
 []


Underfull \hbox (badness 10000) in paragraph at lines 106--107
[]|\T1/lmtt/m/n/6 scripts/preProcessing/
 []


Underfull \hbox (badness 10000) in paragraph at lines 106--107
\T1/lmtt/m/n/6 materialPointMethodParticleFileWriter/verification/
 []


Underfull \hbox (badness 10000) in paragraph at lines 106--107
\T1/lmtt/m/n/6 materialPoint/pfw_input_graphite_triaxial_sweep_
 []


Underfull \hbox (badness 10000) in paragraph at lines 107--107
[]|\T1/lmtt/m/n/8 materialPoint/vonMisesJ_
 []


Underfull \hbox (badness 10000) in paragraph at lines 107--107
\T1/lmtt/m/n/8 uniaxial_stress_material_
 []


Underfull \hbox (badness 10000) in paragraph at lines 107--108
[]|\T1/lmtt/m/n/6 scripts/preProcessing/
 []


Underfull \hbox (badness 10000) in paragraph at lines 107--108
\T1/lmtt/m/n/6 materialPointMethodParticleFileWriter/verification/
 []


Underfull \hbox (badness 10000) in paragraph at lines 107--108
\T1/lmtt/m/n/6 materialPoint/pfw_input_vonMisesJ_uniaxial_stress_
 []


Underfull \hbox (badness 10000) in paragraph at lines 108--108
[]|\T1/lmtt/m/n/8 materialSwap/materialSwap
 []


Underfull \hbox (badness 10000) in paragraph at lines 108--109
[]|\T1/lmtt/m/n/6 scripts/preProcessing/
 []


Underfull \hbox (badness 10000) in paragraph at lines 108--109
\T1/lmtt/m/n/6 materialPointMethodParticleFileWriter/verification/
 []


Underfull \hbox (badness 10000) in paragraph at lines 109--110
[]|\T1/lmtt/m/n/6 scripts/preProcessing/
 []


Underfull \hbox (badness 10000) in paragraph at lines 109--110
\T1/lmtt/m/n/6 materialPointMethodParticleFileWriter/verification/
 []


Underfull \hbox (badness 10000) in paragraph at lines 110--110
[]|\T1/lmtt/m/n/8 momentumTest/preStressed4
 []


Underfull \hbox (badness 10000) in paragraph at lines 110--110
\T1/lmtt/m/n/8 DisksCompressedPBC5x2
 []


Underfull \hbox (badness 10000) in paragraph at lines 110--111
[]|\T1/lmtt/m/n/6 scripts/preProcessing/
 []


Underfull \hbox (badness 10000) in paragraph at lines 110--111
\T1/lmtt/m/n/6 materialPointMethodParticleFileWriter/
 []


Underfull \hbox (badness 10000) in paragraph at lines 110--111
\T1/lmtt/m/n/6 verification/momentumTest/pfw_input_
 []


Underfull \hbox (badness 10000) in paragraph at lines 110--111
\T1/lmtt/m/n/6 preStressed4DisksCompressedPBC5x2MomentumLogging.
 []


Underfull \hbox (badness 10000) in paragraph at lines 111--111
[]|\T1/lmtt/m/n/8 momentumTest/preStressed4
 []


Underfull \hbox (badness 10000) in paragraph at lines 111--112
[]|\T1/lmtt/m/n/6 scripts/preProcessing/
 []


Underfull \hbox (badness 10000) in paragraph at lines 111--112
\T1/lmtt/m/n/6 materialPointMethodParticleFileWriter/
 []


Underfull \hbox (badness 10000) in paragraph at lines 111--112
\T1/lmtt/m/n/6 verification/momentumTest/pfw_input_
 []


Underfull \hbox (badness 10000) in paragraph at lines 112--112
[]|\T1/lmtt/m/n/8 momentumTest/preStressed4
 []


Underfull \hbox (badness 10000) in paragraph at lines 112--113
[]|\T1/lmtt/m/n/6 scripts/preProcessing/
 []


Underfull \hbox (badness 10000) in paragraph at lines 112--113
\T1/lmtt/m/n/6 materialPointMethodParticleFileWriter/
 []


Underfull \hbox (badness 10000) in paragraph at lines 112--113
\T1/lmtt/m/n/6 verification/momentumTest/pfw_input_
 []


Underfull \hbox (badness 10000) in paragraph at lines 113--113
[]|\T1/lmtt/m/n/8 momentumTest/preStressed
 []


Underfull \hbox (badness 10000) in paragraph at lines 113--113
\T1/lmtt/m/n/8 MovingBlockPBC5x1Momentum
 []


Underfull \hbox (badness 10000) in paragraph at lines 113--114
[]|\T1/lmtt/m/n/6 scripts/preProcessing/
 []


Underfull \hbox (badness 10000) in paragraph at lines 113--114
\T1/lmtt/m/n/6 materialPointMethodParticleFileWriter/
 []


Underfull \hbox (badness 10000) in paragraph at lines 113--114
\T1/lmtt/m/n/6 verification/momentumTest/pfw_input_
 []


Underfull \hbox (badness 10000) in paragraph at lines 114--114
[]|\T1/lmtt/m/n/8 momentumTest/preStressed
 []


Underfull \hbox (badness 10000) in paragraph at lines 114--114
\T1/lmtt/m/n/8 MovingBlockPBC5x3Momentum
 []


Underfull \hbox (badness 10000) in paragraph at lines 114--115
[]|\T1/lmtt/m/n/6 scripts/preProcessing/
 []


Underfull \hbox (badness 10000) in paragraph at lines 114--115
\T1/lmtt/m/n/6 materialPointMethodParticleFileWriter/
 []


Underfull \hbox (badness 10000) in paragraph at lines 114--115
\T1/lmtt/m/n/6 verification/momentumTest/pfw_input_
 []


Underfull \hbox (badness 10000) in paragraph at lines 115--115
[]|\T1/lmtt/m/n/8 momentumTest/preStressed
 []


Underfull \hbox (badness 10000) in paragraph at lines 115--115
\T1/lmtt/m/n/8 MovingMultiMatBlockPBC5x3
 []


Underfull \hbox (badness 10000) in paragraph at lines 115--116
[]|\T1/lmtt/m/n/6 scripts/preProcessing/
 []


Underfull \hbox (badness 10000) in paragraph at lines 115--116
\T1/lmtt/m/n/6 materialPointMethodParticleFileWriter/
 []


Underfull \hbox (badness 10000) in paragraph at lines 115--116
\T1/lmtt/m/n/6 verification/momentumTest/pfw_input_
 []


Underfull \hbox (badness 10000) in paragraph at lines 115--116
\T1/lmtt/m/n/6 preStressedMovingMultiMatBlockPBC5x3MomentumLogging.
 []


Underfull \hbox (badness 10000) in paragraph at lines 116--116
[]|\T1/lmtt/m/n/8 momentumTest/preStressed
 []


Underfull \hbox (badness 10000) in paragraph at lines 116--116
\T1/lmtt/m/n/8 SingleParticlePBC3x1Momentum
 []


Underfull \hbox (badness 10000) in paragraph at lines 116--117
[]|\T1/lmtt/m/n/6 scripts/preProcessing/
 []


Underfull \hbox (badness 10000) in paragraph at lines 116--117
\T1/lmtt/m/n/6 materialPointMethodParticleFileWriter/
 []


Underfull \hbox (badness 10000) in paragraph at lines 116--117
\T1/lmtt/m/n/6 verification/momentumTest/pfw_input_
 []


Overfull \hbox (16.04744pt too wide) in paragraph at lines 117--117
[]|\T1/lmr/m/n/8 (-20) pbcCompactionMomentumTest| 
 []


Underfull \hbox (badness 10000) in paragraph at lines 117--117
[]|\T1/lmtt/m/n/8 pbcCompactionMomentumTest/
 []


Underfull \hbox (badness 10000) in paragraph at lines 117--118
[]|\T1/lmtt/m/n/6 scripts/preProcessing/
 []


Underfull \hbox (badness 10000) in paragraph at lines 117--118
\T1/lmtt/m/n/6 materialPointMethodParticleFileWriter/
 []


Underfull \hbox (badness 10000) in paragraph at lines 117--118
\T1/lmtt/m/n/6 verification/pbcCompactionMomentumTest/pfw_input_
 []


Underfull \hbox (badness 10000) in paragraph at lines 118--118
[]|\T1/lmtt/m/n/8 periodicBoundaries/diskThru
 []


Underfull \hbox (badness 10000) in paragraph at lines 118--119
[]|\T1/lmtt/m/n/6 scripts/preProcessing/
 []


Underfull \hbox (badness 10000) in paragraph at lines 118--119
\T1/lmtt/m/n/6 materialPointMethodParticleFileWriter/verification/
 []


Underfull \hbox (badness 10000) in paragraph at lines 119--120
[]|\T1/lmtt/m/n/6 scripts/preProcessing/
 []


Underfull \hbox (badness 10000) in paragraph at lines 119--120
\T1/lmtt/m/n/6 materialPointMethodParticleFileWriter/verification/
 []


Underfull \hbox (badness 10000) in paragraph at lines 120--121
[]|\T1/lmtt/m/n/6 scripts/preProcessing/
 []


Underfull \hbox (badness 10000) in paragraph at lines 120--121
\T1/lmtt/m/n/6 materialPointMethodParticleFileWriter/verification/
 []


Underfull \hbox (badness 10000) in paragraph at lines 121--122
[]|\T1/lmtt/m/n/6 scripts/preProcessing/
 []


Underfull \hbox (badness 10000) in paragraph at lines 121--122
\T1/lmtt/m/n/6 materialPointMethodParticleFileWriter/verification/
 []


Underfull \hbox (badness 10000) in paragraph at lines 122--123
[]|\T1/lmtt/m/n/6 scripts/preProcessing/
 []


Underfull \hbox (badness 10000) in paragraph at lines 122--123
\T1/lmtt/m/n/6 materialPointMethodParticleFileWriter/verification/
 []


Underfull \hbox (badness 10000) in paragraph at lines 123--123
[]|\T1/lmtt/m/n/8 spinningDisk/spinningDisk
 []


Underfull \hbox (badness 10000) in paragraph at lines 123--124
[]|\T1/lmtt/m/n/6 scripts/preProcessing/
 []


Underfull \hbox (badness 10000) in paragraph at lines 123--124
\T1/lmtt/m/n/6 materialPointMethodParticleFileWriter/verification/
 []


Underfull \hbox (badness 10000) in paragraph at lines 124--125
[]|\T1/lmtt/m/n/6 scripts/preProcessing/
 []


Underfull \hbox (badness 10000) in paragraph at lines 124--125
\T1/lmtt/m/n/6 materialPointMethodParticleFileWriter/verification/
 []


Overfull \hbox (10.28046pt too wide) in paragraph at lines 125--125
[]|\T1/lmr/m/n/8 (-20) surfaceInformedPolymerLayer| 
 []


Underfull \hbox (badness 10000) in paragraph at lines 125--125
[]|\T1/lmtt/m/n/8 surfaceInformedPolymerLayer/
 []


Underfull \hbox (badness 10000) in paragraph at lines 125--126
[]|\T1/lmtt/m/n/6 scripts/preProcessing/
 []


Underfull \hbox (badness 10000) in paragraph at lines 125--126
\T1/lmtt/m/n/6 materialPointMethodParticleFileWriter/verification/
 []


Underfull \hbox (badness 10000) in paragraph at lines 125--126
\T1/lmtt/m/n/6 surfaceInformedPolymerLayer/pfw_input_
 []


Underfull \hbox (badness 10000) in paragraph at lines 126--127
[]|\T1/lmtt/m/n/6 scripts/preProcessing/
 []


Underfull \hbox (badness 10000) in paragraph at lines 126--127
\T1/lmtt/m/n/6 materialPointMethodParticleFileWriter/verification/
 []


Underfull \hbox (badness 10000) in paragraph at lines 127--127
[]|\T1/lmtt/m/n/8 surfaceTension/contact_angle_
 []


Underfull \hbox (badness 10000) in paragraph at lines 127--128
[]|\T1/lmtt/m/n/6 scripts/preProcessing/
 []


Underfull \hbox (badness 10000) in paragraph at lines 127--128
\T1/lmtt/m/n/6 materialPointMethodParticleFileWriter/verification/
 []


Underfull \hbox (badness 10000) in paragraph at lines 128--129
[]|\T1/lmtt/m/n/6 scripts/preProcessing/
 []


Underfull \hbox (badness 10000) in paragraph at lines 128--129
\T1/lmtt/m/n/6 materialPointMethodParticleFileWriter/verification/
 []


Underfull \hbox (badness 10000) in paragraph at lines 129--129
[]|\T1/lmtt/m/n/8 surfaceTension/oscillating_
 []


Underfull \hbox (badness 10000) in paragraph at lines 129--130
[]|\T1/lmtt/m/n/6 scripts/preProcessing/
 []


Underfull \hbox (badness 10000) in paragraph at lines 129--130
\T1/lmtt/m/n/6 materialPointMethodParticleFileWriter/verification/
 []


Underfull \hbox (badness 10000) in paragraph at lines 130--130
[]|\T1/lmtt/m/n/8 surfaceTension/oscillating_
 []


Underfull \hbox (badness 10000) in paragraph at lines 130--131
[]|\T1/lmtt/m/n/6 scripts/preProcessing/
 []


Underfull \hbox (badness 10000) in paragraph at lines 130--131
\T1/lmtt/m/n/6 materialPointMethodParticleFileWriter/verification/
 []


Underfull \hbox (badness 10000) in paragraph at lines 131--131
[]|\T1/lmtt/m/n/8 surfaceTension/surface_
 []


Underfull \hbox (badness 10000) in paragraph at lines 131--132
[]|\T1/lmtt/m/n/6 scripts/preProcessing/
 []


Underfull \hbox (badness 10000) in paragraph at lines 131--132
\T1/lmtt/m/n/6 materialPointMethodParticleFileWriter/verification/
 []


Underfull \hbox (badness 10000) in paragraph at lines 132--132
[]|\T1/lmtt/m/n/8 surfaceTension/surface_
 []


Underfull \hbox (badness 10000) in paragraph at lines 132--133
[]|\T1/lmtt/m/n/6 scripts/preProcessing/
 []


Underfull \hbox (badness 10000) in paragraph at lines 132--133
\T1/lmtt/m/n/6 materialPointMethodParticleFileWriter/verification/
 []


Underfull \hbox (badness 10000) in paragraph at lines 133--133
[]|\T1/lmtt/m/n/8 surfaceTension/suspended_
 []


Underfull \hbox (badness 10000) in paragraph at lines 133--134
[]|\T1/lmtt/m/n/6 scripts/preProcessing/
 []


Underfull \hbox (badness 10000) in paragraph at lines 133--134
\T1/lmtt/m/n/6 materialPointMethodParticleFileWriter/verification/
 []


Underfull \hbox (badness 10000) in paragraph at lines 134--134
[]|\T1/lmtt/m/n/8 temperatureTable/temperature
 []


Underfull \hbox (badness 10000) in paragraph at lines 134--135
[]|\T1/lmtt/m/n/6 scripts/preProcessing/
 []


Underfull \hbox (badness 10000) in paragraph at lines 134--135
\T1/lmtt/m/n/6 materialPointMethodParticleFileWriter/verification/
 []


Underfull \hbox (badness 10000) in paragraph at lines 135--135
[]|\T1/lmtt/m/n/8 triplyPeriodic/triply
 []


Underfull \hbox (badness 10000) in paragraph at lines 135--136
[]|\T1/lmtt/m/n/6 scripts/preProcessing/
 []


Underfull \hbox (badness 10000) in paragraph at lines 135--136
\T1/lmtt/m/n/6 materialPointMethodParticleFileWriter/verification/
 []


Overfull \hbox (10.77937pt too wide) in paragraph at lines 136--136
[]|\T1/lmr/m/n/8 (-20) validationScale/cohesiveZones| 
 []


Underfull \hbox (badness 10000) in paragraph at lines 136--136
[]|\T1/lmtt/m/n/8 validationScale/cohesive
 []


Underfull \hbox (badness 10000) in paragraph at lines 136--136
\T1/lmtt/m/n/8 Zones/uniaxial_cz_bonded_
 []


Underfull \hbox (badness 10000) in paragraph at lines 136--137
[]|\T1/lmtt/m/n/6 scripts/preProcessing/
 []


Underfull \hbox (badness 10000) in paragraph at lines 136--137
\T1/lmtt/m/n/6 materialPointMethodParticleFileWriter/verification/
 []


Underfull \hbox (badness 10000) in paragraph at lines 136--137
\T1/lmtt/m/n/6 validationScale/cohesiveZones/pfw_input_uniaxial_cz_
 []


Overfull \hbox (10.80936pt too wide) in paragraph at lines 137--137
[]|\T1/lmr/m/n/8 (-20) validationScale/expandingBar| 
 []


Underfull \hbox (badness 10000) in paragraph at lines 137--137
[]|\T1/lmtt/m/n/8 validationScale/expanding
 []


Underfull \hbox (badness 10000) in paragraph at lines 137--137
\T1/lmtt/m/n/8 Bar/expandingBar_chiumenti_
 []


Underfull \hbox (badness 10000) in paragraph at lines 137--137
\T1/lmtt/m/n/8 noWeibull_sigma0p3_Gf1e-05_
 []


Underfull \hbox (badness 10000) in paragraph at lines 137--138
[]|\T1/lmtt/m/n/6 scripts/preProcessing/
 []


Underfull \hbox (badness 10000) in paragraph at lines 137--138
\T1/lmtt/m/n/6 materialPointMethodParticleFileWriter/verification/
 []


Underfull \hbox (badness 10000) in paragraph at lines 137--138
\T1/lmtt/m/n/6 validationScale/expandingBar/pfw_input_expandingBar_
 []


Overfull \hbox (14.73622pt too wide) in paragraph at lines 138--138
[]|\T1/lmr/m/n/8 (-20) validationScale/expandingRing| 
 []


Underfull \hbox (badness 10000) in paragraph at lines 138--138
[]|\T1/lmtt/m/n/8 validationScale/expanding
 []


Underfull \hbox (badness 10000) in paragraph at lines 138--138
\T1/lmtt/m/n/8 Ring/expandingRing_chiumenti_
 []


Underfull \hbox (badness 10000) in paragraph at lines 138--138
\T1/lmtt/m/n/8 noWeibull_sigma0p3_Gf1e-05_
 []


Underfull \hbox (badness 10000) in paragraph at lines 138--139
[]|\T1/lmtt/m/n/6 scripts/preProcessing/
 []


Underfull \hbox (badness 10000) in paragraph at lines 138--139
\T1/lmtt/m/n/6 materialPointMethodParticleFileWriter/verification/
 []


Underfull \hbox (badness 10000) in paragraph at lines 138--139
\T1/lmtt/m/n/6 validationScale/expandingRing/pfw_input_expandingRing_
 []


Overfull \hbox (40.92126pt too wide) in paragraph at lines 139--139
[]|\T1/lmr/m/n/8 (-20) validationScale/geomechanicsBuckling| 
 []


Underfull \hbox (badness 10000) in paragraph at lines 139--139
[]|\T1/lmtt/m/n/8 validationScale/geomechanics
 []


Underfull \hbox (badness 10000) in paragraph at lines 139--139
\T1/lmtt/m/n/8 Buckling/geoModel_
 []


Underfull \hbox (badness 10000) in paragraph at lines 139--139
\T1/lmtt/m/n/8 anisotropicBuckling_
 []


Underfull \hbox (badness 10000) in paragraph at lines 139--140
[]|\T1/lmtt/m/n/6 scripts/preProcessing/
 []


Underfull \hbox (badness 10000) in paragraph at lines 139--140
\T1/lmtt/m/n/6 materialPointMethodParticleFileWriter/verification/
 []


Underfull \hbox (badness 10000) in paragraph at lines 139--140
\T1/lmtt/m/n/6 validationScale/geomechanicsBuckling/pfw_input_
 []


Underfull \hbox (badness 10000) in paragraph at lines 139--140
\T1/lmtt/m/n/6 geoModel_anisotropicBuckling_unconfinedCompression.
 []


Overfull \hbox (40.92126pt too wide) in paragraph at lines 140--140
[]|\T1/lmr/m/n/8 (-20) validationScale/geomechanicsBuckling| 
 []


Underfull \hbox (badness 10000) in paragraph at lines 140--140
[]|\T1/lmtt/m/n/8 validationScale/geomechanics
 []


Underfull \hbox (badness 10000) in paragraph at lines 140--140
\T1/lmtt/m/n/8 Buckling/geoModel_isotropic
 []


Underfull \hbox (badness 10000) in paragraph at lines 140--140
\T1/lmtt/m/n/8 Buckling_unconfined
 []


Underfull \hbox (badness 10000) in paragraph at lines 140--141
[]|\T1/lmtt/m/n/6 scripts/preProcessing/
 []


Underfull \hbox (badness 10000) in paragraph at lines 140--141
\T1/lmtt/m/n/6 materialPointMethodParticleFileWriter/verification/
 []


Underfull \hbox (badness 10000) in paragraph at lines 140--141
\T1/lmtt/m/n/6 validationScale/geomechanicsBuckling/pfw_input_
 []


Underfull \hbox (badness 10000) in paragraph at lines 140--141
\T1/lmtt/m/n/6 geoModel_isotropicBuckling_unconfinedCompression.
 []


Overfull \hbox (40.92126pt too wide) in paragraph at lines 141--141
[]|\T1/lmr/m/n/8 (-20) validationScale/geomechanicsBuckling| 
 []


Underfull \hbox (badness 10000) in paragraph at lines 141--141
[]|\T1/lmtt/m/n/8 validationScale/geomechanics
 []


Underfull \hbox (badness 10000) in paragraph at lines 141--141
\T1/lmtt/m/n/8 Buckling/geoModel_isotropic
 []


Underfull \hbox (badness 10000) in paragraph at lines 141--142
[]|\T1/lmtt/m/n/6 scripts/preProcessing/
 []


Underfull \hbox (badness 10000) in paragraph at lines 141--142
\T1/lmtt/m/n/6 materialPointMethodParticleFileWriter/verification/
 []


Underfull \hbox (badness 10000) in paragraph at lines 141--142
\T1/lmtt/m/n/6 validationScale/geomechanicsBuckling/pfw_input_
 []


Underfull \hbox (badness 10000) in paragraph at lines 142--142
[]|\T1/lmtt/m/n/8 validationScale/sizeEffect/
 []


Underfull \hbox (badness 10000) in paragraph at lines 142--143
[]|\T1/lmtt/m/n/6 scripts/preProcessing/
 []


Underfull \hbox (badness 10000) in paragraph at lines 142--143
\T1/lmtt/m/n/6 materialPointMethodParticleFileWriter/verification/
 []


Underfull \hbox (badness 10000) in paragraph at lines 143--144
[]|\T1/lmtt/m/n/6 scripts/preProcessing/
 []


Underfull \hbox (badness 10000) in paragraph at lines 143--144
\T1/lmtt/m/n/6 materialPointMethodParticleFileWriter/verification/
 []


Underfull \hbox (badness 10000) in paragraph at lines 144--144
[]|\T1/lmtt/m/n/8 weakTraceRotatedBar/weak
 []


Underfull \hbox (badness 10000) in paragraph at lines 144--145
[]|\T1/lmtt/m/n/6 scripts/preProcessing/
 []


Underfull \hbox (badness 10000) in paragraph at lines 144--145
\T1/lmtt/m/n/6 materialPointMethodParticleFileWriter/verification/
 []


Underfull \hbox (badness 10000) in paragraph at lines 145--145
[]|\T1/lmtt/m/n/8 geomechanics/geoOHCrD_2024_
 []


Underfull \hbox (badness 10000) in paragraph at lines 145--146
[]|\T1/lmtt/m/n/6 scripts/preProcessing/
 []


Underfull \hbox (badness 10000) in paragraph at lines 145--146
\T1/lmtt/m/n/6 materialPointMethodParticleFileWriter/validation/
 []


Underfull \hbox (badness 10000) in paragraph at lines 146--146
[]|\T1/lmtt/m/n/8 geomechanics/geomechanics
 []


Underfull \hbox (badness 10000) in paragraph at lines 146--147
[]|\T1/lmtt/m/n/6 scripts/preProcessing/
 []


Underfull \hbox (badness 10000) in paragraph at lines 146--147
\T1/lmtt/m/n/6 materialPointMethodParticleFileWriter/validation/
 []


Underfull \hbox (badness 10000) in paragraph at lines 146--147
\T1/lmtt/m/n/6 geomechanics/pfw_input_geomechanicsHydrostaticCreep_
 []


Underfull \hbox (badness 10000) in paragraph at lines 147--147
[]|\T1/lmtt/m/n/8 geomechanics/geomechanics
 []


Underfull \hbox (badness 10000) in paragraph at lines 147--148
[]|\T1/lmtt/m/n/6 scripts/preProcessing/
 []


Underfull \hbox (badness 10000) in paragraph at lines 147--148
\T1/lmtt/m/n/6 materialPointMethodParticleFileWriter/validation/
 []


Underfull \hbox (badness 10000) in paragraph at lines 147--148
\T1/lmtt/m/n/6 geomechanics/pfw_input_geomechanicsTriaxialCompression_
 []


Underfull \hbox (badness 10000) in paragraph at lines 148--148
[]|\T1/lmtt/m/n/8 geomechanics/geomechanics
 []


Underfull \hbox (badness 10000) in paragraph at lines 148--149
[]|\T1/lmtt/m/n/6 scripts/preProcessing/
 []


Underfull \hbox (badness 10000) in paragraph at lines 148--149
\T1/lmtt/m/n/6 materialPointMethodParticleFileWriter/validation/
 []


Underfull \hbox (badness 10000) in paragraph at lines 148--149
\T1/lmtt/m/n/6 geomechanics/pfw_input_geomechanicsTriaxialCompression_
 []


Underfull \hbox (badness 10000) in paragraph at lines 149--149
[]|\T1/lmtt/m/n/8 geomechanics/geomechanics
 []


Underfull \hbox (badness 10000) in paragraph at lines 149--150
[]|\T1/lmtt/m/n/6 scripts/preProcessing/
 []


Underfull \hbox (badness 10000) in paragraph at lines 149--150
\T1/lmtt/m/n/6 materialPointMethodParticleFileWriter/validation/
 []


Underfull \hbox (badness 10000) in paragraph at lines 149--150
\T1/lmtt/m/n/6 geomechanics/pfw_input_geomechanicsTriaxialCompression_
 []


Underfull \hbox (badness 10000) in paragraph at lines 150--150
[]|\T1/lmtt/m/n/8 geomechanics/geomechanics
 []


Underfull \hbox (badness 10000) in paragraph at lines 150--151
[]|\T1/lmtt/m/n/6 scripts/preProcessing/
 []


Underfull \hbox (badness 10000) in paragraph at lines 150--151
\T1/lmtt/m/n/6 materialPointMethodParticleFileWriter/validation/
 []


Underfull \hbox (badness 10000) in paragraph at lines 150--151
\T1/lmtt/m/n/6 geomechanics/pfw_input_geomechanicsTriaxialCompression_
 []


Underfull \hbox (badness 10000) in paragraph at lines 151--151
[]|\T1/lmtt/m/n/8 geomechanics/geomechanics
 []


Underfull \hbox (badness 10000) in paragraph at lines 151--152
[]|\T1/lmtt/m/n/6 scripts/preProcessing/
 []


Underfull \hbox (badness 10000) in paragraph at lines 151--152
\T1/lmtt/m/n/6 materialPointMethodParticleFileWriter/validation/
 []


Underfull \hbox (badness 10000) in paragraph at lines 151--152
\T1/lmtt/m/n/6 geomechanics/pfw_input_geomechanicsTriaxialCreep_TC02.
 []


Underfull \hbox (badness 10000) in paragraph at lines 152--153
[]|\T1/lmtt/m/n/6 scripts/preProcessing/
 []


Underfull \hbox (badness 10000) in paragraph at lines 152--153
\T1/lmtt/m/n/6 materialPointMethodParticleFileWriter/validation/
 []


Underfull \hbox (badness 10000) in paragraph at lines 153--154
[]|\T1/lmtt/m/n/6 scripts/preProcessing/
 []


Underfull \hbox (badness 10000) in paragraph at lines 153--154
\T1/lmtt/m/n/6 materialPointMethodParticleFileWriter/validation/
 []


Overfull \hbox (1.59592pt too wide) in alignment at lines 26--154
 [] [] [] [] 
 []

[202

] [203] [204] [205] [206] [207]))
(./tex/appendices/postprocessing_script_catalogue.tex
(./generated/tex/post_scripts.tex [208]
Appendix G.

Underfull \hbox (badness 10000) in paragraph at lines 24--25
[]|\T1/lmtt/m/n/9 scripts/preProcessing/materialPointMethodParticleFileWriter/
 []


Underfull \hbox (badness 10000) in paragraph at lines 25--26
[]|\T1/lmtt/m/n/9 scripts/preProcessing/materialPointMethodParticleFileWriter/
 []


Underfull \hbox (badness 10000) in paragraph at lines 26--26
[]|\T1/lmtt/m/n/8 visitRender_borehole_Ghareb.cpython-313.
 []


Underfull \hbox (badness 10000) in paragraph at lines 26--27
[]|\T1/lmtt/m/n/9 scripts/preProcessing/materialPointMethodParticleFileWriter/
 []


Underfull \hbox (badness 10000) in paragraph at lines 26--27
\T1/lmtt/m/n/9 examples/borehole/__pycache__/visitRender_borehole_Ghareb.
 []


Underfull \hbox (badness 10000) in paragraph at lines 27--28
[]|\T1/lmtt/m/n/9 scripts/preProcessing/materialPointMethodParticleFileWriter/
 []


Underfull \hbox (badness 10000) in paragraph at lines 28--29
[]|\T1/lmtt/m/n/9 scripts/preProcessing/materialPointMethodParticleFileWriter/
 []


Underfull \hbox (badness 10000) in paragraph at lines 28--29
\T1/lmtt/m/n/9 examples/brazilianDisk_BSpline/plotReactions_brazilianDisk_
 []


Underfull \hbox (badness 10000) in paragraph at lines 29--30
[]|\T1/lmtt/m/n/9 scripts/preProcessing/materialPointMethodParticleFileWriter/
 []


Underfull \hbox (badness 10000) in paragraph at lines 29--30
\T1/lmtt/m/n/9 examples/brazilianDisk_BSpline/postProcess_brazilianDisk_
 []


Underfull \hbox (badness 10000) in paragraph at lines 30--31
[]|\T1/lmtt/m/n/9 scripts/preProcessing/materialPointMethodParticleFileWriter/
 []


Underfull \hbox (badness 10000) in paragraph at lines 30--31
\T1/lmtt/m/n/9 examples/brazilianDisk_FLIP/plotReactions_brazilianDisk_FLIP.
 []


Underfull \hbox (badness 10000) in paragraph at lines 31--32
[]|\T1/lmtt/m/n/9 scripts/preProcessing/materialPointMethodParticleFileWriter/
 []


Underfull \hbox (badness 10000) in paragraph at lines 32--33
[]|\T1/lmtt/m/n/9 scripts/preProcessing/materialPointMethodParticleFileWriter/
 []


Underfull \hbox (badness 10000) in paragraph at lines 32--33
\T1/lmtt/m/n/9 examples/brazilianDisk_FMPM/plotReactions_brazilianDisk_FMPM.
 []


Underfull \hbox (badness 10000) in paragraph at lines 33--34
[]|\T1/lmtt/m/n/9 scripts/preProcessing/materialPointMethodParticleFileWriter/
 []


Underfull \hbox (badness 10000) in paragraph at lines 34--35
[]|\T1/lmtt/m/n/9 scripts/preProcessing/materialPointMethodParticleFileWriter/
 []


Underfull \hbox (badness 10000) in paragraph at lines 34--35
\T1/lmtt/m/n/9 examples/brazilianDisk_PIC/plotReactions_brazilianDisk_PIC.
 []


Underfull \hbox (badness 10000) in paragraph at lines 35--36
[]|\T1/lmtt/m/n/9 scripts/preProcessing/materialPointMethodParticleFileWriter/
 []


Underfull \hbox (badness 10000) in paragraph at lines 36--37
[]|\T1/lmtt/m/n/9 scripts/preProcessing/materialPointMethodParticleFileWriter/
 []


Underfull \hbox (badness 10000) in paragraph at lines 36--37
\T1/lmtt/m/n/9 examples/brazilianDisk_XPIC/plotReactions_brazilianDisk_XPIC.
 []


Underfull \hbox (badness 10000) in paragraph at lines 37--38
[]|\T1/lmtt/m/n/9 scripts/preProcessing/materialPointMethodParticleFileWriter/
 []


Underfull \hbox (badness 10000) in paragraph at lines 38--38
[]|\T1/lmtt/m/n/8 visitRender_collidingDisks.cpython-313.
 []


Underfull \hbox (badness 10000) in paragraph at lines 38--39
[]|\T1/lmtt/m/n/9 scripts/preProcessing/materialPointMethodParticleFileWriter/
 []


Underfull \hbox (badness 10000) in paragraph at lines 38--39
\T1/lmtt/m/n/9 examples/collidingDisks/__pycache__/visitRender_
 []


Underfull \hbox (badness 10000) in paragraph at lines 39--40
[]|\T1/lmtt/m/n/9 scripts/preProcessing/materialPointMethodParticleFileWriter/
 []


Underfull \hbox (badness 10000) in paragraph at lines 40--41
[]|\T1/lmtt/m/n/9 scripts/preProcessing/materialPointMethodParticleFileWriter/
 []


Underfull \hbox (badness 10000) in paragraph at lines 40--41
\T1/lmtt/m/n/9 examples/copperFoamCompression/visitRender_
 []


Underfull \hbox (badness 10000) in paragraph at lines 41--42
[]|\T1/lmtt/m/n/9 scripts/preProcessing/materialPointMethodParticleFileWriter/
 []


Underfull \hbox (badness 10000) in paragraph at lines 41--42
\T1/lmtt/m/n/9 examples/copperFoamCompression/visitRender_
 []


Underfull \hbox (badness 10000) in paragraph at lines 42--43
[]|\T1/lmtt/m/n/9 scripts/preProcessing/materialPointMethodParticleFileWriter/
 []


Underfull \hbox (badness 10000) in paragraph at lines 42--43
\T1/lmtt/m/n/9 examples/elasticDisk/__pycache__/visitRender_elasticDisk.
 []


Underfull \hbox (badness 10000) in paragraph at lines 43--44
[]|\T1/lmtt/m/n/9 scripts/preProcessing/materialPointMethodParticleFileWriter/
 []


Underfull \hbox (badness 10000) in paragraph at lines 44--45
[]|\T1/lmtt/m/n/9 scripts/preProcessing/materialPointMethodParticleFileWriter/
 []


Underfull \hbox (badness 10000) in paragraph at lines 45--46
[]|\T1/lmtt/m/n/9 scripts/preProcessing/materialPointMethodParticleFileWriter/
 []


Underfull \hbox (badness 10000) in paragraph at lines 46--47
[]|\T1/lmtt/m/n/9 scripts/preProcessing/materialPointMethodParticleFileWriter/
 []


Underfull \hbox (badness 10000) in paragraph at lines 47--48
[]|\T1/lmtt/m/n/9 scripts/preProcessing/materialPointMethodParticleFileWriter/
 []


Underfull \hbox (badness 10000) in paragraph at lines 48--49
[]|\T1/lmtt/m/n/9 scripts/preProcessing/materialPointMethodParticleFileWriter/
 []


Underfull \hbox (badness 10000) in paragraph at lines 49--50
[]|\T1/lmtt/m/n/9 scripts/preProcessing/materialPointMethodParticleFileWriter/
 []


Underfull \hbox (badness 10000) in paragraph at lines 50--51
[]|\T1/lmtt/m/n/9 scripts/preProcessing/materialPointMethodParticleFileWriter/
 []


Underfull \hbox (badness 10000) in paragraph at lines 51--52
[]|\T1/lmtt/m/n/9 scripts/preProcessing/materialPointMethodParticleFileWriter/
 []


Underfull \hbox (badness 10000) in paragraph at lines 52--52
[]|\T1/lmtt/m/n/8 plotReactions_geomechanicsHydrostatic
 []


Underfull \hbox (badness 10000) in paragraph at lines 52--53
[]|\T1/lmtt/m/n/9 scripts/preProcessing/materialPointMethodParticleFileWriter/
 []


Underfull \hbox (badness 10000) in paragraph at lines 52--53
\T1/lmtt/m/n/9 validation/geomechanics/plotReactions_
 []


Underfull \hbox (badness 10000) in paragraph at lines 53--53
[]|\T1/lmtt/m/n/8 plotReactions_geomechanicsTriaxial
 []


Underfull \hbox (badness 10000) in paragraph at lines 53--54
[]|\T1/lmtt/m/n/9 scripts/preProcessing/materialPointMethodParticleFileWriter/
 []


Underfull \hbox (badness 10000) in paragraph at lines 53--54
\T1/lmtt/m/n/9 validation/geomechanics/plotReactions_
 []


Underfull \hbox (badness 10000) in paragraph at lines 54--54
[]|\T1/lmtt/m/n/8 plotReactions_geomechanicsTriaxial
 []


Underfull \hbox (badness 10000) in paragraph at lines 54--55
[]|\T1/lmtt/m/n/9 scripts/preProcessing/materialPointMethodParticleFileWriter/
 []


Underfull \hbox (badness 10000) in paragraph at lines 54--55
\T1/lmtt/m/n/9 validation/geomechanics/plotReactions_
 []


Underfull \hbox (badness 10000) in paragraph at lines 55--55
[]|\T1/lmtt/m/n/8 plotReactions_geomechanicsTriaxialCreep.
 []


Underfull \hbox (badness 10000) in paragraph at lines 55--56
[]|\T1/lmtt/m/n/9 scripts/preProcessing/materialPointMethodParticleFileWriter/
 []


Underfull \hbox (badness 10000) in paragraph at lines 55--56
\T1/lmtt/m/n/9 validation/geomechanics/plotReactions_
 []


Underfull \hbox (badness 10000) in paragraph at lines 56--57
[]|\T1/lmtt/m/n/9 scripts/preProcessing/materialPointMethodParticleFileWriter/
 []


Underfull \hbox (badness 10000) in paragraph at lines 57--58
[]|\T1/lmtt/m/n/9 scripts/preProcessing/materialPointMethodParticleFileWriter/
 []


Underfull \hbox (badness 10000) in paragraph at lines 58--59
[]|\T1/lmtt/m/n/9 scripts/preProcessing/materialPointMethodParticleFileWriter/
 []


Underfull \hbox (badness 10000) in paragraph at lines 59--60
[]|\T1/lmtt/m/n/9 scripts/preProcessing/materialPointMethodParticleFileWriter/
 []


Underfull \hbox (badness 10000) in paragraph at lines 59--60
\T1/lmtt/m/n/9 verification/boundaryContactBounce/postProcess_
 []


Underfull \hbox (badness 10000) in paragraph at lines 60--61
[]|\T1/lmtt/m/n/9 scripts/preProcessing/materialPointMethodParticleFileWriter/
 []


Underfull \hbox (badness 10000) in paragraph at lines 61--62
[]|\T1/lmtt/m/n/9 scripts/preProcessing/materialPointMethodParticleFileWriter/
 []


Underfull \hbox (badness 10000) in paragraph at lines 62--63
[]|\T1/lmtt/m/n/9 scripts/preProcessing/materialPointMethodParticleFileWriter/
 []


Underfull \hbox (badness 10000) in paragraph at lines 62--63
\T1/lmtt/m/n/9 verification/cohesiveZoneLifecycle/postProcess_czLifecycle.
 []


Underfull \hbox (badness 10000) in paragraph at lines 63--64
[]|\T1/lmtt/m/n/9 scripts/preProcessing/materialPointMethodParticleFileWriter/
 []


Underfull \hbox (badness 10000) in paragraph at lines 63--64
\T1/lmtt/m/n/9 verification/cohesiveZoneMultipleTags/postProcess_
 []


Underfull \hbox (badness 10000) in paragraph at lines 64--65
[]|\T1/lmtt/m/n/9 scripts/preProcessing/materialPointMethodParticleFileWriter/
 []


Underfull \hbox (badness 10000) in paragraph at lines 64--65
\T1/lmtt/m/n/9 verification/cohesiveZoneOrientation/postProcess_
 []


Underfull \hbox (badness 10000) in paragraph at lines 65--66
[]|\T1/lmtt/m/n/9 scripts/preProcessing/materialPointMethodParticleFileWriter/
 []


Underfull \hbox (badness 10000) in paragraph at lines 65--66
\T1/lmtt/m/n/9 verification/cohesiveZonePeriodic/postProcess_
 []


Underfull \hbox (badness 10000) in paragraph at lines 66--67
[]|\T1/lmtt/m/n/9 scripts/preProcessing/materialPointMethodParticleFileWriter/
 []


Underfull \hbox (badness 10000) in paragraph at lines 66--67
\T1/lmtt/m/n/9 verification/cohesiveZoneShearPeel/postProcess_czShearPeel.
 []


Underfull \hbox (badness 10000) in paragraph at lines 67--68
[]|\T1/lmtt/m/n/9 scripts/preProcessing/materialPointMethodParticleFileWriter/
 []


Underfull \hbox (badness 10000) in paragraph at lines 67--68
\T1/lmtt/m/n/9 verification/cohesiveZoneTraction2D/postProcess_
 []


Underfull \hbox (badness 10000) in paragraph at lines 68--69
[]|\T1/lmtt/m/n/9 scripts/preProcessing/materialPointMethodParticleFileWriter/
 []


Underfull \hbox (badness 10000) in paragraph at lines 68--69
\T1/lmtt/m/n/9 verification/cohesiveZoneTraction3D/postProcess_
 []


Underfull \hbox (badness 10000) in paragraph at lines 69--70
[]|\T1/lmtt/m/n/9 scripts/preProcessing/materialPointMethodParticleFileWriter/
 []


Underfull \hbox (badness 10000) in paragraph at lines 69--70
\T1/lmtt/m/n/9 verification/contactGapCorrection/postProcess_
 []


Underfull \hbox (badness 10000) in paragraph at lines 70--70
[]|\T1/lmtt/m/n/8 postProcess_contactInterfaceCompression.
 []


Underfull \hbox (badness 10000) in paragraph at lines 70--71
[]|\T1/lmtt/m/n/9 scripts/preProcessing/materialPointMethodParticleFileWriter/
 []


Underfull \hbox (badness 10000) in paragraph at lines 70--71
\T1/lmtt/m/n/9 verification/contactInterfaceCompression/postProcess_
 []


Underfull \hbox (badness 10000) in paragraph at lines 71--72
[]|\T1/lmtt/m/n/9 scripts/preProcessing/materialPointMethodParticleFileWriter/
 []


Underfull \hbox (badness 10000) in paragraph at lines 71--72
\T1/lmtt/m/n/9 verification/contactSurfaceGapClosure/postProcess_
 []


Underfull \hbox (badness 10000) in paragraph at lines 72--73
[]|\T1/lmtt/m/n/9 scripts/preProcessing/materialPointMethodParticleFileWriter/
 []


Underfull \hbox (badness 10000) in paragraph at lines 72--73
\T1/lmtt/m/n/9 verification/diskThruPartitions/postProcess_
 []


Underfull \hbox (badness 10000) in paragraph at lines 73--74
[]|\T1/lmtt/m/n/9 scripts/preProcessing/materialPointMethodParticleFileWriter/
 []


Underfull \hbox (badness 10000) in paragraph at lines 73--74
\T1/lmtt/m/n/9 verification/explicitContactCollision/postProcess_
 []


Underfull \hbox (badness 10000) in paragraph at lines 74--75
[]|\T1/lmtt/m/n/9 scripts/preProcessing/materialPointMethodParticleFileWriter/
 []


Underfull \hbox (badness 10000) in paragraph at lines 75--76
[]|\T1/lmtt/m/n/9 scripts/preProcessing/materialPointMethodParticleFileWriter/
 []


Underfull \hbox (badness 10000) in paragraph at lines 76--77
[]|\T1/lmtt/m/n/9 scripts/preProcessing/materialPointMethodParticleFileWriter/
 []


Underfull \hbox (badness 10000) in paragraph at lines 77--78
[]|\T1/lmtt/m/n/9 scripts/preProcessing/materialPointMethodParticleFileWriter/
 []


Underfull \hbox (badness 10000) in paragraph at lines 77--78
\T1/lmtt/m/n/9 verification/geomechanics/plotReactions_geomechanicsTension.
 []


Underfull \hbox (badness 10000) in paragraph at lines 78--79
[]|\T1/lmtt/m/n/9 scripts/preProcessing/materialPointMethodParticleFileWriter/
 []


Underfull \hbox (badness 10000) in paragraph at lines 78--79
\T1/lmtt/m/n/9 verification/geomechanicsFTable/postProcess_
 []


Underfull \hbox (badness 10000) in paragraph at lines 79--80
[]|\T1/lmtt/m/n/9 scripts/preProcessing/materialPointMethodParticleFileWriter/
 []


Underfull \hbox (badness 10000) in paragraph at lines 79--80
\T1/lmtt/m/n/9 verification/geomechanicsHydrostatic/postProcess_
 []


Underfull \hbox (badness 10000) in paragraph at lines 80--81
[]|\T1/lmtt/m/n/9 scripts/preProcessing/materialPointMethodParticleFileWriter/
 []


Underfull \hbox (badness 10000) in paragraph at lines 80--81
\T1/lmtt/m/n/9 verification/geomechanicsTension/postProcess_
 []


Underfull \hbox (badness 10000) in paragraph at lines 81--81
[]|\T1/lmtt/m/n/8 postProcess_geomechanicsTriaxial
 []


Underfull \hbox (badness 10000) in paragraph at lines 81--82
[]|\T1/lmtt/m/n/9 scripts/preProcessing/materialPointMethodParticleFileWriter/
 []


Underfull \hbox (badness 10000) in paragraph at lines 81--82
\T1/lmtt/m/n/9 verification/geomechanicsTriaxialCompression/postProcess_
 []


Underfull \hbox (badness 10000) in paragraph at lines 82--83
[]|\T1/lmtt/m/n/9 scripts/preProcessing/materialPointMethodParticleFileWriter/
 []


Underfull \hbox (badness 10000) in paragraph at lines 83--84
[]|\T1/lmtt/m/n/9 scripts/preProcessing/materialPointMethodParticleFileWriter/
 []


Underfull \hbox (badness 10000) in paragraph at lines 84--85
[]|\T1/lmtt/m/n/9 scripts/preProcessing/materialPointMethodParticleFileWriter/
 []


Underfull \hbox (badness 10000) in paragraph at lines 84--85
\T1/lmtt/m/n/9 verification/pbcCompactionMomentumTest/postProcess_
 []


Underfull \hbox (badness 10000) in paragraph at lines 85--86
[]|\T1/lmtt/m/n/9 scripts/preProcessing/materialPointMethodParticleFileWriter/
 []


Underfull \hbox (badness 10000) in paragraph at lines 85--86
\T1/lmtt/m/n/9 verification/periodicBoundaries/postProcess_
 []


Underfull \hbox (badness 10000) in paragraph at lines 86--87
[]|\T1/lmtt/m/n/9 scripts/preProcessing/materialPointMethodParticleFileWriter/
 []


Underfull \hbox (badness 10000) in paragraph at lines 87--88
[]|\T1/lmtt/m/n/9 scripts/preProcessing/materialPointMethodParticleFileWriter/
 []


Underfull \hbox (badness 10000) in paragraph at lines 88--89
[]|\T1/lmtt/m/n/9 scripts/preProcessing/materialPointMethodParticleFileWriter/
 []


Underfull \hbox (badness 10000) in paragraph at lines 89--90
[]|\T1/lmtt/m/n/9 scripts/preProcessing/materialPointMethodParticleFileWriter/
 []


Underfull \hbox (badness 10000) in paragraph at lines 90--90
[]|\T1/lmtt/m/n/8 postProcess_surfaceInformedPolymerLayer.
 []


Underfull \hbox (badness 10000) in paragraph at lines 90--91
[]|\T1/lmtt/m/n/9 scripts/preProcessing/materialPointMethodParticleFileWriter/
 []


Underfull \hbox (badness 10000) in paragraph at lines 90--91
\T1/lmtt/m/n/9 verification/surfaceInformedPolymerLayer/postProcess_
 []


Underfull \hbox (badness 10000) in paragraph at lines 91--92
[]|\T1/lmtt/m/n/9 scripts/preProcessing/materialPointMethodParticleFileWriter/
 []


Underfull \hbox (badness 10000) in paragraph at lines 91--92
\T1/lmtt/m/n/9 verification/temperatureTable/postProcess_temperatureTable.
 []


Underfull \hbox (badness 10000) in paragraph at lines 92--93
[]|\T1/lmtt/m/n/9 scripts/preProcessing/materialPointMethodParticleFileWriter/
 []


Underfull \hbox (badness 10000) in paragraph at lines 92--93
\T1/lmtt/m/n/9 verification/validationScale/geomechanicsBuckling/
 []


Underfull \hbox (badness 10000) in paragraph at lines 93--93
[]|\T1/lmtt/m/n/8 plotReactions_geomechanicsUnconfined
 []


Underfull \hbox (badness 10000) in paragraph at lines 93--94
[]|\T1/lmtt/m/n/9 scripts/preProcessing/materialPointMethodParticleFileWriter/
 []


Underfull \hbox (badness 10000) in paragraph at lines 93--94
\T1/lmtt/m/n/9 verification/validationScale/geomechanicsBuckling/
 []


Underfull \hbox (badness 10000) in paragraph at lines 94--95
[]|\T1/lmtt/m/n/9 scripts/preProcessing/materialPointMethodParticleFileWriter/
 []


Underfull \hbox (badness 10000) in paragraph at lines 95--96
[]|\T1/lmtt/m/n/9 scripts/preProcessing/materialPointMethodParticleFileWriter/
 []


Underfull \hbox (badness 10000) in paragraph at lines 95--96
\T1/lmtt/m/n/9 verification/weakTraceRotatedBar/postProcess_
 []


Underfull \hbox (badness 10000) in paragraph at lines 96--97
[]|\T1/lmtt/m/n/9 scripts/preProcessing/materialPointMethodParticleFileWriter/
 []


Underfull \hbox (badness 10000) in paragraph at lines 96--97
\T1/lmtt/m/n/9 verification/weakTraceRotatedBar/visitRender_
 []

[209

] [210] [211])) [212] (./geos_mpm_manual.ind [213


] [214] [215] [216]
[217]
Overfull \hbox (45.18294pt too wide) in paragraph at lines 547--549
[]| \T1/lmtt/m/n/10.95 disableSurfaceNormalsAndPositionsOnCPDIScaling\T1/lmr/m/
n/10.95 (-20) ,
 []


Underfull \hbox (badness 1748) in paragraph at lines 555--557
[]| \T1/lmtt/m/n/10.95 frictionCoefficientRuleOfMixtures\T1/lmr/m/n/10.95 (+20)
 , [][]139[][],
 []


Underfull \hbox (badness 10000) in paragraph at lines 607--609
[]| \T1/lmtt/m/n/10.95 resetDefGradForFullyDamagedParticles\T1/lmr/m/n/10.95 (+
20) ,
 []

[218]
Underfull \hbox (badness 10000) in paragraph at lines 643--645
[]| \T1/lmtt/m/n/10.95 useReferenceVectorsForParticleUpdate\T1/lmr/m/n/10.95 (+
20) ,
 []


Underfull \hbox (badness 1460) in paragraph at lines 645--647
[]| \T1/lmtt/m/n/10.95 useSurfacePositionForContact\T1/lmr/m/n/10.95 (+20) , []
[]139[][], [][]141[][],
 []

[219] [220]) (./geos_mpm_manual.aux) ) 
Here is how much of TeX's memory you used:
 24092 strings out of 478268
 408892 string characters out of 5754030
 1232376 words of memory out of 5000000
 38407 multiletter control sequences out of 15000+600000
 609819 words of font info for 379 fonts, out of 8000000 for 9000
 1141 hyphenation exceptions out of 8191
 65i,14n,80p,1997b,2032s stack positions out of 10000i,1000n,20000p,200000b,200000s
{/usr/tce/backend/installations/linux-rhe
l8-x86_64/gcc-10.3.1/texlive-20220321-5dvbmoj4mr7bmfyzzzstanspbcoex6ij/texmf-di
st/fonts/enc/dvips/lm/lm-ec.enc}{/usr/tce/backend/installations/linux-rhel8-x86
_64/gcc-10.3.1/texlive-20220321-5dvbmoj4mr7bmfyzzzstanspbcoex6ij/texmf-dist/fon
ts/enc/dvips/lm/lm-mathit.enc}{/usr/tce/backend/installations/linux-rhel8-x86_6
4/gcc-10.3.1/texlive-20220321-5dvbmoj4mr7bmfyzzzstanspbcoex6ij/texmf-dist/fonts
/enc/dvips/lm/lm-mathsy.enc}{/usr/tce/backend/installations/linux-rhel8-x86_64/
gcc-10.3.1/texlive-20220321-5dvbmoj4mr7bmfyzzzstanspbcoex6ij/texmf-dist/fonts/e
nc/dvips/lm/lm-rm.enc}{/usr/tce/backend/installations/linux-rhel8-x86_64/gcc-10
.3.1/texlive-20220321-5dvbmoj4mr7bmfyzzzstanspbcoex6ij/texmf-dist/fonts/enc/dvi
ps/lm/lm-mathex.enc}{/usr/tce/backend/installations/linux-rhel8-x86_64/gcc-10.3
.1/texlive-20220321-5dvbmoj4mr7bmfyzzzstanspbcoex6ij/texmf-dist/fonts/enc/dvips
/lm/lm-ts1.enc}</usr/tce/backend/installations/linux-rhel8-x86_64/gcc-10.3.1/te
xlive-20220321-5dvbmoj4mr7bmfyzzzstanspbcoex6ij/texmf-dist/fonts/type1/public/l
m/lmbsy10.pfb></usr/tce/backend/installations/linux-rhel8-x86_64/gcc-10.3.1/tex
live-20220321-5dvbmoj4mr7bmfyzzzstanspbcoex6ij/texmf-dist/fonts/type1/public/lm
/lmbx10.pfb></usr/tce/backend/installations/linux-rhel8-x86_64/gcc-10.3.1/texli
ve-20220321-5dvbmoj4mr7bmfyzzzstanspbcoex6ij/texmf-dist/fonts/type1/public/lm/l
mbx12.pfb></usr/tce/backend/installations/linux-rhel8-x86_64/gcc-10.3.1/texlive
-20220321-5dvbmoj4mr7bmfyzzzstanspbcoex6ij/texmf-dist/fonts/type1/public/lm/lmb
x6.pfb></usr/tce/backend/installations/linux-rhel8-x86_64/gcc-10.3.1/texlive-20
220321-5dvbmoj4mr7bmfyzzzstanspbcoex6ij/texmf-dist/fonts/type1/public/lm/lmbx8.
pfb></usr/tce/backend/installations/linux-rhel8-x86_64/gcc-10.3.1/texlive-20220
321-5dvbmoj4mr7bmfyzzzstanspbcoex6ij/texmf-dist/fonts/type1/public/lm/lmbx9.pfb
></usr/tce/backend/installations/linux-rhel8-x86_64/gcc-10.3.1/texlive-20220321
-5dvbmoj4mr7bmfyzzzstanspbcoex6ij/texmf-dist/fonts/type1/public/lm/lmex10.pfb><
/usr/tce/backend/installations/linux-rhel8-x86_64/gcc-10.3.1/texlive-20220321-5
dvbmoj4mr7bmfyzzzstanspbcoex6ij/texmf-dist/fonts/type1/public/lm/lmmi10.pfb></u
sr/tce/backend/installations/linux-rhel8-x86_64/gcc-10.3.1/texlive-20220321-5dv
bmoj4mr7bmfyzzzstanspbcoex6ij/texmf-dist/fonts/type1/public/lm/lmmi6.pfb></usr/
tce/backend/installations/linux-rhel8-x86_64/gcc-10.3.1/texlive-20220321-5dvbmo
j4mr7bmfyzzzstanspbcoex6ij/texmf-dist/fonts/type1/public/lm/lmmi7.pfb></usr/tce
/backend/installations/linux-rhel8-x86_64/gcc-10.3.1/texlive-20220321-5dvbmoj4m
r7bmfyzzzstanspbcoex6ij/texmf-dist/fonts/type1/public/lm/lmmi8.pfb></usr/tce/ba
ckend/installations/linux-rhel8-x86_64/gcc-10.3.1/texlive-20220321-5dvbmoj4mr7b
mfyzzzstanspbcoex6ij/texmf-dist/fonts/type1/public/lm/lmmi9.pfb></usr/tce/backe
nd/installations/linux-rhel8-x86_64/gcc-10.3.1/texlive-20220321-5dvbmoj4mr7bmfy
zzzstanspbcoex6ij/texmf-dist/fonts/type1/public/lm/lmmib10.pfb></usr/tce/backen
d/installations/linux-rhel8-x86_64/gcc-10.3.1/texlive-20220321-5dvbmoj4mr7bmfyz
zzstanspbcoex6ij/texmf-dist/fonts/type1/public/lm/lmr10.pfb></usr/tce/backend/i
nstallations/linux-rhel8-x86_64/gcc-10.3.1/texlive-20220321-5dvbmoj4mr7bmfyzzzs
tanspbcoex6ij/texmf-dist/fonts/type1/public/lm/lmr12.pfb></usr/tce/backend/inst
allations/linux-rhel8-x86_64/gcc-10.3.1/texlive-20220321-5dvbmoj4mr7bmfyzzzstan
spbcoex6ij/texmf-dist/fonts/type1/public/lm/lmr6.pfb></usr/tce/backend/installa
tions/linux-rhel8-x86_64/gcc-10.3.1/texlive-20220321-5dvbmoj4mr7bmfyzzzstanspbc
oex6ij/texmf-dist/fonts/type1/public/lm/lmr8.pfb></usr/tce/backend/installation
s/linux-rhel8-x86_64/gcc-10.3.1/texlive-20220321-5dvbmoj4mr7bmfyzzzstanspbcoex6
ij/texmf-dist/fonts/type1/public/lm/lmr9.pfb></usr/tce/backend/installations/li
nux-rhel8-x86_64/gcc-10.3.1/texlive-20220321-5dvbmoj4mr7bmfyzzzstanspbcoex6ij/t
exmf-dist/fonts/type1/public/lm/lmri10.pfb></usr/tce/backend/installations/linu
x-rhel8-x86_64/gcc-10.3.1/texlive-20220321-5dvbmoj4mr7bmfyzzzstanspbcoex6ij/tex
mf-dist/fonts/type1/public/lm/lmri9.pfb></usr/tce/backend/installations/linux-r
hel8-x86_64/gcc-10.3.1/texlive-20220321-5dvbmoj4mr7bmfyzzzstanspbcoex6ij/texmf-
dist/fonts/type1/public/lm/lmsy10.pfb></usr/tce/backend/installations/linux-rhe
l8-x86_64/gcc-10.3.1/texlive-20220321-5dvbmoj4mr7bmfyzzzstanspbcoex6ij/texmf-di
st/fonts/type1/public/lm/lmsy6.pfb></usr/tce/backend/installations/linux-rhel8-
x86_64/gcc-10.3.1/texlive-20220321-5dvbmoj4mr7bmfyzzzstanspbcoex6ij/texmf-dist/
fonts/type1/public/lm/lmsy8.pfb></usr/tce/backend/installations/linux-rhel8-x86
_64/gcc-10.3.1/texlive-20220321-5dvbmoj4mr7bmfyzzzstanspbcoex6ij/texmf-dist/fon
ts/type1/public/lm/lmtk10.pfb></usr/tce/backend/installations/linux-rhel8-x86_6
4/gcc-10.3.1/texlive-20220321-5dvbmoj4mr7bmfyzzzstanspbcoex6ij/texmf-dist/fonts
/type1/public/lm/lmtt10.pfb></usr/tce/backend/installations/linux-rhel8-x86_64/
gcc-10.3.1/texlive-20220321-5dvbmoj4mr7bmfyzzzstanspbcoex6ij/texmf-dist/fonts/t
ype1/public/lm/lmtt12.pfb></usr/tce/backend/installations/linux-rhel8-x86_64/gc
c-10.3.1/texlive-20220321-5dvbmoj4mr7bmfyzzzstanspbcoex6ij/texmf-dist/fonts/typ
e1/public/lm/lmtt8.pfb></usr/tce/backend/installations/linux-rhel8-x86_64/gcc-1
0.3.1/texlive-20220321-5dvbmoj4mr7bmfyzzzstanspbcoex6ij/texmf-dist/fonts/type1/
public/lm/lmtt9.pfb></usr/tce/backend/installations/linux-rhel8-x86_64/gcc-10.3
.1/texlive-20220321-5dvbmoj4mr7bmfyzzzstanspbcoex6ij/texmf-dist/fonts/type1/pub
lic/lm/lmtti10.pfb></usr/tce/backend/installations/linux-rhel8-x86_64/gcc-10.3.
1/texlive-20220321-5dvbmoj4mr7bmfyzzzstanspbcoex6ij/texmf-dist/fonts/type1/publ
ic/amsfonts/symbols/msbm10.pfb>
Output written on geos_mpm_manual.pdf (228 pages, 11055763 bytes).
PDF statistics:
 6956 PDF objects out of 7423 (max. 8388607)
 2886 named destinations out of 2984 (max. 500000)
 77373 words of extra memory for PDF output out of 89155 (max. 10000000)

