# vtk DataFile Version 3.0
Extruded Polyhedra
ASCII
DATASET UNSTRUCTURED_GRID
POINTS 2044 float
0.2203478036222002 0.6230741891636982 0.0
0.623557615948974 0.34825832448080357 0.0
0.7585178791360702 0.710369653171687 0.0
0.41643194037314685 0.6682592426715549 0.0
0.24478377172903987 0.5567942257815799 0.0
0.20865063573392686 0.7054142483015468 0.0
0.3170500437192658 0.5320811610128149 0.0
0.44668994272452445 0.8080177029037805 0.0
0.24909557175789301 0.42145403301867407 0.0
0.2809169077241529 0.7054142483015468 0.0
0.20865063573392686 0.4824842145215964 0.0
0.24478377172903987 0.6682592426715551 0.0
0.24478377172903987 0.48248421452159634 0.0
0.2914044746602653 0.5962767973392105 0.0
0.28091690772415284 0.48248421452159634 0.0
0.31705004371926593 0.5802249120240983 0.0
0.295032904906185 0.4824842145215964 0.0
0.33240188079954824 0.5599313214279295 0.0
0.3170500437192658 0.5196392201515881 0.0
0.352056638443577 0.5557303051500125 0.0
0.34655639537148 0.5484619749757016 0.0
0.37007204978516356 0.5267765706792863 0.0
0.5201789263741813 0.3908025906831803 0.0
0.37066599747335266 0.5265288738556475 0.0
0.2625473444660952 0.588317281581596 0.0
0.36807524363856087 0.5439450420909154 0.0
0.5283363998759759 0.3662414444876095 0.0
0.3893163157094917 0.526237323883305 0.0
0.28091690772415284 0.3945204840092198 0.0
0.3893163157094918 0.5358114608905289 0.0
0.5628096688996428 0.35144852443951347 0.0
0.3961150096125144 0.549237400075226 0.0
0.2578371315835741 0.3981701101296514 0.0
0.3939332786846679 0.5205466985722659 0.0
0.25117739929471017 0.37580117957977455 0.0
0.4254494517046048 0.5196392201515883 0.0
0.5615499565407106 0.3338641920016295 0.0
0.4615825876997178 0.5567942257815799 0.0
0.24993473239001 0.3746192514961707 0.0
0.42544945170460485 0.5777277030992873 0.0
0.24434778844564212 0.36432694753330497 0.0
0.45644801811655783 0.6157352847057155 0.0
0.24418011409353607 0.3635932051516911 0.0
0.44579964222696783 0.628410477178676 0.0
0.28138929523621375 0.3567293600793465 0.0
0.42544945170460485 0.8104120008222537 0.0
0.5715772331636664 0.3328605592358503 0.0
0.4565632854700045 0.7869858132459923 0.0
0.297449141680643 0.36954524505503694 0.0
0.45212665987200684 0.6515651514649204 0.0
0.35318317971437885 0.20225604443594686 0.0
0.6749879777657469 0.6514001789784561 0.0
0.3170500437192658 0.259554180741646 0.0
0.6760151905980165 0.6682592426715549 0.0
0.36430987557209116 0.259554180741646 0.0
0.6061151316801698 0.7797242595615301 0.0
0.35318317971437885 0.29670918637163773 0.0
0.5244553843457728 0.48248421452159623 0.0
0.6566102978268705 0.25955418074164593 0.0
0.47177836376473176 0.40817420326161286 0.0
0.5338488596899439 0.25232892407568885 0.0
0.49771572369483075 0.4393919051099552 0.0
0.5338488596899439 0.22239917511165427 0.0
0.539940624077851 0.394574436754754 0.0
0.6772813386327364 0.2147999665909468 0.0
0.5653479232286851 0.40870132444485363 0.0
0.6390660038409696 0.18524416948166256 0.0
0.6916744737374257 0.2690965358068649 0.0
0.2809169077241529 0.3338641920016294 0.0
0.2850194962049656 0.4195978440171994 0.0
0.2830665591701475 0.4060105949783113 0.0
0.30371829842915377 0.5522011415137855 0.0
0.5043845947365493 0.39493801796071504 0.0
0.2887883255454532 0.4315386279942216 0.0
0.10727554946680558 0.3657462298200712 0.0
0.14025169763620832 0.35120481006042603 0.0
0.31014600239880463 0.4428896196557586 0.0
0.3155091993105343 0.41741514572495897 0.0
0.1846103990483749 0.34170082964847004 0.0
0.19599295229113928 0.34673826899615867 0.0
0.3188620502144448 0.45034477287850916 0.0
0.4913456546712917 0.3818368932404159 0.0
0.20017764055835754 0.35830199471295826 0.0
0.19805938992106598 0.37101919763162106 0.0
0.4716029967603906 0.3710191976316212 0.0
0.32092431467467764 0.46383289501119956 0.0
0.20099432108336335 0.37291948471871567 0.0
0.20833032150747424 0.3816259234977619 0.0
0.4591732427866634 0.42571494915740055 0.0
0.32696874181063723 0.47371040009585264 0.0
0.20865063573392686 0.38236245872072916 0.0
0.20865063573392686 0.40817420326161297 0.0
0.34833010263635483 0.44532920889160454 0.0
0.34905731223725167 0.4407875831305237 0.0
0.23266761650245948 0.4056332749781753 0.0
0.23158500981618318 0.40817420326161286 0.0
0.35318317971437885 0.4504128540095208 0.0
0.42517950837573976 0.4713154703252172 0.0
0.23955353794823142 0.41474779925359223 0.0
0.20865063573392686 0.4453292088916046 0.0
0.36863102566055683 0.44804558329878497 0.0
0.4155567217000441 0.4502586921385397 0.0
0.24478377172903987 0.4453292088916046 0.0
0.26834584364867 0.43471580354702405 0.0
0.3893163157094918 0.47252681675720576 0.0
0.4056755695303641 0.4757157870359936 0.0
0.2699175377884624 0.44864872457581195 0.0
0.28091690772415284 0.4653240281922533 0.0
0.38039013145118383 0.5026500230250268 0.0
0.385838603556842 0.4590461009775266 0.0
0.2915837654183719 0.45971995401145666 0.0
0.2991204317869955 0.4836024216926558 0.0
0.35809069851174896 0.5069240878071495 0.0
0.3778596544419854 0.4824842145215964 0.0
0.30869250462135134 0.4902814191483502 0.0
0.3170500437192658 0.5107615279208305 0.0
0.35810283496018586 0.5069370516492024 0.0
0.362796225724187 0.5095743647954728 0.0
0.32007960384587564 0.5196392201515881 0.0
0.34079611530669895 0.522605043620302 0.0
0.35188452746418264 0.5279091799624442 0.0
0.5918405100425647 0.3710191976316212 0.0
0.3556288053431289 0.5245142524712298 0.0
0.5699819956850568 0.4010853597448588 0.0
0.355396422276106 0.5400829258409776 0.0
0.3524321494264334 0.5577766576822983 0.0
0.6159736907149933 0.3299632562741732 0.0
0.601891050087943 0.33293328726995464 0.0
0.3526288877700927 0.557950214749656 0.0
0.35318317971437885 0.5587323064938277 0.0
0.36710972050299673 0.5601784517473576 0.0
0.6201257220577315 0.3399863067301562 0.0
0.3170500437192658 0.5939492314115715 0.0
0.2809169077241529 0.668259242671555 0.0
0.646046762873811 0.3524380949183067 0.0
0.688816786200439 0.668259242671555 0.0
0.6516569470326132 0.36055331698573656 0.0
0.8094133926022651 0.7445214507252715 0.0
0.6901778146498887 0.28131783153081363 0.0
0.7063626022970891 0.34622563350540875 0.0
0.5601132447137566 0.46799459178825087 0.0
0.5487324880022038 0.7428846778083963 0.0
0.8970981508775315 0.6682592426715549 0.0
0.6600352582053313 0.29888437697693254 0.0
0.20865063573392686 0.6511418077894506 0.0
0.5780005107003685 0.710901321512469 0.0
0.6806023214046241 0.36904810605082294 0.0
0.6700462987929909 0.3674039553975525 0.0
0.5257685844216425 0.5045388569515181 0.0
0.7506476756606217 0.6311042370415633 0.0
0.6422482676752828 0.6502111033532818 0.0
0.6061151316801698 0.7054142483015466 0.0
0.643508492699883 0.31641419077163113 0.0
0.6596567923390066 0.3655419371454851 0.0
0.4622656432346977 0.4599753379708898 0.0
0.6492382436625506 0.6392235347377244 0.0
0.7067127867138047 0.44307411310037775 0.0
0.6422482676752829 0.5196392201515883 0.0
0.47427216446376624 0.774249556675194 0.0
0.4849534772831909 0.7698155743499464 0.0
0.6889428609206901 0.6293277347047918 0.0
0.6903832861463973 0.41807287702530344 0.0
0.4615825876997178 0.46226534205443054 0.0
0.64417937666133 0.5914370457694221 0.0
0.43781140363185167 0.469847277627937 0.0
0.24478377172903987 0.6403408433568897 0.0
0.6407874138055216 0.5908419731066754 0.0
0.6783814036703958 0.42070448990644504 0.0
0.35318317971437885 0.6311042370415633 0.0
0.5133294830300944 0.7368878225333345 0.0
0.6783814036703959 0.4453292088916046 0.0
0.5338488596899439 0.4356695619397142 0.0
0.456037647978241 0.500883246417348 0.0
0.4565090436787213 0.5939492314115717 0.0
0.49771572369483075 0.4453292088916046 0.0
0.5336212602051941 0.531040218002367 0.0
0.3985225053199378 0.4964372433058098 0.0
0.40147513996509226 0.575093327578422 0.0
0.513817503511187 0.5149888075180069 0.0
0.5257887013543202 0.4853024824818855 0.0
0.41675817256835235 0.4903609612610322 0.0
0.4245130435654306 0.4935961336071159 0.0
0.4689841812976403 0.48040570948230343 0.0
0.4615825876997178 0.4715950480591149 0.0
0.4262642047090606 0.47274884899341385 0.0
0.4255747364793084 0.441663829799054 0.0
0.35021646434578324 0.48248421452159634 0.0
0.3170500437192659 0.4205746245722074 0.0
0.42225597152956224 0.44377457943720305 0.0
0.3106174707075763 0.3869346442877352 0.0
0.4191115470397487 0.44463602347538805 0.0
0.28091690772415284 0.40297369076712974 0.0
0.48572107749511273 0.34910409545098176 0.0
0.2517269087880774 0.3883522618067525 0.0
0.49627909972787787 0.391735145993331 0.0
0.4760943567173627 0.3717933381891246 0.0
0.5652229731559931 0.331478096467622 0.0
0.3273811847155183 0.3986372216563908 0.0
0.4254494517046048 0.37101919763162117 0.0
0.453973243896127 0.34312308484492665 0.0
0.5828440054520001 0.29603213604090994 0.0
0.48777015218876263 0.403156677397992 0.0
0.5675144198604996 0.28517813893101557 0.0
0.4254494517046048 0.322071189776626 0.0
0.4165004997007677 0.30451202391173704 0.0
0.35318317971437885 0.3338641920016294 0.0
0.2809169077241529 0.22239917511165427 0.0
0.49771572369483075 0.27429740934183905 0.0
0.6422482676752828 0.275040910051337 0.0
0.6422482676752828 0.2312921283492606 0.0
0.5075290956017631 0.27092907646210823 0.0
0.49771572369483075 0.29670918637163773 0.0
0.636240036700488 0.22239917511165427 0.0
0.6061151316801698 0.22239917511165427 0.0
0.5241720726899048 0.29552016388965097 0.0
0.5239049268110024 0.29670918637163773 0.0
0.5821366871208657 0.3124130971051546 0.0
0.5699819956850568 0.2841546196814388 0.0
0.53090030165806 0.302172550509754 0.0
0.5411266473817863 0.3042480461625812 0.0
0.6030974255957988 0.29670918637163773 0.0
0.6310690346599194 0.29078069913661464 0.0
0.5521233631821405 0.3053155995162941 0.0
0.5642872452351851 0.3203115624159692 0.0
0.6023485332870863 0.31317564952305593 0.0
0.5982732721844737 0.31795155702082845 0.0
0.5674728228835282 0.33159910845436014 0.0
0.5799978455171212 0.33066704480582876 0.0
0.5966482625192402 0.33979288308771244 0.0
0.5967715098245223 0.32417611304088106 0.0
0.5904643595167279 0.33242830737573975 0.0
0.6445591416598376 0.5924582992823393 0.0
0.6142718248504178 0.3289317567915719 0.0
0.6214501305038209 0.3326207759956183 0.0
0.5975362430431548 0.34584941343963094 0.0
0.6183257923557235 0.30411498004233783 0.0
0.581503397352669 0.34597755020232174 0.0
0.5955171569347538 0.3936066518360382 0.0
0.6783814036703959 0.48248421452159634 0.0
0.5420906979520096 0.38441714661969545 0.0
0.7239107737440498 0.4514835178007662 0.0
0.6009074429928862 0.3496757409990574 0.0
0.7867808116557348 0.6311042370415633 0.0
0.5690553256017477 0.43501725264835445 0.0
0.834666936471259 0.7045779102762454 0.0
0.625598989657491 0.3737363165321 0.0
0.8324027209961824 0.6311042370415634 0.0
0.6288734586817938 0.37490742522569315 0.0
0.6734430914297991 0.2864283238469764 0.0
0.6868651247913445 0.3917649643728905 0.0
0.6418029655168707 0.3889016545086655 0.0
0.55591165205009 0.44615201388388737 0.0
0.7155367998255266 0.4006178581310417 0.0
0.7036319681124741 0.40073847195655415 0.0
0.6422482676752828 0.40817420326161286 0.0
0.551626740214861 0.4355835429972298 0.0
0.7245479844305226 0.4080267239536282 0.0
0.7145145396655088 0.39913498972088124 0.0
0.6650174072505515 0.4048947221216778 0.0
0.7127812581568996 0.4505897179799149 0.0
0.7370881049659103 0.4342424671279753 0.0
0.7238899735985131 0.420599702727817 0.0
0.7621771234645026 0.4791283178564073 0.0
0.6777081661960174 0.5567942257815799 0.0
0.7465210584665207 0.43735602696025044 0.0
0.7438354038973812 0.432614677119787 0.0
0.6572547329994831 0.590156872408216 0.0
0.5338488596899439 0.4453292088916046 0.0
0.6422482676752828 0.4453292088916046 0.0
0.7524572364045422 0.4450447229601557 0.0
0.7145145396655088 0.22239917511165427 0.0
0.7327332125249894 0.36244669343635316 0.0
0.6061151316801698 0.5196392201515883 0.0
0.7145145396655089 0.6867494482402091 0.0
0.19876254172981137 0.6311042370415634 0.0
0.4254494517046048 0.7797242595615301 0.0
0.6422482676752828 0.7797242595615301 0.0
0.5119142635102084 0.9085569348294804 0.0
0.27473847105275806 0.6044273210957049 0.0
0.25067662730475415 0.6329784833699641 0.0
0.5032887631807641 0.8836824577011871 0.0
0.49497536023650346 0.8591384040835294 0.0
0.2809169077241529 0.6311042370415633 0.0
0.4254494517046048 0.6311042370415633 0.0
0.47880175269052405 0.8262726005181488 0.0
0.4770811929864708 0.7929660231146718 0.0
0.4615825876997178 0.7054142483015468 0.0
0.2809169077241529 0.60793230506388 0.0
0.49153424082839714 0.792525249276576 0.0
0.4977157236948307 0.7951238676701223 0.0
0.38503470911643123 0.5939492314115715 0.0
0.35318317971437885 0.5939492314115715 0.0
0.5020720266828871 0.7879393121901658 0.0
0.5102919481797071 0.7808994074814553 0.0
0.5226891167275078 0.5579668508216347 0.0
0.5669610010465699 0.6677285923754632 0.0
0.5093494542885194 0.764159077193555 0.0
0.5331451941745258 0.757867097442315 0.0
0.5338488596899438 0.5661778429518307 0.0
0.5906985470212082 0.6613750016098257 0.0
0.5338488596899437 0.7582279404065445 0.0
0.5338488596899439 0.7797242595615301 0.0
0.49771572369483075 0.6311042370415633 0.0
0.5338488596899439 0.6682592426715551 0.0
0.5399828660473991 0.7493637784436884 0.0
0.5460650421355915 0.7243181076528749 0.0
0.5681091137049753 0.5911440178944026 0.0
0.5338488596899439 0.5939492314115715 0.0
0.5548007611878945 0.7178242877470253 0.0
0.5699819956850568 0.7425692539315385 0.0
0.5699819956850569 0.596459907697173 0.0
0.5677866443434297 0.5939492314115715 0.0
0.571216621129401 0.7194615808696175 0.0
0.5855131700458779 0.703112624746945 0.0
0.5891510177194818 0.5960797804167021 0.0
0.6027093996621815 0.6311042370415634 0.0
0.5949555077594764 0.6816244217635794 0.0
0.6061151316801697 0.6867407144722919 0.0
0.6061151316801698 0.627756710986028 0.0
0.6051599061168481 0.6089762657558351 0.0
0.6088282885820661 0.6805693080599821 0.0
0.6161327374297582 0.6725601748316535 0.0
0.6319628827949093 0.6047997373394747 0.0
0.6182056380004298 0.627527312999081 0.0
0.6204854895812159 0.6456835296216793 0.0
0.636511498699028 0.6469080801712607 0.0
0.6478556477790153 0.6274333614978794 0.0
0.6306022641072551 0.6214994300268671 0.0
0.6465371912179182 0.6417799800108989 0.0
0.6465826589147072 0.6103431298187753 0.0
0.640974405323801 0.6201480576230368 0.0
0.6542101372456243 0.6184184879828232 0.0
0.6783814036703958 0.6180843934314891 0.0
0.6568632470858738 0.6184085084870309 0.0
0.7201354321659769 0.6564259333310267 0.0
0.6783814036703959 0.6138763130174465 0.0
0.7558103155529469 0.6764344570480576 0.0
0.6786389552082708 0.6127967601802444 0.0
0.7867808116557348 0.5939492314115715 0.0
0.6843507702072336 0.6031014748326058 0.0
0.7867500346116345 0.5567942257815799 0.0
0.6362755681914031 0.38067811521337425 0.0
0.502251975025058 0.4222937716173466 0.0
0.528616547679672 0.4206546619404079 0.0
0.5665217804046327 0.4203301251692455 0.0
0.5672834176541017 0.4146746009013202 0.0
0.5177938182184517 0.41158478414505884 0.0
0.5224795148194042 0.4141084518973511 0.0
0.5652083059393307 0.40742723150648824 0.0
0.5468471731524543 0.40198540398212473 0.0
0.521392145087309 0.40239108282395536 0.0
0.5169586896203077 0.41155413329603735 0.0
0.5404696431172581 0.39568547752399846 0.0
0.5304054910004996 0.3931608740101207 0.0
0.523781038812192 0.3871138107013655 0.0
0.4469283648253469 0.3375065639733029 0.0
0.5114157156571172 0.3869457448600209 0.0
0.4958725617714401 0.3900319689905673 0.0
0.5214771257387888 0.37664225524474465 0.0
0.4615825876997178 0.37101919763162117 0.0
0.5224917127869771 0.36914788759418116 0.0
0.4615825876997178 0.35964721649244547 0.0
0.5173059422692929 0.3680828970824279 0.0
0.5487523047196119 0.3630462508770697 0.0
0.42533823054275427 0.3211234577790554 0.0
0.3893163157094918 0.37101919763162117 0.0
0.5032744253704758 0.3567902128005182 0.0
0.4367659884608397 0.3338641920016294 0.0
0.49967938843002685 0.3476408459087362 0.0
0.4254494517046048 0.3338641920016294 0.0
0.4983648324955508 0.33615612918307014 0.0
0.4891714599447359 0.33273979497318973 0.0
0.3893163157094918 0.3338641920016294 0.0
0.40900699317197003 0.2993549245642623 0.0
0.4792215360388805 0.330098214894868 0.0
0.4715620025607433 0.3251111371382526 0.0
0.3893163157094918 0.29670918637163773 0.0
0.3170500437192658 0.3697158864933407 0.0
0.4893975062972819 0.259554180741646 0.0
0.46311410688762317 0.30810048859014116 0.0
0.3886804430721476 0.2816778320997486 0.0
0.3893163157094918 0.28552634789079706 0.0
0.4615825876997178 0.259554180741646 0.0
0.4507026372749025 0.2951487783612665 0.0
0.3170500437192658 0.29670918637163773 0.0
0.3789285880804234 0.26600251639155914 0.0
0.44124351636022535 0.292004586473894 0.0
0.49771572369483075 0.24561200375771658 0.0
0.5334715654295079 0.252441797491213 0.0
0.35318317971437885 0.259554180741646 0.0
0.4292264335645112 0.2786490004025237 0.0
0.35191758135374496 0.24233980877560005 0.0
0.35318317971437885 0.2481705592382928 0.0
0.4254494517046048 0.22239917511165427 0.0
0.54196670853065 0.27223789124515874 0.0
0.3360524183101846 0.22239917511165427 0.0
0.41233729737927477 0.25745178915894745 0.0
0.3893163157094918 0.2212330289390149 0.0
0.21398691023891941 0.33042319183370483 0.0
0.24478377172903987 0.22239917511165427 0.0
0.40337328224273283 0.2538005791496547 0.0
0.3967197370000813 0.24778330887993452 0.0
0.18249226078112663 0.3129053959407071 0.0
0.20865063573392686 0.22239917511165427 0.0
0.39237666165131996 0.23939997834978693 0.0
0.3848619990460211 0.221433642960082 0.0
0.49771572369483075 0.22239917511165427 0.0
0.37407680707318686 0.21964742766504916 0.0
0.5699819956850569 0.18524416948166256 0.0
0.5699819956850569 0.25955418074164605 0.0
0.682412393671277 0.241420594767413 0.0
0.6783814036703958 0.2146822249845178 0.0
0.6372157627719709 0.21985088033733047 0.0
0.6440913598138452 0.23105084598635905 0.0
0.6803712270628435 0.2569864942264408 0.0
0.6851614691395204 0.24693101647749752 0.0
0.6643089160158002 0.25028463874954565 0.0
0.6703433739636183 0.26189645310889925 0.0
0.6800532053532936 0.2717086866109513 0.0
0.6936057704460379 0.3984011051600406 0.0
0.686972377529054 0.26832083773168725 0.0
0.6740437914756485 0.28921756735764487 0.0
0.7171544692263888 0.3118086314314498 0.0
0.7033121993548075 0.28945329376365636 0.0
0.6723831818996121 0.29838497679640097 0.0
0.6455718993042803 0.30994559918318104 0.0
0.6783814036703959 0.3338641920016294 0.0
0.7145145396655088 0.28976164522017117 0.0
0.6954642015076946 0.3078624042606971 0.0
0.724743340524838 0.3517923125874565 0.0
0.7602393651397108 0.4218111915817241 0.0
0.7145145396655088 0.259554180741646 0.0
0.6967379122289449 0.33637171207835637 0.0
0.7090347890275593 0.35948372381889737 0.0
0.7798216979932395 0.4413560100940008 0.0
0.7643216784581581 0.43437883863706755 0.0
0.7060714765775413 0.37101919763162106 0.0
0.7145145396655089 0.38415949438771235 0.0
0.7506476756606217 0.48248421452159634 0.0
0.7210683396548636 0.3827246685085961 0.0
0.7506476756606217 0.3338641920016294 0.0
0.724814778306725 0.40826677914324966 0.0
0.7272050751493983 0.4088528832403342 0.0
0.7867808116557348 0.40817420326161286 0.0
0.74434574177792 0.4295932199408854 0.0
0.7511391049552312 0.44083344993062146 0.0
0.7506476756606217 0.29670918637163773 0.0
0.7591099503610739 0.45149714681105574 0.0
0.7591469289852018 0.46072490193048216 0.0
0.7867808116557348 0.37101919763162117 0.0
0.7145145396655088 0.48248421452159634 0.0
0.750647675660622 0.259554180741646 0.0
0.7573710886172229 0.4824842145215964 0.0
0.7145145396655088 0.5567942257815799 0.0
0.7506476756606217 0.22239917511165427 0.0
0.7783108772237177 0.5149281501743171 0.0
0.776084768233206 0.5196392201515881 0.0
0.7867808116557348 0.29670918637163773 0.0
0.7867808116557348 0.3338641920016294 0.0
0.7827750660118524 0.527308818737272 0.0
0.8032673162613292 0.5318416337305746 0.0
0.7867808116557348 0.22239917511165427 0.0
0.7867808116557348 0.259554180741646 0.0
0.7145145396655088 0.6311042370415633 0.0
0.7506476756606217 0.5939492314115715 0.0
0.8132090378909962 0.570673283811879 0.0
0.24478377172903987 0.7797242595615301 0.0
0.3893163157094918 0.8402574867640997 0.0
0.3659787276277635 0.8840559305952794 0.0
0.4912686735657066 0.7607591003843618 0.0
0.3893163157094918 0.7902195572988295 0.0
0.49262201031547187 0.7425692539315385 0.0
0.39056585992983794 0.7868007375146058 0.0
0.5284995159927517 0.7214636407879165 0.0
0.3943606447028109 0.7698945925564641 0.0
0.5297935779406943 0.7070911952282705 0.0
0.42008055836155295 0.7425692539315385 0.0
0.5295350825613822 0.7054142483015468 0.0
0.41369124168541405 0.7433304340747017 0.0
0.5521288501101801 0.6992529901865395 0.0
0.4932177533113131 0.7470801347784409 0.0
0.5656109718794955 0.6820417843626535 0.0
0.429063697126653 0.7143227815901336 0.0
0.5662432469114048 0.6682592426715549 0.0
0.4345250967133184 0.6984454940540133 0.0
0.525427467721198 0.5440003428550717 0.0
0.3893163157094918 0.6311042370415633 0.0
0.45449800874100776 0.6722778582696275 0.0
0.4615825876997178 0.6726203255238139 0.0
0.4879166083846951 0.5774155247093823 0.0
0.45761994823534585 0.5972099632853994 0.0
0.49771572369483075 0.7054142483015468 0.0
0.46749794340689854 0.6418055688524203 0.0
0.4566401022250462 0.5196392201515881 0.0
0.4615825876997177 0.5230806894860378 0.0
0.4771721373796944 0.6285289810916836 0.0
0.4977157236948309 0.6035628072912357 0.0
0.4883364453738985 0.5262317266986122 0.0
0.4672789438825643 0.5213206347116558 0.0
0.5030526458551673 0.5867595101123378 0.0
0.5058094546511971 0.5692125876458092 0.0
0.5058044874997535 0.5336341005308102 0.0
0.4957770052968272 0.5379899328076125 0.0
0.5195773023008359 0.5584631500903885 0.0
0.5143213783547325 0.5167209046677429 0.0
0.5093202129314675 0.5304092398733867 0.0
0.5350038097677304 0.5294888657406257 0.0
0.5710793787342237 0.5482281979812004 0.0
0.5381117253451301 0.5285180795958758 0.0
0.5699819956850568 0.5460896105935226 0.0
0.5438577052294512 0.5157058800981112 0.0
0.6422482676752828 0.5902703135803209 0.0
0.5438327868615476 0.49644170382156105 0.0
0.6710535428752415 0.4124526347700849 0.0
0.5699819956850569 0.4871700307961245 0.0
0.6654679782587254 0.38884968595229524 0.0
0.5717737855091899 0.4751930361099997 0.0
0.6061151316801698 0.4453292088916046 0.0
0.5749110808581831 0.457881000799627 0.0
0.6260633808041244 0.3631285801173455 0.0
0.5592502121707281 0.376918775508055 0.0
0.5864712340655606 0.4457686791549644 0.0
0.5787709778973095 0.3710191976316212 0.0
0.6024964103830172 0.41716397323758614 0.0
0.6061151316801698 0.418021710322062 0.0
0.6100499695316467 0.35316929173250156 0.0
0.6032553033762577 0.355812526965049 0.0
0.6132631455303903 0.38531305458907467 0.0
0.6255546716911609 0.37365223408623693 0.0
0.6281216530265642 0.3499477782635477 0.0
0.6362281640211673 0.34982910850413773 0.0
0.6205654378152747 0.330754184472259 0.0
0.643304274605489 0.34611207475055616 0.0
0.6783814036703958 0.3085642870355617 0.0
0.18389086865108542 0.2962793094268426 0.0
0.36561225733356467 0.215484735021754 0.0
0.1887462255827657 0.3225929137421885 0.0
0.20865063573392686 0.29670918637163773 0.0
0.05309597035768626 0.22239917511165427 0.0
0.2165515496958481 0.34345581179953655 0.0
0.1460091360794338 0.259554180741646 0.0
0.18474607669551438 0.29670918637163773 0.0
0.20369991398047327 0.32439241367824057 0.0
0.23379619104343677 0.38925202701575967 0.0
0.1660299808300646 0.3431896766698925 0.0
0.09722052606371372 0.3710191976316212 0.0
0.2761491423150257 0.5761175442024623 0.0
0.20865063573392686 0.5939492314115715 0.0
0.2366670500847133 0.6144654410365564 0.0
0.2366670940966654 0.5939492314115716 0.0
0.20865063573392686 0.6682592426715551 0.0
0.24478377172903987 0.7425692539315385 0.0
0.38912886093820775 0.7089184563511044 0.0
0.2809169077241529 0.7797242595615301 0.0
0.20865063573392686 0.18524416948166256 0.0
0.20865063573392686 0.259554180741646 0.0
0.28091690772415284 0.259554180741646 0.0
0.20865063573392686 0.32311807075607807 0.0
0.21936128219672416 0.35626620650866886 0.0
0.2185322769812877 0.3338641920016294 0.0
0.2288828929299035 0.36299095782667995 0.0
0.22539066600132743 0.38151532356233947 0.0
0.24478377172903987 0.42321341998513373 0.0
0.20865063573392686 0.5196392201515881 0.0
0.26360047147986493 0.4453292088916046 0.0
0.20865063573392686 0.5567942257815799 0.0
0.27823388947420413 0.5567942257815799 0.0
0.24178301579837952 0.5910520483781182 0.0
0.20865063573392686 0.6184308151345133 0.0
0.23098156197109038 0.6371262348024931 0.0
0.20865063573392686 0.7425692539315385 0.0
0.2809169077241529 0.7425692539315385 0.0
0.20865063573392695 0.7797242595615301 0.0
0.37404791158104195 0.7425692539315385 0.0
0.24478377172903987 0.18524416948166256 0.0
0.24478377172903987 0.259554180741646 0.0
0.24478377172903987 0.29670918637163773 0.0
0.24478377172903987 0.3338641920016294 0.0
0.2809169077241529 0.3552448075464992 0.0
0.24478377172903987 0.3614875276765897 0.0
0.2694108499271192 0.40303422055331695 0.0
0.26848170226671536 0.3771453050473611 0.0
0.2657785418317348 0.42168559753642476 0.0
0.2775614405398705 0.4570759890763067 0.0
0.24478377172903987 0.5196392201515883 0.0
0.28091690772415284 0.5196392201515881 0.0
0.28343388212018267 0.5555700914604643 0.0
0.24478377172903987 0.5868516939199369 0.0
0.2547336107728077 0.6081656920833282 0.0
0.24478377172903987 0.7054142483015466 0.0
0.3893163157094919 0.7036983551557411 0.0
0.2547336710947748 0.6311042370415633 0.0
0.35318317971437885 0.7425692539315385 0.0
0.35318317971437885 0.7720302171435971 0.0
0.34864553947558496 0.7801707060077575 0.0
0.2809169077241529 0.18524416948166256 0.0
0.2809169077241529 0.29670918637163773 0.0
0.3170500437192658 0.22239917511165427 0.0
0.3741976908156543 0.24518543771192866 0.0
0.3608940811617939 0.4220653609831708 0.0
0.3178714662771692 0.3754609965908333 0.0
0.28479063440613034 0.3895672110795596 0.0
0.2856133312947371 0.40817420326161286 0.0
0.30047873273250436 0.40817420326161286 0.0
0.29716382761006616 0.43930255320707456 0.0
0.30468502765728434 0.46319904416363533 0.0
0.2809169077241529 0.5549274564504966 0.0
0.31482432234994484 0.5000796873988262 0.0
0.31598499639704475 0.5382371281519582 0.0
0.3778149518960063 0.5658300171408348 0.0
0.2906860456777688 0.5651535077792899 0.0
0.3857476776010963 0.589353378801329 0.0
0.29915210141799786 0.5939492314115715 0.0
0.35318317971437885 0.7054142483015468 0.0
0.3170500437192658 0.7425692539315385 0.0
0.3170500437192658 0.7797242595615301 0.0
0.34847587610288716 0.7797242595615301 0.0
0.31705004371926593 0.18524416948166256 0.0
0.3476050899726127 0.2339251584214614 0.0
0.3170500437192658 0.3338641920016294 0.0
0.370989929821278 0.26130127921386265 0.0
0.4061969469264102 0.2894016799448834 0.0
0.35318317971437885 0.39983527814130543 0.0
0.318208737977562 0.37101919763162117 0.0
0.3496986402697708 0.40155544379754715 0.0
0.33981782136536764 0.41718393901488987 0.0
0.3170500437192658 0.44265811213295925 0.0
0.31942521292757675 0.44532920889160454 0.0
0.3369953316223236 0.4799772881324679 0.0
0.35318317971437885 0.48318490266689407 0.0
0.33494910885556695 0.5230954463225653 0.0
0.32670014317586804 0.5200278544666695 0.0
0.31900709709006714 0.5724046189200519 0.0
0.3170500437192658 0.6311042370415633 0.0
0.3170500437192658 0.6682592426715551 0.0
0.3170500437192658 0.7054142483015466 0.0
0.3882577459267784 0.7054142483015468 0.0
0.37795047300077783 0.7405152478762603 0.0
0.3673876629489899 0.7724920563503067 0.0
0.3490703041524227 0.9202740853235543 0.0
0.35318317971437885 0.18524416948166256 0.0
0.39034405619644896 0.22865058755921186 0.0
0.37011015288347965 0.23654042148397697 0.0
0.38482542583071344 0.2727947006868546 0.0
0.35318317971437885 0.37101919763162117 0.0
0.40075035037937745 0.29670918637163773 0.0
0.3893163157094918 0.425785112457704 0.0
0.3983091681531358 0.4393214039623947 0.0
0.36455452919584574 0.4081742032616128 0.0
0.3762097454378868 0.4360583191924869 0.0
0.35318317971437885 0.48248421452159634 0.0
0.3850553277432523 0.4786409583306968 0.0
0.3538207686508535 0.49543765043248794 0.0
0.3901083096893489 0.5393256878200525 0.0
0.3739311356308311 0.5242886602551173 0.0
0.38402760426203963 0.5755549928254919 0.0
0.35318317971437885 0.6682592426715551 0.0
0.3893163157094919 0.5985737184034996 0.0
0.4166182880635779 0.6681422250098418 0.0
0.40680246646440854 0.7005801745989958 0.0
0.3872869110949123 0.7270301520429102 0.0
0.37998200506017293 0.7610181743263116 0.0
0.4349237709716168 0.811303124188896 0.0
0.36682998250755045 0.7913965747718272 0.0
0.3893163157094919 0.18524416948166256 0.0
0.423611782409707 0.25873693890781274 0.0
0.426668471683474 0.2684376062185261 0.0
0.390476498855574 0.22239917511165427 0.0
0.4102649477245852 0.27240490109787135 0.0
0.4219442454910292 0.31176820165000146 0.0
0.3893163157094918 0.40817420326161286 0.0
0.4378257227893401 0.3339973162543293 0.0
0.461173779688669 0.40817420326161286 0.0
0.446976863042643 0.43977188497041103 0.0
0.4112758222627518 0.47085515909290554 0.0
0.3893163157094919 0.4708952638595802 0.0
0.4052544763563292 0.556308640403145 0.0
0.4254494517046048 0.4947390097085088 0.0
0.3957609041556549 0.5196392201515881 0.0
0.4109214352696691 0.5818863672092511 0.0
0.42544945170460485 0.6037260350304693 0.0
0.4066630188751555 0.5567942257815799 0.0
0.3930074152542412 0.5981289648461711 0.0
0.3893163157094918 0.6682592426715551 0.0
0.42876768661779935 0.6563936643515278 0.0
0.41806974257658297 0.6882870500653487 0.0
0.4254494517046048 0.7425692539315385 0.0
0.39296827663673245 0.711288656894865 0.0
0.45578877196318696 0.7797242595615301 0.0
0.39853548583824827 0.7532230691834029 0.0
0.42265104725372077 0.8140522491558171 0.0
0.39721353436211915 0.7797242595615301 0.0
0.42544945170460485 0.18524416948166256 0.0
0.42544945170460485 0.25859072156158713 0.0
0.43408478179009496 0.2865046604876464 0.0
0.4264863972244904 0.259554180741646 0.0
0.4620088705404882 0.29640141600610725 0.0
0.44892168927241966 0.3098034774661027 0.0
0.4254494517046048 0.40817420326161286 0.0
0.458960360001681 0.3508468788692011 0.0
0.4638708795280913 0.40817420326161286 0.0
0.4254494517046048 0.44162177995596136 0.0
0.4371174222815391 0.4569169832341366 0.0
0.44731818167960147 0.4764570792259972 0.0
0.43926501626583647 0.4891947741854113 0.0
0.4254494517046048 0.5567942257815799 0.0
0.4846430719940553 0.5561458671803283 0.0
0.47276102812689574 0.58730826821531 0.0
0.4320755209008945 0.5939492314115715 0.0
0.4378566484902578 0.6311042370415633 0.0
0.4254494517046048 0.6552538664500923 0.0
0.4615825876997178 0.7425692539315385 0.0
0.43656386193706215 0.6804552991212783 0.0
0.43799823023028867 0.7054142483015466 0.0
0.4254494517046048 0.725662814806723 0.0
0.46059464620965895 0.7755113986195168 0.0
0.4539031142239871 0.7999119325894792 0.0
0.4615825876997179 0.18524416948166256 0.0
0.4615825876997178 0.22239917511165427 0.0
0.4615825876997179 0.2958782631484954 0.0
0.46619285951032424 0.3177785617033438 0.0
0.5238573945844194 0.2804763698173043 0.0
0.4623672013155242 0.2967091863716377 0.0
0.46787209828670867 0.35455162352148323 0.0
0.4847529196532658 0.37575734963993496 0.0
0.4615825876997178 0.4078498262328629 0.0
0.47558819305587824 0.4474065865609928 0.0
0.5439518021457451 0.44532920889160454 0.0
0.49771572369483075 0.49736204005235946 0.0
0.48759050640650126 0.44532920889160454 0.0
0.47541028184042367 0.4824842145215964 0.0
0.4732869459697435 0.5118177754047801 0.0
0.4949332526824823 0.5432495487529955 0.0
0.4832512729926709 0.5567942257815799 0.0
0.4615825876997178 0.5864903823379454 0.0
0.6026161305423173 0.642507389019839 0.0
0.47361393011180053 0.6070835866482032 0.0
0.47929569433269603 0.6311042370415632 0.0
0.4632760276819792 0.6584480314968839 0.0
0.49771572369483075 0.7376136862498075 0.0
0.465156048603952 0.6682592426715551 0.0
0.49945351201537963 0.7379395587191065 0.0
0.4615825876997179 0.7740905857727286 0.0
0.7145145396655088 0.7054142483015466 0.0
0.4728370302738465 0.8042151401951962 0.0
0.49771572369483086 0.18524416948166256 0.0
0.6570676988466067 0.21013073496830972 0.0
0.540561572614327 0.2586208381461281 0.0
0.5210821066962857 0.25319649107623615 0.0
0.5183097355550386 0.27227934067479015 0.0
0.5338488596899438 0.30588958746102995 0.0
0.49771572369483075 0.3329464731718583 0.0
0.49852502272157534 0.3338641920016294 0.0
0.5091499433168978 0.36360422985841534 0.0
0.5028154059062414 0.39373063276428943 0.0
0.5189278259337741 0.39251719687560266 0.0
0.49771572369483075 0.48248421452159634 0.0
0.5326796242030275 0.429324728123555 0.0
0.5334696211423705 0.4707953794741634 0.0
0.5007487235785637 0.5065992212924562 0.0
0.5232823742814017 0.5503354056767792 0.0
0.5135270455899487 0.532150346525112 0.0
0.497936590387962 0.602849990197533 0.0
0.5364820770708022 0.5647330133477282 0.0
0.5054903972751615 0.5939492314115715 0.0
0.49771572369483075 0.6682592426715551 0.0
0.5338488596899438 0.7007747113900835 0.0
0.5393354651773883 0.7014508811007371 0.0
0.5230114843558852 0.7313958498896042 0.0
0.5156009749672877 0.7550351886403095 0.0
0.5130718462122236 0.7797242595615301 0.0
0.49771572369483075 0.863674860795896 0.0
0.5338488596899438 0.1852441694816625 0.0
0.546092668814007 0.2822950527398881 0.0
0.5752052226865497 0.2905711062968811 0.0
0.5421786132391729 0.259554180741646 0.0
0.5546085725906233 0.28660846863517375 0.0
0.559843562466607 0.31067010493409014 0.0
0.5338488596899438 0.3338641920016294 0.0
0.5338488596899438 0.3580949653961959 0.0
0.5554953601491297 0.40596004101933 0.0
0.5778260111431704 0.4019341053919288 0.0
0.5536785869251049 0.42065142730768545 0.0
0.5476130553588151 0.44635298474031876 0.0
0.5338488596899438 0.4691468872695482 0.0
0.5776759913930558 0.5760120836246184 0.0
0.5597664494950817 0.48702929675608864 0.0
0.546016952927276 0.5196392201515881 0.0
0.5470008801432968 0.5480954183162684 0.0
0.5593566265706531 0.5667700797720726 0.0
0.5338488596899439 0.6311042370415633 0.0
0.5699819956850568 0.664148199796653 0.0
0.5789086196985244 0.6646352724158431 0.0
0.5608873523442156 0.6927832912738451 0.0
0.5699819956850568 0.7227133314099217 0.0
0.5699819956850568 0.7797242595615301 0.0
0.5496457557359664 0.7425692539315385 0.0
0.7411628561772898 0.7054142483015468 0.0
0.5338488596899438 0.9630798753340662 0.0
0.6061151316801698 0.18524416948166256 0.0
0.5699819956850568 0.22239917511165427 0.0
0.6422135057432525 0.27533371212788954 0.0
0.6118765926640939 0.29559264528287466 0.0
0.5846529530829957 0.29670918637163773 0.0
0.5877994203716738 0.3204595646165346 0.0
0.5778820688580036 0.37136604044392396 0.0
0.602456673333091 0.35939306223122974 0.0
0.5930922741818888 0.3728608967628948 0.0
0.5699819956850569 0.3800590281563824 0.0
0.6061151316801698 0.48248421452159634 0.0
0.5808625164255881 0.42305743563951304 0.0
0.5877416574951154 0.4453292088916046 0.0
0.5699819956850569 0.5196392201515883 0.0
0.7342410011983369 0.453423095933541 0.0
0.5734856906704707 0.48248421452159623 0.0
0.5997347699076999 0.5793394553428968 0.0
0.6061151316801698 0.5722928678631247 0.0
0.5849428219872246 0.5567942257815799 0.0
0.5699819956850568 0.6311042370415633 0.0
0.6049663416996788 0.6292531089626973 0.0
0.5986010506358058 0.6539990404778243 0.0
0.5830659420341783 0.6847792034743685 0.0
0.6422482676752828 0.7054142483015466 0.0
0.586665904280537 0.7054142483015468 0.0
0.7506476756606217 0.7425692539315385 0.0
0.6422482676752828 0.1828372058371795 0.0
0.6061151316801698 0.259554180741646 0.0
0.6715358150833757 0.28390794174063194 0.0
0.6061151316801698 0.2943610364549898 0.0
0.6223429028871341 0.32838030007327096 0.0
0.6378733449126631 0.31739311264595643 0.0
0.6190530810168665 0.35410721006694484 0.0
0.6226551271815276 0.3572020877012387 0.0
0.6422482676752828 0.3902032227262847 0.0
0.6119321707036345 0.4037401923577866 0.0
0.6639211741985306 0.40817420326161297 0.0
0.6136378026209445 0.4081742032616128 0.0
0.705643447550747 0.4290177078486744 0.0
0.6061151316801698 0.5567942257815799 0.0
0.6181799752979269 0.5883824171189287 0.0
0.6672427922031445 0.584988929132451 0.0
0.6290628665640772 0.6232795760592235 0.0
0.6061151316801698 0.6123016201011222 0.0
0.6210296241306662 0.6620021092046994 0.0
0.6422482676752828 0.6682592426715551 0.0
0.6241920847355855 0.668259242671555 0.0
0.6061151316801698 0.7425692539315385 0.0
0.6783814036703959 0.7054142483015466 0.0
0.743483976339793 0.69593103271693 0.0
0.7145145396655088 0.7797242595615301 0.0
0.6783814036703959 0.18524416948166256 0.0
0.6823960029077013 0.22686214146808695 0.0
0.652698351659728 0.1852441694816625 0.0
0.6422482676752828 0.259554180741646 0.0
0.6643661373976489 0.2356901425800549 0.0
0.6601181381878368 0.2615462001299303 0.0
0.6442426432960523 0.34614048591113267 0.0
0.6760890050774875 0.3027826438476882 0.0
0.6902930687998203 0.3338641920016294 0.0
0.6539003613645897 0.3338641920016294 0.0
0.6571869211011115 0.38422899976150077 0.0
0.6422482676752828 0.48248421452159634 0.0
0.6776085134802454 0.4193317104039416 0.0
0.7063360278467498 0.44532920889160466 0.0
0.6422482676752828 0.5567942257815799 0.0
0.6927760118598092 0.5962789465259103 0.0
0.6736082138256818 0.575985629701357 0.0
0.658555433701572 0.6072764431435266 0.0
0.6685991184034462 0.6232876898627309 0.0
0.6599671591682116 0.6369408632413103 0.0
0.6422482676752828 0.7425692539315385 0.0
0.6783814036703957 0.6701199505414211 0.0
0.7145145396655088 0.7425692539315385 0.0
0.790917146994117 0.7425692539315385 0.0
0.7145145396655089 0.18524416948166256 0.0
0.7297313897502228 0.3347835247716199 0.0
0.7212410308366672 0.32437419838669546 0.0
0.6838847471456652 0.22239917511165425 0.0
0.7102248969955038 0.259554180741646 0.0
0.7184410629303882 0.29661219509657516 0.0
0.702068768209467 0.3191950750673134 0.0
0.6783814036703958 0.36657914131541347 0.0
0.6834100311483932 0.3808300495951042 0.0
0.7091771319432439 0.3739805069000933 0.0
0.6833008423714185 0.3710191976316212 0.0
0.7002002806949446 0.42068396249031653 0.0
0.6783814036703959 0.5196392201515883 0.0
0.7145145396655089 0.45281541599579705 0.0
0.6783814036703958 0.556369622504135 0.0
0.7506476756606217 0.5196392201515883 0.0
0.7506476756606217 0.5567942257815799 0.0
0.680020517381252 0.5567942257815799 0.0
0.6993459932993792 0.5939492314115715 0.0
0.6880400132756578 0.6682592426715551 0.0
0.7145145396655088 0.6399703246660586 0.0
0.6972807177067804 0.6311042370415633 0.0
0.6783814036703959 0.7425692539315385 0.0
0.708062983382644 0.6755209304053946 0.0
0.6783814036703959 0.7797242595615301 0.0
0.7506476756606217 0.7797242595615301 0.0
0.7506476756606217 0.18524416948166256 0.0
0.762536455338085 0.40611998371508173 0.0
0.7506476756606217 0.366120505113308 0.0
0.7523000380722463 0.3819991048237366 0.0
0.7548243760572362 0.39532958663059325 0.0
0.7185413437702861 0.29670918637163773 0.0
0.730438343809108 0.3338641920016294 0.0
0.7514373324911723 0.3678550344351307 0.0
0.7225213680240393 0.40693485379939415 0.0
0.7393227367924178 0.3883532082453508 0.0
0.7395262403596565 0.4173865238511096 0.0
0.7278610060170265 0.43085956984809554 0.0
0.7416535583609679 0.45918011634639544 0.0
0.7145145396655088 0.5196392201515881 0.0
0.7791207650737114 0.4999651243330979 0.0
0.7145145396655088 0.5939492314115715 0.0
0.7867808116557345 0.5568483411550167 0.0
0.7906663157171268 0.6977382086864535 0.0
0.7387570603087054 0.6651898471687878 0.0
0.7316301144634508 0.6764625402658335 0.0
0.7506476756606217 0.713464061599967 0.0
0.7867808116557348 0.7425692539315385 0.0
0.7867808116557348 0.18524416948166259 0.0
0.7973797720113865 0.5055914069636877 0.0
0.8085856074329298 0.5146711488534493 0.0
0.796366308532595 0.4915211524828012 0.0
0.7867808116557348 0.4417145163877265 0.0
0.7889103470300985 0.4660388731663186 0.0
0.7949533359647731 0.47764651048056805 0.0
0.7541426894429241 0.37101919763162117 0.0
0.7657483414355235 0.4081742032616128 0.0
0.787786404339135 0.4520227128553169 0.0
0.7506476756606217 0.4783382938519249 0.0
0.7751626487796384 0.4582037089395261 0.0
0.7717856350007162 0.488990160812203 0.0
0.7867808116557348 0.5382658099898885 0.0
0.8028863144468688 0.5611611419403056 0.0
0.7506476756606217 0.662178971148177 0.0
0.8107584956702791 0.5939492314115715 0.0
0.7867808116557348 0.6906560283823794 0.0
0.7571603765492702 0.668259242671555 0.0
0.7668099734573254 0.6972540442636298 0.0
0.7788062464752611 0.7164972849550462 0.0
0.7867808116557348 0.7797242595615301 0.0
0.9553326685466165 0.5010849905012488 0.0
0.8615743941042691 0.5178590948595985 0.0
0.9033573453540692 0.5119672989759856 0.0
0.7893330119782015 0.4453292088916046 0.0
0.800718138971895 0.48248421452159623 0.0
0.8299838147972239 0.5187603781520862 0.0
0.7867808116557348 0.5566738424012034 0.0
0.8074591893415192 0.544355636808488 0.0
0.8146226876627165 0.5845475942333384 0.0
0.7867808116557348 0.6682592426715551 0.0
0.8158559703642715 0.5985102181641295 0.0
0.9108929126236304 0.6728964508869144 0.0
0.7867808116557348 0.7400756098785162 0.0
0.8251996263646514 0.7054142483015465 0.0
0.8061937652163416 0.7054142483015466 0.0
0.8462052267020447 0.77972425956153 0.0
0.0 0.39981591880965034 0.0
1.0 0.83523151437652 0.0
1.0 0.22239917511165425 0.0
1.0 0.18524416948166256 0.0
1.0 0.4937809094494292 0.0
1.0 0.5083473881929286 0.0
1.0 0.678308146085987 0.0
0.0 0.2090244954676117 0.0
0.0 0.1852441694816625 0.0
0.0 0.4081742032616128 0.0
0.0 0.4453292088916046 0.0
0.0 0.4824842145215964 0.0
0.0 0.5196392201515881 0.0
0.0 0.5567942257815799 0.0
0.0 0.5939492314115715 0.0
0.0 0.6311042370415634 0.0
0.0 0.6682592426715551 0.0
0.0 0.7054142483015468 0.0
0.0 0.7425692539315385 0.0
0.0 0.7797242595615301 0.0
1.0 0.25955418074164605 0.0
1.0 0.2967091863716376 0.0
1.0 0.3338641920016294 0.0
1.0 0.37101919763162106 0.0
1.0 0.4896804087790847 0.0
1.0 0.40817420326161313 0.0
1.0 0.44532920889160454 0.0
1.0 0.48248421452159646 0.0
0.5699819956850568 1.0 0.0
0.20865063573392695 1.0 0.0
0.20865063573393453 0.0 0.0
0.24478377172900914 0.0 0.0
0.24478377172903987 1.0 0.0
0.2809169077241529 1.0 0.0
0.28091690772417244 0.0 0.0
0.31705004371924717 0.0 0.0
0.3222025323147448 1.0 0.0
0.3170500437192658 1.0 0.0
0.3531831797143661 0.0 0.0
0.38931631570952924 0.0 0.0
0.42544945170455994 0.0 0.0
0.4615825876997229 0.0 0.0
0.4977157236948859 0.0 0.0
0.5338488596899168 0.0 0.0
0.5441723698881817 1.0 0.0
0.5699819956850569 0.0 0.0
0.6061151316801698 1.0 0.0
0.6061151316801698 0.0 0.0
0.6422482676752828 0.0 0.0
0.6422482676752829 1.0 0.0
0.6783814036703958 1.0 0.0
0.6783814036703959 0.0 0.0
0.7145145396655089 0.0 0.0
0.7145145396655089 1.0 0.0
0.7506476756606217 1.0 0.0
0.7506476756606217 0.0 0.0
0.7867808116557348 0.0 0.0
0.7867808116557349 1.0 0.0
0.0 0.0 0.0
0.0 1.0 0.0
1.0 0.0 0.0
1.0 1.0 0.0
0.2203478036222002 0.6230741891636982 1.0
0.623557615948974 0.34825832448080357 1.0
0.7585178791360702 0.710369653171687 1.0
0.41643194037314685 0.6682592426715549 1.0
0.24478377172903987 0.5567942257815799 1.0
0.20865063573392686 0.7054142483015468 1.0
0.3170500437192658 0.5320811610128149 1.0
0.44668994272452445 0.8080177029037805 1.0
0.24909557175789301 0.42145403301867407 1.0
0.2809169077241529 0.7054142483015468 1.0
0.20865063573392686 0.4824842145215964 1.0
0.24478377172903987 0.6682592426715551 1.0
0.24478377172903987 0.48248421452159634 1.0
0.2914044746602653 0.5962767973392105 1.0
0.28091690772415284 0.48248421452159634 1.0
0.31705004371926593 0.5802249120240983 1.0
0.295032904906185 0.4824842145215964 1.0
0.33240188079954824 0.5599313214279295 1.0
0.3170500437192658 0.5196392201515881 1.0
0.352056638443577 0.5557303051500125 1.0
0.34655639537148 0.5484619749757016 1.0
0.37007204978516356 0.5267765706792863 1.0
0.5201789263741813 0.3908025906831803 1.0
0.37066599747335266 0.5265288738556475 1.0
0.2625473444660952 0.588317281581596 1.0
0.36807524363856087 0.5439450420909154 1.0
0.5283363998759759 0.3662414444876095 1.0
0.3893163157094917 0.526237323883305 1.0
0.28091690772415284 0.3945204840092198 1.0
0.3893163157094918 0.5358114608905289 1.0
0.5628096688996428 0.35144852443951347 1.0
0.3961150096125144 0.549237400075226 1.0
0.2578371315835741 0.3981701101296514 1.0
0.3939332786846679 0.5205466985722659 1.0
0.25117739929471017 0.37580117957977455 1.0
0.4254494517046048 0.5196392201515883 1.0
0.5615499565407106 0.3338641920016295 1.0
0.4615825876997178 0.5567942257815799 1.0
0.24993473239001 0.3746192514961707 1.0
0.42544945170460485 0.5777277030992873 1.0
0.24434778844564212 0.36432694753330497 1.0
0.45644801811655783 0.6157352847057155 1.0
0.24418011409353607 0.3635932051516911 1.0
0.44579964222696783 0.628410477178676 1.0
0.28138929523621375 0.3567293600793465 1.0
0.42544945170460485 0.8104120008222537 1.0
0.5715772331636664 0.3328605592358503 1.0
0.4565632854700045 0.7869858132459923 1.0
0.297449141680643 0.36954524505503694 1.0
0.45212665987200684 0.6515651514649204 1.0
0.35318317971437885 0.20225604443594686 1.0
0.6749879777657469 0.6514001789784561 1.0
0.3170500437192658 0.259554180741646 1.0
0.6760151905980165 0.6682592426715549 1.0
0.36430987557209116 0.259554180741646 1.0
0.6061151316801698 0.7797242595615301 1.0
0.35318317971437885 0.29670918637163773 1.0
0.5244553843457728 0.48248421452159623 1.0
0.6566102978268705 0.25955418074164593 1.0
0.47177836376473176 0.40817420326161286 1.0
0.5338488596899439 0.25232892407568885 1.0
0.49771572369483075 0.4393919051099552 1.0
0.5338488596899439 0.22239917511165427 1.0
0.539940624077851 0.394574436754754 1.0
0.6772813386327364 0.2147999665909468 1.0
0.5653479232286851 0.40870132444485363 1.0
0.6390660038409696 0.18524416948166256 1.0
0.6916744737374257 0.2690965358068649 1.0
0.2809169077241529 0.3338641920016294 1.0
0.2850194962049656 0.4195978440171994 1.0
0.2830665591701475 0.4060105949783113 1.0
0.30371829842915377 0.5522011415137855 1.0
0.5043845947365493 0.39493801796071504 1.0
0.2887883255454532 0.4315386279942216 1.0
0.10727554946680558 0.3657462298200712 1.0
0.14025169763620832 0.35120481006042603 1.0
0.31014600239880463 0.4428896196557586 1.0
0.3155091993105343 0.41741514572495897 1.0
0.1846103990483749 0.34170082964847004 1.0
0.19599295229113928 0.34673826899615867 1.0
0.3188620502144448 0.45034477287850916 1.0
0.4913456546712917 0.3818368932404159 1.0
0.20017764055835754 0.35830199471295826 1.0
0.19805938992106598 0.37101919763162106 1.0
0.4716029967603906 0.3710191976316212 1.0
0.32092431467467764 0.46383289501119956 1.0
0.20099432108336335 0.37291948471871567 1.0
0.20833032150747424 0.3816259234977619 1.0
0.4591732427866634 0.42571494915740055 1.0
0.32696874181063723 0.47371040009585264 1.0
0.20865063573392686 0.38236245872072916 1.0
0.20865063573392686 0.40817420326161297 1.0
0.34833010263635483 0.44532920889160454 1.0
0.34905731223725167 0.4407875831305237 1.0
0.23266761650245948 0.4056332749781753 1.0
0.23158500981618318 0.40817420326161286 1.0
0.35318317971437885 0.4504128540095208 1.0
0.42517950837573976 0.4713154703252172 1.0
0.23955353794823142 0.41474779925359223 1.0
0.20865063573392686 0.4453292088916046 1.0
0.36863102566055683 0.44804558329878497 1.0
0.4155567217000441 0.4502586921385397 1.0
0.24478377172903987 0.4453292088916046 1.0
0.26834584364867 0.43471580354702405 1.0
0.3893163157094918 0.47252681675720576 1.0
0.4056755695303641 0.4757157870359936 1.0
0.2699175377884624 0.44864872457581195 1.0
0.28091690772415284 0.4653240281922533 1.0
0.38039013145118383 0.5026500230250268 1.0
0.385838603556842 0.4590461009775266 1.0
0.2915837654183719 0.45971995401145666 1.0
0.2991204317869955 0.4836024216926558 1.0
0.35809069851174896 0.5069240878071495 1.0
0.3778596544419854 0.4824842145215964 1.0
0.30869250462135134 0.4902814191483502 1.0
0.3170500437192658 0.5107615279208305 1.0
0.35810283496018586 0.5069370516492024 1.0
0.362796225724187 0.5095743647954728 1.0
0.32007960384587564 0.5196392201515881 1.0
0.34079611530669895 0.522605043620302 1.0
0.35188452746418264 0.5279091799624442 1.0
0.5918405100425647 0.3710191976316212 1.0
0.3556288053431289 0.5245142524712298 1.0
0.5699819956850568 0.4010853597448588 1.0
0.355396422276106 0.5400829258409776 1.0
0.3524321494264334 0.5577766576822983 1.0
0.6159736907149933 0.3299632562741732 1.0
0.601891050087943 0.33293328726995464 1.0
0.3526288877700927 0.557950214749656 1.0
0.35318317971437885 0.5587323064938277 1.0
0.36710972050299673 0.5601784517473576 1.0
0.6201257220577315 0.3399863067301562 1.0
0.3170500437192658 0.5939492314115715 1.0
0.2809169077241529 0.668259242671555 1.0
0.646046762873811 0.3524380949183067 1.0
0.688816786200439 0.668259242671555 1.0
0.6516569470326132 0.36055331698573656 1.0
0.8094133926022651 0.7445214507252715 1.0
0.6901778146498887 0.28131783153081363 1.0
0.7063626022970891 0.34622563350540875 1.0
0.5601132447137566 0.46799459178825087 1.0
0.5487324880022038 0.7428846778083963 1.0
0.8970981508775315 0.6682592426715549 1.0
0.6600352582053313 0.29888437697693254 1.0
0.20865063573392686 0.6511418077894506 1.0
0.5780005107003685 0.710901321512469 1.0
0.6806023214046241 0.36904810605082294 1.0
0.6700462987929909 0.3674039553975525 1.0
0.5257685844216425 0.5045388569515181 1.0
0.7506476756606217 0.6311042370415633 1.0
0.6422482676752828 0.6502111033532818 1.0
0.6061151316801698 0.7054142483015466 1.0
0.643508492699883 0.31641419077163113 1.0
0.6596567923390066 0.3655419371454851 1.0
0.4622656432346977 0.4599753379708898 1.0
0.6492382436625506 0.6392235347377244 1.0
0.7067127867138047 0.44307411310037775 1.0
0.6422482676752829 0.5196392201515883 1.0
0.47427216446376624 0.774249556675194 1.0
0.4849534772831909 0.7698155743499464 1.0
0.6889428609206901 0.6293277347047918 1.0
0.6903832861463973 0.41807287702530344 1.0
0.4615825876997178 0.46226534205443054 1.0
0.64417937666133 0.5914370457694221 1.0
0.43781140363185167 0.469847277627937 1.0
0.24478377172903987 0.6403408433568897 1.0
0.6407874138055216 0.5908419731066754 1.0
0.6783814036703958 0.42070448990644504 1.0
0.35318317971437885 0.6311042370415633 1.0
0.5133294830300944 0.7368878225333345 1.0
0.6783814036703959 0.4453292088916046 1.0
0.5338488596899439 0.4356695619397142 1.0
0.456037647978241 0.500883246417348 1.0
0.4565090436787213 0.5939492314115717 1.0
0.49771572369483075 0.4453292088916046 1.0
0.5336212602051941 0.531040218002367 1.0
0.3985225053199378 0.4964372433058098 1.0
0.40147513996509226 0.575093327578422 1.0
0.513817503511187 0.5149888075180069 1.0
0.5257887013543202 0.4853024824818855 1.0
0.41675817256835235 0.4903609612610322 1.0
0.4245130435654306 0.4935961336071159 1.0
0.4689841812976403 0.48040570948230343 1.0
0.4615825876997178 0.4715950480591149 1.0
0.4262642047090606 0.47274884899341385 1.0
0.4255747364793084 0.441663829799054 1.0
0.35021646434578324 0.48248421452159634 1.0
0.3170500437192659 0.4205746245722074 1.0
0.42225597152956224 0.44377457943720305 1.0
0.3106174707075763 0.3869346442877352 1.0
0.4191115470397487 0.44463602347538805 1.0
0.28091690772415284 0.40297369076712974 1.0
0.48572107749511273 0.34910409545098176 1.0
0.2517269087880774 0.3883522618067525 1.0
0.49627909972787787 0.391735145993331 1.0
0.4760943567173627 0.3717933381891246 1.0
0.5652229731559931 0.331478096467622 1.0
0.3273811847155183 0.3986372216563908 1.0
0.4254494517046048 0.37101919763162117 1.0
0.453973243896127 0.34312308484492665 1.0
0.5828440054520001 0.29603213604090994 1.0
0.48777015218876263 0.403156677397992 1.0
0.5675144198604996 0.28517813893101557 1.0
0.4254494517046048 0.322071189776626 1.0
0.4165004997007677 0.30451202391173704 1.0
0.35318317971437885 0.3338641920016294 1.0
0.2809169077241529 0.22239917511165427 1.0
0.49771572369483075 0.27429740934183905 1.0
0.6422482676752828 0.275040910051337 1.0
0.6422482676752828 0.2312921283492606 1.0
0.5075290956017631 0.27092907646210823 1.0
0.49771572369483075 0.29670918637163773 1.0
0.636240036700488 0.22239917511165427 1.0
0.6061151316801698 0.22239917511165427 1.0
0.5241720726899048 0.29552016388965097 1.0
0.5239049268110024 0.29670918637163773 1.0
0.5821366871208657 0.3124130971051546 1.0
0.5699819956850568 0.2841546196814388 1.0
0.53090030165806 0.302172550509754 1.0
0.5411266473817863 0.3042480461625812 1.0
0.6030974255957988 0.29670918637163773 1.0
0.6310690346599194 0.29078069913661464 1.0
0.5521233631821405 0.3053155995162941 1.0
0.5642872452351851 0.3203115624159692 1.0
0.6023485332870863 0.31317564952305593 1.0
0.5982732721844737 0.31795155702082845 1.0
0.5674728228835282 0.33159910845436014 1.0
0.5799978455171212 0.33066704480582876 1.0
0.5966482625192402 0.33979288308771244 1.0
0.5967715098245223 0.32417611304088106 1.0
0.5904643595167279 0.33242830737573975 1.0
0.6445591416598376 0.5924582992823393 1.0
0.6142718248504178 0.3289317567915719 1.0
0.6214501305038209 0.3326207759956183 1.0
0.5975362430431548 0.34584941343963094 1.0
0.6183257923557235 0.30411498004233783 1.0
0.581503397352669 0.34597755020232174 1.0
0.5955171569347538 0.3936066518360382 1.0
0.6783814036703959 0.48248421452159634 1.0
0.5420906979520096 0.38441714661969545 1.0
0.7239107737440498 0.4514835178007662 1.0
0.6009074429928862 0.3496757409990574 1.0
0.7867808116557348 0.6311042370415633 1.0
0.5690553256017477 0.43501725264835445 1.0
0.834666936471259 0.7045779102762454 1.0
0.625598989657491 0.3737363165321 1.0
0.8324027209961824 0.6311042370415634 1.0
0.6288734586817938 0.37490742522569315 1.0
0.6734430914297991 0.2864283238469764 1.0
0.6868651247913445 0.3917649643728905 1.0
0.6418029655168707 0.3889016545086655 1.0
0.55591165205009 0.44615201388388737 1.0
0.7155367998255266 0.4006178581310417 1.0
0.7036319681124741 0.40073847195655415 1.0
0.6422482676752828 0.40817420326161286 1.0
0.551626740214861 0.4355835429972298 1.0
0.7245479844305226 0.4080267239536282 1.0
0.7145145396655088 0.39913498972088124 1.0
0.6650174072505515 0.4048947221216778 1.0
0.7127812581568996 0.4505897179799149 1.0
0.7370881049659103 0.4342424671279753 1.0
0.7238899735985131 0.420599702727817 1.0
0.7621771234645026 0.4791283178564073 1.0
0.6777081661960174 0.5567942257815799 1.0
0.7465210584665207 0.43735602696025044 1.0
0.7438354038973812 0.432614677119787 1.0
0.6572547329994831 0.590156872408216 1.0
0.5338488596899439 0.4453292088916046 1.0
0.6422482676752828 0.4453292088916046 1.0
0.7524572364045422 0.4450447229601557 1.0
0.7145145396655088 0.22239917511165427 1.0
0.7327332125249894 0.36244669343635316 1.0
0.6061151316801698 0.5196392201515883 1.0
0.7145145396655089 0.6867494482402091 1.0
0.19876254172981137 0.6311042370415634 1.0
0.4254494517046048 0.7797242595615301 1.0
0.6422482676752828 0.7797242595615301 1.0
0.5119142635102084 0.9085569348294804 1.0
0.27473847105275806 0.6044273210957049 1.0
0.25067662730475415 0.6329784833699641 1.0
0.5032887631807641 0.8836824577011871 1.0
0.49497536023650346 0.8591384040835294 1.0
0.2809169077241529 0.6311042370415633 1.0
0.4254494517046048 0.6311042370415633 1.0
0.47880175269052405 0.8262726005181488 1.0
0.4770811929864708 0.7929660231146718 1.0
0.4615825876997178 0.7054142483015468 1.0
0.2809169077241529 0.60793230506388 1.0
0.49153424082839714 0.792525249276576 1.0
0.4977157236948307 0.7951238676701223 1.0
0.38503470911643123 0.5939492314115715 1.0
0.35318317971437885 0.5939492314115715 1.0
0.5020720266828871 0.7879393121901658 1.0
0.5102919481797071 0.7808994074814553 1.0
0.5226891167275078 0.5579668508216347 1.0
0.5669610010465699 0.6677285923754632 1.0
0.5093494542885194 0.764159077193555 1.0
0.5331451941745258 0.757867097442315 1.0
0.5338488596899438 0.5661778429518307 1.0
0.5906985470212082 0.6613750016098257 1.0
0.5338488596899437 0.7582279404065445 1.0
0.5338488596899439 0.7797242595615301 1.0
0.49771572369483075 0.6311042370415633 1.0
0.5338488596899439 0.6682592426715551 1.0
0.5399828660473991 0.7493637784436884 1.0
0.5460650421355915 0.7243181076528749 1.0
0.5681091137049753 0.5911440178944026 1.0
0.5338488596899439 0.5939492314115715 1.0
0.5548007611878945 0.7178242877470253 1.0
0.5699819956850568 0.7425692539315385 1.0
0.5699819956850569 0.596459907697173 1.0
0.5677866443434297 0.5939492314115715 1.0
0.571216621129401 0.7194615808696175 1.0
0.5855131700458779 0.703112624746945 1.0
0.5891510177194818 0.5960797804167021 1.0
0.6027093996621815 0.6311042370415634 1.0
0.5949555077594764 0.6816244217635794 1.0
0.6061151316801697 0.6867407144722919 1.0
0.6061151316801698 0.627756710986028 1.0
0.6051599061168481 0.6089762657558351 1.0
0.6088282885820661 0.6805693080599821 1.0
0.6161327374297582 0.6725601748316535 1.0
0.6319628827949093 0.6047997373394747 1.0
0.6182056380004298 0.627527312999081 1.0
0.6204854895812159 0.6456835296216793 1.0
0.636511498699028 0.6469080801712607 1.0
0.6478556477790153 0.6274333614978794 1.0
0.6306022641072551 0.6214994300268671 1.0
0.6465371912179182 0.6417799800108989 1.0
0.6465826589147072 0.6103431298187753 1.0
0.640974405323801 0.6201480576230368 1.0
0.6542101372456243 0.6184184879828232 1.0
0.6783814036703958 0.6180843934314891 1.0
0.6568632470858738 0.6184085084870309 1.0
0.7201354321659769 0.6564259333310267 1.0
0.6783814036703959 0.6138763130174465 1.0
0.7558103155529469 0.6764344570480576 1.0
0.6786389552082708 0.6127967601802444 1.0
0.7867808116557348 0.5939492314115715 1.0
0.6843507702072336 0.6031014748326058 1.0
0.7867500346116345 0.5567942257815799 1.0
0.6362755681914031 0.38067811521337425 1.0
0.502251975025058 0.4222937716173466 1.0
0.528616547679672 0.4206546619404079 1.0
0.5665217804046327 0.4203301251692455 1.0
0.5672834176541017 0.4146746009013202 1.0
0.5177938182184517 0.41158478414505884 1.0
0.5224795148194042 0.4141084518973511 1.0
0.5652083059393307 0.40742723150648824 1.0
0.5468471731524543 0.40198540398212473 1.0
0.521392145087309 0.40239108282395536 1.0
0.5169586896203077 0.41155413329603735 1.0
0.5404696431172581 0.39568547752399846 1.0
0.5304054910004996 0.3931608740101207 1.0
0.523781038812192 0.3871138107013655 1.0
0.4469283648253469 0.3375065639733029 1.0
0.5114157156571172 0.3869457448600209 1.0
0.4958725617714401 0.3900319689905673 1.0
0.5214771257387888 0.37664225524474465 1.0
0.4615825876997178 0.37101919763162117 1.0
0.5224917127869771 0.36914788759418116 1.0
0.4615825876997178 0.35964721649244547 1.0
0.5173059422692929 0.3680828970824279 1.0
0.5487523047196119 0.3630462508770697 1.0
0.42533823054275427 0.3211234577790554 1.0
0.3893163157094918 0.37101919763162117 1.0
0.5032744253704758 0.3567902128005182 1.0
0.4367659884608397 0.3338641920016294 1.0
0.49967938843002685 0.3476408459087362 1.0
0.4254494517046048 0.3338641920016294 1.0
0.4983648324955508 0.33615612918307014 1.0
0.4891714599447359 0.33273979497318973 1.0
0.3893163157094918 0.3338641920016294 1.0
0.40900699317197003 0.2993549245642623 1.0
0.4792215360388805 0.330098214894868 1.0
0.4715620025607433 0.3251111371382526 1.0
0.3893163157094918 0.29670918637163773 1.0
0.3170500437192658 0.3697158864933407 1.0
0.4893975062972819 0.259554180741646 1.0
0.46311410688762317 0.30810048859014116 1.0
0.3886804430721476 0.2816778320997486 1.0
0.3893163157094918 0.28552634789079706 1.0
0.4615825876997178 0.259554180741646 1.0
0.4507026372749025 0.2951487783612665 1.0
0.3170500437192658 0.29670918637163773 1.0
0.3789285880804234 0.26600251639155914 1.0
0.44124351636022535 0.292004586473894 1.0
0.49771572369483075 0.24561200375771658 1.0
0.5334715654295079 0.252441797491213 1.0
0.35318317971437885 0.259554180741646 1.0
0.4292264335645112 0.2786490004025237 1.0
0.35191758135374496 0.24233980877560005 1.0
0.35318317971437885 0.2481705592382928 1.0
0.4254494517046048 0.22239917511165427 1.0
0.54196670853065 0.27223789124515874 1.0
0.3360524183101846 0.22239917511165427 1.0
0.41233729737927477 0.25745178915894745 1.0
0.3893163157094918 0.2212330289390149 1.0
0.21398691023891941 0.33042319183370483 1.0
0.24478377172903987 0.22239917511165427 1.0
0.40337328224273283 0.2538005791496547 1.0
0.3967197370000813 0.24778330887993452 1.0
0.18249226078112663 0.3129053959407071 1.0
0.20865063573392686 0.22239917511165427 1.0
0.39237666165131996 0.23939997834978693 1.0
0.3848619990460211 0.221433642960082 1.0
0.49771572369483075 0.22239917511165427 1.0
0.37407680707318686 0.21964742766504916 1.0
0.5699819956850569 0.18524416948166256 1.0
0.5699819956850569 0.25955418074164605 1.0
0.682412393671277 0.241420594767413 1.0
0.6783814036703958 0.2146822249845178 1.0
0.6372157627719709 0.21985088033733047 1.0
0.6440913598138452 0.23105084598635905 1.0
0.6803712270628435 0.2569864942264408 1.0
0.6851614691395204 0.24693101647749752 1.0
0.6643089160158002 0.25028463874954565 1.0
0.6703433739636183 0.26189645310889925 1.0
0.6800532053532936 0.2717086866109513 1.0
0.6936057704460379 0.3984011051600406 1.0
0.686972377529054 0.26832083773168725 1.0
0.6740437914756485 0.28921756735764487 1.0
0.7171544692263888 0.3118086314314498 1.0
0.7033121993548075 0.28945329376365636 1.0
0.6723831818996121 0.29838497679640097 1.0
0.6455718993042803 0.30994559918318104 1.0
0.6783814036703959 0.3338641920016294 1.0
0.7145145396655088 0.28976164522017117 1.0
0.6954642015076946 0.3078624042606971 1.0
0.724743340524838 0.3517923125874565 1.0
0.7602393651397108 0.4218111915817241 1.0
0.7145145396655088 0.259554180741646 1.0
0.6967379122289449 0.33637171207835637 1.0
0.7090347890275593 0.35948372381889737 1.0
0.7798216979932395 0.4413560100940008 1.0
0.7643216784581581 0.43437883863706755 1.0
0.7060714765775413 0.37101919763162106 1.0
0.7145145396655089 0.38415949438771235 1.0
0.7506476756606217 0.48248421452159634 1.0
0.7210683396548636 0.3827246685085961 1.0
0.7506476756606217 0.3338641920016294 1.0
0.724814778306725 0.40826677914324966 1.0
0.7272050751493983 0.4088528832403342 1.0
0.7867808116557348 0.40817420326161286 1.0
0.74434574177792 0.4295932199408854 1.0
0.7511391049552312 0.44083344993062146 1.0
0.7506476756606217 0.29670918637163773 1.0
0.7591099503610739 0.45149714681105574 1.0
0.7591469289852018 0.46072490193048216 1.0
0.7867808116557348 0.37101919763162117 1.0
0.7145145396655088 0.48248421452159634 1.0
0.750647675660622 0.259554180741646 1.0
0.7573710886172229 0.4824842145215964 1.0
0.7145145396655088 0.5567942257815799 1.0
0.7506476756606217 0.22239917511165427 1.0
0.7783108772237177 0.5149281501743171 1.0
0.776084768233206 0.5196392201515881 1.0
0.7867808116557348 0.29670918637163773 1.0
0.7867808116557348 0.3338641920016294 1.0
0.7827750660118524 0.527308818737272 1.0
0.8032673162613292 0.5318416337305746 1.0
0.7867808116557348 0.22239917511165427 1.0
0.7867808116557348 0.259554180741646 1.0
0.7145145396655088 0.6311042370415633 1.0
0.7506476756606217 0.5939492314115715 1.0
0.8132090378909962 0.570673283811879 1.0
0.24478377172903987 0.7797242595615301 1.0
0.3893163157094918 0.8402574867640997 1.0
0.3659787276277635 0.8840559305952794 1.0
0.4912686735657066 0.7607591003843618 1.0
0.3893163157094918 0.7902195572988295 1.0
0.49262201031547187 0.7425692539315385 1.0
0.39056585992983794 0.7868007375146058 1.0
0.5284995159927517 0.7214636407879165 1.0
0.3943606447028109 0.7698945925564641 1.0
0.5297935779406943 0.7070911952282705 1.0
0.42008055836155295 0.7425692539315385 1.0
0.5295350825613822 0.7054142483015468 1.0
0.41369124168541405 0.7433304340747017 1.0
0.5521288501101801 0.6992529901865395 1.0
0.4932177533113131 0.7470801347784409 1.0
0.5656109718794955 0.6820417843626535 1.0
0.429063697126653 0.7143227815901336 1.0
0.5662432469114048 0.6682592426715549 1.0
0.4345250967133184 0.6984454940540133 1.0
0.525427467721198 0.5440003428550717 1.0
0.3893163157094918 0.6311042370415633 1.0
0.45449800874100776 0.6722778582696275 1.0
0.4615825876997178 0.6726203255238139 1.0
0.4879166083846951 0.5774155247093823 1.0
0.45761994823534585 0.5972099632853994 1.0
0.49771572369483075 0.7054142483015468 1.0
0.46749794340689854 0.6418055688524203 1.0
0.4566401022250462 0.5196392201515881 1.0
0.4615825876997177 0.5230806894860378 1.0
0.4771721373796944 0.6285289810916836 1.0
0.4977157236948309 0.6035628072912357 1.0
0.4883364453738985 0.5262317266986122 1.0
0.4672789438825643 0.5213206347116558 1.0
0.5030526458551673 0.5867595101123378 1.0
0.5058094546511971 0.5692125876458092 1.0
0.5058044874997535 0.5336341005308102 1.0
0.4957770052968272 0.5379899328076125 1.0
0.5195773023008359 0.5584631500903885 1.0
0.5143213783547325 0.5167209046677429 1.0
0.5093202129314675 0.5304092398733867 1.0
0.5350038097677304 0.5294888657406257 1.0
0.5710793787342237 0.5482281979812004 1.0
0.5381117253451301 0.5285180795958758 1.0
0.5699819956850568 0.5460896105935226 1.0
0.5438577052294512 0.5157058800981112 1.0
0.6422482676752828 0.5902703135803209 1.0
0.5438327868615476 0.49644170382156105 1.0
0.6710535428752415 0.4124526347700849 1.0
0.5699819956850569 0.4871700307961245 1.0
0.6654679782587254 0.38884968595229524 1.0
0.5717737855091899 0.4751930361099997 1.0
0.6061151316801698 0.4453292088916046 1.0
0.5749110808581831 0.457881000799627 1.0
0.6260633808041244 0.3631285801173455 1.0
0.5592502121707281 0.376918775508055 1.0
0.5864712340655606 0.4457686791549644 1.0
0.5787709778973095 0.3710191976316212 1.0
0.6024964103830172 0.41716397323758614 1.0
0.6061151316801698 0.418021710322062 1.0
0.6100499695316467 0.35316929173250156 1.0
0.6032553033762577 0.355812526965049 1.0
0.6132631455303903 0.38531305458907467 1.0
0.6255546716911609 0.37365223408623693 1.0
0.6281216530265642 0.3499477782635477 1.0
0.6362281640211673 0.34982910850413773 1.0
0.6205654378152747 0.330754184472259 1.0
0.643304274605489 0.34611207475055616 1.0
0.6783814036703958 0.3085642870355617 1.0
0.18389086865108542 0.2962793094268426 1.0
0.36561225733356467 0.215484735021754 1.0
0.1887462255827657 0.3225929137421885 1.0
0.20865063573392686 0.29670918637163773 1.0
0.05309597035768626 0.22239917511165427 1.0
0.2165515496958481 0.34345581179953655 1.0
0.1460091360794338 0.259554180741646 1.0
0.18474607669551438 0.29670918637163773 1.0
0.20369991398047327 0.32439241367824057 1.0
0.23379619104343677 0.38925202701575967 1.0
0.1660299808300646 0.3431896766698925 1.0
0.09722052606371372 0.3710191976316212 1.0
0.2761491423150257 0.5761175442024623 1.0
0.20865063573392686 0.5939492314115715 1.0
0.2366670500847133 0.6144654410365564 1.0
0.2366670940966654 0.5939492314115716 1.0
0.20865063573392686 0.6682592426715551 1.0
0.24478377172903987 0.7425692539315385 1.0
0.38912886093820775 0.7089184563511044 1.0
0.2809169077241529 0.7797242595615301 1.0
0.20865063573392686 0.18524416948166256 1.0
0.20865063573392686 0.259554180741646 1.0
0.28091690772415284 0.259554180741646 1.0
0.20865063573392686 0.32311807075607807 1.0
0.21936128219672416 0.35626620650866886 1.0
0.2185322769812877 0.3338641920016294 1.0
0.2288828929299035 0.36299095782667995 1.0
0.22539066600132743 0.38151532356233947 1.0
0.24478377172903987 0.42321341998513373 1.0
0.20865063573392686 0.5196392201515881 1.0
0.26360047147986493 0.4453292088916046 1.0
0.20865063573392686 0.5567942257815799 1.0
0.27823388947420413 0.5567942257815799 1.0
0.24178301579837952 0.5910520483781182 1.0
0.20865063573392686 0.6184308151345133 1.0
0.23098156197109038 0.6371262348024931 1.0
0.20865063573392686 0.7425692539315385 1.0
0.2809169077241529 0.7425692539315385 1.0
0.20865063573392695 0.7797242595615301 1.0
0.37404791158104195 0.7425692539315385 1.0
0.24478377172903987 0.18524416948166256 1.0
0.24478377172903987 0.259554180741646 1.0
0.24478377172903987 0.29670918637163773 1.0
0.24478377172903987 0.3338641920016294 1.0
0.2809169077241529 0.3552448075464992 1.0
0.24478377172903987 0.3614875276765897 1.0
0.2694108499271192 0.40303422055331695 1.0
0.26848170226671536 0.3771453050473611 1.0
0.2657785418317348 0.42168559753642476 1.0
0.2775614405398705 0.4570759890763067 1.0
0.24478377172903987 0.5196392201515883 1.0
0.28091690772415284 0.5196392201515881 1.0
0.28343388212018267 0.5555700914604643 1.0
0.24478377172903987 0.5868516939199369 1.0
0.2547336107728077 0.6081656920833282 1.0
0.24478377172903987 0.7054142483015466 1.0
0.3893163157094919 0.7036983551557411 1.0
0.2547336710947748 0.6311042370415633 1.0
0.35318317971437885 0.7425692539315385 1.0
0.35318317971437885 0.7720302171435971 1.0
0.34864553947558496 0.7801707060077575 1.0
0.2809169077241529 0.18524416948166256 1.0
0.2809169077241529 0.29670918637163773 1.0
0.3170500437192658 0.22239917511165427 1.0
0.3741976908156543 0.24518543771192866 1.0
0.3608940811617939 0.4220653609831708 1.0
0.3178714662771692 0.3754609965908333 1.0
0.28479063440613034 0.3895672110795596 1.0
0.2856133312947371 0.40817420326161286 1.0
0.30047873273250436 0.40817420326161286 1.0
0.29716382761006616 0.43930255320707456 1.0
0.30468502765728434 0.46319904416363533 1.0
0.2809169077241529 0.5549274564504966 1.0
0.31482432234994484 0.5000796873988262 1.0
0.31598499639704475 0.5382371281519582 1.0
0.3778149518960063 0.5658300171408348 1.0
0.2906860456777688 0.5651535077792899 1.0
0.3857476776010963 0.589353378801329 1.0
0.29915210141799786 0.5939492314115715 1.0
0.35318317971437885 0.7054142483015468 1.0
0.3170500437192658 0.7425692539315385 1.0
0.3170500437192658 0.7797242595615301 1.0
0.34847587610288716 0.7797242595615301 1.0
0.31705004371926593 0.18524416948166256 1.0
0.3476050899726127 0.2339251584214614 1.0
0.3170500437192658 0.3338641920016294 1.0
0.370989929821278 0.26130127921386265 1.0
0.4061969469264102 0.2894016799448834 1.0
0.35318317971437885 0.39983527814130543 1.0
0.318208737977562 0.37101919763162117 1.0
0.3496986402697708 0.40155544379754715 1.0
0.33981782136536764 0.41718393901488987 1.0
0.3170500437192658 0.44265811213295925 1.0
0.31942521292757675 0.44532920889160454 1.0
0.3369953316223236 0.4799772881324679 1.0
0.35318317971437885 0.48318490266689407 1.0
0.33494910885556695 0.5230954463225653 1.0
0.32670014317586804 0.5200278544666695 1.0
0.31900709709006714 0.5724046189200519 1.0
0.3170500437192658 0.6311042370415633 1.0
0.3170500437192658 0.6682592426715551 1.0
0.3170500437192658 0.7054142483015466 1.0
0.3882577459267784 0.7054142483015468 1.0
0.37795047300077783 0.7405152478762603 1.0
0.3673876629489899 0.7724920563503067 1.0
0.3490703041524227 0.9202740853235543 1.0
0.35318317971437885 0.18524416948166256 1.0
0.39034405619644896 0.22865058755921186 1.0
0.37011015288347965 0.23654042148397697 1.0
0.38482542583071344 0.2727947006868546 1.0
0.35318317971437885 0.37101919763162117 1.0
0.40075035037937745 0.29670918637163773 1.0
0.3893163157094918 0.425785112457704 1.0
0.3983091681531358 0.4393214039623947 1.0
0.36455452919584574 0.4081742032616128 1.0
0.3762097454378868 0.4360583191924869 1.0
0.35318317971437885 0.48248421452159634 1.0
0.3850553277432523 0.4786409583306968 1.0
0.3538207686508535 0.49543765043248794 1.0
0.3901083096893489 0.5393256878200525 1.0
0.3739311356308311 0.5242886602551173 1.0
0.38402760426203963 0.5755549928254919 1.0
0.35318317971437885 0.6682592426715551 1.0
0.3893163157094919 0.5985737184034996 1.0
0.4166182880635779 0.6681422250098418 1.0
0.40680246646440854 0.7005801745989958 1.0
0.3872869110949123 0.7270301520429102 1.0
0.37998200506017293 0.7610181743263116 1.0
0.4349237709716168 0.811303124188896 1.0
0.36682998250755045 0.7913965747718272 1.0
0.3893163157094919 0.18524416948166256 1.0
0.423611782409707 0.25873693890781274 1.0
0.426668471683474 0.2684376062185261 1.0
0.390476498855574 0.22239917511165427 1.0
0.4102649477245852 0.27240490109787135 1.0
0.4219442454910292 0.31176820165000146 1.0
0.3893163157094918 0.40817420326161286 1.0
0.4378257227893401 0.3339973162543293 1.0
0.461173779688669 0.40817420326161286 1.0
0.446976863042643 0.43977188497041103 1.0
0.4112758222627518 0.47085515909290554 1.0
0.3893163157094919 0.4708952638595802 1.0
0.4052544763563292 0.556308640403145 1.0
0.4254494517046048 0.4947390097085088 1.0
0.3957609041556549 0.5196392201515881 1.0
0.4109214352696691 0.5818863672092511 1.0
0.42544945170460485 0.6037260350304693 1.0
0.4066630188751555 0.5567942257815799 1.0
0.3930074152542412 0.5981289648461711 1.0
0.3893163157094918 0.6682592426715551 1.0
0.42876768661779935 0.6563936643515278 1.0
0.41806974257658297 0.6882870500653487 1.0
0.4254494517046048 0.7425692539315385 1.0
0.39296827663673245 0.711288656894865 1.0
0.45578877196318696 0.7797242595615301 1.0
0.39853548583824827 0.7532230691834029 1.0
0.42265104725372077 0.8140522491558171 1.0
0.39721353436211915 0.7797242595615301 1.0
0.42544945170460485 0.18524416948166256 1.0
0.42544945170460485 0.25859072156158713 1.0
0.43408478179009496 0.2865046604876464 1.0
0.4264863972244904 0.259554180741646 1.0
0.4620088705404882 0.29640141600610725 1.0
0.44892168927241966 0.3098034774661027 1.0
0.4254494517046048 0.40817420326161286 1.0
0.458960360001681 0.3508468788692011 1.0
0.4638708795280913 0.40817420326161286 1.0
0.4254494517046048 0.44162177995596136 1.0
0.4371174222815391 0.4569169832341366 1.0
0.44731818167960147 0.4764570792259972 1.0
0.43926501626583647 0.4891947741854113 1.0
0.4254494517046048 0.5567942257815799 1.0
0.4846430719940553 0.5561458671803283 1.0
0.47276102812689574 0.58730826821531 1.0
0.4320755209008945 0.5939492314115715 1.0
0.4378566484902578 0.6311042370415633 1.0
0.4254494517046048 0.6552538664500923 1.0
0.4615825876997178 0.7425692539315385 1.0
0.43656386193706215 0.6804552991212783 1.0
0.43799823023028867 0.7054142483015466 1.0
0.4254494517046048 0.725662814806723 1.0
0.46059464620965895 0.7755113986195168 1.0
0.4539031142239871 0.7999119325894792 1.0
0.4615825876997179 0.18524416948166256 1.0
0.4615825876997178 0.22239917511165427 1.0
0.4615825876997179 0.2958782631484954 1.0
0.46619285951032424 0.3177785617033438 1.0
0.5238573945844194 0.2804763698173043 1.0
0.4623672013155242 0.2967091863716377 1.0
0.46787209828670867 0.35455162352148323 1.0
0.4847529196532658 0.37575734963993496 1.0
0.4615825876997178 0.4078498262328629 1.0
0.47558819305587824 0.4474065865609928 1.0
0.5439518021457451 0.44532920889160454 1.0
0.49771572369483075 0.49736204005235946 1.0
0.48759050640650126 0.44532920889160454 1.0
0.47541028184042367 0.4824842145215964 1.0
0.4732869459697435 0.5118177754047801 1.0
0.4949332526824823 0.5432495487529955 1.0
0.4832512729926709 0.5567942257815799 1.0
0.4615825876997178 0.5864903823379454 1.0
0.6026161305423173 0.642507389019839 1.0
0.47361393011180053 0.6070835866482032 1.0
0.47929569433269603 0.6311042370415632 1.0
0.4632760276819792 0.6584480314968839 1.0
0.49771572369483075 0.7376136862498075 1.0
0.465156048603952 0.6682592426715551 1.0
0.49945351201537963 0.7379395587191065 1.0
0.4615825876997179 0.7740905857727286 1.0
0.7145145396655088 0.7054142483015466 1.0
0.4728370302738465 0.8042151401951962 1.0
0.49771572369483086 0.18524416948166256 1.0
0.6570676988466067 0.21013073496830972 1.0
0.540561572614327 0.2586208381461281 1.0
0.5210821066962857 0.25319649107623615 1.0
0.5183097355550386 0.27227934067479015 1.0
0.5338488596899438 0.30588958746102995 1.0
0.49771572369483075 0.3329464731718583 1.0
0.49852502272157534 0.3338641920016294 1.0
0.5091499433168978 0.36360422985841534 1.0
0.5028154059062414 0.39373063276428943 1.0
0.5189278259337741 0.39251719687560266 1.0
0.49771572369483075 0.48248421452159634 1.0
0.5326796242030275 0.429324728123555 1.0
0.5334696211423705 0.4707953794741634 1.0
0.5007487235785637 0.5065992212924562 1.0
0.5232823742814017 0.5503354056767792 1.0
0.5135270455899487 0.532150346525112 1.0
0.497936590387962 0.602849990197533 1.0
0.5364820770708022 0.5647330133477282 1.0
0.5054903972751615 0.5939492314115715 1.0
0.49771572369483075 0.6682592426715551 1.0
0.5338488596899438 0.7007747113900835 1.0
0.5393354651773883 0.7014508811007371 1.0
0.5230114843558852 0.7313958498896042 1.0
0.5156009749672877 0.7550351886403095 1.0
0.5130718462122236 0.7797242595615301 1.0
0.49771572369483075 0.863674860795896 1.0
0.5338488596899438 0.1852441694816625 1.0
0.546092668814007 0.2822950527398881 1.0
0.5752052226865497 0.2905711062968811 1.0
0.5421786132391729 0.259554180741646 1.0
0.5546085725906233 0.28660846863517375 1.0
0.559843562466607 0.31067010493409014 1.0
0.5338488596899438 0.3338641920016294 1.0
0.5338488596899438 0.3580949653961959 1.0
0.5554953601491297 0.40596004101933 1.0
0.5778260111431704 0.4019341053919288 1.0
0.5536785869251049 0.42065142730768545 1.0
0.5476130553588151 0.44635298474031876 1.0
0.5338488596899438 0.4691468872695482 1.0
0.5776759913930558 0.5760120836246184 1.0
0.5597664494950817 0.48702929675608864 1.0
0.546016952927276 0.5196392201515881 1.0
0.5470008801432968 0.5480954183162684 1.0
0.5593566265706531 0.5667700797720726 1.0
0.5338488596899439 0.6311042370415633 1.0
0.5699819956850568 0.664148199796653 1.0
0.5789086196985244 0.6646352724158431 1.0
0.5608873523442156 0.6927832912738451 1.0
0.5699819956850568 0.7227133314099217 1.0
0.5699819956850568 0.7797242595615301 1.0
0.5496457557359664 0.7425692539315385 1.0
0.7411628561772898 0.7054142483015468 1.0
0.5338488596899438 0.9630798753340662 1.0
0.6061151316801698 0.18524416948166256 1.0
0.5699819956850568 0.22239917511165427 1.0
0.6422135057432525 0.27533371212788954 1.0
0.6118765926640939 0.29559264528287466 1.0
0.5846529530829957 0.29670918637163773 1.0
0.5877994203716738 0.3204595646165346 1.0
0.5778820688580036 0.37136604044392396 1.0
0.602456673333091 0.35939306223122974 1.0
0.5930922741818888 0.3728608967628948 1.0
0.5699819956850569 0.3800590281563824 1.0
0.6061151316801698 0.48248421452159634 1.0
0.5808625164255881 0.42305743563951304 1.0
0.5877416574951154 0.4453292088916046 1.0
0.5699819956850569 0.5196392201515883 1.0
0.7342410011983369 0.453423095933541 1.0
0.5734856906704707 0.48248421452159623 1.0
0.5997347699076999 0.5793394553428968 1.0
0.6061151316801698 0.5722928678631247 1.0
0.5849428219872246 0.5567942257815799 1.0
0.5699819956850568 0.6311042370415633 1.0
0.6049663416996788 0.6292531089626973 1.0
0.5986010506358058 0.6539990404778243 1.0
0.5830659420341783 0.6847792034743685 1.0
0.6422482676752828 0.7054142483015466 1.0
0.586665904280537 0.7054142483015468 1.0
0.7506476756606217 0.7425692539315385 1.0
0.6422482676752828 0.1828372058371795 1.0
0.6061151316801698 0.259554180741646 1.0
0.6715358150833757 0.28390794174063194 1.0
0.6061151316801698 0.2943610364549898 1.0
0.6223429028871341 0.32838030007327096 1.0
0.6378733449126631 0.31739311264595643 1.0
0.6190530810168665 0.35410721006694484 1.0
0.6226551271815276 0.3572020877012387 1.0
0.6422482676752828 0.3902032227262847 1.0
0.6119321707036345 0.4037401923577866 1.0
0.6639211741985306 0.40817420326161297 1.0
0.6136378026209445 0.4081742032616128 1.0
0.705643447550747 0.4290177078486744 1.0
0.6061151316801698 0.5567942257815799 1.0
0.6181799752979269 0.5883824171189287 1.0
0.6672427922031445 0.584988929132451 1.0
0.6290628665640772 0.6232795760592235 1.0
0.6061151316801698 0.6123016201011222 1.0
0.6210296241306662 0.6620021092046994 1.0
0.6422482676752828 0.6682592426715551 1.0
0.6241920847355855 0.668259242671555 1.0
0.6061151316801698 0.7425692539315385 1.0
0.6783814036703959 0.7054142483015466 1.0
0.743483976339793 0.69593103271693 1.0
0.7145145396655088 0.7797242595615301 1.0
0.6783814036703959 0.18524416948166256 1.0
0.6823960029077013 0.22686214146808695 1.0
0.652698351659728 0.1852441694816625 1.0
0.6422482676752828 0.259554180741646 1.0
0.6643661373976489 0.2356901425800549 1.0
0.6601181381878368 0.2615462001299303 1.0
0.6442426432960523 0.34614048591113267 1.0
0.6760890050774875 0.3027826438476882 1.0
0.6902930687998203 0.3338641920016294 1.0
0.6539003613645897 0.3338641920016294 1.0
0.6571869211011115 0.38422899976150077 1.0
0.6422482676752828 0.48248421452159634 1.0
0.6776085134802454 0.4193317104039416 1.0
0.7063360278467498 0.44532920889160466 1.0
0.6422482676752828 0.5567942257815799 1.0
0.6927760118598092 0.5962789465259103 1.0
0.6736082138256818 0.575985629701357 1.0
0.658555433701572 0.6072764431435266 1.0
0.6685991184034462 0.6232876898627309 1.0
0.6599671591682116 0.6369408632413103 1.0
0.6422482676752828 0.7425692539315385 1.0
0.6783814036703957 0.6701199505414211 1.0
0.7145145396655088 0.7425692539315385 1.0
0.790917146994117 0.7425692539315385 1.0
0.7145145396655089 0.18524416948166256 1.0
0.7297313897502228 0.3347835247716199 1.0
0.7212410308366672 0.32437419838669546 1.0
0.6838847471456652 0.22239917511165425 1.0
0.7102248969955038 0.259554180741646 1.0
0.7184410629303882 0.29661219509657516 1.0
0.702068768209467 0.3191950750673134 1.0
0.6783814036703958 0.36657914131541347 1.0
0.6834100311483932 0.3808300495951042 1.0
0.7091771319432439 0.3739805069000933 1.0
0.6833008423714185 0.3710191976316212 1.0
0.7002002806949446 0.42068396249031653 1.0
0.6783814036703959 0.5196392201515883 1.0
0.7145145396655089 0.45281541599579705 1.0
0.6783814036703958 0.556369622504135 1.0
0.7506476756606217 0.5196392201515883 1.0
0.7506476756606217 0.5567942257815799 1.0
0.680020517381252 0.5567942257815799 1.0
0.6993459932993792 0.5939492314115715 1.0
0.6880400132756578 0.6682592426715551 1.0
0.7145145396655088 0.6399703246660586 1.0
0.6972807177067804 0.6311042370415633 1.0
0.6783814036703959 0.7425692539315385 1.0
0.708062983382644 0.6755209304053946 1.0
0.6783814036703959 0.7797242595615301 1.0
0.7506476756606217 0.7797242595615301 1.0
0.7506476756606217 0.18524416948166256 1.0
0.762536455338085 0.40611998371508173 1.0
0.7506476756606217 0.366120505113308 1.0
0.7523000380722463 0.3819991048237366 1.0
0.7548243760572362 0.39532958663059325 1.0
0.7185413437702861 0.29670918637163773 1.0
0.730438343809108 0.3338641920016294 1.0
0.7514373324911723 0.3678550344351307 1.0
0.7225213680240393 0.40693485379939415 1.0
0.7393227367924178 0.3883532082453508 1.0
0.7395262403596565 0.4173865238511096 1.0
0.7278610060170265 0.43085956984809554 1.0
0.7416535583609679 0.45918011634639544 1.0
0.7145145396655088 0.5196392201515881 1.0
0.7791207650737114 0.4999651243330979 1.0
0.7145145396655088 0.5939492314115715 1.0
0.7867808116557345 0.5568483411550167 1.0
0.7906663157171268 0.6977382086864535 1.0
0.7387570603087054 0.6651898471687878 1.0
0.7316301144634508 0.6764625402658335 1.0
0.7506476756606217 0.713464061599967 1.0
0.7867808116557348 0.7425692539315385 1.0
0.7867808116557348 0.18524416948166259 1.0
0.7973797720113865 0.5055914069636877 1.0
0.8085856074329298 0.5146711488534493 1.0
0.796366308532595 0.4915211524828012 1.0
0.7867808116557348 0.4417145163877265 1.0
0.7889103470300985 0.4660388731663186 1.0
0.7949533359647731 0.47764651048056805 1.0
0.7541426894429241 0.37101919763162117 1.0
0.7657483414355235 0.4081742032616128 1.0
0.787786404339135 0.4520227128553169 1.0
0.7506476756606217 0.4783382938519249 1.0
0.7751626487796384 0.4582037089395261 1.0
0.7717856350007162 0.488990160812203 1.0
0.7867808116557348 0.5382658099898885 1.0
0.8028863144468688 0.5611611419403056 1.0
0.7506476756606217 0.662178971148177 1.0
0.8107584956702791 0.5939492314115715 1.0
0.7867808116557348 0.6906560283823794 1.0
0.7571603765492702 0.668259242671555 1.0
0.7668099734573254 0.6972540442636298 1.0
0.7788062464752611 0.7164972849550462 1.0
0.7867808116557348 0.7797242595615301 1.0
0.9553326685466165 0.5010849905012488 1.0
0.8615743941042691 0.5178590948595985 1.0
0.9033573453540692 0.5119672989759856 1.0
0.7893330119782015 0.4453292088916046 1.0
0.800718138971895 0.48248421452159623 1.0
0.8299838147972239 0.5187603781520862 1.0
0.7867808116557348 0.5566738424012034 1.0
0.8074591893415192 0.544355636808488 1.0
0.8146226876627165 0.5845475942333384 1.0
0.7867808116557348 0.6682592426715551 1.0
0.8158559703642715 0.5985102181641295 1.0
0.9108929126236304 0.6728964508869144 1.0
0.7867808116557348 0.7400756098785162 1.0
0.8251996263646514 0.7054142483015465 1.0
0.8061937652163416 0.7054142483015466 1.0
0.8462052267020447 0.77972425956153 1.0
0.0 0.39981591880965034 1.0
1.0 0.83523151437652 1.0
1.0 0.22239917511165425 1.0
1.0 0.18524416948166256 1.0
1.0 0.4937809094494292 1.0
1.0 0.5083473881929286 1.0
1.0 0.678308146085987 1.0
0.0 0.2090244954676117 1.0
0.0 0.1852441694816625 1.0
0.0 0.4081742032616128 1.0
0.0 0.4453292088916046 1.0
0.0 0.4824842145215964 1.0
0.0 0.5196392201515881 1.0
0.0 0.5567942257815799 1.0
0.0 0.5939492314115715 1.0
0.0 0.6311042370415634 1.0
0.0 0.6682592426715551 1.0
0.0 0.7054142483015468 1.0
0.0 0.7425692539315385 1.0
0.0 0.7797242595615301 1.0
1.0 0.25955418074164605 1.0
1.0 0.2967091863716376 1.0
1.0 0.3338641920016294 1.0
1.0 0.37101919763162106 1.0
1.0 0.4896804087790847 1.0
1.0 0.40817420326161313 1.0
1.0 0.44532920889160454 1.0
1.0 0.48248421452159646 1.0
0.5699819956850568 1.0 1.0
0.20865063573392695 1.0 1.0
0.20865063573393453 0.0 1.0
0.24478377172900914 0.0 1.0
0.24478377172903987 1.0 1.0
0.2809169077241529 1.0 1.0
0.28091690772417244 0.0 1.0
0.31705004371924717 0.0 1.0
0.3222025323147448 1.0 1.0
0.3170500437192658 1.0 1.0
0.3531831797143661 0.0 1.0
0.38931631570952924 0.0 1.0
0.42544945170455994 0.0 1.0
0.4615825876997229 0.0 1.0
0.4977157236948859 0.0 1.0
0.5338488596899168 0.0 1.0
0.5441723698881817 1.0 1.0
0.5699819956850569 0.0 1.0
0.6061151316801698 1.0 1.0
0.6061151316801698 0.0 1.0
0.6422482676752828 0.0 1.0
0.6422482676752829 1.0 1.0
0.6783814036703958 1.0 1.0
0.6783814036703959 0.0 1.0
0.7145145396655089 0.0 1.0
0.7145145396655089 1.0 1.0
0.7506476756606217 1.0 1.0
0.7506476756606217 0.0 1.0
0.7867808116557348 0.0 1.0
0.7867808116557349 1.0 1.0
0.0 0.0 1.0
0.0 1.0 1.0
1.0 0.0 1.0
1.0 1.0 1.0

CELLS 596 24588
24 5 3 485 761 175 3 1507 1783 1197 4 485 761 1783 1507 4 761 175 1197 1783 4 175 485 1507 1197
24 5 3 830 829 235 3 1852 1851 1257 4 830 829 1851 1852 4 829 235 1257 1851 4 235 830 1852 1257
31 6 4 17 632 71 608 4 1039 1654 1093 1630 4 17 632 1654 1039 4 632 71 1093 1654 4 71 608 1630 1093 4 608 17 1039 1630
31 6 4 154 673 88 726 4 1176 1695 1110 1748 4 154 673 1695 1176 4 673 88 1110 1695 4 88 726 1748 1110 4 726 154 1176 1748
31 6 4 61 59 201 342 4 1083 1081 1223 1364 4 61 59 1081 1083 4 59 201 1223 1081 4 201 342 1364 1223 4 342 61 1083 1364
31 6 4 425 221 801 143 4 1447 1243 1823 1165 4 425 221 1243 1447 4 221 801 1823 1243 4 801 143 1165 1823 4 143 425 1447 1165
31 6 4 75 402 536 544 4 1097 1424 1558 1566 4 75 402 1424 1097 4 402 536 1558 1424 4 536 544 1566 1558 4 544 75 1097 1566
31 6 4 78 544 536 542 4 1100 1566 1558 1564 4 78 544 1566 1100 4 544 536 1558 1566 4 536 542 1564 1558 4 542 78 1100 1564
31 6 4 558 560 87 86 4 1580 1582 1109 1108 4 558 560 1582 1580 4 560 87 1109 1582 4 87 86 1108 1109 4 86 558 1580 1108
31 6 4 561 40 38 543 4 1583 1062 1060 1565 4 561 40 1062 1583 4 40 38 1060 1062 4 38 543 1565 1060 4 543 561 1583 1565
31 6 4 73 604 583 106 4 1095 1626 1605 1128 4 73 604 1626 1095 4 604 583 1605 1626 4 583 106 1128 1605 4 106 73 1095 1128
31 6 4 85 89 114 111 4 1107 1111 1136 1133 4 85 89 1111 1107 4 89 114 1136 1111 4 114 111 1133 1136 4 111 85 1107 1133
31 6 4 89 628 607 114 4 1111 1650 1629 1136 4 89 628 1650 1111 4 628 607 1629 1650 4 607 114 1136 1629 4 114 89 1111 1136
31 6 4 186 115 607 628 4 1208 1137 1629 1650 4 186 115 1137 1208 4 115 607 1629 1137 4 607 628 1650 1629 4 628 186 1208 1650
31 6 4 629 652 631 118 4 1651 1674 1653 1140 4 629 652 1674 1651 4 652 631 1653 1674 4 631 118 1140 1653 4 118 629 1651 1140
31 6 4 21 124 120 122 4 1043 1146 1142 1144 4 21 124 1146 1043 4 124 120 1142 1146 4 120 122 1144 1142 4 122 21 1043 1144
31 6 4 653 31 609 130 4 1675 1053 1631 1152 4 653 31 1053 1675 4 31 609 1631 1053 4 609 130 1152 1631 4 130 653 1675 1152
31 6 4 31 676 655 609 4 1053 1698 1677 1631 4 31 676 1698 1053 4 676 655 1677 1698 4 655 609 1631 1677 4 609 31 1053 1631
31 6 4 873 957 244 137 4 1895 1979 1266 1159 4 873 957 1979 1895 4 957 244 1266 1979 4 244 137 1159 1266 4 137 873 1895 1159
31 6 4 956 942 917 958 4 1978 1964 1939 1980 4 956 942 1964 1978 4 942 917 1939 1964 4 917 958 1980 1939 4 958 956 1978 1980
31 6 4 894 334 897 135 4 1916 1356 1919 1157 4 894 334 1356 1916 4 334 897 1919 1356 4 897 135 1157 1919 4 135 894 1916 1157
31 6 4 210 748 388 749 4 1232 1770 1410 1771 4 210 748 1770 1232 4 748 388 1410 1770 4 388 749 1771 1410 4 749 210 1232 1771
31 6 4 219 776 202 222 4 1241 1798 1224 1244 4 219 776 1798 1241 4 776 202 1224 1798 4 202 222 1244 1224 4 222 219 1241 1244
31 6 4 774 200 223 777 4 1796 1222 1245 1799 4 774 200 1222 1796 4 200 223 1245 1222 4 223 777 1799 1245 4 777 774 1796 1799
31 6 4 127 228 230 229 4 1149 1250 1252 1251 4 127 228 1250 1149 4 228 230 1252 1250 4 230 229 1251 1252 4 229 127 1149 1251
31 6 4 1 831 525 131 4 1023 1853 1547 1153 4 1 831 1853 1023 4 831 525 1547 1853 4 525 131 1153 1547 4 131 1 1023 1153
31 6 4 529 530 519 832 4 1551 1552 1541 1854 4 529 530 1552 1551 4 530 519 1541 1552 4 519 832 1854 1541 4 832 529 1551 1854
31 6 4 134 136 341 247 4 1156 1158 1363 1269 4 134 136 1158 1156 4 136 341 1363 1158 4 341 247 1269 1363 4 247 134 1156 1269
31 6 4 136 153 250 341 4 1158 1175 1272 1363 4 136 153 1175 1158 4 153 250 1272 1175 4 250 341 1363 1272 4 341 136 1158 1363
31 6 4 419 862 513 249 4 1441 1884 1535 1271 4 419 862 1884 1441 4 862 513 1535 1884 4 513 249 1271 1535 4 249 419 1441 1271
31 6 4 252 908 837 885 4 1274 1930 1859 1907 4 252 908 1930 1274 4 908 837 1859 1930 4 837 885 1907 1859 4 885 252 1274 1907
31 6 4 281 7 716 284 4 1303 1029 1738 1306 4 281 7 1029 1303 4 7 716 1738 1029 4 716 284 1306 1738 4 284 281 1303 1306
31 6 4 284 716 47 744 4 1306 1738 1069 1766 4 284 716 1738 1306 4 716 47 1069 1738 4 47 744 1766 1069 4 744 284 1306 1766
31 6 4 293 292 159 469 4 1315 1314 1181 1491 4 293 292 1314 1315 4 292 159 1181 1314 4 159 469 1491 1181 4 469 293 1315 1491
31 6 4 297 769 741 169 4 1319 1791 1763 1191 4 297 769 1791 1319 4 769 741 1763 1791 4 741 169 1191 1763 4 169 297 1319 1191
31 6 4 141 304 768 473 4 1163 1326 1790 1495 4 141 304 1326 1163 4 304 768 1790 1326 4 768 473 1495 1790 4 473 141 1163 1495
31 6 4 145 312 479 793 4 1167 1334 1501 1815 4 145 312 1334 1167 4 312 479 1501 1334 4 479 793 1815 1501 4 793 145 1167 1815
31 6 4 321 320 299 820 4 1343 1342 1321 1842 4 321 320 1342 1343 4 320 299 1321 1342 4 299 820 1842 1321 4 820 321 1343 1842
31 6 4 329 331 326 330 4 1351 1353 1348 1352 4 329 331 1353 1351 4 331 326 1348 1353 4 326 330 1352 1348 4 330 329 1351 1352
31 6 4 337 266 840 339 4 1359 1288 1862 1361 4 337 266 1288 1359 4 266 840 1862 1288 4 840 339 1361 1862 4 339 337 1359 1361
31 6 4 339 840 866 865 4 1361 1862 1888 1887 4 339 840 1862 1361 4 840 866 1888 1862 4 866 865 1887 1888 4 865 339 1361 1887
31 6 4 349 780 757 343 4 1371 1802 1779 1365 4 349 780 1802 1371 4 780 757 1779 1802 4 757 343 1365 1779 4 343 349 1371 1365
31 6 4 352 349 343 347 4 1374 1371 1365 1369 4 352 349 1371 1374 4 349 343 1365 1371 4 343 347 1369 1365 4 347 352 1374 1369
31 6 4 22 356 358 354 4 1044 1378 1380 1376 4 22 356 1378 1044 4 356 358 1380 1378 4 358 354 1376 1380 4 354 22 1044 1376
31 6 4 362 357 81 753 4 1384 1379 1103 1775 4 362 357 1379 1384 4 357 81 1103 1379 4 81 753 1775 1103 4 753 362 1384 1775
31 6 4 366 753 81 724 4 1388 1775 1103 1746 4 366 753 1775 1388 4 753 81 1103 1775 4 81 724 1746 1103 4 724 366 1388 1746
31 6 4 368 366 724 195 4 1390 1388 1746 1217 4 368 366 1388 1390 4 366 724 1746 1388 4 724 195 1217 1746 4 195 368 1390 1217
31 6 4 375 374 699 199 4 1397 1396 1721 1221 4 375 374 1396 1397 4 374 699 1721 1396 4 699 199 1221 1721 4 199 375 1397 1221
31 6 4 720 375 199 355 4 1742 1397 1221 1377 4 720 375 1397 1742 4 375 199 1221 1397 4 199 355 1377 1221 4 355 720 1742 1377
31 6 4 379 720 355 671 4 1401 1742 1377 1693 4 379 720 1742 1401 4 720 355 1377 1742 4 355 671 1693 1377 4 671 379 1401 1693
31 6 4 386 383 364 669 4 1408 1405 1386 1691 4 386 383 1405 1408 4 383 364 1386 1405 4 364 669 1691 1386 4 669 386 1408 1691
31 6 4 694 386 669 204 4 1716 1408 1691 1226 4 694 386 1408 1716 4 386 669 1691 1408 4 669 204 1226 1691 4 204 694 1716 1226
31 6 4 390 694 204 373 4 1412 1716 1226 1395 4 390 694 1716 1412 4 694 204 1226 1716 4 204 373 1395 1226 4 373 390 1412 1395
31 6 4 400 396 380 643 4 1422 1418 1402 1665 4 400 396 1418 1422 4 396 380 1402 1418 4 380 643 1665 1402 4 643 400 1422 1665
31 6 4 401 400 643 385 4 1423 1422 1665 1407 4 401 400 1422 1423 4 400 643 1665 1422 4 643 385 1407 1665 4 385 401 1423 1407
31 6 4 404 401 385 620 4 1426 1423 1407 1642 4 404 401 1423 1426 4 401 385 1407 1423 4 385 620 1642 1407 4 620 404 1426 1642
31 6 4 535 407 391 618 4 1557 1429 1413 1640 4 535 407 1429 1557 4 407 391 1413 1429 4 391 618 1640 1413 4 618 535 1557 1640
31 6 4 50 535 618 395 4 1072 1557 1640 1417 4 50 535 1557 1072 4 535 618 1640 1557 4 618 395 1417 1640 4 395 50 1072 1417
31 6 4 851 410 416 854 4 1873 1432 1438 1876 4 851 410 1432 1873 4 410 416 1438 1432 4 416 854 1876 1438 4 854 851 1873 1876
31 6 4 420 418 417 414 4 1442 1440 1439 1436 4 420 418 1440 1442 4 418 417 1439 1440 4 417 414 1436 1439 4 414 420 1442 1436
31 6 4 875 429 433 139 4 1897 1451 1455 1161 4 875 429 1451 1897 4 429 433 1455 1451 4 433 139 1161 1455 4 139 875 1897 1161
31 6 4 904 901 910 442 4 1926 1923 1932 1464 4 904 901 1923 1926 4 901 910 1932 1923 4 910 442 1464 1932 4 442 904 1926 1464
31 6 4 931 927 262 933 4 1953 1949 1284 1955 4 931 927 1949 1953 4 927 262 1284 1949 4 262 933 1955 1284 4 933 931 1953 1955
31 6 4 925 923 455 914 4 1947 1945 1477 1936 4 925 923 1945 1947 4 923 455 1477 1945 4 455 914 1936 1477 4 914 925 1947 1936
31 6 4 460 949 945 951 4 1482 1971 1967 1973 4 460 949 1971 1482 4 949 945 1967 1971 4 945 951 1973 1967 4 951 460 1482 1973
31 6 4 936 946 944 465 4 1958 1968 1966 1487 4 936 946 1968 1958 4 946 944 1966 1968 4 944 465 1487 1966 4 465 936 1958 1487
31 6 4 594 663 468 639 4 1616 1685 1490 1661 4 594 663 1685 1616 4 663 468 1490 1685 4 468 639 1661 1490 4 639 594 1616 1661
31 6 4 478 689 637 660 4 1500 1711 1659 1682 4 478 689 1711 1500 4 689 637 1659 1711 4 637 660 1682 1659 4 660 478 1500 1682
31 6 4 495 41 490 736 4 1517 1063 1512 1758 4 495 41 1063 1517 4 41 490 1512 1063 4 490 736 1758 1512 4 736 495 1517 1758
31 6 4 503 500 706 732 4 1525 1522 1728 1754 4 503 500 1522 1525 4 500 706 1728 1522 4 706 732 1754 1728 4 732 503 1525 1754
31 6 4 510 148 179 512 4 1532 1170 1201 1534 4 510 148 1170 1532 4 148 179 1201 1170 4 179 512 1534 1201 4 512 510 1532 1534
31 6 4 521 518 251 243 4 1543 1540 1273 1265 4 521 518 1540 1543 4 518 251 1273 1540 4 251 243 1265 1273 4 243 521 1543 1265
31 6 4 527 834 237 807 4 1549 1856 1259 1829 4 527 834 1856 1549 4 834 237 1259 1856 4 237 807 1829 1259 4 807 527 1549 1829
31 6 4 15 132 612 610 4 1037 1154 1634 1632 4 15 132 1154 1037 4 132 612 1634 1154 4 612 610 1632 1634 4 610 15 1037 1632
31 6 4 470 467 468 663 4 1492 1489 1490 1685 4 470 467 1489 1492 4 467 468 1490 1489 4 468 663 1685 1490 4 663 470 1492 1685
31 6 4 686 476 687 714 4 1708 1498 1709 1736 4 686 476 1498 1708 4 476 687 1709 1498 4 687 714 1736 1709 4 714 686 1708 1736
31 6 4 1 529 832 831 4 1023 1551 1854 1853 4 1 529 1551 1023 4 529 832 1854 1551 4 832 831 1853 1854 4 831 1 1023 1853
31 6 4 935 460 951 950 4 1957 1482 1973 1972 4 935 460 1482 1957 4 460 951 1973 1482 4 951 950 1972 1973 4 950 935 1957 1972
31 6 4 990 554 968 1018 4 2012 1576 1990 2040 4 990 554 1576 2012 4 554 968 1990 1576 4 968 1018 2040 1990 4 1018 990 2012 2040
31 6 4 403 555 540 538 4 1425 1577 1562 1560 4 403 555 1577 1425 4 555 540 1562 1577 4 540 538 1560 1562 4 538 403 1425 1560
31 6 4 969 91 99 970 4 1991 1113 1121 1992 4 969 91 1113 1991 4 91 99 1121 1113 4 99 970 1992 1121 4 970 969 1991 1992
31 6 4 970 99 10 971 4 1992 1121 1032 1993 4 970 99 1121 1992 4 99 10 1032 1121 4 10 971 1993 1032 4 971 970 1992 1993
31 6 4 971 10 563 972 4 1993 1032 1585 1994 4 971 10 1032 1993 4 10 563 1585 1032 4 563 972 1994 1585 4 972 971 1993 1994
31 6 4 972 563 565 973 4 1994 1585 1587 1995 4 972 563 1585 1994 4 563 565 1587 1585 4 565 973 1995 1587 4 973 972 1994 1995
31 6 4 973 565 547 974 4 1995 1587 1569 1996 4 973 565 1587 1995 4 565 547 1569 1587 4 547 974 1996 1569 4 974 973 1995 1996
31 6 4 976 550 5 977 4 1998 1572 1027 1999 4 976 550 1572 1998 4 550 5 1027 1572 4 5 977 1999 1027 4 977 976 1998 1999
31 6 4 977 5 570 978 4 1999 1027 1592 2000 4 977 5 1027 1999 4 5 570 1592 1027 4 570 978 2000 1592 4 978 977 1999 2000
31 6 4 978 570 572 979 4 2000 1592 1594 2001 4 978 570 1592 2000 4 570 572 1594 1592 4 572 979 2001 1594 4 979 978 2000 2001
31 6 4 1019 979 572 989 4 2041 2001 1594 2011 4 1019 979 2001 2041 4 979 572 1594 2001 4 572 989 2011 1594 4 989 1019 2041 2011
31 6 4 991 574 554 990 4 2013 1596 1576 2012 4 991 574 1596 2013 4 574 554 1576 1596 4 554 990 2012 1576 4 990 991 2013 2012
31 6 4 989 572 466 992 4 2011 1594 1488 2014 4 989 572 1594 2011 4 572 466 1488 1594 4 466 992 2014 1488 4 992 989 2011 2014
31 6 4 994 595 574 991 4 2016 1617 1596 2013 4 994 595 1617 2016 4 595 574 1596 1617 4 574 991 2013 1596 4 991 994 2016 2013
31 6 4 578 579 577 68 4 1600 1601 1599 1090 4 578 579 1601 1600 4 579 577 1599 1601 4 577 68 1090 1599 4 68 578 1600 1090
31 6 4 992 466 553 993 4 2014 1488 1575 2015 4 992 466 1488 2014 4 466 553 1575 1488 4 553 993 2015 1575 4 993 992 2014 2015
31 6 4 995 617 595 994 4 2017 1639 1617 2016 4 995 617 1639 2017 4 617 595 1617 1639 4 595 994 2016 1617 4 994 995 2017 2016
31 6 4 993 553 615 997 4 2015 1575 1637 2019 4 993 553 1575 2015 4 553 615 1637 1575 4 615 997 2019 1637 4 997 993 2015 2019
31 6 4 998 640 617 995 4 2020 1662 1639 2017 4 998 640 1662 2020 4 640 617 1639 1662 4 617 995 2017 1639 4 995 998 2020 2017
31 6 4 999 664 640 998 4 2021 1686 1662 2020 4 999 664 1686 2021 4 664 640 1662 1686 4 640 998 2020 1662 4 998 999 2021 2020
31 6 4 1000 692 664 999 4 2022 1714 1686 2021 4 1000 692 1714 2022 4 692 664 1686 1714 4 664 999 2021 1686 4 999 1000 2022 2021
31 6 4 1001 717 692 1000 4 2023 1739 1714 2022 4 1001 717 1739 2023 4 717 692 1714 1739 4 692 1000 2022 1714 4 1000 1001 2023 2022
31 6 4 367 369 203 697 4 1389 1391 1225 1719 4 367 369 1391 1389 4 369 203 1225 1391 4 203 697 1719 1225 4 697 367 1389 1719
31 6 4 1002 745 717 1001 4 2024 1767 1739 2023 4 1002 745 1767 2024 4 745 717 1739 1767 4 717 1001 2023 1739 4 1001 1002 2024 2023
31 6 4 756 728 731 730 4 1778 1750 1753 1752 4 756 728 1750 1778 4 728 731 1753 1750 4 731 730 1752 1753 4 730 756 1778 1752
31 6 4 1003 772 745 1002 4 2025 1794 1767 2024 4 1003 772 1794 2025 4 772 745 1767 1794 4 745 1002 2024 1767 4 1002 1003 2025 2024
31 6 4 1005 408 772 1003 4 2027 1430 1794 2025 4 1005 408 1430 2027 4 408 772 1794 1430 4 772 1003 2025 1794 4 1003 1005 2027 2025
31 6 4 1007 799 408 1005 4 2029 1821 1430 2027 4 1007 799 1821 2029 4 799 408 1430 1821 4 408 1005 2027 1430 4 1005 1007 2029 2027
31 6 4 988 795 55 1006 4 2010 1817 1077 2028 4 988 795 1817 2010 4 795 55 1077 1817 4 55 1006 2028 1077 4 1006 988 2010 2028
31 6 4 1006 55 276 1009 4 2028 1077 1298 2031 4 1006 55 1077 2028 4 55 276 1298 1077 4 276 1009 2031 1298 4 1009 1006 2028 2031
31 6 4 1009 276 898 1010 4 2031 1298 1920 2032 4 1009 276 1298 2031 4 276 898 1920 1298 4 898 1010 2032 1920 4 1010 1009 2031 2032
31 6 4 1012 874 850 1011 4 2034 1896 1872 2033 4 1012 874 1896 2034 4 874 850 1872 1896 4 850 1011 2033 1872 4 1011 1012 2034 2033
31 6 4 453 915 892 891 4 1475 1937 1914 1913 4 453 915 1937 1475 4 915 892 1914 1937 4 892 891 1913 1914 4 891 453 1475 1913
31 6 4 1010 898 849 1013 4 2032 1920 1871 2035 4 1010 898 1920 2032 4 898 849 1871 1920 4 849 1013 2035 1871 4 1013 1010 2032 2035
31 6 4 1015 900 874 1012 4 2037 1922 1896 2034 4 1015 900 1922 2037 4 900 874 1896 1922 4 874 1012 2034 1896 4 1012 1015 2037 2034
31 6 4 1013 849 899 1014 4 2035 1871 1921 2036 4 1013 849 1871 2035 4 849 899 1921 1871 4 899 1014 2036 1921 4 1014 1013 2035 2036
31 6 4 1016 922 900 1015 4 2038 1944 1922 2037 4 1016 922 1944 2038 4 922 900 1922 1944 4 900 1015 2037 1922 4 1015 1016 2038 2037
31 6 4 142 953 242 246 4 1164 1975 1264 1268 4 142 953 1975 1164 4 953 242 1264 1975 4 242 246 1268 1264 4 246 142 1164 1268
31 6 4 1020 963 922 1016 4 2042 1985 1944 2038 4 1020 963 1985 2042 4 963 922 1944 1985 4 922 1016 2038 1944 4 1016 1020 2042 2038
31 6 4 962 461 922 963 4 1984 1483 1944 1985 4 962 461 1483 1984 4 461 922 1944 1483 4 922 963 1985 1944 4 963 962 1984 1985
31 6 4 980 462 461 962 4 2002 1484 1483 1984 4 980 462 1484 2002 4 462 461 1483 1484 4 461 962 1984 1483 4 962 980 2002 1984
31 6 4 981 457 462 980 4 2003 1479 1484 2002 4 981 457 1479 2003 4 457 462 1484 1479 4 462 980 2002 1484 4 980 981 2003 2002
31 6 4 982 458 457 981 4 2004 1480 1479 2003 4 982 458 1480 2004 4 458 457 1479 1480 4 457 981 2003 1479 4 981 982 2004 2003
31 6 4 983 449 458 982 4 2005 1471 1480 2004 4 983 449 1471 2005 4 449 458 1480 1471 4 458 982 2004 1480 4 982 983 2005 2004
31 6 4 985 443 449 983 4 2007 1465 1471 2005 4 985 443 1465 2007 4 443 449 1471 1465 4 449 983 2005 1471 4 983 985 2007 2005
31 6 4 1014 899 943 1017 4 2036 1921 1965 2039 4 1014 899 1921 2036 4 899 943 1965 1921 4 943 1017 2039 1965 4 1017 1014 2036 2039
31 6 4 574 399 403 554 4 1596 1421 1425 1576 4 574 399 1421 1596 4 399 403 1425 1421 4 403 554 1576 1425 4 554 574 1596 1576
31 6 4 399 575 555 403 4 1421 1597 1577 1425 4 399 575 1597 1421 4 575 555 1577 1597 4 555 403 1425 1577 4 403 399 1421 1425
31 6 4 575 576 537 555 4 1597 1598 1559 1577 4 575 576 1598 1597 4 576 537 1559 1598 4 537 555 1577 1559 4 555 575 1597 1577
31 6 4 102 12 10 99 4 1124 1034 1032 1121 4 102 12 1034 1124 4 12 10 1032 1034 4 10 99 1121 1032 4 99 102 1124 1121
31 6 4 12 584 563 10 4 1034 1606 1585 1032 4 12 584 1606 1034 4 584 563 1585 1606 4 563 10 1032 1585 4 10 12 1034 1032
31 6 4 4 565 563 584 4 1026 1587 1585 1606 4 4 565 1587 1026 4 565 563 1585 1587 4 563 584 1606 1585 4 584 4 1026 1606
31 6 4 11 589 5 550 4 1033 1611 1027 1572 4 11 589 1611 1033 4 589 5 1027 1611 4 5 550 1572 1027 4 550 11 1033 1572
31 6 4 589 551 570 5 4 1611 1573 1592 1027 4 589 551 1573 1611 4 551 570 1592 1573 4 570 5 1027 1592 4 5 589 1611 1027
31 6 4 551 466 572 570 4 1573 1488 1594 1592 4 551 466 1488 1573 4 466 572 1594 1488 4 572 570 1592 1594 4 570 551 1573 1592
31 6 4 206 399 574 595 4 1228 1421 1596 1617 4 206 399 1421 1228 4 399 574 1596 1421 4 574 595 1617 1596 4 595 206 1228 1617
31 6 4 206 556 575 399 4 1228 1578 1597 1421 4 206 556 1578 1228 4 556 575 1597 1578 4 575 399 1421 1597 4 399 206 1228 1421
31 6 4 556 596 576 575 4 1578 1618 1598 1597 4 556 596 1618 1578 4 596 576 1598 1618 4 576 575 1597 1598 4 575 556 1578 1597
31 6 4 68 577 576 596 4 1090 1599 1598 1618 4 68 577 1599 1090 4 577 576 1598 1599 4 576 596 1618 1598 4 596 68 1090 1618
31 6 4 14 585 584 12 4 1036 1607 1606 1034 4 14 585 1607 1036 4 585 584 1606 1607 4 584 12 1034 1606 4 12 14 1036 1034
31 6 4 133 9 589 11 4 1155 1031 1611 1033 4 133 9 1031 1155 4 9 589 1611 1031 4 589 11 1033 1611 4 11 133 1155 1033
31 6 4 9 571 551 589 4 1031 1593 1573 1611 4 9 571 1593 1031 4 571 551 1573 1593 4 551 589 1611 1573 4 589 9 1031 1611
31 6 4 553 466 551 571 4 1575 1488 1573 1593 4 553 466 1488 1575 4 466 551 1573 1488 4 551 571 1593 1573 4 571 553 1575 1593
31 6 4 597 206 595 617 4 1619 1228 1617 1639 4 597 206 1228 1619 4 206 595 1617 1228 4 595 617 1639 1617 4 617 597 1619 1639
31 6 4 597 52 556 206 4 1619 1074 1578 1228 4 597 52 1074 1619 4 52 556 1578 1074 4 556 206 1228 1578 4 206 597 1619 1228
31 6 4 52 384 596 556 4 1074 1406 1618 1578 4 52 384 1406 1074 4 384 596 1618 1406 4 596 556 1578 1618 4 556 52 1074 1578
31 6 4 384 619 68 596 4 1406 1641 1090 1618 4 384 619 1641 1406 4 619 68 1090 1641 4 68 596 1618 1090 4 596 384 1406 1618
31 6 4 633 634 133 282 4 1655 1656 1155 1304 4 633 634 1656 1655 4 634 133 1155 1656 4 133 282 1304 1155 4 282 633 1655 1304
31 6 4 635 9 133 634 4 1657 1031 1155 1656 4 635 9 1031 1657 4 9 133 1155 1031 4 133 634 1656 1155 4 634 635 1657 1656
31 6 4 614 571 9 635 4 1636 1593 1031 1657 4 614 571 1593 1636 4 571 9 1031 1593 4 9 635 1657 1031 4 635 614 1636 1657
31 6 4 615 553 571 614 4 1637 1575 1593 1636 4 615 553 1575 1637 4 553 571 1593 1575 4 571 614 1636 1593 4 614 615 1637 1636
31 6 4 389 56 384 52 4 1411 1078 1406 1074 4 389 56 1078 1411 4 56 384 1406 1078 4 384 52 1074 1406 4 52 389 1411 1074
31 6 4 56 205 619 384 4 1078 1227 1641 1406 4 56 205 1227 1078 4 205 619 1641 1227 4 619 384 1406 1641 4 384 56 1078 1406
31 6 4 291 168 633 132 4 1313 1190 1655 1154 4 291 168 1190 1313 4 168 633 1655 1190 4 633 132 1154 1655 4 132 291 1313 1154
31 6 4 656 634 633 168 4 1678 1656 1655 1190 4 656 634 1656 1678 4 634 633 1655 1656 4 633 168 1190 1655 4 168 656 1678 1190
31 6 4 613 635 634 656 4 1635 1657 1656 1678 4 613 635 1657 1635 4 635 634 1656 1657 4 634 656 1678 1656 4 656 613 1635 1678
31 6 4 592 614 635 613 4 1614 1636 1657 1635 4 592 614 1636 1614 4 614 635 1657 1636 4 635 613 1635 1657 4 613 592 1614 1635
31 6 4 376 372 205 56 4 1398 1394 1227 1078 4 376 372 1394 1398 4 372 205 1227 1394 4 205 56 1078 1227 4 56 376 1398 1078
31 6 4 372 365 644 205 4 1394 1387 1666 1227 4 372 365 1387 1394 4 365 644 1666 1387 4 644 205 1227 1666 4 205 372 1394 1227
31 6 4 683 656 168 486 4 1705 1678 1190 1508 4 683 656 1678 1705 4 656 168 1190 1678 4 168 486 1508 1190 4 486 683 1705 1508
31 6 4 369 198 365 372 4 1391 1220 1387 1394 4 369 198 1220 1391 4 198 365 1387 1220 4 365 372 1394 1387 4 372 369 1391 1394
31 6 4 698 670 365 198 4 1720 1692 1387 1220 4 698 670 1692 1720 4 670 365 1387 1692 4 365 198 1220 1387 4 198 698 1720 1220
31 6 4 718 393 692 717 4 1740 1415 1714 1739 4 718 393 1415 1740 4 393 692 1714 1415 4 692 717 1739 1714 4 717 718 1740 1739
31 6 4 406 718 717 745 4 1428 1740 1739 1767 4 406 718 1740 1428 4 718 717 1739 1740 4 717 745 1767 1739 4 745 406 1428 1767
31 6 4 772 62 406 745 4 1794 1084 1428 1767 4 772 62 1084 1794 4 62 406 1428 1084 4 406 745 1767 1428 4 745 772 1794 1767
31 6 4 303 765 302 790 4 1325 1787 1324 1812 4 303 765 1787 1325 4 765 302 1324 1787 4 302 790 1812 1324 4 790 303 1325 1812
31 6 4 800 62 772 408 4 1822 1084 1794 1430 4 800 62 1084 1822 4 62 772 1794 1084 4 772 408 1430 1794 4 408 800 1822 1430
31 6 4 213 800 408 799 4 1235 1822 1430 1821 4 213 800 1822 1235 4 800 408 1430 1822 4 408 799 1821 1430 4 799 213 1235 1821
31 6 4 213 826 409 800 4 1235 1848 1431 1822 4 213 826 1848 1235 4 826 409 1431 1848 4 409 800 1822 1431 4 800 213 1235 1822
31 6 4 846 55 795 309 4 1868 1077 1817 1331 4 846 55 1077 1868 4 55 795 1817 1077 4 795 309 1331 1817 4 309 846 1868 1331
31 6 4 268 861 809 517 4 1290 1883 1831 1539 4 268 861 1883 1290 4 861 809 1831 1883 4 809 517 1539 1831 4 517 268 1290 1539
31 6 4 861 157 272 809 4 1883 1179 1294 1831 4 861 157 1179 1883 4 157 272 1294 1179 4 272 809 1831 1294 4 809 861 1883 1831
31 6 4 864 838 272 157 4 1886 1860 1294 1179 4 864 838 1860 1886 4 838 272 1294 1860 4 272 157 1179 1294 4 157 864 1886 1179
31 6 4 822 870 846 151 4 1844 1892 1868 1173 4 822 870 1892 1844 4 870 846 1868 1892 4 846 151 1173 1868 4 151 822 1844 1173
31 6 4 870 276 55 846 4 1892 1298 1077 1868 4 870 276 1298 1892 4 276 55 1077 1298 4 55 846 1868 1077 4 846 870 1892 1868
31 6 4 170 238 861 268 4 1192 1260 1883 1290 4 170 238 1260 1192 4 238 861 1883 1260 4 861 268 1290 1883 4 268 170 1192 1290
31 6 4 238 886 157 861 4 1260 1908 1179 1883 4 238 886 1908 1260 4 886 157 1179 1908 4 157 861 1883 1179 4 861 238 1260 1883
31 6 4 847 896 870 822 4 1869 1918 1892 1844 4 847 896 1918 1869 4 896 870 1892 1918 4 870 822 1844 1892 4 822 847 1869 1844
31 6 4 896 898 276 870 4 1918 1920 1298 1892 4 896 898 1920 1918 4 898 276 1298 1920 4 276 870 1892 1298 4 870 896 1918 1892
31 6 4 450 913 886 238 4 1472 1935 1908 1260 4 450 913 1935 1472 4 913 886 1908 1935 4 886 238 1260 1908 4 238 450 1472 1260
31 6 4 743 872 896 847 4 1765 1894 1918 1869 4 743 872 1894 1765 4 872 896 1918 1894 4 896 847 1869 1918 4 847 743 1765 1869
31 6 4 872 849 898 896 4 1894 1871 1920 1918 4 872 849 1871 1894 4 849 898 1920 1871 4 898 896 1918 1920 4 896 872 1894 1918
31 6 4 900 454 270 874 4 1922 1476 1292 1896 4 900 454 1476 1922 4 454 270 1292 1476 4 270 874 1896 1292 4 874 900 1922 1896
31 6 4 454 451 431 270 4 1476 1473 1453 1292 4 454 451 1473 1476 4 451 431 1453 1473 4 431 270 1292 1453 4 270 454 1476 1292
31 6 4 438 889 913 450 4 1460 1911 1935 1472 4 438 889 1911 1460 4 889 913 1935 1911 4 913 450 1472 1935 4 450 438 1460 1472
31 6 4 889 890 453 913 4 1911 1912 1475 1935 4 889 890 1912 1911 4 890 453 1475 1912 4 453 913 1935 1475 4 913 889 1911 1935
31 6 4 890 464 915 453 4 1912 1486 1937 1475 4 890 464 1486 1912 4 464 915 1937 1486 4 915 453 1475 1937 4 453 890 1912 1475
31 6 4 464 149 463 915 4 1486 1171 1485 1937 4 464 149 1171 1486 4 149 463 1485 1171 4 463 915 1937 1485 4 915 464 1486 1937
31 6 4 824 899 849 872 4 1846 1921 1871 1894 4 824 899 1921 1846 4 899 849 1871 1921 4 849 872 1894 1871 4 872 824 1846 1894
31 6 4 922 461 454 900 4 1944 1483 1476 1922 4 922 461 1483 1944 4 461 454 1476 1483 4 454 900 1922 1476 4 900 922 1944 1922
31 6 4 461 462 451 454 4 1483 1484 1473 1476 4 461 462 1484 1483 4 462 451 1473 1484 4 451 454 1476 1473 4 454 461 1483 1476
31 6 4 462 457 446 451 4 1484 1479 1468 1473 4 462 457 1479 1484 4 457 446 1468 1479 4 446 451 1473 1468 4 451 462 1484 1473
31 6 4 457 458 440 446 4 1479 1480 1462 1468 4 457 458 1480 1479 4 458 440 1462 1480 4 440 446 1468 1462 4 446 457 1479 1468
31 6 4 338 242 149 464 4 1360 1264 1171 1486 4 338 242 1264 1360 4 242 149 1171 1264 4 149 464 1486 1171 4 464 338 1360 1486
31 6 4 921 943 899 824 4 1943 1965 1921 1846 4 921 943 1965 1943 4 943 899 1921 1965 4 899 824 1846 1921 4 824 921 1943 1846
38 7 5 144 274 568 0 569 5 1166 1296 1590 1022 1591 4 144 274 1296 1166 4 274 568 1590 1296 4 568 0 1022 1590 4 0 569 1591 1022 4 569 144 1166 1591
38 7 5 279 165 569 0 548 5 1301 1187 1591 1022 1570 4 279 165 1187 1301 4 165 569 1591 1187 4 569 0 1022 1591 4 0 548 1570 1022 4 548 279 1301 1570
38 7 5 278 588 567 587 24 5 1300 1610 1589 1609 1046 4 278 588 1610 1300 4 588 567 1589 1610 4 567 587 1609 1589 4 587 24 1046 1609 4 24 278 1300 1046
38 7 5 13 287 278 24 546 5 1035 1309 1300 1046 1568 4 13 287 1309 1035 4 287 278 1300 1309 4 278 24 1046 1300 4 24 546 1568 1046 4 546 13 1035 1568
38 7 5 632 15 610 586 71 5 1654 1037 1632 1608 1093 4 632 15 1037 1654 4 15 610 1632 1037 4 610 586 1608 1632 4 586 71 1093 1608 4 71 632 1654 1093
38 7 5 33 27 654 117 108 5 1055 1049 1676 1139 1130 4 33 27 1049 1055 4 27 654 1676 1049 4 654 117 1139 1676 4 117 108 1130 1139 4 108 33 1055 1130
38 7 5 176 651 104 105 180 5 1198 1673 1126 1127 1202 4 176 651 1673 1198 4 651 104 1126 1673 4 104 105 1127 1126 4 105 180 1202 1127 4 180 176 1198 1202
38 7 5 154 162 702 185 673 5 1176 1184 1724 1207 1695 4 154 162 1184 1176 4 162 702 1724 1184 4 702 185 1207 1724 4 185 673 1695 1207 4 673 154 1176 1695
38 7 5 346 351 72 755 350 5 1368 1373 1094 1777 1372 4 346 351 1373 1368 4 351 72 1094 1373 4 72 755 1777 1094 4 755 350 1372 1777 4 350 346 1368 1372
38 7 5 239 26 779 363 520 5 1261 1048 1801 1385 1542 4 239 26 1048 1261 4 26 779 1801 1048 4 779 363 1385 1801 4 363 520 1542 1385 4 520 239 1261 1542
38 7 5 805 808 520 363 30 5 1827 1830 1542 1385 1052 4 805 808 1830 1827 4 808 520 1542 1830 4 520 363 1385 1542 4 363 30 1052 1385 4 30 805 1827 1052
38 7 5 225 224 232 127 229 5 1247 1246 1254 1149 1251 4 225 224 1246 1247 4 224 232 1254 1246 4 232 127 1149 1254 4 127 229 1251 1149 4 229 225 1247 1251
38 7 5 855 417 418 248 827 5 1877 1439 1440 1270 1849 4 855 417 1439 1877 4 417 418 1440 1439 4 418 248 1270 1440 4 248 827 1849 1270 4 827 855 1877 1849
38 7 5 67 420 414 415 878 5 1089 1442 1436 1437 1900 4 67 420 1442 1089 4 420 414 1436 1442 4 414 415 1437 1436 4 415 878 1900 1437 4 878 67 1089 1900
38 7 5 74 534 541 402 75 5 1096 1556 1563 1424 1097 4 74 534 1556 1096 4 534 541 1563 1556 4 541 402 1424 1563 4 402 75 1097 1424 4 75 74 1096 1097
38 7 5 557 398 79 78 542 5 1579 1420 1101 1100 1564 4 557 398 1420 1579 4 398 79 1101 1420 4 79 78 1100 1101 4 78 542 1564 1100 4 542 557 1579 1564
38 7 5 559 539 82 79 398 5 1581 1561 1104 1101 1420 4 559 539 1561 1581 4 539 82 1104 1561 4 82 79 1101 1104 4 79 398 1420 1101 4 398 559 1581 1420
38 7 5 539 558 86 83 82 5 1561 1580 1108 1105 1104 4 539 558 1580 1561 4 558 86 1108 1580 4 86 83 1105 1108 4 83 82 1104 1105 4 82 539 1561 1104
38 7 5 34 193 94 543 38 5 1056 1215 1116 1565 1060 4 34 193 1215 1056 4 193 94 1116 1215 4 94 543 1565 1116 4 543 38 1060 1565 4 38 34 1056 1060
38 7 5 193 32 98 95 94 5 1215 1054 1120 1117 1116 4 193 32 1054 1215 4 32 98 1120 1054 4 98 95 1117 1120 4 95 94 1116 1117 4 94 193 1215 1116
38 7 5 8 562 98 32 580 5 1030 1584 1120 1054 1602 4 8 562 1584 1030 4 562 98 1120 1584 4 98 32 1054 1120 4 32 580 1602 1054 4 580 8 1030 1602
38 7 5 191 70 582 8 580 5 1213 1092 1604 1030 1602 4 191 70 1092 1213 4 70 582 1604 1092 4 582 8 1030 1604 4 8 580 1602 1030 4 580 191 1213 1602
38 7 5 602 69 103 582 70 5 1624 1091 1125 1604 1092 4 602 69 1091 1624 4 69 103 1125 1091 4 103 582 1604 1125 4 582 70 1092 1604 4 70 602 1624 1092
38 7 5 69 73 106 564 103 5 1091 1095 1128 1586 1125 4 69 73 1095 1091 4 73 106 1128 1095 4 106 564 1586 1128 4 564 103 1125 1586 4 103 69 1091 1125
38 7 5 110 107 583 604 76 5 1132 1129 1605 1626 1098 4 110 107 1129 1132 4 107 583 1605 1129 4 583 604 1626 1605 4 604 76 1098 1626 4 76 110 1132 1098
38 7 5 80 85 111 16 605 5 1102 1107 1133 1038 1627 4 80 85 1107 1102 4 85 111 1133 1107 4 111 16 1038 1133 4 16 605 1627 1038 4 605 80 1102 1627
38 7 5 112 119 630 631 652 5 1134 1141 1652 1653 1674 4 112 119 1141 1134 4 119 630 1652 1141 4 630 631 1653 1652 4 631 652 1674 1653 4 652 112 1134 1674
38 7 5 112 116 122 120 119 5 1134 1138 1144 1142 1141 4 112 116 1138 1134 4 116 122 1144 1138 4 122 120 1142 1144 4 120 119 1141 1142 4 119 112 1134 1141
38 7 5 681 177 611 655 676 5 1703 1199 1633 1677 1698 4 681 177 1199 1703 4 177 611 1633 1199 4 611 655 1677 1633 4 655 676 1698 1677 4 676 681 1703 1698
38 7 5 708 680 682 679 39 5 1730 1702 1704 1701 1061 4 708 680 1702 1730 4 680 682 1704 1702 4 682 679 1701 1704 4 679 39 1061 1701 4 39 708 1730 1061
38 7 5 939 917 942 2 941 5 1961 1939 1964 1024 1963 4 939 917 1939 1961 4 917 942 1964 1939 4 942 2 1024 1964 4 2 941 1963 1024 4 941 939 1961 1963
38 7 5 919 273 897 334 918 5 1941 1295 1919 1356 1940 4 919 273 1295 1941 4 273 897 1919 1295 4 897 334 1356 1919 4 334 918 1940 1356 4 918 919 1941 1940
38 7 5 332 160 51 869 868 5 1354 1182 1073 1891 1890 4 332 160 1182 1354 4 160 51 1073 1182 4 51 869 1891 1073 4 869 868 1890 1891 4 868 332 1354 1890
38 7 5 322 842 319 839 166 5 1344 1864 1341 1861 1188 4 322 842 1864 1344 4 842 319 1341 1864 4 319 839 1861 1341 4 839 166 1188 1861 4 166 322 1344 1188
38 7 5 816 839 319 314 815 5 1838 1861 1341 1336 1837 4 816 839 1861 1838 4 839 319 1341 1861 4 319 314 1336 1341 4 314 815 1837 1336 4 815 816 1838 1837
38 7 5 817 785 306 789 507 5 1839 1807 1328 1811 1529 4 817 785 1807 1839 4 785 306 1328 1807 4 306 789 1811 1328 4 789 507 1529 1811 4 507 817 1839 1529
38 7 5 509 507 789 763 788 5 1531 1529 1811 1785 1810 4 509 507 1529 1531 4 507 789 1811 1529 4 789 763 1785 1811 4 763 788 1810 1785 4 788 509 1531 1810
38 7 5 728 759 497 498 731 5 1750 1781 1519 1520 1753 4 728 759 1781 1750 4 759 497 1519 1781 4 497 498 1520 1519 4 498 731 1753 1520 4 731 728 1750 1753
38 7 5 183 182 172 704 703 5 1205 1204 1194 1726 1725 4 183 182 1204 1205 4 182 172 1194 1204 4 172 704 1726 1194 4 704 703 1725 1726 4 703 183 1205 1725
38 7 5 674 101 190 188 97 5 1696 1123 1212 1210 1119 4 674 101 1123 1696 4 101 190 1212 1123 4 190 188 1210 1212 4 188 97 1119 1210 4 97 674 1696 1119
38 7 5 101 675 109 647 190 5 1123 1697 1131 1669 1212 4 101 675 1697 1123 4 675 109 1131 1697 4 109 647 1669 1131 4 647 190 1212 1669 4 190 101 1123 1212
38 7 5 646 647 109 100 649 5 1668 1669 1131 1122 1671 4 646 647 1669 1668 4 647 109 1131 1669 4 109 100 1122 1131 4 100 649 1671 1122 4 649 646 1668 1671
38 7 5 625 187 77 197 624 5 1647 1209 1099 1219 1646 4 625 187 1209 1647 4 187 77 1099 1209 4 77 197 1219 1099 4 197 624 1646 1219 4 624 625 1647 1646
38 7 5 600 197 77 603 189 5 1622 1219 1099 1625 1211 4 600 197 1219 1622 4 197 77 1099 1219 4 77 603 1625 1099 4 603 189 1211 1625 4 189 600 1622 1211
38 7 5 601 28 581 44 48 5 1623 1050 1603 1066 1070 4 601 28 1050 1623 4 28 581 1603 1050 4 581 44 1066 1603 4 44 48 1070 1066 4 48 601 1623 1070
38 7 5 210 207 378 387 748 5 1232 1229 1400 1409 1770 4 210 207 1229 1232 4 207 378 1400 1229 4 378 387 1409 1400 4 387 748 1770 1409 4 748 210 1232 1770
38 7 5 60 747 721 749 388 5 1082 1769 1743 1771 1410 4 60 747 1769 1082 4 747 721 1743 1769 4 721 749 1771 1743 4 749 388 1410 1771 4 388 60 1082 1410
38 7 5 775 394 214 721 747 5 1797 1416 1236 1743 1769 4 775 394 1416 1797 4 394 214 1236 1416 4 214 721 1743 1236 4 721 747 1769 1743 4 747 775 1797 1769
38 7 5 394 773 218 215 214 5 1416 1795 1240 1237 1236 4 394 773 1795 1416 4 773 218 1240 1795 4 218 215 1237 1240 4 215 214 1236 1237 4 214 394 1416 1236
38 7 5 219 750 218 773 776 5 1241 1772 1240 1795 1798 4 219 750 1772 1241 4 750 218 1240 1772 4 218 773 1795 1240 4 773 776 1798 1795 4 776 219 1241 1798
38 7 5 217 774 777 222 202 5 1239 1796 1799 1244 1224 4 217 774 1796 1239 4 774 777 1799 1796 4 777 222 1244 1799 4 222 202 1224 1244 4 202 217 1239 1224
38 7 5 216 804 227 46 226 5 1238 1826 1249 1068 1248 4 216 804 1826 1238 4 804 227 1249 1826 4 227 46 1068 1249 4 46 226 1248 1068 4 226 216 1238 1248
38 7 5 225 229 230 227 804 5 1247 1251 1252 1249 1826 4 225 229 1251 1247 4 229 230 1252 1251 4 230 227 1249 1252 4 227 804 1826 1249 4 804 225 1247 1826
38 7 5 860 833 250 153 147 5 1882 1855 1272 1175 1169 4 860 833 1855 1882 4 833 250 1272 1855 4 250 153 1175 1272 4 153 147 1169 1175 4 147 860 1882 1169
38 7 5 881 146 515 860 147 5 1903 1168 1537 1882 1169 4 881 146 1168 1903 4 146 515 1537 1168 4 515 860 1882 1537 4 860 147 1169 1882 4 147 881 1903 1169
38 7 5 884 882 258 515 146 5 1906 1904 1280 1537 1168 4 884 882 1904 1906 4 882 258 1280 1904 4 258 515 1537 1280 4 515 146 1168 1537 4 146 884 1906 1168
38 7 5 882 249 513 835 258 5 1904 1271 1535 1857 1280 4 882 249 1271 1904 4 249 513 1535 1271 4 513 835 1857 1535 4 835 258 1280 1857 4 258 882 1904 1280
38 7 5 161 167 862 419 253 5 1183 1189 1884 1441 1275 4 161 167 1189 1183 4 167 862 1884 1189 4 862 419 1441 1884 4 419 253 1275 1441 4 253 161 1183 1275
38 7 5 257 252 885 161 253 5 1279 1274 1907 1183 1275 4 257 252 1274 1279 4 252 885 1907 1274 4 885 161 1183 1907 4 161 253 1275 1183 4 253 257 1279 1275
38 7 5 261 911 259 863 156 5 1283 1933 1281 1885 1178 4 261 911 1933 1283 4 911 259 1281 1933 4 259 863 1885 1281 4 863 156 1178 1885 4 156 261 1283 1178
38 7 5 240 887 259 911 260 5 1262 1909 1281 1933 1282 4 240 887 1909 1262 4 887 259 1281 1909 4 259 911 1933 1281 4 911 260 1282 1933 4 260 240 1262 1282
38 7 5 240 260 265 264 813 5 1262 1282 1287 1286 1835 4 240 260 1282 1262 4 260 265 1287 1282 4 265 264 1286 1287 4 264 813 1835 1286 4 813 240 1262 1835
38 7 5 813 264 445 269 912 5 1835 1286 1467 1291 1934 4 813 264 1286 1835 4 264 445 1467 1286 4 445 269 1291 1467 4 269 912 1934 1291 4 912 813 1835 1934
38 7 5 932 912 269 447 448 5 1954 1934 1291 1469 1470 4 932 912 1934 1954 4 912 269 1291 1934 4 269 447 1469 1291 4 447 448 1470 1469 4 448 932 1954 1470
38 7 5 280 277 690 45 662 5 1302 1299 1712 1067 1684 4 280 277 1299 1302 4 277 690 1712 1299 4 690 45 1067 1712 4 45 662 1684 1067 4 662 280 1302 1684
38 7 5 771 280 662 7 281 5 1793 1302 1684 1029 1303 4 771 280 1302 1793 4 280 662 1684 1302 4 662 7 1029 1684 4 7 281 1303 1029 4 281 771 1793 1303
38 7 5 285 744 47 688 715 5 1307 1766 1069 1710 1737 4 285 744 1766 1307 4 744 47 1069 1766 4 47 688 1710 1069 4 688 715 1737 1710 4 715 285 1307 1737
38 7 5 288 285 715 742 158 5 1310 1307 1737 1764 1180 4 288 285 1307 1310 4 285 715 1737 1307 4 715 742 1764 1737 4 742 158 1180 1764 4 158 288 1310 1180
38 7 5 292 289 288 158 159 5 1314 1311 1310 1180 1181 4 292 289 1311 1314 4 289 288 1310 1311 4 288 158 1180 1310 4 158 159 1181 1180 4 159 292 1314 1181
38 7 5 770 293 469 480 296 5 1792 1315 1491 1502 1318 4 770 293 1315 1792 4 293 469 1491 1315 4 469 480 1502 1491 4 480 296 1318 1502 4 296 770 1792 1318
38 7 5 304 300 297 169 768 5 1326 1322 1319 1191 1790 4 304 300 1322 1326 4 300 297 1319 1322 4 297 169 1191 1319 4 169 768 1790 1191 4 768 304 1326 1790
38 7 5 796 141 473 475 305 5 1818 1163 1495 1497 1327 4 796 141 1163 1818 4 141 473 1495 1163 4 473 475 1497 1495 4 475 305 1327 1497 4 305 796 1818 1327
38 7 5 312 794 308 767 479 5 1334 1816 1330 1789 1501 4 312 794 1816 1334 4 794 308 1330 1816 4 308 767 1789 1330 4 767 479 1501 1789 4 479 312 1334 1501
38 7 5 823 145 793 481 313 5 1845 1167 1815 1503 1335 4 823 145 1167 1845 4 145 793 1815 1167 4 793 481 1503 1815 4 481 313 1335 1503 4 313 823 1845 1335
38 7 5 313 481 483 295 821 5 1335 1503 1505 1317 1843 4 313 481 1503 1335 4 481 483 1505 1503 4 483 295 1317 1505 4 295 821 1843 1317 4 821 313 1335 1843
38 7 5 316 821 295 791 792 5 1338 1843 1317 1813 1814 4 316 821 1843 1338 4 821 295 1317 1843 4 295 791 1813 1317 4 791 792 1814 1813 4 792 316 1338 1814
38 7 5 320 317 316 792 299 5 1342 1339 1338 1814 1321 4 320 317 1339 1342 4 317 316 1338 1339 4 316 792 1814 1338 4 792 299 1321 1814 4 299 320 1342 1321
38 7 5 845 321 820 735 843 5 1867 1343 1842 1757 1865 4 845 321 1343 1867 4 321 820 1842 1343 4 820 735 1757 1842 4 735 843 1865 1757 4 843 845 1867 1865
38 7 5 324 843 735 315 819 5 1346 1865 1757 1337 1841 4 324 843 1865 1346 4 843 735 1757 1865 4 735 315 1337 1757 4 315 819 1841 1337 4 819 324 1346 1841
38 7 5 325 324 819 318 323 5 1347 1346 1841 1340 1345 4 325 324 1346 1347 4 324 819 1841 1346 4 819 318 1340 1841 4 318 323 1345 1340 4 323 325 1347 1345
38 7 5 328 150 325 323 841 5 1350 1172 1347 1345 1863 4 328 150 1172 1350 4 150 325 1347 1172 4 325 323 1345 1347 4 323 841 1863 1345 4 841 328 1350 1863
38 7 5 867 333 331 329 231 5 1889 1355 1353 1351 1253 4 867 333 1355 1889 4 333 331 1353 1355 4 331 329 1351 1353 4 329 231 1253 1351 4 231 867 1889 1253
38 7 5 255 782 65 345 344 5 1277 1804 1087 1367 1366 4 255 782 1804 1277 4 782 65 1087 1804 4 65 345 1367 1087 4 345 344 1366 1367 4 344 255 1277 1366
38 7 5 755 22 354 353 350 5 1777 1044 1376 1375 1372 4 755 22 1044 1777 4 22 354 1376 1044 4 354 353 1375 1376 4 353 350 1372 1375 4 350 755 1777 1372
38 7 5 370 368 195 84 192 5 1392 1390 1217 1106 1214 4 370 368 1390 1392 4 368 195 1217 1390 4 195 84 1106 1217 4 84 192 1214 1106 4 192 370 1392 1214
38 7 5 723 361 699 374 371 5 1745 1383 1721 1396 1393 4 723 361 1383 1745 4 361 699 1721 1383 4 699 374 1396 1721 4 374 371 1393 1396 4 371 723 1745 1393
38 7 5 666 390 373 645 621 5 1688 1412 1395 1667 1643 4 666 390 1412 1688 4 390 373 1395 1412 4 373 645 1667 1395 4 645 621 1643 1667 4 621 666 1688 1643
38 7 5 396 665 668 381 380 5 1418 1687 1690 1403 1402 4 396 665 1687 1418 4 665 668 1690 1687 4 668 381 1403 1690 4 381 380 1402 1403 4 380 396 1418 1402
38 7 5 641 404 620 54 598 5 1663 1426 1642 1076 1620 4 641 404 1426 1663 4 404 620 1642 1426 4 620 54 1076 1642 4 54 598 1620 1076 4 598 641 1663 1620
38 7 5 642 392 391 407 405 5 1664 1414 1413 1429 1427 4 642 392 1414 1664 4 392 391 1413 1414 4 391 407 1429 1413 4 407 405 1427 1429 4 405 642 1664 1427
38 7 5 852 746 412 66 825 5 1874 1768 1434 1088 1847 4 852 746 1768 1874 4 746 412 1434 1768 4 412 66 1088 1434 4 66 825 1847 1088 4 825 852 1874 1847
38 7 5 138 423 857 424 421 5 1160 1445 1879 1446 1443 4 138 423 1445 1160 4 423 857 1879 1445 4 857 424 1446 1879 4 424 421 1443 1446 4 421 138 1160 1443
38 7 5 905 422 880 428 879 5 1927 1444 1902 1450 1901 4 905 422 1444 1927 4 422 880 1902 1444 4 880 428 1450 1902 4 428 879 1901 1450 4 879 905 1927 1901
38 7 5 422 876 432 858 880 5 1444 1898 1454 1880 1902 4 422 876 1898 1444 4 876 432 1454 1898 4 432 858 1880 1454 4 858 880 1902 1880 4 880 422 1444 1902
38 7 5 906 875 139 432 876 5 1928 1897 1161 1454 1898 4 906 875 1897 1928 4 875 139 1161 1897 4 139 432 1454 1161 4 432 876 1898 1454 4 876 906 1928 1898
38 7 5 429 271 883 436 433 5 1451 1293 1905 1458 1455 4 429 271 1293 1451 4 271 883 1905 1293 4 883 436 1458 1905 4 436 433 1455 1458 4 433 429 1451 1455
38 7 5 929 903 909 439 907 5 1951 1925 1931 1461 1929 4 929 903 1925 1951 4 903 909 1931 1925 4 909 439 1461 1931 4 439 907 1929 1461 4 907 929 1951 1929
38 7 5 930 430 444 910 901 5 1952 1452 1466 1932 1923 4 930 430 1452 1952 4 430 444 1466 1452 4 444 910 1932 1466 4 910 901 1923 1932 4 901 930 1952 1923
38 7 5 435 434 447 269 445 5 1457 1456 1469 1291 1467 4 435 434 1456 1457 4 434 447 1469 1456 4 447 269 1291 1469 4 269 445 1467 1291 4 445 435 1457 1467
38 7 5 927 928 934 452 262 5 1949 1950 1956 1474 1284 4 927 928 1950 1949 4 928 934 1956 1950 4 934 452 1474 1956 4 452 262 1284 1474 4 262 927 1949 1284
38 7 5 948 925 914 934 928 5 1970 1947 1936 1956 1950 4 948 925 1947 1970 4 925 914 1936 1947 4 914 934 1956 1936 4 934 928 1950 1956 4 928 948 1970 1950
38 7 5 923 924 459 456 455 5 1945 1946 1481 1478 1477 4 923 924 1946 1945 4 924 459 1481 1946 4 459 456 1478 1481 4 456 455 1477 1478 4 455 923 1945 1477
38 7 5 460 935 459 924 949 5 1482 1957 1481 1946 1971 4 460 935 1957 1482 4 935 459 1481 1957 4 459 924 1946 1481 4 924 949 1971 1946 4 949 460 1482 1971
38 7 5 964 952 465 944 984 5 1986 1974 1487 1966 2006 4 964 952 1974 1986 4 952 465 1487 1974 4 465 944 1966 1487 4 944 984 2006 1966 4 984 964 1986 2006
38 7 5 965 954 938 952 964 5 1987 1976 1960 1974 1986 4 965 954 1976 1987 4 954 938 1960 1976 4 938 952 1974 1960 4 952 964 1986 1974 4 964 965 1987 1986
38 7 5 472 638 661 474 691 5 1494 1660 1683 1496 1713 4 472 638 1660 1494 4 638 661 1683 1660 4 661 474 1496 1683 4 474 691 1713 1496 4 691 472 1494 1713
38 7 5 474 661 573 637 689 5 1496 1683 1595 1659 1711 4 474 661 1683 1496 4 661 573 1595 1683 4 573 637 1659 1595 4 637 689 1711 1659 4 689 474 1496 1711
38 7 5 476 478 660 552 687 5 1498 1500 1682 1574 1709 4 476 478 1500 1498 4 478 660 1682 1500 4 660 552 1574 1682 4 552 687 1709 1574 4 687 476 1498 1709
38 7 5 713 482 659 685 484 5 1735 1504 1681 1707 1506 4 713 482 1504 1735 4 482 659 1681 1504 4 659 685 1707 1681 4 685 484 1506 1707 4 484 713 1735 1506
38 7 5 484 685 3 658 712 5 1506 1707 1025 1680 1734 4 484 685 1707 1506 4 685 3 1025 1707 4 3 658 1680 1025 4 658 712 1734 1680 4 712 484 1506 1734
38 7 5 487 712 658 710 684 5 1509 1734 1680 1732 1706 4 487 712 1734 1509 4 712 658 1680 1734 4 658 710 1732 1680 4 710 684 1706 1732 4 684 487 1509 1706
38 7 5 492 738 49 709 43 5 1514 1760 1071 1731 1065 4 492 738 1760 1514 4 738 49 1071 1760 4 49 709 1731 1071 4 709 43 1065 1731 4 43 492 1514 1065
38 7 5 737 492 43 41 495 5 1759 1514 1065 1063 1517 4 737 492 1514 1759 4 492 43 1065 1514 4 43 41 1063 1065 4 41 495 1517 1063 4 495 737 1759 1517
38 7 5 762 707 489 499 764 5 1784 1729 1511 1521 1786 4 762 707 1729 1784 4 707 489 1511 1729 4 489 499 1521 1511 4 499 764 1786 1521 4 764 762 1784 1786
38 7 5 500 499 489 733 706 5 1522 1521 1511 1755 1728 4 500 499 1521 1522 4 499 489 1511 1521 4 489 733 1755 1511 4 733 706 1728 1755 4 706 500 1522 1728
38 7 5 761 505 504 506 175 5 1783 1527 1526 1528 1197 4 761 505 1527 1783 4 505 504 1526 1527 4 504 506 1528 1526 4 506 175 1197 1528 4 175 761 1783 1197
38 7 5 512 179 57 758 786 5 1534 1201 1079 1780 1808 4 512 179 1201 1534 4 179 57 1079 1201 4 57 758 1780 1079 4 758 786 1808 1780 4 786 512 1534 1808
38 7 5 518 516 140 783 251 5 1540 1538 1162 1805 1273 4 518 516 1538 1540 4 516 140 1162 1538 4 140 783 1805 1162 4 783 251 1273 1805 4 251 518 1540 1273
38 7 5 975 274 144 550 976 5 1997 1296 1166 1572 1998 4 975 274 1296 1997 4 274 144 1166 1296 4 144 550 1572 1166 4 550 976 1998 1572 4 976 975 1997 1998
38 7 5 549 548 0 568 547 5 1571 1570 1022 1590 1569 4 549 548 1570 1571 4 548 0 1022 1570 4 0 568 1590 1022 4 568 547 1569 1590 4 547 549 1571 1569
38 7 5 566 546 24 587 4 5 1588 1568 1046 1609 1026 4 566 546 1568 1588 4 546 24 1046 1568 4 24 587 1609 1046 4 587 4 1026 1609 4 4 566 1588 1026
38 7 5 287 282 591 588 278 5 1309 1304 1613 1610 1300 4 287 282 1304 1309 4 282 591 1613 1304 4 591 588 1610 1613 4 588 278 1300 1610 4 278 287 1309 1300
38 7 5 27 29 25 23 654 5 1049 1051 1047 1045 1676 4 27 29 1051 1049 4 29 25 1047 1051 4 25 23 1045 1047 4 23 654 1676 1045 4 654 27 1049 1676
38 7 5 638 593 592 573 661 5 1660 1615 1614 1595 1683 4 638 593 1615 1660 4 593 592 1614 1615 4 592 573 1595 1614 4 573 661 1683 1595 4 661 638 1660 1683
38 7 5 101 674 105 104 675 5 1123 1696 1127 1126 1697 4 101 674 1696 1123 4 674 105 1127 1696 4 105 104 1126 1127 4 104 675 1697 1126 4 675 101 1123 1697
38 7 5 659 590 683 3 685 5 1681 1612 1705 1025 1707 4 659 590 1612 1681 4 590 683 1705 1612 4 683 3 1025 1705 4 3 685 1707 1025 4 685 659 1681 1707
38 7 5 162 183 703 164 702 5 1184 1205 1725 1186 1724 4 162 183 1205 1184 4 183 703 1725 1205 4 703 164 1186 1725 4 164 702 1724 1186 4 702 162 1184 1724
38 7 5 283 709 49 684 710 5 1305 1731 1071 1706 1732 4 283 709 1731 1305 4 709 49 1071 1731 4 49 684 1706 1071 4 684 710 1732 1706 4 710 283 1305 1732
38 7 5 61 174 729 700 59 5 1083 1196 1751 1722 1081 4 61 174 1196 1083 4 174 729 1751 1196 4 729 700 1722 1751 4 700 59 1081 1722 4 59 61 1083 1081
38 7 5 37 733 489 707 734 5 1059 1755 1511 1729 1756 4 37 733 1755 1059 4 733 489 1511 1755 4 489 707 1729 1511 4 707 734 1756 1729 4 734 37 1059 1756
38 7 5 496 302 737 495 736 5 1518 1324 1759 1517 1758 4 496 302 1324 1518 4 302 737 1759 1324 4 737 495 1517 1759 4 495 736 1758 1517 4 736 496 1518 1758
38 7 5 72 754 356 22 755 5 1094 1776 1378 1044 1777 4 72 754 1776 1094 4 754 356 1378 1776 4 356 22 1044 1378 4 22 755 1777 1044 4 755 72 1094 1777
38 7 5 485 760 501 505 761 5 1507 1782 1523 1527 1783 4 485 760 1782 1507 4 760 501 1523 1782 4 501 505 1527 1523 4 505 761 1783 1527 4 761 485 1507 1783
38 7 5 36 30 363 779 778 5 1058 1052 1385 1801 1800 4 36 30 1052 1058 4 30 363 1385 1052 4 363 779 1801 1385 4 779 778 1800 1801 4 778 36 1058 1800
38 7 5 727 783 140 784 267 5 1749 1805 1162 1806 1289 4 727 783 1805 1749 4 783 140 1162 1805 4 140 784 1806 1162 4 784 267 1289 1806 4 267 727 1749 1289
38 7 5 794 309 796 305 308 5 1816 1331 1818 1327 1330 4 794 309 1331 1816 4 309 796 1818 1331 4 796 305 1327 1818 4 305 308 1330 1327 4 308 794 1816 1330
38 7 5 524 517 811 810 523 5 1546 1539 1833 1832 1545 4 524 517 1539 1546 4 517 811 1833 1539 4 811 810 1832 1833 4 810 523 1545 1832 4 523 524 1546 1545
38 7 5 1011 850 852 825 1008 5 2033 1872 1874 1847 2030 4 1011 850 1872 2033 4 850 852 1874 1872 4 852 825 1847 1874 4 825 1008 2030 1847 4 1008 1011 2033 2030
38 7 5 58 855 827 208 853 5 1080 1877 1849 1230 1875 4 58 855 1877 1080 4 855 827 1849 1877 4 827 208 1230 1849 4 208 853 1875 1230 4 853 58 1080 1875
38 7 5 335 332 868 333 867 5 1357 1354 1890 1355 1889 4 335 332 1354 1357 4 332 868 1890 1354 4 868 333 1355 1890 4 333 867 1889 1355 4 867 335 1357 1889
38 7 5 986 947 926 443 985 5 2008 1969 1948 1465 2007 4 986 947 1969 2008 4 947 926 1948 1969 4 926 443 1465 1948 4 443 985 2007 1465 4 985 986 2008 2007
38 7 5 1017 943 959 961 1021 5 2039 1965 1981 1983 2043 4 1017 943 1965 2039 4 943 959 1981 1965 4 959 961 1983 1981 4 961 1021 2043 1983 4 1021 1017 2039 2043
38 7 5 968 554 403 538 967 5 1990 1576 1425 1560 1989 4 968 554 1576 1990 4 554 403 1425 1576 4 403 538 1560 1425 4 538 967 1989 1560 4 967 968 1990 1989
38 7 5 555 537 541 534 540 5 1577 1559 1563 1556 1562 4 555 537 1559 1577 4 537 541 1563 1559 4 541 534 1556 1563 4 534 540 1562 1556 4 540 555 1577 1562
38 7 5 974 547 568 274 975 5 1996 1569 1590 1296 1997 4 974 547 1569 1996 4 547 568 1590 1569 4 568 274 1296 1590 4 274 975 1997 1296 4 975 974 1996 1997
38 7 5 165 11 550 144 569 5 1187 1033 1572 1166 1591 4 165 11 1033 1187 4 11 550 1572 1033 4 550 144 1166 1572 4 144 569 1591 1166 4 569 165 1187 1591
38 7 5 16 14 107 110 605 5 1038 1036 1129 1132 1627 4 16 14 1036 1038 4 14 107 1129 1036 4 107 110 1132 1129 4 110 605 1627 1132 4 605 16 1038 1627
38 7 5 205 644 623 377 619 5 1227 1666 1645 1399 1641 4 205 644 1666 1227 4 644 623 1645 1666 4 623 377 1399 1645 4 377 619 1641 1399 4 619 205 1227 1641
38 7 5 54 389 392 642 598 5 1076 1411 1414 1664 1620 4 54 389 1411 1076 4 389 392 1414 1411 4 392 642 1664 1414 4 642 598 1620 1664 4 598 54 1076 1620
38 7 5 670 648 622 644 365 5 1692 1670 1644 1666 1387 4 670 648 1670 1692 4 648 622 1644 1670 4 622 644 1666 1644 4 644 365 1387 1666 4 365 670 1692 1387
38 7 5 670 646 649 599 648 5 1692 1668 1671 1621 1670 4 670 646 1668 1692 4 646 649 1671 1668 4 649 599 1621 1671 4 599 648 1670 1621 4 648 670 1692 1670
38 7 5 657 486 168 291 290 5 1679 1508 1190 1313 1312 4 657 486 1508 1679 4 486 168 1190 1508 4 168 291 1313 1190 4 291 290 1312 1313 4 290 657 1679 1312
38 7 5 692 393 667 397 664 5 1714 1415 1689 1419 1686 4 692 393 1415 1714 4 393 667 1689 1415 4 667 397 1419 1689 4 397 664 1686 1419 4 664 692 1714 1686
38 7 5 645 376 381 668 621 5 1667 1398 1403 1690 1643 4 645 376 1398 1667 4 376 381 1403 1398 4 381 668 1690 1403 4 668 621 1643 1690 4 621 645 1667 1643
38 7 5 705 39 679 177 681 5 1727 1061 1701 1199 1703 4 705 39 1061 1727 4 39 679 1701 1061 4 679 177 1199 1701 4 177 681 1703 1199 4 681 705 1727 1703
38 7 5 680 283 486 657 682 5 1702 1305 1508 1679 1704 4 680 283 1305 1702 4 283 486 1508 1305 4 486 657 1679 1508 4 657 682 1704 1679 4 682 680 1702 1704
38 7 5 382 695 693 393 718 5 1404 1717 1715 1415 1740 4 382 695 1717 1404 4 695 693 1715 1717 4 693 393 1415 1715 4 393 718 1740 1415 4 718 382 1404 1740
38 7 5 493 35 677 704 172 5 1515 1057 1699 1726 1194 4 493 35 1057 1515 4 35 677 1699 1057 4 677 704 1726 1699 4 704 172 1194 1726 4 172 493 1515 1194
38 7 5 494 37 705 35 493 5 1516 1059 1727 1057 1515 4 494 37 1059 1516 4 37 705 1727 1059 4 705 35 1057 1727 4 35 493 1515 1057 4 493 494 1516 1515
38 7 5 84 359 361 723 192 5 1106 1381 1383 1745 1214 4 84 359 1381 1106 4 359 361 1383 1381 4 361 723 1745 1383 4 723 192 1214 1745 4 192 84 1106 1214
38 7 5 727 267 171 782 255 5 1749 1289 1193 1804 1277 4 727 267 1289 1749 4 267 171 1193 1289 4 171 782 1804 1193 4 782 255 1277 1804 4 255 727 1749 1277
38 7 5 509 788 508 787 812 5 1531 1810 1530 1809 1834 4 509 788 1810 1531 4 788 508 1530 1810 4 508 787 1809 1530 4 787 812 1834 1809 4 812 509 1531 1834
38 7 5 310 818 790 307 311 5 1332 1840 1812 1329 1333 4 310 818 1840 1332 4 818 790 1812 1840 4 790 307 1329 1812 4 307 311 1333 1329 4 311 310 1332 1333
38 7 5 1004 798 301 795 988 5 2026 1820 1323 1817 2010 4 1004 798 1820 2026 4 798 301 1323 1820 4 301 795 1817 1323 4 795 988 2010 1817 4 988 1004 2026 2010
38 7 5 838 816 815 785 817 5 1860 1838 1837 1807 1839 4 838 816 1838 1860 4 816 815 1837 1838 4 815 785 1807 1837 4 785 817 1839 1807 4 817 838 1860 1839
38 7 5 1008 825 66 799 1007 5 2030 1847 1088 1821 2029 4 1008 825 1847 2030 4 825 66 1088 1847 4 66 799 1821 1088 4 799 1007 2029 1821 4 1007 1008 2030 2029
38 7 5 212 213 799 66 412 5 1234 1235 1821 1088 1434 4 212 213 1235 1234 4 213 799 1821 1235 4 799 66 1088 1821 4 66 412 1434 1088 4 412 212 1234 1434
38 7 5 209 853 826 213 212 5 1231 1875 1848 1235 1234 4 209 853 1875 1231 4 853 826 1848 1875 4 826 213 1235 1848 4 213 212 1234 1235 4 212 209 1231 1234
38 7 5 850 411 64 746 852 5 1872 1433 1086 1768 1874 4 850 411 1433 1872 4 411 64 1086 1433 4 64 746 1768 1086 4 746 852 1874 1768 4 852 850 1872 1874
38 7 5 871 847 822 844 53 5 1893 1869 1844 1866 1075 4 871 847 1869 1893 4 847 822 1844 1869 4 822 844 1866 1844 4 844 53 1075 1866 4 53 871 1893 1075
38 7 5 874 270 877 411 850 5 1896 1292 1899 1433 1872 4 874 270 1292 1896 4 270 877 1899 1292 4 877 411 1433 1899 4 411 850 1872 1433 4 850 874 1896 1872
38 7 5 858 426 533 428 880 5 1880 1448 1555 1450 1902 4 858 426 1448 1880 4 426 533 1555 1448 4 533 428 1450 1555 4 428 880 1902 1450 4 880 858 1880 1902
38 7 5 913 453 891 888 886 5 1935 1475 1913 1910 1908 4 913 453 1475 1935 4 453 891 1913 1475 4 891 888 1910 1913 4 888 886 1908 1910 4 886 913 1935 1908
38 7 5 463 894 135 893 895 5 1485 1916 1157 1915 1917 4 463 894 1916 1485 4 894 135 1157 1916 4 135 893 1915 1157 4 893 895 1917 1915 4 895 463 1485 1917
38 7 5 797 743 273 919 848 5 1819 1765 1295 1941 1870 4 797 743 1765 1819 4 743 273 1295 1765 4 273 919 1941 1295 4 919 848 1870 1941 4 848 797 1819 1870
38 7 5 920 824 872 743 797 5 1942 1846 1894 1765 1819 4 920 824 1846 1942 4 824 872 1894 1846 4 872 743 1765 1894 4 743 797 1819 1765 4 797 920 1942 1819
38 7 5 916 338 464 890 340 5 1938 1360 1486 1912 1362 4 916 338 1360 1938 4 338 464 1486 1360 4 464 890 1912 1486 4 890 340 1362 1912 4 340 916 1938 1362
38 7 5 953 940 937 149 242 5 1975 1962 1959 1171 1264 4 953 940 1962 1975 4 940 937 1959 1962 4 937 149 1171 1959 4 149 242 1264 1171 4 242 953 1975 1264
38 7 5 939 941 336 940 953 5 1961 1963 1358 1962 1975 4 939 941 1963 1961 4 941 336 1358 1963 4 336 940 1962 1358 4 940 953 1975 1962 4 953 939 1961 1975
38 7 5 246 242 338 938 954 5 1268 1264 1360 1960 1976 4 246 242 1264 1268 4 242 338 1360 1264 4 338 938 1960 1360 4 938 954 1976 1960 4 954 246 1268 1976
38 7 5 873 921 956 958 957 5 1895 1943 1978 1980 1979 4 873 921 1943 1895 4 921 956 1978 1943 4 956 958 1980 1978 4 958 957 1979 1980 4 957 873 1895 1979
38 7 5 959 943 921 873 137 5 1981 1965 1943 1895 1159 4 959 943 1965 1981 4 943 921 1943 1965 4 921 873 1895 1943 4 873 137 1159 1895 4 137 959 1981 1159
38 7 5 606 566 4 584 585 5 1628 1588 1026 1606 1607 4 606 566 1588 1628 4 566 4 1026 1588 4 4 584 1606 1026 4 584 585 1607 1606 4 585 606 1628 1607
38 7 5 640 50 395 597 617 5 1662 1072 1417 1619 1639 4 640 50 1072 1662 4 50 395 1417 1072 4 395 597 1619 1417 4 597 617 1639 1619 4 617 640 1662 1639
38 7 5 593 616 615 614 592 5 1615 1638 1637 1636 1614 4 593 616 1638 1615 4 616 615 1637 1638 4 615 614 1636 1637 4 614 592 1614 1636 4 592 593 1615 1614
38 7 5 590 636 613 656 683 5 1612 1658 1635 1678 1705 4 590 636 1658 1612 4 636 613 1635 1658 4 613 656 1678 1635 4 656 683 1705 1678 4 683 590 1612 1705
38 7 5 359 725 672 698 198 5 1381 1747 1694 1720 1220 4 359 725 1747 1381 4 725 672 1694 1747 4 672 698 1720 1694 4 698 198 1220 1720 4 198 359 1381 1220
38 7 5 406 387 378 382 718 5 1428 1409 1400 1404 1740 4 406 387 1409 1428 4 387 378 1400 1409 4 378 382 1404 1400 4 382 718 1740 1404 4 718 406 1428 1740
38 7 5 491 286 488 740 765 5 1513 1308 1510 1762 1787 4 491 286 1308 1513 4 286 488 1510 1308 4 488 740 1762 1510 4 740 765 1787 1762 4 765 491 1513 1787
38 7 5 739 471 711 286 491 5 1761 1493 1733 1308 1513 4 739 471 1493 1761 4 471 711 1733 1493 4 711 286 1308 1733 4 286 491 1513 1308 4 491 739 1761 1513
38 7 5 766 477 491 765 303 5 1788 1499 1513 1787 1325 4 766 477 1499 1788 4 477 491 1513 1499 4 491 765 1787 1513 4 765 303 1325 1787 4 303 766 1788 1325
38 7 5 809 272 812 514 814 5 1831 1294 1834 1536 1836 4 809 272 1294 1831 4 272 812 1834 1294 4 812 514 1536 1834 4 514 814 1836 1536 4 814 809 1831 1836
38 7 5 254 268 517 524 836 5 1276 1290 1539 1546 1858 4 254 268 1290 1276 4 268 517 1539 1290 4 517 524 1546 1539 4 524 836 1858 1546 4 836 254 1276 1858
38 7 5 886 888 263 864 157 5 1908 1910 1285 1886 1179 4 886 888 1910 1908 4 888 263 1285 1910 4 263 864 1886 1285 4 864 157 1179 1886 4 157 886 1908 1179
45 8 6 591 279 548 549 567 588 6 1613 1301 1570 1571 1589 1610 4 591 279 1301 1613 4 279 548 1570 1301 4 548 549 1571 1570 4 549 567 1589 1571 4 567 588 1610 1589 4 588 591 1613 1610
45 8 6 125 17 608 6 20 19 6 1147 1039 1630 1028 1042 1041 4 125 17 1039 1147 4 17 608 1630 1039 4 608 6 1028 1630 4 6 20 1042 1028 4 20 19 1041 1042 4 19 125 1147 1041
45 8 6 124 19 20 630 119 120 6 1146 1041 1042 1652 1141 1142 4 124 19 1041 1146 4 19 20 1042 1041 4 20 630 1652 1042 4 630 119 1141 1652 4 119 120 1142 1141 4 120 124 1146 1142
45 8 6 654 23 21 122 116 117 6 1676 1045 1043 1144 1138 1139 4 654 23 1045 1676 4 23 21 1043 1045 4 21 122 1144 1043 4 122 116 1138 1144 4 116 117 1139 1138 4 117 654 1676 1139
45 8 6 678 33 108 113 651 176 6 1700 1055 1130 1135 1673 1198 4 678 33 1055 1700 4 33 108 1130 1055 4 108 113 1135 1130 4 113 651 1673 1135 4 651 176 1198 1673 4 176 678 1700 1198
45 8 6 181 180 105 674 97 184 6 1203 1202 1127 1696 1119 1206 4 181 180 1202 1203 4 180 105 1127 1202 4 105 674 1696 1127 4 674 97 1119 1696 4 97 184 1206 1119 4 184 181 1203 1206
45 8 6 726 88 672 725 700 729 6 1748 1110 1694 1747 1722 1751 4 726 88 1110 1748 4 88 672 1694 1110 4 672 725 1747 1694 4 725 700 1722 1747 4 700 729 1751 1722 4 729 726 1748 1751
45 8 6 351 342 201 194 754 72 6 1373 1364 1223 1216 1776 1094 4 351 342 1364 1373 4 342 201 1223 1364 4 201 194 1216 1223 4 194 754 1776 1216 4 754 72 1094 1776 4 72 351 1373 1094
45 8 6 234 236 46 227 230 228 6 1256 1258 1068 1249 1252 1250 4 234 236 1258 1256 4 236 46 1068 1258 4 46 227 1249 1068 4 227 230 1252 1249 4 230 228 1250 1252 4 228 234 1256 1250
45 8 6 425 152 830 235 802 221 6 1447 1174 1852 1257 1824 1243 4 425 152 1174 1447 4 152 830 1852 1174 4 830 235 1257 1852 4 235 802 1824 1257 4 802 221 1243 1824 4 221 425 1447 1243
45 8 6 561 90 87 560 42 40 6 1583 1112 1109 1582 1064 1062 4 561 90 1112 1583 4 90 87 1109 1112 4 87 560 1582 1109 4 560 42 1064 1582 4 42 40 1062 1064 4 40 561 1583 1062
45 8 6 627 80 605 110 76 626 6 1649 1102 1627 1132 1098 1648 4 627 80 1102 1649 4 80 605 1627 1102 4 605 110 1132 1627 4 110 76 1098 1132 4 76 626 1648 1098 4 626 627 1649 1648
45 8 6 29 653 130 129 128 25 6 1051 1675 1152 1151 1150 1047 4 29 653 1675 1051 4 653 130 1152 1675 4 130 129 1151 1152 4 129 128 1150 1151 4 128 25 1047 1150 4 25 29 1051 1047
45 8 6 682 657 290 611 177 679 6 1704 1679 1312 1633 1199 1701 4 682 657 1679 1704 4 657 290 1312 1679 4 290 611 1633 1312 4 611 177 1199 1633 4 177 679 1701 1199 4 679 682 1704 1701
45 8 6 2 920 797 848 336 941 6 1024 1942 1819 1870 1358 1963 4 2 920 1942 1024 4 920 797 1819 1942 4 797 848 1870 1819 4 848 336 1358 1870 4 336 941 1963 1358 4 941 2 1024 1963
45 8 6 940 336 848 919 918 937 6 1962 1358 1870 1941 1940 1959 4 940 336 1358 1962 4 336 848 1870 1358 4 848 919 1941 1870 4 919 918 1940 1941 4 918 937 1959 1940 4 937 940 1962 1959
45 8 6 893 871 53 51 160 895 6 1915 1893 1075 1073 1182 1917 4 893 871 1893 1915 4 871 53 1075 1893 4 53 51 1073 1075 4 51 160 1182 1073 4 160 895 1917 1182 4 895 893 1915 1917
45 8 6 155 326 331 333 868 869 6 1177 1348 1353 1355 1890 1891 4 155 326 1348 1177 4 326 331 1353 1348 4 331 333 1355 1353 4 333 868 1890 1355 4 868 869 1891 1890 4 869 155 1177 1891
45 8 6 314 310 311 306 785 815 6 1336 1332 1333 1328 1807 1837 4 314 310 1332 1336 4 310 311 1333 1332 4 311 306 1328 1333 4 306 785 1807 1328 4 785 815 1837 1807 4 815 314 1336 1837
45 8 6 704 677 181 184 164 703 6 1726 1699 1203 1206 1186 1725 4 704 677 1699 1726 4 677 181 1203 1699 4 181 184 1206 1203 4 184 164 1186 1206 4 164 703 1725 1186 4 703 704 1726 1725
45 8 6 100 96 92 93 599 649 6 1122 1118 1114 1115 1621 1671 4 100 96 1118 1122 4 96 92 1114 1118 4 92 93 1115 1114 4 93 599 1621 1115 4 599 649 1671 1621 4 649 100 1122 1671
45 8 6 648 599 93 625 624 622 6 1670 1621 1115 1647 1646 1644 4 648 599 1621 1670 4 599 93 1115 1621 4 93 625 1647 1115 4 625 624 1646 1647 4 624 622 1644 1646 4 622 648 1670 1644
45 8 6 623 600 189 601 48 377 6 1645 1622 1211 1623 1070 1399 4 623 600 1622 1645 4 600 189 1211 1622 4 189 601 1623 1211 4 601 48 1070 1623 4 48 377 1399 1070 4 377 623 1645 1399
45 8 6 803 216 226 196 223 200 6 1825 1238 1248 1218 1245 1222 4 803 216 1238 1825 4 216 226 1248 1238 4 226 196 1218 1248 4 196 223 1245 1218 4 223 200 1222 1245 4 200 803 1825 1222
45 8 6 241 234 228 127 232 126 6 1263 1256 1250 1149 1254 1148 4 241 234 1256 1263 4 234 228 1250 1256 4 228 127 1149 1250 4 127 232 1254 1149 4 232 126 1148 1254 4 126 241 1263 1148
45 8 6 441 261 156 837 908 256 6 1463 1283 1178 1859 1930 1278 4 441 261 1283 1463 4 261 156 1178 1283 4 156 837 1859 1178 4 837 908 1930 1859 4 908 256 1278 1930 4 256 441 1463 1278
45 8 6 296 480 471 739 741 769 6 1318 1502 1493 1761 1763 1791 4 296 480 1502 1318 4 480 471 1493 1502 4 471 739 1761 1493 4 739 741 1763 1761 4 741 769 1791 1763 4 769 296 1318 1791
45 8 6 305 475 477 766 767 308 6 1327 1497 1499 1788 1789 1330 4 305 475 1497 1327 4 475 477 1499 1497 4 477 766 1788 1499 4 766 767 1789 1788 4 767 308 1330 1789 4 308 305 1327 1330
45 8 6 155 328 841 327 330 326 6 1177 1350 1863 1349 1352 1348 4 155 328 1350 1177 4 328 841 1863 1350 4 841 327 1349 1863 4 327 330 1352 1349 4 330 326 1348 1352 4 326 155 1177 1348
45 8 6 337 335 867 231 163 266 6 1359 1357 1889 1253 1185 1288 4 337 335 1357 1359 4 335 867 1889 1357 4 867 231 1253 1889 4 231 163 1185 1253 4 163 266 1288 1185 4 266 337 1359 1288
45 8 6 865 866 263 888 891 892 6 1887 1888 1285 1910 1913 1914 4 865 866 1888 1887 4 866 263 1285 1888 4 263 888 1910 1285 4 888 891 1913 1910 4 891 892 1914 1913 4 892 865 1887 1914
45 8 6 783 727 255 344 243 251 6 1805 1749 1277 1366 1265 1273 4 783 727 1749 1805 4 727 255 1277 1749 4 255 344 1366 1277 4 344 243 1265 1366 4 243 251 1273 1265 4 251 783 1805 1273
45 8 6 780 348 65 782 171 757 6 1802 1370 1087 1804 1193 1779 4 780 348 1370 1802 4 348 65 1087 1370 4 65 782 1804 1087 4 782 171 1193 1804 4 171 757 1779 1193 4 757 780 1802 1779
45 8 6 63 352 347 346 350 353 6 1085 1374 1369 1368 1372 1375 4 63 352 1374 1085 4 352 347 1369 1374 4 347 346 1368 1369 4 346 350 1372 1368 4 350 353 1375 1372 4 353 63 1085 1375
45 8 6 752 370 192 723 371 751 6 1774 1392 1214 1745 1393 1773 4 752 370 1392 1774 4 370 192 1214 1392 4 192 723 1745 1214 4 723 371 1393 1745 4 371 751 1773 1393 4 751 752 1774 1773
45 8 6 722 379 671 367 697 696 6 1744 1401 1693 1389 1719 1718 4 722 379 1401 1744 4 379 671 1693 1401 4 671 367 1389 1693 4 367 697 1719 1389 4 697 696 1718 1719 4 696 722 1744 1718
45 8 6 719 696 697 203 364 383 6 1741 1718 1719 1225 1386 1405 4 719 696 1718 1741 4 696 697 1719 1718 4 697 203 1225 1719 4 203 364 1386 1225 4 364 383 1405 1386 4 383 719 1741 1405
45 8 6 695 666 621 668 665 693 6 1717 1688 1643 1690 1687 1715 4 695 666 1688 1717 4 666 621 1643 1688 4 621 668 1690 1643 4 668 665 1687 1690 4 665 693 1715 1687 4 693 695 1717 1715
45 8 6 667 641 598 642 405 397 6 1689 1663 1620 1664 1427 1419 4 667 641 1663 1689 4 641 598 1620 1663 4 598 642 1664 1620 4 642 405 1427 1664 4 405 397 1419 1427 4 397 667 1689 1419
45 8 6 413 209 212 412 746 64 6 1435 1231 1234 1434 1768 1086 4 413 209 1231 1435 4 209 212 1234 1231 4 212 412 1434 1234 4 412 746 1768 1434 4 746 64 1086 1768 4 64 413 1435 1086
45 8 6 877 851 854 413 64 411 6 1899 1873 1876 1435 1086 1433 4 877 851 1873 1899 4 851 854 1876 1873 4 854 413 1435 1876 4 413 64 1086 1435 4 64 411 1433 1086 4 411 877 1899 1433
45 8 6 67 138 421 248 418 420 6 1089 1160 1443 1270 1440 1442 4 67 138 1160 1089 4 138 421 1443 1160 4 421 248 1270 1443 4 248 418 1440 1270 4 418 420 1442 1440 4 420 67 1089 1442
45 8 6 427 879 428 533 857 423 6 1449 1901 1450 1555 1879 1445 4 427 879 1901 1449 4 879 428 1450 1901 4 428 533 1555 1450 4 533 857 1879 1555 4 857 423 1445 1879 4 423 427 1449 1445
45 8 6 902 907 439 437 883 271 6 1924 1929 1461 1459 1905 1293 4 902 907 1929 1924 4 907 439 1461 1929 4 439 437 1459 1461 4 437 883 1905 1459 4 883 271 1293 1905 4 271 902 1924 1293
45 8 6 903 904 442 441 256 909 6 1925 1926 1464 1463 1278 1931 4 903 904 1926 1925 4 904 442 1464 1926 4 442 441 1463 1464 4 441 256 1278 1463 4 256 909 1931 1278 4 909 903 1925 1931
45 8 6 430 435 445 264 265 444 6 1452 1457 1467 1286 1287 1466 4 430 435 1457 1452 4 435 445 1467 1457 4 445 264 1286 1467 4 264 265 1287 1286 4 265 444 1466 1287 4 444 430 1452 1466
45 8 6 966 955 142 246 954 965 6 1988 1977 1164 1268 1976 1987 4 966 955 1977 1988 4 955 142 1164 1977 4 142 246 1268 1164 4 246 954 1976 1268 4 954 965 1987 1976 4 965 966 1988 1987
45 8 6 740 488 487 684 49 738 6 1762 1510 1509 1706 1071 1760 4 740 488 1510 1762 4 488 487 1509 1510 4 487 684 1706 1509 4 684 49 1071 1706 4 49 738 1760 1071 4 738 740 1762 1760
45 8 6 294 503 732 502 501 760 6 1316 1525 1754 1524 1523 1782 4 294 503 1525 1316 4 503 732 1754 1525 4 732 502 1524 1754 4 502 501 1523 1524 4 501 760 1782 1523 4 760 294 1316 1782
45 8 6 811 521 243 344 345 810 6 1833 1543 1265 1366 1367 1832 4 811 521 1543 1833 4 521 243 1265 1543 4 243 344 1366 1265 4 344 345 1367 1366 4 345 810 1832 1367 4 810 811 1833 1832
45 8 6 836 524 523 781 237 834 6 1858 1546 1545 1803 1259 1856 4 836 524 1546 1858 4 524 523 1545 1546 4 523 781 1803 1545 4 781 237 1259 1803 4 237 834 1856 1259 4 834 836 1858 1856
45 8 6 245 527 807 121 806 528 6 1267 1549 1829 1143 1828 1550 4 245 527 1549 1267 4 527 807 1829 1549 4 807 121 1143 1829 4 121 806 1828 1143 4 806 528 1550 1828 4 528 245 1267 1550
45 8 6 529 1 131 233 532 530 6 1551 1023 1153 1255 1554 1552 4 529 1 1023 1551 4 1 131 1153 1023 4 131 233 1255 1153 4 233 532 1554 1255 4 532 530 1552 1554 4 530 529 1551 1552
45 8 6 627 626 187 625 93 92 6 1649 1648 1209 1647 1115 1114 4 627 626 1648 1649 4 626 187 1209 1648 4 187 625 1647 1209 4 625 93 1115 1647 4 93 92 1114 1115 4 92 627 1649 1114
45 8 6 18 118 631 630 20 6 6 1040 1140 1653 1652 1042 1028 4 18 118 1140 1040 4 118 631 1653 1140 4 631 630 1652 1653 4 630 20 1042 1652 4 20 6 1028 1042 4 6 18 1040 1028
45 8 6 997 615 616 594 639 996 6 2019 1637 1638 1616 1661 2018 4 997 615 1637 2019 4 615 616 1638 1637 4 616 594 1616 1638 4 594 639 1661 1616 4 639 996 2018 1661 4 996 997 2019 2018
45 8 6 677 35 678 176 180 181 6 1699 1057 1700 1198 1202 1203 4 677 35 1057 1699 4 35 678 1700 1057 4 678 176 1198 1700 4 176 180 1202 1198 4 180 181 1203 1202 4 181 677 1699 1203
45 8 6 672 88 673 185 701 698 6 1694 1110 1695 1207 1723 1720 4 672 88 1110 1694 4 88 673 1695 1110 4 673 185 1207 1695 4 185 701 1723 1207 4 701 698 1720 1723 4 698 672 1694 1720
45 8 6 286 713 484 712 487 488 6 1308 1735 1506 1734 1509 1510 4 286 713 1735 1308 4 713 484 1506 1735 4 484 712 1734 1506 4 712 487 1509 1734 4 487 488 1510 1509 4 488 286 1308 1510
45 8 6 300 301 770 296 769 297 6 1322 1323 1792 1318 1791 1319 4 300 301 1323 1322 4 301 770 1792 1323 4 770 296 1318 1792 4 296 769 1791 1318 4 769 297 1319 1791 4 297 300 1322 1319
45 8 6 514 812 787 510 512 786 6 1536 1834 1809 1532 1534 1808 4 514 812 1834 1536 4 812 787 1809 1834 4 787 510 1532 1809 4 510 512 1534 1532 4 512 786 1808 1534 4 786 514 1536 1808
45 8 6 216 803 220 224 225 804 6 1238 1825 1242 1246 1247 1826 4 216 803 1825 1238 4 803 220 1242 1825 4 220 224 1246 1242 4 224 225 1247 1246 4 225 804 1826 1247 4 804 216 1238 1826
45 8 6 317 151 823 313 821 316 6 1339 1173 1845 1335 1843 1338 4 317 151 1173 1339 4 151 823 1845 1173 4 823 313 1335 1845 4 313 821 1843 1335 4 821 316 1338 1843 4 316 317 1339 1338
45 8 6 327 841 323 318 842 322 6 1349 1863 1345 1340 1864 1344 4 327 841 1863 1349 4 841 323 1345 1863 4 323 318 1340 1345 4 318 842 1864 1340 4 842 322 1344 1864 4 322 327 1349 1344
45 8 6 150 844 845 843 324 325 6 1172 1866 1867 1865 1346 1347 4 150 844 1866 1172 4 844 845 1867 1866 4 845 843 1865 1867 4 843 324 1346 1865 4 324 325 1347 1346 4 325 150 1172 1347
45 8 6 961 959 137 244 955 966 6 1983 1981 1159 1266 1977 1988 4 961 959 1981 1983 4 959 137 1159 1981 4 137 244 1266 1159 4 244 955 1977 1266 4 955 966 1988 1977 4 966 961 1983 1988
45 8 6 557 542 536 402 541 537 6 1579 1564 1558 1424 1563 1559 4 557 542 1564 1579 4 542 536 1558 1564 4 536 402 1424 1558 4 402 541 1563 1424 4 541 537 1559 1563 4 537 557 1579 1559
45 8 6 577 559 398 557 537 576 6 1599 1581 1420 1579 1559 1598 4 577 559 1581 1599 4 559 398 1420 1581 4 398 557 1579 1420 4 557 537 1559 1579 4 537 576 1598 1559 4 576 577 1599 1598
45 8 6 95 91 90 561 543 94 6 1117 1113 1112 1583 1565 1116 4 95 91 1113 1117 4 91 90 1112 1113 4 90 561 1583 1112 4 561 543 1565 1583 4 543 94 1116 1565 4 94 95 1117 1116
45 8 6 562 102 99 91 95 98 6 1584 1124 1121 1113 1117 1120 4 562 102 1124 1584 4 102 99 1121 1124 4 99 91 1113 1121 4 91 95 1117 1113 4 95 98 1120 1117 4 98 562 1584 1120
45 8 6 564 102 562 8 582 103 6 1586 1124 1584 1030 1604 1125 4 564 102 1124 1586 4 102 562 1584 1124 4 562 8 1030 1584 4 8 582 1604 1030 4 582 103 1125 1604 4 103 564 1586 1125
45 8 6 377 48 44 578 68 619 6 1399 1070 1066 1600 1090 1641 4 377 48 1070 1399 4 48 44 1066 1070 4 44 578 1600 1066 4 578 68 1090 1600 4 68 619 1641 1090 4 619 377 1399 1641
45 8 6 644 622 624 197 600 623 6 1666 1644 1646 1219 1622 1645 4 644 622 1644 1666 4 622 624 1646 1644 4 624 197 1219 1646 4 197 600 1622 1219 4 600 623 1645 1622 4 623 644 1666 1645
45 8 6 37 734 173 708 39 705 6 1059 1756 1195 1730 1061 1727 4 37 734 1756 1059 4 734 173 1195 1756 4 173 708 1730 1195 4 708 39 1061 1730 4 39 705 1727 1061 4 705 37 1059 1727
45 8 6 765 740 738 492 737 302 6 1787 1762 1760 1514 1759 1324 4 765 740 1762 1787 4 740 738 1760 1762 4 738 492 1514 1760 4 492 737 1759 1514 4 737 302 1324 1759 4 302 765 1787 1324
45 8 6 60 388 748 387 406 62 6 1082 1410 1770 1409 1428 1084 4 60 388 1410 1082 4 388 748 1770 1410 4 748 387 1409 1770 4 387 406 1428 1409 4 406 62 1084 1428 4 62 60 1082 1084
45 8 6 409 775 747 60 62 800 6 1431 1797 1769 1082 1084 1822 4 409 775 1797 1431 4 775 747 1769 1797 4 747 60 1082 1769 4 60 62 1084 1082 4 62 800 1822 1084 4 800 409 1431 1822
45 8 6 311 307 298 763 789 306 6 1333 1329 1320 1785 1811 1328 4 311 307 1329 1333 4 307 298 1320 1329 4 298 763 1785 1320 4 763 789 1811 1785 4 789 306 1328 1811 4 306 311 1333 1328
45 8 6 838 817 507 509 812 272 6 1860 1839 1529 1531 1834 1294 4 838 817 1839 1860 4 817 507 1529 1839 4 507 509 1531 1529 4 509 812 1834 1531 4 812 272 1294 1834 4 272 838 1860 1294
45 8 6 511 166 839 816 838 864 6 1533 1188 1861 1838 1860 1886 4 511 166 1188 1533 4 166 839 1861 1188 4 839 816 1838 1861 4 816 838 1860 1838 4 838 864 1886 1860 4 864 511 1533 1886
45 8 6 58 853 209 413 854 416 6 1080 1875 1231 1435 1876 1438 4 58 853 1875 1080 4 853 209 1231 1875 4 209 413 1435 1231 4 413 854 1876 1435 4 854 416 1438 1876 4 416 58 1080 1438
45 8 6 835 254 833 860 515 258 6 1857 1276 1855 1882 1537 1280 4 835 254 1276 1857 4 254 833 1855 1276 4 833 860 1882 1855 4 860 515 1537 1882 4 515 258 1280 1537 4 258 835 1857 1280
45 8 6 427 423 138 67 878 431 6 1449 1445 1160 1089 1900 1453 4 427 423 1445 1449 4 423 138 1160 1445 4 138 67 1089 1160 4 67 878 1900 1089 4 878 431 1453 1900 4 431 427 1449 1453
45 8 6 887 450 238 170 863 259 6 1909 1472 1260 1192 1885 1281 4 887 450 1472 1909 4 450 238 1260 1472 4 238 170 1192 1260 4 170 863 1885 1192 4 863 259 1281 1885 4 259 887 1909 1281
45 8 6 451 446 905 879 427 431 6 1473 1468 1927 1901 1449 1453 4 451 446 1468 1473 4 446 905 1927 1468 4 905 879 1901 1927 4 879 427 1449 1901 4 427 431 1453 1449 4 431 451 1473 1453
45 8 6 446 440 906 876 422 905 6 1468 1462 1928 1898 1444 1927 4 446 440 1462 1468 4 440 906 1928 1462 4 906 876 1898 1928 4 876 422 1444 1898 4 422 905 1927 1444 4 905 446 1468 1927
45 8 6 902 271 429 875 906 440 6 1924 1293 1451 1897 1928 1462 4 902 271 1293 1924 4 271 429 1451 1293 4 429 875 1897 1451 4 875 906 1928 1897 4 906 440 1462 1928 4 440 902 1924 1462
45 8 6 937 918 334 894 463 149 6 1959 1940 1356 1916 1485 1171 4 937 918 1940 1959 4 918 334 1356 1940 4 334 894 1916 1356 4 894 463 1485 1916 4 463 149 1171 1485 4 149 937 1959 1171
45 8 6 458 449 929 907 902 440 6 1480 1471 1951 1929 1924 1462 4 458 449 1471 1480 4 449 929 1951 1471 4 929 907 1929 1951 4 907 902 1924 1929 4 902 440 1462 1924 4 440 458 1480 1462
45 8 6 926 434 435 430 930 443 6 1948 1456 1457 1452 1952 1465 4 926 434 1456 1948 4 434 435 1457 1456 4 435 430 1452 1457 4 430 930 1952 1452 4 930 443 1465 1952 4 443 926 1948 1465
45 8 6 452 438 932 448 933 262 6 1474 1460 1954 1470 1955 1284 4 452 438 1460 1474 4 438 932 1954 1460 4 932 448 1470 1954 4 448 933 1955 1470 4 933 262 1284 1955 4 262 452 1474 1284
45 8 6 921 824 920 2 942 956 6 1943 1846 1942 1024 1964 1978 4 921 824 1846 1943 4 824 920 1942 1846 4 920 2 1024 1942 4 2 942 1964 1024 4 942 956 1978 1964 4 956 921 1943 1978
45 8 6 938 338 916 936 465 952 6 1960 1360 1938 1958 1487 1974 4 938 338 1360 1960 4 338 916 1938 1360 4 916 936 1958 1938 4 936 465 1487 1958 4 465 952 1974 1487 4 952 938 1960 1974
45 8 6 587 567 549 547 565 4 6 1609 1589 1571 1569 1587 1026 4 587 567 1589 1609 4 567 549 1571 1589 4 549 547 1569 1571 4 547 565 1587 1569 4 565 4 1026 1587 4 4 587 1609 1026
45 8 6 282 133 11 165 279 591 6 1304 1155 1033 1187 1301 1613 4 282 133 1155 1304 4 133 11 1033 1155 4 11 165 1187 1033 4 165 279 1301 1187 4 279 591 1613 1301 4 591 282 1304 1613
45 8 6 132 633 282 287 13 612 6 1154 1655 1304 1309 1035 1634 4 132 633 1655 1154 4 633 282 1304 1655 4 282 287 1309 1304 4 287 13 1035 1309 4 13 612 1634 1035 4 612 132 1154 1634
45 8 6 650 629 118 18 115 186 6 1672 1651 1140 1040 1137 1208 4 650 629 1651 1672 4 629 118 1140 1651 4 118 18 1040 1140 4 18 115 1137 1040 4 115 186 1208 1137 4 186 650 1672 1208
45 8 6 283 710 658 3 683 486 6 1305 1732 1680 1025 1705 1508 4 283 710 1732 1305 4 710 658 1680 1732 4 658 3 1025 1680 4 3 683 1705 1025 4 683 486 1508 1705 4 486 283 1305 1508
45 8 6 711 686 714 482 713 286 6 1733 1708 1736 1504 1735 1308 4 711 686 1708 1733 4 686 714 1736 1708 4 714 482 1504 1736 4 482 713 1735 1504 4 713 286 1308 1735 4 286 711 1733 1308
45 8 6 742 715 688 275 686 711 6 1764 1737 1710 1297 1708 1733 4 742 715 1737 1764 4 715 688 1710 1737 4 688 275 1297 1710 4 275 686 1708 1297 4 686 711 1733 1708 4 711 742 1764 1733
45 8 6 267 784 758 57 756 174 6 1289 1806 1780 1079 1778 1196 4 267 784 1806 1289 4 784 758 1780 1806 4 758 57 1079 1780 4 57 756 1778 1079 4 756 174 1196 1778 4 174 267 1289 1196
45 8 6 307 790 302 496 762 764 6 1329 1812 1324 1518 1784 1786 4 307 790 1812 1329 4 790 302 1324 1812 4 302 496 1518 1324 4 496 762 1784 1518 4 762 764 1786 1784 4 764 307 1329 1786
45 8 6 791 295 483 303 790 818 6 1813 1317 1505 1325 1812 1840 4 791 295 1317 1813 4 295 483 1505 1317 4 483 303 1325 1505 4 303 790 1812 1325 4 790 818 1840 1812 4 818 791 1813 1840
52 9 7 612 13 546 566 606 586 610 7 1634 1035 1568 1588 1628 1608 1632 4 612 13 1035 1634 4 13 546 1568 1035 4 546 566 1588 1568 4 566 606 1628 1588 4 606 586 1608 1628 4 586 610 1632 1608 4 610 612 1634 1632
52 9 7 702 164 184 97 188 701 185 7 1724 1186 1206 1119 1210 1723 1207 4 702 164 1186 1724 4 164 184 1206 1186 4 184 97 1119 1206 4 97 188 1210 1119 4 188 701 1723 1210 4 701 185 1207 1723 4 185 702 1724 1207
52 9 7 63 353 354 358 360 26 239 7 1085 1375 1376 1380 1382 1048 1261 4 63 353 1375 1085 4 353 354 1376 1375 4 354 358 1380 1376 4 358 360 1382 1380 4 360 26 1048 1382 4 26 239 1261 1048 4 239 63 1085 1261
52 9 7 424 143 801 208 827 248 421 7 1446 1165 1823 1230 1849 1270 1443 4 424 143 1165 1446 4 143 801 1823 1165 4 801 208 1230 1823 4 208 827 1849 1230 4 827 248 1270 1849 4 248 421 1443 1270 4 421 424 1446 1443
52 9 7 23 25 128 125 19 124 21 7 1045 1047 1150 1147 1041 1146 1043 4 23 25 1047 1045 4 25 128 1150 1047 4 128 125 1147 1150 4 125 19 1041 1147 4 19 124 1146 1041 4 124 21 1043 1146 4 21 23 1045 1043
52 9 7 505 501 502 497 759 178 504 7 1527 1523 1524 1519 1781 1200 1526 4 505 501 1523 1527 4 501 502 1524 1523 4 502 497 1519 1524 4 497 759 1781 1519 4 759 178 1200 1781 4 178 504 1526 1200 4 504 505 1527 1526
52 9 7 498 494 493 172 182 730 731 7 1520 1516 1515 1194 1204 1752 1753 4 498 494 1516 1520 4 494 493 1515 1516 4 493 172 1194 1515 4 172 182 1204 1194 4 182 730 1752 1204 4 730 731 1753 1752 4 731 498 1520 1753
52 9 7 526 241 126 531 233 131 525 7 1548 1263 1148 1553 1255 1153 1547 4 526 241 1263 1548 4 241 126 1148 1263 4 126 531 1553 1148 4 531 233 1255 1553 4 233 131 1153 1255 4 131 525 1547 1153 4 525 526 1548 1547
52 9 7 754 194 357 362 360 358 356 7 1776 1216 1379 1384 1382 1380 1378 4 754 194 1216 1776 4 194 357 1379 1216 4 357 362 1384 1379 4 362 360 1382 1384 4 360 358 1380 1382 4 358 356 1378 1380 4 356 754 1776 1378
52 9 7 410 415 414 417 855 58 416 7 1432 1437 1436 1439 1877 1080 1438 4 410 415 1437 1432 4 415 414 1436 1437 4 414 417 1439 1436 4 417 855 1877 1439 4 855 58 1080 1877 4 58 416 1438 1080 4 416 410 1432 1438
52 9 7 947 931 933 448 447 434 926 7 1969 1953 1955 1470 1469 1456 1948 4 947 931 1953 1969 4 931 933 1955 1953 4 933 448 1470 1955 4 448 447 1469 1470 4 447 434 1456 1469 4 434 926 1948 1456 4 926 947 1969 1948
52 9 7 936 916 340 950 951 945 946 7 1958 1938 1362 1972 1973 1967 1968 4 936 916 1938 1958 4 916 340 1362 1938 4 340 950 1972 1362 4 950 951 1973 1972 4 951 945 1967 1973 4 945 946 1968 1967 4 946 936 1958 1968
52 9 7 472 470 663 594 616 593 638 7 1494 1492 1685 1616 1638 1615 1660 4 472 470 1492 1494 4 470 663 1685 1492 4 663 594 1616 1685 4 594 616 1638 1616 4 616 593 1615 1638 4 593 638 1660 1615 4 638 472 1494 1660
52 9 7 482 714 687 552 636 590 659 7 1504 1736 1709 1574 1658 1612 1681 4 482 714 1736 1504 4 714 687 1709 1736 4 687 552 1574 1709 4 552 636 1658 1574 4 636 590 1612 1658 4 590 659 1681 1612 4 659 482 1504 1681
52 9 7 762 496 736 490 173 734 707 7 1784 1518 1758 1512 1195 1756 1729 4 762 496 1518 1784 4 496 736 1758 1518 4 736 490 1512 1758 4 490 173 1195 1512 4 173 734 1756 1195 4 734 707 1729 1756 4 707 762 1784 1729
52 9 7 787 508 506 504 178 148 510 7 1809 1530 1528 1526 1200 1170 1532 4 787 508 1530 1809 4 508 506 1528 1530 4 506 504 1526 1528 4 504 178 1200 1526 4 178 148 1170 1200 4 148 510 1532 1170 4 510 787 1809 1532
52 9 7 814 514 786 758 784 140 516 7 1836 1536 1808 1780 1806 1162 1538 4 814 514 1536 1836 4 514 786 1808 1536 4 786 758 1780 1808 4 758 784 1806 1780 4 784 140 1162 1806 4 140 516 1538 1162 4 516 814 1836 1538
52 9 7 523 810 345 65 348 123 781 7 1545 1832 1367 1087 1370 1145 1803 4 523 810 1832 1545 4 810 345 1367 1832 4 345 65 1087 1367 4 65 348 1370 1087 4 348 123 1145 1370 4 123 781 1803 1145 4 781 523 1545 1803
52 9 7 806 526 525 831 832 519 528 7 1828 1548 1547 1853 1854 1541 1550 4 806 526 1548 1828 4 526 525 1547 1548 4 525 831 1853 1547 4 831 832 1854 1853 4 832 519 1541 1854 4 519 528 1550 1541 4 528 806 1828 1550
52 9 7 28 191 580 32 193 34 581 7 1050 1213 1602 1054 1215 1056 1603 4 28 191 1213 1050 4 191 580 1602 1213 4 580 32 1054 1602 4 32 193 1215 1054 4 193 34 1056 1215 4 34 581 1603 1056 4 581 28 1050 1603
52 9 7 602 70 191 28 601 189 603 7 1624 1092 1213 1050 1623 1211 1625 4 602 70 1092 1624 4 70 191 1213 1092 4 191 28 1050 1213 4 28 601 1623 1050 4 601 189 1211 1623 4 189 603 1625 1211 4 603 602 1624 1625
52 9 7 662 45 275 688 47 716 7 7 1684 1067 1297 1710 1069 1738 1029 4 662 45 1067 1684 4 45 275 1297 1067 4 275 688 1710 1297 4 688 47 1069 1710 4 47 716 1738 1069 4 716 7 1029 1738 4 7 662 1684 1029
52 9 7 207 211 722 696 719 382 378 7 1229 1233 1744 1718 1741 1404 1400 4 207 211 1233 1229 4 211 722 1744 1233 4 722 696 1718 1744 4 696 719 1741 1718 4 719 382 1404 1741 4 382 378 1400 1404 4 378 207 1229 1400
52 9 7 471 480 469 159 158 742 711 7 1493 1502 1491 1181 1180 1764 1733 4 471 480 1502 1493 4 480 469 1491 1502 4 469 159 1181 1491 4 159 158 1180 1181 4 158 742 1764 1180 4 742 711 1733 1764 4 711 471 1493 1733
52 9 7 289 771 281 284 744 285 288 7 1311 1793 1303 1306 1766 1307 1310 4 289 771 1793 1311 4 771 281 1303 1793 4 281 284 1306 1303 4 284 744 1766 1306 4 744 285 1307 1766 4 285 288 1310 1307 4 288 289 1311 1310
52 9 7 750 778 752 751 211 215 218 7 1772 1800 1774 1773 1233 1237 1240 4 750 778 1800 1772 4 778 752 1774 1800 4 752 751 1773 1774 4 751 211 1233 1773 4 211 215 1237 1233 4 215 218 1240 1237 4 218 750 1772 1240
52 9 7 57 179 148 178 759 728 756 7 1079 1201 1170 1200 1781 1750 1778 4 57 179 1201 1079 4 179 148 1170 1201 4 148 178 1200 1170 4 178 759 1781 1200 4 759 728 1750 1781 4 728 756 1778 1750 4 756 57 1079 1778
52 9 7 298 307 764 499 500 503 294 7 1320 1329 1786 1521 1522 1525 1316 4 298 307 1329 1320 4 307 764 1786 1329 4 764 499 1521 1786 4 499 500 1522 1521 4 500 503 1525 1522 4 503 294 1316 1525 4 294 298 1320 1316
52 9 7 767 766 303 483 481 793 479 7 1789 1788 1325 1505 1503 1815 1501 4 767 766 1788 1789 4 766 303 1325 1788 4 303 483 1505 1325 4 483 481 1503 1505 4 481 793 1815 1503 4 793 479 1501 1815 4 479 767 1789 1501
52 9 7 121 522 236 234 241 526 806 7 1143 1544 1258 1256 1263 1548 1828 4 121 522 1544 1143 4 522 236 1258 1544 4 236 234 1256 1258 4 234 241 1263 1256 4 241 526 1548 1263 4 526 806 1828 1548 4 806 121 1143 1828
52 9 7 792 791 818 315 735 820 299 7 1814 1813 1840 1337 1757 1842 1321 4 792 791 1813 1814 4 791 818 1840 1813 4 818 315 1337 1840 4 315 735 1757 1337 4 735 820 1842 1757 4 820 299 1321 1842 4 299 792 1814 1321
52 9 7 163 511 864 263 866 840 266 7 1185 1533 1886 1285 1888 1862 1288 4 163 511 1533 1185 4 511 864 1886 1533 4 864 263 1285 1886 4 263 866 1888 1285 4 866 840 1862 1888 4 840 266 1288 1862 4 266 163 1185 1288
52 9 7 437 439 909 256 908 252 257 7 1459 1461 1931 1278 1930 1274 1279 4 437 439 1461 1459 4 439 909 1931 1461 4 909 256 1278 1931 4 256 908 1930 1278 4 908 252 1274 1930 4 252 257 1279 1274 4 257 437 1459 1279
52 9 7 967 538 540 534 74 545 960 7 1989 1560 1562 1556 1096 1567 1982 4 967 538 1560 1989 4 538 540 1562 1560 4 540 534 1556 1562 4 534 74 1096 1556 4 74 545 1567 1096 4 545 960 1982 1567 4 960 967 1989 1982
52 9 7 987 948 928 927 931 947 986 7 2009 1970 1950 1949 1953 1969 2008 4 987 948 1970 2009 4 948 928 1950 1970 4 928 927 1949 1950 4 927 931 1953 1949 4 931 947 1969 1953 4 947 986 2008 1969 4 986 987 2009 2008
52 9 7 577 579 42 560 558 539 559 7 1599 1601 1064 1582 1580 1561 1581 4 577 579 1601 1599 4 579 42 1064 1601 4 42 560 1582 1064 4 560 558 1580 1582 4 558 539 1561 1580 4 539 559 1581 1561 4 559 577 1599 1581
52 9 7 107 14 12 102 564 106 583 7 1129 1036 1034 1124 1586 1128 1605 4 107 14 1036 1129 4 14 12 1034 1036 4 12 102 1124 1034 4 102 564 1586 1124 4 564 106 1128 1586 4 106 583 1605 1128 4 583 107 1129 1605
52 9 7 18 6 608 71 586 606 585 7 1040 1028 1630 1093 1608 1628 1607 4 18 6 1028 1040 4 6 608 1630 1028 4 608 71 1093 1630 4 71 586 1608 1093 4 586 606 1628 1608 4 606 585 1607 1628 4 585 18 1040 1607
52 9 7 392 389 52 597 395 618 391 7 1414 1411 1074 1619 1417 1640 1413 4 392 389 1411 1414 4 389 52 1074 1411 4 52 597 1619 1074 4 597 395 1417 1619 4 395 618 1640 1417 4 618 391 1413 1640 4 391 392 1414 1413
52 9 7 397 405 407 535 50 640 664 7 1419 1427 1429 1557 1072 1662 1686 4 397 405 1427 1419 4 405 407 1429 1427 4 407 535 1557 1429 4 535 50 1072 1557 4 50 640 1662 1072 4 640 664 1686 1662 4 664 397 1419 1686
52 9 7 290 291 129 130 609 655 611 7 1312 1313 1151 1152 1631 1677 1633 4 290 291 1313 1312 4 291 129 1151 1313 4 129 130 1152 1151 4 130 609 1631 1152 4 609 655 1677 1631 4 655 611 1633 1677 4 611 290 1312 1633
52 9 7 573 592 613 636 552 660 637 7 1595 1614 1635 1658 1574 1682 1659 4 573 592 1614 1595 4 592 613 1635 1614 4 613 636 1658 1635 4 636 552 1574 1658 4 552 660 1682 1574 4 660 637 1659 1682 4 637 573 1595 1659
52 9 7 701 188 190 647 646 670 698 7 1723 1210 1212 1669 1668 1692 1720 4 701 188 1210 1723 4 188 190 1212 1210 4 190 647 1669 1212 4 647 646 1668 1669 4 646 670 1692 1668 4 670 698 1720 1692 4 698 701 1723 1720
52 9 7 275 691 474 689 478 476 686 7 1297 1713 1496 1711 1500 1498 1708 4 275 691 1713 1297 4 691 474 1496 1713 4 474 689 1711 1496 4 689 478 1500 1711 4 478 476 1498 1500 4 476 686 1708 1498 4 686 275 1297 1708
52 9 7 45 690 467 470 472 691 275 7 1067 1712 1489 1492 1494 1713 1297 4 45 690 1712 1067 4 690 467 1489 1712 4 467 470 1492 1489 4 470 472 1494 1492 4 472 691 1713 1494 4 691 275 1297 1713 4 275 45 1067 1297
52 9 7 215 211 207 210 749 721 214 7 1237 1233 1229 1232 1771 1743 1236 4 215 211 1233 1237 4 211 207 1229 1233 4 207 210 1232 1229 4 210 749 1771 1232 4 749 721 1743 1771 4 721 214 1236 1743 4 214 215 1237 1236
52 9 7 217 202 776 773 394 775 409 7 1239 1224 1798 1795 1416 1797 1431 4 217 202 1224 1239 4 202 776 1798 1224 4 776 773 1795 1798 4 773 394 1416 1795 4 394 775 1797 1416 4 775 409 1431 1797 4 409 217 1239 1431
52 9 7 517 809 814 516 518 521 811 7 1539 1831 1836 1538 1540 1543 1833 4 517 809 1831 1539 4 809 814 1836 1831 4 814 516 1538 1836 4 516 518 1540 1538 4 518 521 1543 1540 4 521 811 1833 1543 4 811 517 1539 1833
52 9 7 853 208 801 221 802 828 826 7 1875 1230 1823 1243 1824 1850 1848 4 853 208 1230 1875 4 208 801 1823 1230 4 801 221 1243 1823 4 221 802 1824 1243 4 802 828 1850 1824 4 828 826 1848 1850 4 826 853 1875 1848
52 9 7 167 170 268 254 835 513 862 7 1189 1192 1290 1276 1857 1535 1884 4 167 170 1192 1189 4 170 268 1290 1192 4 268 254 1276 1290 4 254 835 1857 1276 4 835 513 1535 1857 4 513 862 1884 1535 4 862 167 1189 1884
52 9 7 53 844 150 328 155 869 51 7 1075 1866 1172 1350 1177 1891 1073 4 53 844 1866 1075 4 844 150 1172 1866 4 150 328 1350 1172 4 328 155 1177 1350 4 155 869 1891 1177 4 869 51 1073 1891 4 51 53 1075 1073
52 9 7 270 431 878 415 410 851 877 7 1292 1453 1900 1437 1432 1873 1899 4 270 431 1453 1292 4 431 878 1900 1453 4 878 415 1437 1900 4 415 410 1432 1437 4 410 851 1873 1432 4 851 877 1899 1873 4 877 270 1292 1899
52 9 7 863 170 167 161 885 837 156 7 1885 1192 1189 1183 1907 1859 1178 4 863 170 1192 1885 4 170 167 1189 1192 4 167 161 1183 1189 4 161 885 1907 1183 4 885 837 1859 1907 4 837 156 1178 1859 4 156 863 1885 1178
52 9 7 273 743 847 871 893 135 897 7 1295 1765 1869 1893 1915 1157 1919 4 273 743 1765 1295 4 743 847 1869 1765 4 847 871 1893 1869 4 871 893 1915 1893 4 893 135 1157 1915 4 135 897 1919 1157 4 897 273 1295 1919
52 9 7 438 450 887 240 813 912 932 7 1460 1472 1909 1262 1835 1934 1954 4 438 450 1472 1460 4 450 887 1909 1472 4 887 240 1262 1909 4 240 813 1835 1262 4 813 912 1934 1835 4 912 932 1954 1934 4 932 438 1460 1954
52 9 7 449 443 930 901 904 903 929 7 1471 1465 1952 1923 1926 1925 1951 4 449 443 1465 1471 4 443 930 1952 1465 4 930 901 1923 1952 4 901 904 1926 1923 4 904 903 1925 1926 4 903 929 1951 1925 4 929 449 1471 1951
52 9 7 456 889 438 452 934 914 455 7 1478 1911 1460 1474 1956 1936 1477 4 456 889 1911 1478 4 889 438 1460 1911 4 438 452 1474 1460 4 452 934 1956 1474 4 934 914 1936 1956 4 914 455 1477 1936 4 455 456 1478 1477
52 9 7 935 950 340 890 889 456 459 7 1957 1972 1362 1912 1911 1478 1481 4 935 950 1972 1957 4 950 340 1362 1972 4 340 890 1912 1362 4 890 889 1911 1912 4 889 456 1478 1911 4 456 459 1481 1478 4 459 935 1957 1481
52 9 7 309 795 301 300 304 141 796 7 1331 1817 1323 1322 1326 1163 1818 4 309 795 1817 1331 4 795 301 1323 1817 4 301 300 1322 1323 4 300 304 1326 1322 4 304 141 1163 1326 4 141 796 1818 1163 4 796 309 1331 1818
52 9 7 151 846 309 794 312 145 823 7 1173 1868 1331 1816 1334 1167 1845 4 151 846 1868 1173 4 846 309 1331 1868 4 309 794 1816 1331 4 794 312 1334 1816 4 312 145 1167 1334 4 145 823 1845 1167 4 823 151 1173 1845
52 9 7 844 822 151 317 320 321 845 7 1866 1844 1173 1339 1342 1343 1867 4 844 822 1844 1866 4 822 151 1173 1844 4 151 317 1339 1173 4 317 320 1342 1339 4 320 321 1343 1342 4 321 845 1867 1343 4 845 844 1866 1867
59 10 8 522 805 30 36 196 226 46 236 8 1544 1827 1052 1058 1218 1248 1068 1258 4 522 805 1827 1544 4 805 30 1052 1827 4 30 36 1058 1052 4 36 196 1218 1058 4 196 226 1248 1218 4 226 46 1068 1248 4 46 236 1258 1068 4 236 522 1544 1258
59 10 8 511 163 231 329 330 327 322 166 8 1533 1185 1253 1351 1352 1349 1344 1188 4 511 163 1185 1533 4 163 231 1253 1185 4 231 329 1351 1253 4 329 330 1352 1351 4 330 327 1349 1352 4 327 322 1344 1349 4 322 166 1188 1344 4 166 511 1533 1188
59 10 8 578 44 581 34 38 40 42 579 8 1600 1066 1603 1056 1060 1062 1064 1601 4 578 44 1066 1600 4 44 581 1603 1066 4 581 34 1056 1603 4 34 38 1060 1056 4 38 40 1062 1060 4 40 42 1064 1062 4 42 579 1601 1064 4 579 578 1600 1601
59 10 8 856 134 247 245 528 519 530 532 8 1878 1156 1269 1267 1550 1541 1552 1554 4 856 134 1156 1878 4 134 247 1269 1156 4 247 245 1267 1269 4 245 528 1550 1267 4 528 519 1541 1550 4 519 530 1552 1541 4 530 532 1554 1552 4 532 856 1878 1554
59 10 8 856 532 233 531 829 830 152 859 8 1878 1554 1255 1553 1851 1852 1174 1881 4 856 532 1554 1878 4 532 233 1255 1554 4 233 531 1553 1255 4 531 829 1851 1553 4 829 830 1852 1851 4 830 152 1174 1852 4 152 859 1881 1174 4 859 856 1878 1881
59 10 8 83 545 74 75 544 78 79 82 8 1105 1567 1096 1097 1566 1100 1101 1104 4 83 545 1567 1105 4 545 74 1096 1567 4 74 75 1097 1096 4 75 544 1566 1097 4 544 78 1100 1566 4 78 79 1101 1100 4 79 82 1104 1101 4 82 83 1105 1104
59 10 8 960 545 83 86 87 90 91 969 8 1982 1567 1105 1108 1109 1112 1113 1991 4 960 545 1567 1982 4 545 83 1105 1567 4 83 86 1108 1105 4 86 87 1109 1108 4 87 90 1112 1109 4 90 91 1113 1112 4 91 969 1991 1113 4 969 960 1982 1991
59 10 8 113 108 117 116 112 652 629 650 8 1135 1130 1139 1138 1134 1674 1651 1672 4 113 108 1130 1135 4 108 117 1139 1130 4 117 116 1138 1139 4 116 112 1134 1138 4 112 652 1674 1134 4 652 629 1651 1674 4 629 650 1672 1651 4 650 113 1135 1672
59 10 8 741 739 491 477 475 473 768 169 8 1763 1761 1513 1499 1497 1495 1790 1191 4 741 739 1761 1763 4 739 491 1513 1761 4 491 477 1499 1513 4 477 475 1497 1499 4 475 473 1495 1497 4 473 768 1790 1495 4 768 169 1191 1790 4 169 741 1763 1191
59 10 8 121 807 237 781 123 808 805 522 8 1143 1829 1259 1803 1145 1830 1827 1544 4 121 807 1829 1143 4 807 237 1259 1829 4 237 781 1803 1259 4 781 123 1145 1803 4 123 808 1830 1145 4 808 805 1827 1830 4 805 522 1544 1827 4 522 121 1143 1544
59 10 8 533 426 859 152 425 143 424 857 8 1555 1448 1881 1174 1447 1165 1446 1879 4 533 426 1448 1555 4 426 859 1881 1448 4 859 152 1174 1881 4 152 425 1447 1174 4 425 143 1165 1447 4 143 424 1446 1165 4 424 857 1879 1446 4 857 533 1555 1879
59 10 8 444 265 260 911 261 441 442 910 8 1466 1287 1282 1933 1283 1463 1464 1932 4 444 265 1287 1466 4 265 260 1282 1287 4 260 911 1933 1282 4 911 261 1283 1933 4 261 441 1463 1283 4 441 442 1464 1463 4 442 910 1932 1464 4 910 444 1466 1932
59 10 8 142 955 244 957 958 917 939 953 8 1164 1977 1266 1979 1980 1939 1961 1975 4 142 955 1977 1164 4 955 244 1266 1977 4 244 957 1979 1266 4 957 958 1980 1979 4 958 917 1939 1980 4 917 939 1961 1939 4 939 953 1975 1961 4 953 142 1164 1975
59 10 8 996 639 468 467 690 277 798 1004 8 2018 1661 1490 1489 1712 1299 1820 2026 4 996 639 1661 2018 4 639 468 1490 1661 4 468 467 1489 1490 4 467 690 1712 1489 4 690 277 1299 1712 4 277 798 1820 1299 4 798 1004 2026 1820 4 1004 996 2018 2026
59 10 8 18 585 14 16 111 114 607 115 8 1040 1607 1036 1038 1133 1136 1629 1137 4 18 585 1607 1040 4 585 14 1036 1607 4 14 16 1038 1036 4 16 111 1133 1038 4 111 114 1136 1133 4 114 607 1629 1136 4 607 115 1137 1629 4 115 18 1040 1137
59 10 8 129 291 132 15 632 17 125 128 8 1151 1313 1154 1037 1654 1039 1147 1150 4 129 291 1313 1151 4 291 132 1154 1313 4 132 15 1037 1154 4 15 632 1654 1037 4 632 17 1039 1654 4 17 125 1147 1039 4 125 128 1150 1147 4 128 129 1151 1150
59 10 8 675 104 651 113 650 96 100 109 8 1697 1126 1673 1135 1672 1118 1122 1131 4 675 104 1126 1697 4 104 651 1673 1126 4 651 113 1135 1673 4 113 650 1672 1135 4 650 96 1118 1672 4 96 100 1122 1118 4 100 109 1131 1122 4 109 675 1697 1131
59 10 8 382 719 383 386 694 390 666 695 8 1404 1741 1405 1408 1716 1412 1688 1717 4 382 719 1741 1404 4 719 383 1405 1741 4 383 386 1408 1405 4 386 694 1716 1408 4 694 390 1412 1716 4 390 666 1688 1412 4 666 695 1717 1688 4 695 382 1404 1717
59 10 8 709 283 680 708 173 490 41 43 8 1731 1305 1702 1730 1195 1512 1063 1065 4 709 283 1305 1731 4 283 680 1702 1305 4 680 708 1730 1702 4 708 173 1195 1730 4 173 490 1512 1195 4 490 41 1063 1512 4 41 43 1065 1063 4 43 709 1731 1065
59 10 8 211 751 371 374 375 720 379 722 8 1233 1773 1393 1396 1397 1742 1401 1744 4 211 751 1773 1233 4 751 371 1393 1773 4 371 374 1396 1393 4 374 375 1397 1396 4 375 720 1742 1397 4 720 379 1401 1742 4 379 722 1744 1401 4 722 211 1233 1744
59 10 8 733 37 494 498 497 502 732 706 8 1755 1059 1516 1520 1519 1524 1754 1728 4 733 37 1059 1755 4 37 494 1516 1059 4 494 498 1520 1516 4 498 497 1519 1520 4 497 502 1524 1519 4 502 732 1754 1524 4 732 706 1728 1754 4 706 733 1755 1728
59 10 8 36 778 750 219 222 777 223 196 8 1058 1800 1772 1241 1244 1799 1245 1218 4 36 778 1800 1058 4 778 750 1772 1800 4 750 219 1241 1772 4 219 222 1244 1241 4 222 777 1799 1244 4 777 223 1245 1799 4 223 196 1218 1245 4 196 36 1058 1218
59 10 8 828 220 803 200 774 217 409 826 8 1850 1242 1825 1222 1796 1239 1431 1848 4 828 220 1242 1850 4 220 803 1825 1242 4 803 200 1222 1825 4 200 774 1796 1222 4 774 217 1239 1796 4 217 409 1431 1239 4 409 826 1848 1431 4 826 828 1850 1848
59 10 8 842 318 819 315 818 310 314 319 8 1864 1340 1841 1337 1840 1332 1336 1341 4 842 318 1340 1864 4 318 819 1841 1340 4 819 315 1337 1841 4 315 818 1840 1337 4 818 310 1332 1840 4 310 314 1336 1332 4 314 319 1341 1336 4 319 842 1864 1341
59 10 8 426 881 147 153 136 134 856 859 8 1448 1903 1169 1175 1158 1156 1878 1881 4 426 881 1903 1448 4 881 147 1169 1903 4 147 153 1175 1169 4 153 136 1158 1175 4 136 134 1156 1158 4 134 856 1878 1156 4 856 859 1881 1878 4 859 426 1448 1881
66 11 9 828 802 235 829 531 126 232 224 220 9 1850 1824 1257 1851 1553 1148 1254 1246 1242 4 828 802 1824 1850 4 802 235 1257 1824 4 235 829 1851 1257 4 829 531 1553 1851 4 531 126 1148 1553 4 126 232 1254 1148 4 232 224 1246 1254 4 224 220 1242 1246 4 220 828 1850 1242
66 11 9 763 298 294 760 485 175 506 508 788 9 1785 1320 1316 1782 1507 1197 1528 1530 1810 4 763 298 1320 1785 4 298 294 1316 1320 4 294 760 1782 1316 4 760 485 1507 1782 4 485 175 1197 1507 4 175 506 1528 1197 4 506 508 1530 1528 4 508 788 1810 1530 4 788 763 1785 1810
66 11 9 187 626 76 604 73 69 602 603 77 9 1209 1648 1098 1626 1095 1091 1624 1625 1099 4 187 626 1648 1209 4 626 76 1098 1648 4 76 604 1626 1098 4 604 73 1095 1626 4 73 69 1091 1095 4 69 602 1624 1091 4 602 603 1625 1624 4 603 77 1099 1625 4 77 187 1209 1099
66 11 9 96 650 186 628 89 85 80 627 92 9 1118 1672 1208 1650 1111 1107 1102 1649 1114 4 96 650 1672 1118 4 650 186 1208 1672 4 186 628 1650 1208 4 628 89 1111 1650 4 89 85 1107 1111 4 85 80 1102 1107 4 80 627 1649 1102 4 627 92 1114 1649 4 92 96 1118 1114
66 11 9 123 348 780 349 352 63 239 520 808 9 1145 1370 1802 1371 1374 1085 1261 1542 1830 4 123 348 1370 1145 4 348 780 1802 1370 4 780 349 1371 1802 4 349 352 1374 1371 4 352 63 1085 1374 4 63 239 1261 1085 4 239 520 1542 1261 4 520 808 1830 1542 4 808 123 1145 1830
66 11 9 833 254 836 834 527 245 247 341 250 9 1855 1276 1858 1856 1549 1267 1269 1363 1272 4 833 254 1276 1855 4 254 836 1858 1276 4 836 834 1856 1858 4 834 527 1549 1856 4 527 245 1267 1549 4 245 247 1269 1267 4 247 341 1363 1269 4 341 250 1272 1363 4 250 833 1855 1272
66 11 9 436 884 146 881 426 858 432 139 433 9 1458 1906 1168 1903 1448 1880 1454 1161 1455 4 436 884 1906 1458 4 884 146 1168 1906 4 146 881 1903 1168 4 881 426 1448 1903 4 426 858 1880 1448 4 858 432 1454 1880 4 432 139 1161 1454 4 139 433 1455 1161 4 433 436 1458 1455
66 11 9 437 257 253 419 249 882 884 436 883 9 1459 1279 1275 1441 1271 1904 1906 1458 1905 4 437 257 1279 1459 4 257 253 1275 1279 4 253 419 1441 1275 4 419 249 1271 1441 4 249 882 1904 1271 4 882 884 1906 1904 4 884 436 1458 1906 4 436 883 1905 1458 4 883 437 1459 1905
66 11 9 376 56 389 54 620 385 643 380 381 9 1398 1078 1411 1076 1642 1407 1665 1402 1403 4 376 56 1078 1398 4 56 389 1411 1078 4 389 54 1076 1411 4 54 620 1642 1076 4 620 385 1407 1642 4 385 643 1665 1407 4 643 380 1402 1665 4 380 381 1403 1402 4 381 376 1398 1403
66 11 9 693 665 396 400 401 404 641 667 393 9 1715 1687 1418 1422 1423 1426 1663 1689 1415 4 693 665 1687 1715 4 665 396 1418 1687 4 396 400 1422 1418 4 400 401 1423 1422 4 401 404 1426 1423 4 404 641 1663 1426 4 641 667 1689 1663 4 667 393 1415 1689 4 393 693 1715 1415
66 11 9 369 372 376 645 373 204 669 364 203 9 1391 1394 1398 1667 1395 1226 1691 1386 1225 4 369 372 1394 1391 4 372 376 1398 1394 4 376 645 1667 1398 4 645 373 1395 1667 4 373 204 1226 1395 4 204 669 1691 1226 4 669 364 1386 1691 4 364 203 1225 1386 4 203 369 1391 1225
66 11 9 361 359 198 369 367 671 355 199 699 9 1383 1381 1220 1391 1389 1693 1377 1221 1721 4 361 359 1381 1383 4 359 198 1220 1381 4 198 369 1391 1220 4 369 367 1389 1391 4 367 671 1693 1389 4 671 355 1377 1693 4 355 199 1221 1377 4 199 699 1721 1221 4 699 361 1383 1721
66 11 9 756 730 182 183 162 154 726 729 174 9 1778 1752 1204 1205 1184 1176 1748 1751 1196 4 756 730 1752 1778 4 730 182 1204 1752 4 182 183 1205 1204 4 183 162 1184 1205 4 162 154 1176 1184 4 154 726 1748 1176 4 726 729 1751 1748 4 729 174 1196 1751 4 174 756 1778 1196
66 11 9 301 798 277 280 771 289 292 293 770 9 1323 1820 1299 1302 1793 1311 1314 1315 1792 4 301 798 1820 1323 4 798 277 1299 1820 4 277 280 1302 1299 4 280 771 1793 1302 4 771 289 1311 1793 4 289 292 1314 1311 4 292 293 1315 1314 4 293 770 1792 1315 4 770 301 1323 1792
73 12 10 984 944 946 945 949 924 923 925 948 987 10 2006 1966 1968 1967 1971 1946 1945 1947 1970 2009 4 984 944 1966 2006 4 944 946 1968 1966 4 946 945 1967 1968 4 945 949 1971 1967 4 949 924 1946 1971 4 924 923 1945 1946 4 923 925 1947 1945 4 925 948 1970 1947 4 948 987 2009 1970 4 987 984 2006 2009
73 12 10 705 681 676 31 653 29 27 33 678 35 10 1727 1703 1698 1053 1675 1051 1049 1055 1700 1057 4 705 681 1703 1727 4 681 676 1698 1703 4 676 31 1053 1698 4 31 653 1675 1053 4 653 29 1051 1675 4 29 27 1049 1051 4 27 33 1055 1049 4 33 678 1700 1055 4 678 35 1057 1700 4 35 705 1727 1057
73 12 10 779 26 360 362 753 366 368 370 752 778 10 1801 1048 1382 1384 1775 1388 1390 1392 1774 1800 4 779 26 1048 1801 4 26 360 1382 1048 4 360 362 1384 1382 4 362 753 1775 1384 4 753 366 1388 1775 4 366 368 1390 1388 4 368 370 1392 1390 4 370 752 1774 1392 4 752 778 1800 1774 4 778 779 1801 1800
73 12 10 267 174 61 342 351 346 347 343 757 171 10 1289 1196 1083 1364 1373 1368 1369 1365 1779 1193 4 267 174 1196 1289 4 174 61 1083 1196 4 61 342 1364 1083 4 342 351 1373 1364 4 351 346 1368 1373 4 346 347 1369 1368 4 347 343 1365 1369 4 343 757 1779 1365 4 757 171 1193 1779 4 171 267 1289 1193
73 12 10 463 895 160 332 335 337 339 865 892 915 10 1485 1917 1182 1354 1357 1359 1361 1887 1914 1937 4 463 895 1917 1485 4 895 160 1182 1917 4 160 332 1354 1182 4 332 335 1357 1354 4 335 337 1359 1357 4 337 339 1361 1359 4 339 865 1887 1361 4 865 892 1914 1887 4 892 915 1937 1914 4 915 463 1485 1937
80 13 11 59 700 725 359 84 195 724 81 357 194 201 11 1081 1722 1747 1381 1106 1217 1746 1103 1379 1216 1223 4 59 700 1722 1081 4 700 725 1747 1722 4 725 359 1381 1747 4 359 84 1106 1381 4 84 195 1217 1106 4 195 724 1746 1217 4 724 81 1103 1746 4 81 357 1379 1103 4 357 194 1216 1379 4 194 201 1223 1216 4 201 59 1081 1223

CELL_TYPES 596
42
42
42
42
42
42
42
42
42
42
42
42
42
42
42
42
42
42
42
42
42
42
42
42
42
42
42
42
42
42
42
42
42
42
42
42
42
42
42
42
42
42
42
42
42
42
42
42
42
42
42
42
42
42
42
42
42
42
42
42
42
42
42
42
42
42
42
42
42
42
42
42
42
42
42
42
42
42
42
42
42
42
42
42
42
42
42
42
42
42
42
42
42
42
42
42
42
42
42
42
42
42
42
42
42
42
42
42
42
42
42
42
42
42
42
42
42
42
42
42
42
42
42
42
42
42
42
42
42
42
42
42
42
42
42
42
42
42
42
42
42
42
42
42
42
42
42
42
42
42
42
42
42
42
42
42
42
42
42
42
42
42
42
42
42
42
42
42
42
42
42
42
42
42
42
42
42
42
42
42
42
42
42
42
42
42
42
42
42
42
42
42
42
42
42
42
42
42
42
42
42
42
42
42
42
42
42
42
42
42
42
42
42
42
42
42
42
42
42
42
42
42
42
42
42
42
42
42
42
42
42
42
42
42
42
42
42
42
42
42
42
42
42
42
42
42
42
42
42
42
42
42
42
42
42
42
42
42
42
42
42
42
42
42
42
42
42
42
42
42
42
42
42
42
42
42
42
42
42
42
42
42
42
42
42
42
42
42
42
42
42
42
42
42
42
42
42
42
42
42
42
42
42
42
42
42
42
42
42
42
42
42
42
42
42
42
42
42
42
42
42
42
42
42
42
42
42
42
42
42
42
42
42
42
42
42
42
42
42
42
42
42
42
42
42
42
42
42
42
42
42
42
42
42
42
42
42
42
42
42
42
42
42
42
42
42
42
42
42
42
42
42
42
42
42
42
42
42
42
42
42
42
42
42
42
42
42
42
42
42
42
42
42
42
42
42
42
42
42
42
42
42
42
42
42
42
42
42
42
42
42
42
42
42
42
42
42
42
42
42
42
42
42
42
42
42
42
42
42
42
42
42
42
42
42
42
42
42
42
42
42
42
42
42
42
42
42
42
42
42
42
42
42
42
42
42
42
42
42
42
42
42
42
42
42
42
42
42
42
42
42
42
42
42
42
42
42
42
42
42
42
42
42
42
42
42
42
42
42
42
42
42
42
42
42
42
42
42
42
42
42
42
42
42
42
42
42
42
42
42
42
42
42
42
42
42
42
42
42
42
42
42
42
42
42
42
42
42
42
42
42
42
42
42
42
42
42
42
42
42
42
42
42
42
42
42
42
42
42
42
42
42
42
42
42
42
42
42
42
42
42
42
42
42
42
42
42
42
42
42
42
42
42
42
42
42
42
42
42
42
42
42
42
42
42
42
42
42
42
42
42
42
42
42
42
42

CELL_DATA 596
SCALARS CellEntityIds int 1
LOOKUP_TABLE default
3
3
4
4
4
4
4
4
4
4
4
4
4
4
4
4
4
4
4
4
4
4
4
4
4
4
4
4
4
4
4
4
4
4
4
4
4
4
4
4
4
4
4
4
4
4
4
4
4
4
4
4
4
4
4
4
4
4
4
4
4
4
4
4
4
4
4
4
4
4
4
4
4
4
4
4
4
4
4
4
4
4
4
4
4
4
4
4
4
4
4
4
4
4
4
4
4
4
4
4
4
4
4
4
4
4
4
4
4
4
4
4
4
4
4
4
4
4
4
4
4
4
4
4
4
4
4
4
4
4
4
4
4
4
4
4
4
4
4
4
4
4
4
4
4
4
4
4
4
4
4
4
4
4
4
4
4
4
4
4
4
4
4
4
4
4
4
4
4
4
4
4
4
4
4
4
4
4
4
4
4
4
4
4
4
4
4
4
4
4
4
4
4
5
5
5
5
5
5
5
5
5
5
5
5
5
5
5
5
5
5
5
5
5
5
5
5
5
5
5
5
5
5
5
5
5
5
5
5
5
5
5
5
5
5
5
5
5
5
5
5
5
5
5
5
5
5
5
5
5
5
5
5
5
5
5
5
5
5
5
5
5
5
5
5
5
5
5
5
5
5
5
5
5
5
5
5
5
5
5
5
5
5
5
5
5
5
5
5
5
5
5
5
5
5
5
5
5
5
5
5
5
5
5
5
5
5
5
5
5
5
5
5
5
5
5
5
5
5
5
5
5
5
5
5
5
5
5
5
5
5
5
5
5
5
5
5
5
5
5
5
5
5
5
5
5
5
5
5
5
5
5
5
5
5
5
5
5
5
5
5
5
5
5
5
5
5
5
5
5
5
5
5
5
5
5
5
5
5
5
5
5
5
5
5
5
5
6
6
6
6
6
6
6
6
6
6
6
6
6
6
6
6
6
6
6
6
6
6
6
6
6
6
6
6
6
6
6
6
6
6
6
6
6
6
6
6
6
6
6
6
6
6
6
6
6
6
6
6
6
6
6
6
6
6
6
6
6
6
6
6
6
6
6
6
6
6
6
6
6
6
6
6
6
6
6
6
6
6
6
6
6
6
6
6
6
6
6
6
6
6
6
6
6
6
6
6
6
6
6
7
7
7
7
7
7
7
7
7
7
7
7
7
7
7
7
7
7
7
7
7
7
7
7
7
7
7
7
7
7
7
7
7
7
7
7
7
7
7
7
7
7
7
7
7
7
7
7
7
7
7
7
7
7
7
7
7
7
7
7
7
8
8
8
8
8
8
8
8
8
8
8
8
8
8
8
8
8
8
8
8
8
8
8
8
8
9
9
9
9
9
9
9
9
9
9
9
9
9
9
10
10
10
10
10
11
