6075 12150
0 6075 1 2
0
 -6.794563526075164e+01 -5.639030014254900e+00;
1
 -6.793956438569408e+01 -5.639727722328599e+00;
2
 -6.785101913187077e+01 -5.650225030293819e+00;
3
 -6.795983347498695e+01 -5.636533013621311e+00;
4
 -6.793935510921962e+01 -5.639731899261752e+00;
5
 -6.784493781521421e+01 -5.650974844861232e+00;
6
 -6.796012851127428e+01 -5.636520894121326e+00;
7
  1.528956800038524e-14  1.577495111150859e-14;
8
 -6.786612788571698e+01 -5.648291218479624e+00;
9
 -6.798057845614302e+01 -5.633979522284001e+00;
10
 -6.794144319914173e+01 -5.639502659715974e+00;
11
 -6.784472120569860e+01 -5.651002022468559e+00;
12
 -6.796393909922664e+01 -5.636017802783284e+00;
13
 -2.424419513245331e-16  1.575872683609465e-14;
14
 -6.786642326078407e+01 -5.648279064253821e+00;
15
 -6.798412285248992e+01 -5.633509822690041e+00;
16
 -6.777997634715672e+01 -5.659100154123712e+00;
17
 -6.788691021508298e+01 -5.645658674658533e+00;
18
 -6.800044098416033e+01 -5.631437083856076e+00;
19
 -6.794437958964714e+01 -5.639173614510375e+00;
20
 -6.784680477300670e+01 -5.650740600748155e+00;
21
 -6.796637189048717e+01 -5.635712512730398e+00;
22
  1.557267469030864e-14  1.631423062794239e-14;
23
 -6.787023551597291e+01 -5.647775824693598e+00;
24
 -6.798981014577240e+01 -5.632821007398055e+00;
25
 -6.778027371197264e+01 -5.659087757427561e+00;
26
 -6.789044286969430e+01 -5.645265224283118e+00;
27
 -6.800468190120718e+01 -5.630929767296863e+00;
28
 -6.780076502427036e+01 -5.656541858457125e+00;
29
 -6.791152780473692e+01 -5.642619525013815e+00;
30
 -6.802393901945369e+01 -5.628513028939082e+00;
31
 -6.794705147989339e+01 -5.638813921611376e+00;
32
 -6.784974777337372e+01 -5.650359017840914e+00;
33
 -6.796739891518735e+01 -5.635608535493214e+00;
34
 -1.572195824220480e-14  2.475898935780284e-16;
35
 -6.787266950808583e+01 -5.647470424723164e+00;
36
 -6.799200726015380e+01 -5.632495475539611e+00;
37
 -6.778407561828169e+01 -5.658660600500282e+00;
38
 -6.789613535650949e+01 -5.644550949230454e+00;
39
 -1.488491374498836e+01 -3.401257028269737e+02;
40
 -6.780431540692780e+01 -5.656046607292831e+00;
41
 -6.791758081133003e+01 -5.641859990114876e+00;
42
 -6.803127544610484e+01 -5.627592301366538e+00;
43
 -6.782539937683848e+01 -5.653426262720506e+00;
44
 -6.794201706522172e+01 -5.638793647597951e+00;
45
 -6.804665968127824e+01 -5.625661535949201e+00;
46
 -6.794848722895715e+01 -5.638668356305101e+00;
47
 -6.785244486389637e+01 -5.650041769294828e+00;
48
 -6.796791368511423e+01 -5.635543936943327e+00;
49
  2.491401412171129e-16  6.228503530427823e-16;
50
 -6.787369275126267e+01 -5.647391848886784e+00;
51
 -6.799092324508744e+01 -5.632631513289123e+00;
52
 -6.778652160149757e+01 -5.658279005425593e+00;
53
 -6.789832526940796e+01 -5.644276164440459e+00;
54
 -6.801275006290503e+01 -5.629942136282536e+00;
55
 -6.781000206613885e+01 -5.655382968825100e+00;
56
 -6.792566667836347e+01 -5.640845360403046e+00;
57
 -1.491463630379874e+01 -3.401110831535827e+02;
58
 -6.783145790757239e+01 -5.652666127879277e+00;
59
 -6.795178157757539e+01 -5.637543429723919e+00;
60
 -1.493222821204874e+01 -3.401024533636426e+02;
61
 -6.785592477473442e+01 -5.649596320463885e+00;
62
 -6.797637834880048e+01 -5.634456794932554e+00;
63
 -6.806938115305471e+01 -5.622809848950744e+00;
64
 -6.794852398882151e+01 -5.638633010575195e+00;
65
 -6.785387175377335e+01 -5.649918622911759e+00;
66
 -6.796709576930321e+01 -5.635671481295588e+00;
67
  1.539063181182763e-14  1.489012346022348e-14;
68
 -6.787421182853471e+01 -5.647301811640375e+00;
69
 -6.798940108287911e+01 -5.632822535663964e+00;
70
 -6.778754489784619e+01 -5.658200443712597e+00;
71
 -6.789723801724398e+01 -5.644437496374891e+00;
72
 -1.488516105729366e+01 -3.401256046076201e+02;
73
 -6.781220090328843e+01 -5.655057280586387e+00;
74
 -6.792829019180880e+01 -5.640541059707513e+00;
75
 -6.804111307779559e+01 -5.626332753612143e+00;
76
 -6.783955329523106e+01 -5.651650428103120e+00;
77
 -6.796286343765325e+01 -5.636177690973168e+00;
78
 -1.494191941442486e+01 -3.400976863148964e+02;
79
 -6.786571308199859e+01 -5.648368171774851e+00;
80
 -6.798986580178989e+01 -5.632789119555916e+00;
81
 -6.807897764799169e+01 -5.621630301629942e+00;
82
 -6.789036190919843e+01 -5.645275382933491e+00;
83
 -3.625730486635619e+01 -2.055264842991899e+02;
84
 -1.497304349460293e+01 -3.400823995799248e+02;
85
 -6.794683124611470e+01 -5.638887237818124e+00;
86
 -6.785391201832469e+01 -5.649856881104413e+00;
87
 -6.796530595177508e+01 -5.635896085275417e+00;
88
  2.501976706490339e-16  2.501976706490339e-16;
89
 -6.787339812129422e+01 -5.647403910169106e+00;
90
 -6.798661576955533e+01 -5.633172074968773e+00;
91
 -6.778806014450450e+01 -5.658135802152879e+00;
92
 -6.789571270111522e+01 -5.644653795265608e+00;
93
 -1.488294820928704e+01 -3.401266930225132e+02;
94
 -6.781111813117383e+01 -5.655193127516571e+00;
95
 -6.792597531224754e+01 -5.640781726964105e+00;
96
 -1.491563650744594e+01 -3.401106380192617e+02;
97
 -6.784218473442169e+01 -5.651320268158461e+00;
98
 -6.796685190048267e+01 -5.635726988437272e+00;
99
 -6.806791677514188e+01 -5.622993640333787e+00;
100
 -6.787683476649663e+01 -5.646997608871324e+00;
101
 -6.799966021325098e+01 -5.631559970413130e+00;
102
 -1.496827967192685e+01 -3.400846727118405e+02;
103
 -6.790385608799168e+01 -5.643557261335411e+00;
104
 -6.801738068894096e+01 -5.629336096655647e+00;
105
 -6.810253296677762e+01 -5.618673822928685e+00;
106
 -6.792655239822507e+01 -5.640709312666728e+00;
107
 -1.491034248772809e+01 -3.401131951923037e+02;
108
 -6.811812756544501e+01 -5.616691557247627e+00;
109
 -6.794309409609163e+01 -5.639258012176803e+00;
110
 -6.785220322548419e+01 -5.650073381629052e+00;
111
 -6.796258353954548e+01 -5.636187910996014e+00;
112
  5.056894599184344e-16  5.056894599184344e-16;
113
 -6.787160885573125e+01 -5.647628414838741e+00;
114
 -6.798289603404335e+01 -5.633638876197784e+00;
115
 -6.778724688501335e+01 -5.658237831818450e+00;
116
 -6.789293601877651e+01 -5.644952392626903e+00;
117
 -6.800580030188110e+01 -5.630839217274888e+00;
118
 -6.780959327171654e+01 -5.655409348204039e+00;
119
 -6.792331572055873e+01 -5.641140364187641e+00;
120
 -1.491379243537482e+01 -3.401115216591809e+02;
121
 -6.783986277233153e+01 -5.651611598857330e+00;
122
 -6.796445107437569e+01 -5.635978459411842e+00;
123
 -6.806648491904228e+01 -5.623198250607119e+00;
124
 -6.788085581178025e+01 -5.646418351290821e+00;
125
 -6.800363045234127e+01 -5.631086623503392e+00;
126
 -1.497260567246459e+01 -3.400825681085313e+02;
127
 -6.791820400190068e+01 -5.641756885895808e+00;
128
 -6.802985442516453e+01 -5.627745739289311e+00;
129
 -6.811134681992128e+01 -5.617517752436469e+00;
130
 -6.794174101682518e+01 -5.638803382861053e+00;
131
 -6.804350608024299e+01 -5.626032423617944e+00;
132
 -1.500727142212681e+01 -3.400655385029526e+02;
133
 -6.796472022575530e+01 -5.635919779622407e+00;
134
 -1.493631294562739e+01 -3.401004206901920e+02;
135
 -1.502313447629262e+01 -3.400577113651942e+02;
136
 -6.793827570955513e+01 -5.639838066194401e+00;
137
 -6.784847598934174e+01 -5.650506007926404e+00;
138
 -6.795844159375653e+01 -5.636732583068060e+00;
139
  2.531473033914568e-16  2.531473033914568e-16;
140
 -6.786887451034913e+01 -5.647996407521493e+00;
141
 -6.797881152123166e+01 -5.634201258979144e+00;
142
 -6.778546652440359e+01 -5.658411372822477e+00;
143
 -6.788920823816726e+01 -5.645469953890658e+00;
144
 -6.800203647147698e+01 -5.631286662395206e+00;
145
 -6.780681331327540e+01 -5.655733217319374e+00;
146
 -6.791917512247358e+01 -5.641659933864545e+00;
147
 -1.491042552147260e+01 -3.401132011968107e+02;
148
 -6.783720692625991e+01 -5.651944819929604e+00;
149
 -6.796164867392974e+01 -5.636355034806358e+00;
150
 -2.736541717730443e+01 -2.618779434910068e+02;
151
 -6.787843538813725e+01 -5.646796772400529e+00;
152
 -6.800205489865212e+01 -5.631259446886530e+00;
153
 -1.497075906518973e+01 -3.400834999057710e+02;
154
 -6.792394441397315e+01 -5.641061474341190e+00;
155
 -1.490991686078045e+01 -3.401134279722128e+02;
156
 -6.811439849905992e+01 -5.617159617295613e+00;
157
 -6.795765707324063e+01 -5.636855935568643e+00;
158
 -4.184234681749019e+01 -1.706503484913503e+02;
159
 -1.501409628833337e+01 -3.400621810773465e+02;
160
 -6.797897899229051e+01 -5.634155339012844e+00;
161
 -6.806664428181517e+01 -5.623178249332602e+00;
162
 -1.502960931204987e+01 -3.400545494908218e+02;
163
 -6.799910181922745e+01 -5.631654949560338e+00;
164
 -1.496026163128363e+01 -3.400886871426064e+02;
165
 -1.504243394738022e+01 -3.400482403362937e+02;
166
 -6.793328686114370e+01 -5.640437027230599e+00;
167
 -6.784368612923045e+01 -5.651131891479310e+00;
168
 -6.795378659215629e+01 -5.637291825637662e+00;
169
 -1.607449945254608e-14  6.328543091553574e-16;
170
 -6.786473759185968e+01 -5.648515475351036e+00;
171
 -6.797455975805708e+01 -5.634709916361523e+00;
172
 -6.778273455267164e+01 -5.658779028362287e+00;
173
 -6.788514068196814e+01 -5.645930520648048e+00;
174
 -6.799950910832005e+01 -5.631603836493869e+00;
175
 -6.780309026230732e+01 -5.656225223989875e+00;
176
 -6.791381877919268e+01 -5.642307147303094e+00;
177
 -6.802948330524917e+01 -5.627792315269259e+00;
178
 -6.783305969469929e+01 -5.652490066247323e+00;
179
 -6.795651858572019e+01 -5.636998802363238e+00;
180
 -1.493805010110434e+01 -3.400995896156655e+02;
181
 -6.787563700091357e+01 -5.647122990220067e+00;
182
 -6.800005465394052e+01 -5.631535372769140e+00;
183
 -1.496833177987970e+01 -3.400846939228680e+02;
184
 -6.792170384503740e+01 -5.641342625577630e+00;
185
 -6.655989526393944e+01 -1.489881079387205e+01;
186
 -6.811199038498333e+01 -5.617436974832348e+00;
187
 -6.796395601826909e+01 -5.636065487858779e+00;
188
 -1.493235580037235e+01 -3.401023906040318e+02;
189
 -1.501577654666503e+01 -3.400613779068631e+02;
190
 -6.799298275334387e+01 -5.632422862988304e+00;
191
 -6.807305610679521e+01 -5.622348610564414e+00;
192
 -1.503395068906325e+01 -3.400524371563214e+02;
193
 -1.488175613180434e+01 -3.401272793583558e+02;
194
 -1.496686163301949e+01 -3.400854171078038e+02;
195
 -1.504633458427729e+01 -3.400463447944446e+02;
196
 -6.802642539151768e+01 -5.628176086052246e+00;
197
 -6.809972216469251e+01 -5.619026617958194e+00;
198
 -1.505867152738394e+01 -3.400402520171644e+02;
199
 -6.792822699334572e+01 -5.641105628881630e+00;
200
 -6.783873363426623e+01 -5.651753268548503e+00;
201
 -6.794893537193012e+01 -5.637900591461901e+00;
202
 -1.550759606952264e-14 -1.435413851063252e-14;
203
 -6.786008024506239e+01 -5.649099838843648e+00;
204
 -6.797046780003136e+01 -5.635223420134380e+00;
205
 -6.777860390129463e+01 -5.659272335412232e+00;
206
 -6.788089014109568e+01 -5.646438950479152e+00;
207
 -6.799763693395596e+01 -5.631788980063157e+00;
208
 -6.779901618977891e+01 -5.656736358474513e+00;
209
 -6.790849926597052e+01 -5.642999545457081e+00;
210
 -6.802433105045645e+01 -5.628438926677623e+00;
211
 -6.782769731674087e+01 -5.653137951955810e+00;
212
 -6.794939981105121e+01 -5.637842310510184e+00;
213
 -1.493167347094777e+01 -3.401027262359528e+02;
214
 -6.787049582156770e+01 -5.647743163471745e+00;
215
 -6.799851137203990e+01 -5.631704145076893e+00;
216
 -1.496323317559299e+01 -3.400872019888818e+02;
217
 -6.791884491869070e+01 -5.641701368311759e+00;
218
 -6.802997693160398e+01 -5.627730364583413e+00;
219
 -6.810907205687948e+01 -5.617803270617533e+00;
220
 -6.796127605421511e+01 -5.636351986098901e+00;
221
 -1.492980903876168e+01 -3.401036199095606e+02;
222
 -1.501243102086141e+01 -3.400630002919186e+02;
223
 -6.799783024648032e+01 -5.631789623314420e+00;
224
 -6.807463987749333e+01 -5.622149832938467e+00;
225
 -1.503397805186937e+01 -3.400524002751231e+02;
226
 -6.801587144531881e+01 -5.629500602457315e+00;
227
 -1.497120502015481e+01 -3.400832571118713e+02;
228
 -1.504853371482657e+01 -3.400452629036376e+02;
229
 -1.490922855400525e+01 -3.401137431112400e+02;
230
 -6.810341862982104e+01 -5.618537759624753e+00;
231
 -1.506014076589011e+01 -3.400395291953412e+02;
232
 -6.804538612401814e+01 -5.625846274280947e+00;
233
 -6.811504965976286e+01 -5.617052986400346e+00;
234
 -1.507348258375056e+01 -3.400329887736378e+02;
235
 -6.792299287811666e+01 -5.641736028890275e+00;
236
 -6.783370245999363e+01 -5.652384512966487e+00;
237
 -6.794331775388358e+01 -5.638630429859345e+00;
238
 -5.058258834574553e-16  5.058258834574553e-16;
239
 -6.785523385085894e+01 -5.649683010741027e+00;
240
 -6.796579208959650e+01 -5.635810175863608e+00;
241
 -1.609623944263304e-14 -3.180923508901290e-14;
242
 -6.787679941589505e+01 -5.646952230908749e+00;
243
 -6.799380379286877e+01 -5.632294923634366e+00;
244
 -6.779476735018154e+01 -5.657244506841112e+00;
245
 -6.790396896337550e+01 -5.643543097896514e+00;
246
 -6.801981977738238e+01 -5.629054895410764e+00;
247
 -6.782237642563267e+01 -5.653830443824604e+00;
248
 -6.794251579444126e+01 -5.638731064284635e+00;
249
 -6.804899863818750e+01 -5.625343084929783e+00;
250
 -6.786332854064503e+01 -5.648667364134928e+00;
251
 -6.798911991933751e+01 -5.632907626707668e+00;
252
 -6.807734303902951e+01 -5.621785659860640e+00;
253
 -6.791249998981876e+01 -5.642497535116675e+00;
254
 -6.802433689323792e+01 -5.628438193407082e+00;
255
 -6.810385024162726e+01 -5.618458686235511e+00;
256
 -6.795781591283362e+01 -5.636786194428127e+00;
257
 -6.804999481011525e+01 -5.625242962177952e+00;
258
 -1.500862033624197e+01 -3.400648749202521e+02;
259
 -6.799402732517456e+01 -5.632266871507245e+00;
260
 -6.807148486338434e+01 -5.622570716320663e+00;
261
 -1.502966024812908e+01 -3.400545010126565e+02;
262
 -6.801794888127925e+01 -5.629264789061279e+00;
263
 -1.497122962055200e+01 -3.400832684322923e+02;
264
 -1.504700071870385e+01 -3.400459936617210e+02;
265
 -1.491355123692770e+01 -3.401116402998582e+02;
266
 -6.810549905882512e+01 -5.618301535300660e+00;
267
 -1.506042510743223e+01 -3.400393893075706e+02;
268
 -6.804910345339277e+01 -5.625354831677864e+00;
269
 -6.811642166271564e+01 -5.616955475811313e+00;
270
 -1.507326210138755e+01 -3.400330972463474e+02;
271
 -1.493819178077929e+01 -3.400995199241261e+02;
272
 -1.501071805005420e+01 -3.400638663925639e+02;
273
 -1.508634842996406e+01 -3.400266355757936e+02;
274
 -6.791729383603231e+01 -5.642410584086769e+00;
275
 -6.782850791960389e+01 -5.653011341308658e+00;
276
 -6.793709389721063e+01 -5.639411431690307e+00;
277
  1.610663467989583e-14  1.675090006709166e-14;
278
 -6.784961654710753e+01 -5.650412718603321e+00;
279
 -6.795941895878417e+01 -5.636609934949179e+00;
280
 -1.602720389619275e-14 -1.551840377250409e-14;
281
 -6.787212391542836e+01 -5.647538881909616e+00;
282
 -6.798906971543731e+01 -5.632864120249219e+00;
283
 -6.779066974091506e+01 -5.657808406691100e+00;
284
 -6.790013388828643e+01 -5.644074128851291e+00;
285
 -6.801613400411735e+01 -5.629492554205648e+00;
286
 -6.781784315860159e+01 -5.654399204516063e+00;
287
 -6.793697859988212e+01 -5.639400994804011e+00;
288
 -6.804467832639358e+01 -5.625935105691946e+00;
289
 -6.785642942558795e+01 -5.649533001838396e+00;
290
 -6.798008977381939e+01 -5.634015944562375e+00;
291
 -6.807064136454898e+01 -5.622626780924254e+00;
292
 -6.790311988844307e+01 -5.643674544570751e+00;
293
 -6.801533995470017e+01 -5.629592206374409e+00;
294
 -6.560742779189364e+01 -2.129206721579478e+01;
295
 -6.795028348672533e+01 -5.637781229867800e+00;
296
 -6.804480461828371e+01 -5.625869452222442e+00;
297
 -6.812163267002799e+01 -5.616226706530601e+00;
298
 -6.798943471060781e+01 -5.632868122268988e+00;
299
 -6.806790210306501e+01 -5.623020382768583e+00;
300
 -1.502491720400950e+01 -3.400568577753689e+02;
301
 -6.801388563172624e+01 -5.629774721721689e+00;
302
 -1.496692471899971e+01 -3.400853860749921e+02;
303
 -1.504170559077161e+01 -3.400485986583312e+02;
304
 -1.491358895028206e+01 -3.401116217494182e+02;
305
 -6.810405154923471e+01 -5.618433419221680e+00;
306
 -1.505753888143608e+01 -3.400408092445044e+02;
307
 -6.805122082760262e+01 -5.625064189454431e+00;
308
 -6.811669541956948e+01 -5.616871315743601e+00;
309
 -1.507185477060733e+01 -3.400337662040805e+02;
310
 -1.493966923893617e+01 -3.400987697462988e+02;
311
 -1.501050145188091e+01 -3.400639261046673e+02;
312
 -1.508483108257749e+01 -3.400274055089068e+02;
313
 -6.807482438970997e+01 -5.622126674948258e+00;
314
 -1.502363658291335e+01 -3.400574877750886e+02;
315
 -1.509799392989875e+01 -3.400209295160055e+02;
316
 -6.791082328664677e+01 -5.643223171628903e+00;
317
 -6.782282135681922e+01 -5.653749712494086e+00;
318
 -6.793063804671043e+01 -5.640221537999581e+00;
319
  1.598002476179886e-14  1.598002476179886e-14;
320
 -6.784339333780480e+01 -5.651193535125822e+00;
321
 -6.795188731117788e+01 -5.637579970469695e+00;
322
 -3.885624514661217e-16 -1.295208171553739e-16;
323
 -6.786574626861395e+01 -5.648364007772788e+00;
324
 -6.798164379815400e+01 -5.633820926224948e+00;
325
 -6.778599969006933e+01 -5.658369393032456e+00;
326
 -6.789539718520807e+01 -5.644668479169078e+00;
327
 -6.801165744976984e+01 -5.630054354475259e+00;
328
 -6.781401804103834e+01 -5.654879115366870e+00;
329
 -6.793247477448676e+01 -5.640040868858797e+00;
330
 -6.804133818818404e+01 -5.626304501531981e+00;
331
 -6.785088330398474e+01 -5.650228872178866e+00;
332
 -6.797292125513728e+01 -5.634940437867981e+00;
333
 -6.806523091229386e+01 -5.623355638103507e+00;
334
 -6.789408703095889e+01 -5.644807967254527e+00;
335
 -1.488099726037354e+01 -3.401276526167878e+02;
336
 -1.496877790236064e+01 -3.400844744689775e+02;
337
 -6.793922996274050e+01 -5.639143387875285e+00;
338
 -1.491360709863998e+01 -3.401116128226058e+02;
339
 -6.811453019212121e+01 -5.617167987219352e+00;
340
 -6.798113583461739e+01 -5.633909575465655e+00;
341
 -1.494004418038467e+01 -3.400986087366758e+02;
342
 -1.501876255538611e+01 -3.400598855366609e+02;
343
 -1.488357079819905e+01 -3.401263867952615e+02;
344
 -1.496202253936775e+01 -3.400877740913231e+02;
345
 -1.503618341329933e+01 -3.400513153359279e+02;
346
 -1.490932470826020e+01 -3.401136958151553e+02;
347
 -6.809906341375877e+01 -5.619084400195737e+00;
348
 -1.505146710723465e+01 -3.400437963590713e+02;
349
 -6.804974651833228e+01 -5.625249222468001e+00;
350
 -6.811397122254971e+01 -5.617213247467554e+00;
351
 -1.506784947330611e+01 -3.400357367176808e+02;
352
 -1.493993861821090e+01 -3.400986840849530e+02;
353
 -1.500907854020525e+01 -3.400646495118536e+02;
354
 -1.508236492082668e+01 -3.400285954059930e+02;
355
 -6.807460105353408e+01 -5.622179606472097e+00;
356
 -1.502211984566841e+01 -3.400582105102131e+02;
357
 -1.509570209762474e+01 -3.400220102465968e+02;
358
 -1.496612574582393e+01 -3.400857791000701e+02;
359
 -1.503535794932392e+01 -3.400516980077405e+02;
360
 -1.510878219125036e+01 -3.400156217160963e+02;
361
 -6.790374212026329e+01 -5.644039571894153e+00;
362
 -6.781638334823722e+01 -5.654582357114286e+00;
363
 -6.792408000460644e+01 -5.641019554781527e+00;
364
 -2.553411507299556e-16  3.140696153978454e-14;
365
 -6.783694200407875e+01 -5.651978058893792e+00;
366
 -6.794461623059156e+01 -5.638442584676759e+00;
367
  0.000000000000000e+00  3.138041573575278e-14;
368
 -6.785821439741960e+01 -5.649333948080444e+00;
369
 -6.797240373658208e+01 -5.635005381814110e+00;
370
 -6.777962717967654e+01 -5.659168869727179e+00;
371
 -6.788797572005477e+01 -5.645599698956612e+00;
372
 -6.800480898624853e+01 -5.630913818540688e+00;
373
 -6.780928619647194e+01 -5.655447874307894e+00;
374
 -6.792690921116393e+01 -5.640689444040503e+00;
375
 -1.491300822343510e+01 -3.401119073971709e+02;
376
 -6.784638775608796e+01 -5.650792923272931e+00;
377
 -6.796722181937083e+01 -5.635605855240915e+00;
378
 -1.493816019472743e+01 -3.400995354611518e+02;
379
 -6.788692668746999e+01 -5.645706420739872e+00;
380
 -6.800086295418387e+01 -5.631359225314444e+00;
381
 -1.496214857376343e+01 -3.400877120937494e+02;
382
 -6.792863700172576e+01 -5.640472635738075e+00;
383
 -6.803045258536072e+01 -5.627720473651865e+00;
384
 -6.810753944006483e+01 -5.617970737599165e+00;
385
 -6.796962013071992e+01 -5.635329794591557e+00;
386
 -1.493250749288653e+01 -3.401023159877615e+02;
387
 -1.501120928249897e+01 -3.400636013149160e+02;
388
 -6.800309934325925e+01 -5.631103469970881e+00;
389
 -6.807744790171928e+01 -5.621797399258171e+00;
390
 -1.502966794645731e+01 -3.400544972254496e+02;
391
 -6.802858169691567e+01 -5.627955272384662e+00;
392
 -2.129901350040494e+01 -3.002543508914041e+02;
393
 -1.504519623963017e+01 -3.400469048166843e+02;
394
 -6.804474450083754e+01 -5.625876997193894e+00;
395
 -6.810823895965522e+01 -5.617932736808012e+00;
396
 -1.506119173691229e+01 -3.400389887287488e+02;
397
 -1.493703496770455e+01 -3.401000655317337e+02;
398
 -4.947634150802276e+01 -1.230252091819827e+02;
399
 -1.507773394906821e+01 -3.400308737662675e+02;
400
 -6.807326101966322e+01 -5.622297991352077e+00;
401
 -1.501963748789772e+01 -3.400594316972664e+02;
402
 -1.509251188240035e+01 -3.400236032248845e+02;
403
 -1.496459509111726e+01 -3.400865086255712e+02;
404
 -1.503304946287205e+01 -3.400528336785114e+02;
405
 -1.510620376767089e+01 -3.400168668833034e+02;
406
 -6.809823023965959e+01 -5.619164074767280e+00;
407
 -1.504624702722098e+01 -3.400463644496244e+02;
408
 -1.511836476809025e+01 -3.400108836320848e+02;
409
 -6.789532424068317e+01 -5.645041998398140e+00;
410
 -6.780933219085354e+01 -5.655417195066164e+00;
411
 -6.791752673468120e+01 -5.641841870166772e+00;
412
  0.000000000000000e+00  6.464303023526803e-16;
413
 -6.783038001984114e+01 -5.652801365747230e+00;
414
 -6.793808615925630e+01 -5.639286917964042e+00;
415
 -1.554191791999334e-14 -3.853368079337192e-16;
416
 -6.785093487188907e+01 -5.650247309509072e+00;
417
 -6.796355707083769e+01 -5.636115551538092e+00;
418
  1.270847405602093e-16  1.779186367842930e-15;
419
 -6.787874772641825e+01 -5.646707768587333e+00;
420
 -6.799917188033027e+01 -5.631571448025701e+00;
421
 -6.780186471689669e+01 -5.656378981594369e+00;
422
 -6.791773941557594e+01 -5.641864993783042e+00;
423
 -6.802919620488099e+01 -5.627878150970425e+00;
424
 -6.784080787160978e+01 -5.651493019774871e+00;
425
 -6.796032660778117e+01 -5.636471131037455e+00;
426
 -1.493252376350535e+01 -3.401023314072306e+02;
427
 -6.788122289363362e+01 -5.646372291872223e+00;
428
 -6.799874972560387e+01 -5.631674232744329e+00;
429
 -6.807766100519018e+01 -5.621770652693253e+00;
430
 -6.791997494165753e+01 -5.641584476822960e+00;
431
 -6.802316284266256e+01 -5.628585536872875e+00;
432
 -6.810075601960540e+01 -5.618896854850850e+00;
433
 -6.795855134183155e+01 -5.636718810949264e+00;
434
 -6.804845207220163e+01 -5.625436583019242e+00;
435
 -6.812241223615975e+01 -5.616178655832626e+00;
436
 -6.799813213119366e+01 -5.631776641210238e+00;
437
 -6.807033954321993e+01 -5.622664662055474e+00;
438
 -1.502218155083159e+01 -3.400582035748079e+02;
439
 -6.802162466857709e+01 -5.628803479877349e+00;
440
 -1.496691950804355e+01 -3.400853886383295e+02;
441
 -1.503849462275245e+01 -3.400501549011886e+02;
442
 -4.867170879327981e+01 -1.275731419719807e+02;
443
 -6.810232758362703e+01 -5.618674701510741e+00;
444
 -1.505437037988634e+01 -3.400423446272650e+02;
445
 -1.493090480610086e+01 -3.401030809122762e+02;
446
 -6.811741079142378e+01 -5.616806424009843e+00;
447
 -1.507081911702970e+01 -3.400342991415168e+02;
448
 -6.806944954465935e+01 -5.622801265236578e+00;
449
 -1.501498038025628e+01 -3.400617695754163e+02;
450
 -1.508747717250315e+01 -3.400261036670302e+02;
451
 -1.496208132084062e+01 -3.400877920201378e+02;
452
 -1.502984114532771e+01 -3.400544354399876e+02;
453
 -1.510258956101337e+01 -3.400186216489000e+02;
454
 -3.774875245649396e+01 -1.966949409661923e+02;
455
 -1.504365296034046e+01 -3.400476172107462e+02;
456
 -1.511583412458967e+01 -3.400121053067800e+02;
457
 -6.810869738717608e+01 -5.617875197145079e+00;
458
 -1.505598897018441e+01 -3.400415483330775e+02;
459
 -1.512807659767110e+01 -3.400061287320625e+02;
460
 -6.788517914473918e+01 -5.646306980437105e+00;
461
 -6.780094471046841e+01 -5.656494405864493e+00;
462
 -6.790953241854983e+01 -5.642869905874039e+00;
463
  1.603272319442252e-14  1.603272319442252e-14;
464
 -6.782382831750290e+01 -5.653623374972275e+00;
465
 -6.793193493761923e+01 -5.640058799460880e+00;
466
 -3.873925102629025e-16  3.163705500480370e-14;
467
 -6.784440814038172e+01 -5.651066209915725e+00;
468
 -6.795582514303973e+01 -5.637036012440430e+00;
469
  3.852947017425133e-16  1.592551433869055e-14;
470
 -6.786990055423533e+01 -5.647817853253147e+00;
471
 -6.798820698287433e+01 -5.633022194635139e+00;
472
 -6.779261760172278e+01 -5.657613849255250e+00;
473
 -6.790602360515111e+01 -5.643310189642334e+00;
474
 -6.801774240596136e+01 -5.629265799031182e+00;
475
 -6.783163405323336e+01 -5.652644027616413e+00;
476
 -6.794900803328474e+01 -5.637916378005110e+00;
477
 -6.804734310380772e+01 -5.625550861894555e+00;
478
 -6.787429999121477e+01 -5.647265842720983e+00;
479
 -6.799027508590891e+01 -5.632737756798678e+00;
480
 -6.807135254776843e+01 -5.622587323080356e+00;
481
 -6.791273701362989e+01 -5.642492698969273e+00;
482
 -6.801576578281249e+01 -5.629513862962671e+00;
483
 -1.822170600753437e+01 -3.196308872072030e+02;
484
 -6.794872901519570e+01 -5.637926486496476e+00;
485
 -6.804178599358259e+01 -5.626273202245308e+00;
486
 -6.811515994720961e+01 -5.617088942589643e+00;
487
 -6.798701119967566e+01 -5.633147354472678e+00;
488
 -1.494087485567722e+01 -3.400982001303577e+02;
489
 -1.501475885361223e+01 -3.400618551333543e+02;
490
 -6.801246022967690e+01 -5.629928704518225e+00;
491
 -1.544243559734837e+01 -3.370473164746618e+02;
492
 -1.503141106036674e+01 -3.400536865363528e+02;
493
 -1.490928776240890e+01 -3.401137139879773e+02;
494
 -6.164575369120194e+01 -4.623259387604448e+01;
495
 -1.504746610483927e+01 -3.400457412894914e+02;
496
 -6.804797928606283e+01 -5.625495919811208e+00;
497
 -6.811097572131470e+01 -5.617564331153075e+00;
498
 -1.506379451065257e+01 -3.400377550744249e+02;
499
 -1.494072304691637e+01 -3.400982513819816e+02;
500
 -1.500805252063689e+01 -3.400651542507103e+02;
501
 -1.508051060593280e+01 -3.400294842807489e+02;
502
 -6.807885963776488e+01 -5.621645113097186e+00;
503
 -1.502478618055626e+01 -3.400569222322164e+02;
504
 -1.509731357702724e+01 -3.400212408275167e+02;
505
 -1.497241422822845e+01 -3.400827091265068e+02;
506
 -1.503999611145771e+01 -3.400494630715924e+02;
507
 -1.511247583917507e+01 -3.400138044331582e+02;
508
 -6.810621712660232e+01 -5.618186507319854e+00;
509
 -1.505341139907546e+01 -3.400428632528717e+02;
510
 -1.512579932150988e+01 -3.400072257627206e+02;
511
 -6.811823108091700e+01 -5.616653664847380e+00;
512
 -1.506590376622472e+01 -3.400366705379280e+02;
513
 -1.514032016556000e+01 -3.400000578566411e+02;
514
 -6.787431762565474e+01 -5.647656978923355e+00;
515
 -6.779084220220351e+01 -5.657786769982808e+00;
516
 -6.789902698093452e+01 -5.644213021329830e+00;
517
 -1.640731024920683e-14 -1.640731024920683e-14;
518
 -6.781584233871594e+01 -5.654600416559334e+00;
519
 -6.792419566356777e+01 -5.641029946943732e+00;
520
  1.602683678703895e-14  4.833490459583176e-14;
521
 -6.783826523151946e+01 -5.651787129742276e+00;
522
 -6.794858855031579e+01 -5.637993922137893e+00;
523
  1.578711552069319e-14  1.578711552069319e-14;
524
 -6.786215998284641e+01 -5.648789077471388e+00;
525
 -6.797771182211169e+01 -5.634339262450191e+00;
526
 -6.778378296367956e+01 -5.658647497446869e+00;
527
 -6.789455842994192e+01 -5.644699005071219e+00;
528
 -1.488039769455429e+01 -3.401279240945792e+02;
529
 -6.781991192529397e+01 -5.654114741318883e+00;
530
 -6.793443365599479e+01 -5.639745250468755e+00;
531
 -1.491353137578531e+01 -3.401116734925495e+02;
532
 -6.786293287158070e+01 -5.648766823665324e+00;
533
 -6.797732446896144e+01 -5.634338064706366e+00;
534
 -1.494038327529073e+01 -3.400984653597350e+02;
535
 -6.790426685528820e+01 -5.643555530676055e+00;
536
 -1.488191790048118e+01 -3.401271997907819e+02;
537
 -1.496590115768002e+01 -3.400858895777661e+02;
538
 -6.793974559921416e+01 -5.639053778359744e+00;
539
 -1.491091917361175e+01 -3.401129115331897e+02;
540
 -6.810771101508861e+01 -5.618023901640880e+00;
541
 -6.797617935198483e+01 -5.634481767361321e+00;
542
 -1.493317573030592e+01 -3.401019872872325e+02;
543
 -1.500698950832481e+01 -3.400656771870444e+02;
544
 -6.800396575106032e+01 -5.631019641746239e+00;
545
 -6.807368279882880e+01 -5.622245054272281e+00;
546
 -1.502429651344447e+01 -3.400571631233329e+02;
547
 -6.802542885250473e+01 -5.628276249928528e+00;
548
 -1.496865195434181e+01 -3.400845364245825e+02;
549
 -1.504053124600501e+01 -3.400491529680857e+02;
550
 -6.804180844692451e+01 -5.626270384275329e+00;
551
 -6.810446972291092e+01 -5.618380932359389e+00;
552
 -1.505672513851433e+01 -3.400412095807682e+02;
553
 -1.493382012944135e+01 -3.401016703122980e+02;
554
 -6.811988007902303e+01 -5.616446687298609e+00;
555
 -1.507342845533097e+01 -3.400329451472646e+02;
556
 -6.807230625143717e+01 -5.622442724074416e+00;
557
 -1.501778959254221e+01 -3.400603407603138e+02;
558
 -1.509027478997602e+01 -3.400247272708402e+02;
559
 -1.496732005781075e+01 -3.400851681807986e+02;
560
 -1.503469324917503e+01 -3.400520484303646e+02;
561
 -1.510730036228357e+01 -3.400163507768402e+02;
562
 -6.810272020722390e+01 -5.618650321580041e+00;
563
 -1.505002446108986e+01 -3.400445060904847e+02;
564
 -1.512294332299634e+01 -3.400086309445873e+02;
565
 -6.811574675521663e+01 -5.617015288461507e+00;
566
 -1.506356591552006e+01 -3.400378441179804e+02;
567
 -1.513834505635975e+01 -3.400010530667690e+02;
568
 -6.812814482633912e+01 -5.615409312407190e+00;
569
 -1.507820220790791e+01 -3.400306668100644e+02;
570
 -1.515802756660242e+01 -3.399913687697625e+02;
571
 -6.786371494125626e+01 -5.648965850746482e+00;
572
 -6.778004190349475e+01 -5.659091929360462e+00;
573
 -6.788747826408679e+01 -5.645637211244663e+00;
574
  2.545428327972032e-16  1.399985580384618e-15;
575
 -6.780533658285262e+01 -5.655943398581073e+00;
576
 -6.791348865062881e+01 -5.642373477602195e+00;
577
  1.588180870975218e-14  3.073898459952035e-14;
578
 -6.783052564309993e+01 -5.652758186893703e+00;
579
 -6.793987289903799e+01 -5.639087613828790e+00;
580
 -3.104814559435759e-14 -3.104814559435759e-14;
581
 -6.785492273965967e+01 -5.649746953247703e+00;
582
 -6.796768989804130e+01 -5.635596924019993e+00;
583
 -3.848895607965733e-16  3.245901962717769e-14;
584
 -6.788405927320682e+01 -5.646041304163493e+00;
585
 -6.799902553769164e+01 -5.631664522574277e+00;
586
 -6.780844194934593e+01 -5.655528886259456e+00;
587
 -6.792002161652970e+01 -5.641578620002810e+00;
588
 -6.802624832797540e+01 -5.628248112093932e+00;
589
 -6.784834265155438e+01 -5.650547645255735e+00;
590
 -6.796112617022517e+01 -5.636420603265417e+00;
591
 -3.709273729544121e+01 -2.005585434030493e+02;
592
 -6.789131266936738e+01 -5.645156084982813e+00;
593
 -6.799915276397780e+01 -5.631573847046060e+00;
594
 -6.807812342943041e+01 -5.621687713249492e+00;
595
 -6.792978395854593e+01 -5.640303806731874e+00;
596
 -6.802739035780453e+01 -5.628079884339490e+00;
597
 -6.810013513173853e+01 -5.618924984910072e+00;
598
 -6.796553317216673e+01 -5.635867571445430e+00;
599
 -6.804862816993474e+01 -5.625414481949695e+00;
600
 -6.811791088934277e+01 -5.616743653236795e+00;
601
 -6.799797864770498e+01 -5.631770999616993e+00;
602
 -6.806637626611369e+01 -5.623211887396822e+00;
603
 -1.501673347575687e+01 -3.400609071516998e+02;
604
 -6.801673333283745e+01 -5.629442241679166e+00;
605
 -1.496144200061796e+01 -3.400880830860033e+02;
606
 -1.503358234936796e+01 -3.400525715227857e+02;
607
 -1.491099531098258e+01 -3.401128975063432e+02;
608
 -6.809795602935057e+01 -5.619223391896575e+00;
609
 -1.504956533791146e+01 -3.400447319627486e+02;
610
 -6.805014007456579e+01 -5.625249632295979e+00;
611
 -6.811320768892050e+01 -5.617284183713557e+00;
612
 -1.506615051757307e+01 -3.400365491425667e+02;
613
 -6.806564552079850e+01 -5.623253799497583e+00;
614
 -1.501066890911666e+01 -3.400638671463563e+02;
615
 -1.508313123995907e+01 -3.400281949700447e+02;
616
 -1.496026193142547e+01 -3.400886635729094e+02;
617
 -1.502761519550008e+01 -3.400555539190993e+02;
618
 -1.510019004215625e+01 -3.400198256216151e+02;
619
 -6.105111307082893e+01 -4.998638864407421e+01;
620
 -1.504479295830843e+01 -3.400470797959221e+02;
621
 -1.511781090476717e+01 -3.400111561366126e+02;
622
 -6.811245105700547e+01 -5.617404052775871e+00;
623
 -1.506064607379108e+01 -3.400393040176878e+02;
624
 -1.513513626254855e+01 -3.400026318523492e+02;
625
 -6.812583421493186e+01 -5.615724236270737e+00;
626
 -1.507610861680809e+01 -3.400316968179981e+02;
627
 -1.515684761432272e+01 -3.399919493431565e+02;
628
 -1.502294538572414e+01 -3.400578043878791e+02;
629
 -1.509519957882062e+01 -3.400222574821935e+02;
630
 -1.518722134839612e+01 -3.399770276570155e+02;
631
 -6.785378719585435e+01 -5.650198727722788e+00;
632
  1.277452641861857e-14  3.832357925585572e-14;
633
 -6.787608082765489e+01 -5.647042394902940e+00;
634
 -1.638807917477099e-14 -1.536382422634780e-14;
635
 -6.779378423571826e+01 -5.657392756604597e+00;
636
 -6.790140378052210e+01 -5.643864973043178e+00;
637
  3.812318790956807e-16  3.812318790956807e-16;
638
 -6.781981286031858e+01 -5.654127170326678e+00;
639
 -6.792843300701371e+01 -5.640498233636016e+00;
640
  1.613674264341811e-14  1.741743650400685e-14;
641
 -6.784621047151717e+01 -5.650815166897113e+00;
642
 -6.795669257705215e+01 -5.636927159842913e+00;
643
  1.591378614990926e-14  1.591378614990926e-14;
644
 -6.787403671026013e+01 -5.647298877467633e+00;
645
 -6.798728871625522e+01 -5.633137431325295e+00;
646
 -6.779794360790598e+01 -5.656870924286924e+00;
647
 -6.790655038236982e+01 -5.643293901823848e+00;
648
 -6.801424558651622e+01 -5.629704645374106e+00;
649
 -6.783391831075969e+01 -5.652357430971357e+00;
650
 -6.794515056393190e+01 -5.638400438014252e+00;
651
 -6.804305442216479e+01 -5.626114010054873e+00;
652
 -6.787510955373352e+01 -5.647164264117212e+00;
653
 -6.798599401428724e+01 -5.633250101143276e+00;
654
 -6.806816425674779e+01 -5.622937678435261e+00;
655
 -6.791616305056242e+01 -5.642062797731367e+00;
656
 -6.801637321597019e+01 -5.629462533407803e+00;
657
 -1.497073594021920e+01 -3.400834878595442e+02;
658
 -6.795433110625531e+01 -5.637223495858985e+00;
659
 -6.804115302070365e+01 -5.626377544213138e+00;
660
 -6.811031368464180e+01 -5.617647427115272e+00;
661
 -6.798723696482460e+01 -5.633143925798582e+00;
662
 -1.493609096646585e+01 -3.401005533031339e+02;
663
 -1.500884583403276e+01 -3.400647874097725e+02;
664
 -1.488153677535535e+01 -3.401274106753477e+02;
665
 -6.807553568516676e+01 -5.622062301469972e+00;
666
 -1.502608708096101e+01 -3.400562822551836e+02;
667
 -6.802779465368090e+01 -5.628029144875806e+00;
668
 -1.497080997632515e+01 -3.400834748618007e+02;
669
 -1.504240017848378e+01 -3.400482569492342e+02;
670
 -6.804363955568755e+01 -5.626015671962731e+00;
671
 -6.810644825812997e+01 -5.618157496867492e+00;
672
 -1.505862973209853e+01 -3.400402725791872e+02;
673
 -1.493621782152641e+01 -3.401004909039048e+02;
674
 -6.812209868962016e+01 -5.616168212843358e+00;
675
 -1.507563051500046e+01 -3.400319086160800e+02;
676
 -6.807480264579270e+01 -5.622129404011366e+00;
677
 -1.502042575418872e+01 -3.400590907535478e+02;
678
 -1.509292589270515e+01 -3.400233995355160e+02;
679
 -1.497022344816710e+01 -3.400837633839222e+02;
680
 -1.503761314219907e+01 -3.400506119716370e+02;
681
 -1.511040680547443e+01 -3.400148224033532e+02;
682
 -6.810740054988558e+01 -5.617988170406958e+00;
683
 -1.505544074875433e+01 -3.400418648791592e+02;
684
 -1.512920182182645e+01 -3.400055516895002e+02;
685
 -6.812290897362917e+01 -5.616066507800901e+00;
686
 -1.507292071908652e+01 -3.400332417804138e+02;
687
 -1.515097661642101e+01 -3.399948380447304e+02;
688
 -1.502060206496220e+01 -3.400590040181215e+02;
689
 -1.509344911119217e+01 -3.400231421165460e+02;
690
 -1.519214374763997e+01 -3.399745587532345e+02;
691
 -1.504054349082053e+01 -3.400491937836472e+02;
692
 -1.512048882653823e+01 -3.400098619965521e+02;
693
 -1.523968514688878e+01 -3.399511885876798e+02;
694
 -6.784412775299700e+01 -5.651296480063417e+00;
695
  1.293433535748702e-14  3.868820427934728e-14;
696
 -6.786478941487988e+01 -5.648484065929782e+00;
697
  3.152066209245971e-14  3.152066209245971e-14;
698
 -6.778237831259622e+01 -5.658848630628327e+00;
699
 -6.788909223470898e+01 -5.645434696810079e+00;
700
  0.000000000000000e+00  5.142328162472742e-16;
701
 -6.780771893137779e+01 -5.655669414931229e+00;
702
 -6.791562924682493e+01 -5.642104874336754e+00;
703
  1.614494430064695e-14  1.538219102660064e-14;
704
 -6.783476854725306e+01 -5.652225846951348e+00;
705
 -6.794390192444845e+01 -5.638557124729906e+00;
706
  0.000000000000000e+00  1.666425638607759e-14;
707
 -6.786303020249977e+01 -5.648679889835696e+00;
708
 -6.797392909899773e+01 -5.634764154750171e+00;
709
 -6.778792584587505e+01 -5.658102831946161e+00;
710
 -6.789362912933341e+01 -5.644890329587368e+00;
711
 -6.800341762520129e+01 -5.631138235498125e+00;
712
 -6.782044665450843e+01 -5.654047652195158e+00;
713
 -6.793017149704717e+01 -5.640230271993296e+00;
714
 -2.055441290278646e+01 -3.045708581014089e+02;
715
 -6.785908583839728e+01 -5.649174793215074e+00;
716
 -6.797003699972804e+01 -5.635252577545273e+00;
717
 -1.493559968217415e+01 -3.401007949627796e+02;
718
 -6.789998685222140e+01 -5.644092578624969e+00;
719
 -6.800418859594616e+01 -5.630991675466955e+00;
720
 -1.496035979354028e+01 -3.400885920116143e+02;
721
 -6.794048272628537e+01 -5.638986184696904e+00;
722
 -6.049098224519936e+01 -5.311050873753459e+01;
723
 -6.810192027210607e+01 -5.618725824871725e+00;
724
 -6.797513595995341e+01 -5.634637607985056e+00;
725
 -6.805123608547687e+01 -5.625062274514674e+00;
726
 -6.811984083996347e+01 -5.616476511876344e+00;
727
 -6.799908702325382e+01 -5.631607000276263e+00;
728
 -6.806811875023089e+01 -5.622993191798747e+00;
729
 -1.501822770719324e+01 -3.400601486525463e+02;
730
 -6.801914500563680e+01 -5.629139578859068e+00;
731
 -1.496321852779629e+01 -3.400872560382289e+02;
732
 -1.503483835489485e+01 -3.400519770448685e+02;
733
 -1.491315640814751e+01 -3.401118345081373e+02;
734
 -6.809969800033859e+01 -5.619004750909633e+00;
735
 -1.505113625862897e+01 -3.400439357056725e+02;
736
 -2.812013198284217e+01 -2.570487144196306e+02;
737
 -6.811500750989383e+01 -5.617108075988355e+00;
738
 -1.506772088827256e+01 -3.400357999783773e+02;
739
 -6.806787550509385e+01 -5.622998820056366e+00;
740
 -1.501289231530193e+01 -3.400627733621027e+02;
741
 -1.508516059101346e+01 -3.400272433952730e+02;
742
 -1.496295695751061e+01 -3.400873144415078e+02;
743
 -1.503029115121496e+01 -3.400542140586164e+02;
744
 -1.510291372903257e+01 -3.400185089950484e+02;
745
 -6.810050199694123e+01 -5.618878938264262e+00;
746
 -1.504794213674164e+01 -3.400455305189080e+02;
747
 -1.512092008557265e+01 -3.400096263960108e+02;
748
 -6.811776556614599e+01 -5.616761893768062e+00;
749
 -1.506696593999261e+01 -3.400361713942876e+02;
750
 -1.514211198232021e+01 -3.399991762449057e+02;
751
 -1.501714043656872e+01 -3.400606835293285e+02;
752
 -1.508822011648829e+01 -3.400257147290727e+02;
753
 -1.517506786754375e+01 -3.399830077286838e+02;
754
 -1.503814146569678e+01 -3.400503520591869e+02;
755
 -1.512200608937569e+01 -3.400091154898809e+02;
756
 -1.528756266986809e+01 -3.399275813665484e+02;
757
 -1.506450609214175e+01 -3.400373815762305e+02;
758
 -1.516000836051636e+01 -3.399903707389907e+02;
759
 -1.532049877564887e+01 -3.399114430105409e+02;
760
 -6.783454793704509e+01 -5.652479577066676e+00;
761
  1.276412422236865e-16  1.276412422236865e-16;
762
 -6.785344855850174e+01 -5.649931918554699e+00;
763
  1.632588032645079e-14  3.290685253300237e-14;
764
 -2.553832263334904e-17  1.307562118827471e-14;
765
 -6.787638469088976e+01 -5.646979361291101e+00;
766
  1.572932220614357e-14  3.044384943124561e-14;
767
 -6.779541372399453e+01 -5.657188322365494e+00;
768
 -6.790247923287318e+01 -5.643754933082672e+00;
769
  6.398825534809827e-16  3.263401022753012e-14;
770
 -6.782196270369701e+01 -5.653832534283157e+00;
771
 -6.793011988698657e+01 -5.640286558471457e+00;
772
  5.089512889074219e-16  1.526853866722266e-15;
773
 -6.785023326704678e+01 -5.650335339286651e+00;
774
 -6.795978728094043e+01 -5.636563714698506e+00;
775
  0.000000000000000e+00  1.755194501607086e-14;
776
 -6.788026863512253e+01 -5.646516933637201e+00;
777
 -6.799473249936011e+01 -5.632178375751267e+00;
778
 -6.780752090828324e+01 -5.655669350264839e+00;
779
 -6.791578504186907e+01 -5.642060419440455e+00;
780
 -6.802269499340998e+01 -5.628644251932903e+00;
781
 -6.784406571044258e+01 -5.651084266157106e+00;
782
 -6.795495216940270e+01 -5.637145560040918e+00;
783
 -6.804889914382670e+01 -5.625355571930585e+00;
784
 -6.788403399715632e+01 -5.646069382183465e+00;
785
 -6.799501245887890e+01 -5.632093435881352e+00;
786
 -6.807198368401035e+01 -5.622483209121913e+00;
787
 -6.792469845847938e+01 -5.640991760378704e+00;
788
 -6.802093214168735e+01 -5.628890391787144e+00;
789
 -1.497225732193334e+01 -3.400827628895703e+02;
790
 -6.796131128485459e+01 -5.636347565018251e+00;
791
 -6.804289320693914e+01 -5.626159144870739e+00;
792
 -6.811190159169558e+01 -5.617473019437842e+00;
793
 -6.799134343223528e+01 -5.632578782213722e+00;
794
 -1.493814577591716e+01 -3.400995659763836e+02;
795
 -1.501037019066968e+01 -3.400640140979190e+02;
796
 -1.488382736924650e+01 -3.401262371736327e+02;
797
 -6.807694451535029e+01 -5.621860579127030e+00;
798
 -1.502686187025846e+01 -3.400559010976380e+02;
799
 -6.802983224357089e+01 -5.627773425230979e+00;
800
 -1.497206620543323e+01 -3.400828569028783e+02;
801
 -1.504336173188239e+01 -3.400477839033090e+02;
802
 -6.804535090333880e+01 -5.625800891308329e+00;
803
 -6.810792434062292e+01 -5.617972226285065e+00;
804
 -1.505985190907608e+01 -3.400396713044432e+02;
805
 -1.493816495656354e+01 -3.400995565415164e+02;
806
 -5.678720124354870e+01 -7.699321480092614e+01;
807
 -1.507681486321091e+01 -3.400313259394791e+02;
808
 -6.807691655561194e+01 -5.621864088343814e+00;
809
 -1.502247766461626e+01 -3.400580579024121e+02;
810
 -1.509481562929841e+01 -3.400224698006554e+02;
811
 -1.497294820727538e+01 -3.400824230316694e+02;
812
 -1.504035508264847e+01 -3.400492864726749e+02;
813
 -1.511282523615959e+01 -3.400135856932752e+02;
814
 -6.811047066548916e+01 -5.617652623250610e+00;
815
 -1.505857874980705e+01 -3.400403210801735e+02;
816
 -1.513174240681761e+01 -3.400043251019762e+02;
817
 -6.812910213946667e+01 -5.615314050665079e+00;
818
 -1.507979779082814e+01 -3.400298583924520e+02;
819
 -1.515795439456056e+01 -3.399914047727190e+02;
820
 -1.503290848901737e+01 -3.400529264511256e+02;
821
 -1.510932751836358e+01 -3.400153299967066e+02;
822
 -1.521787072984046e+01 -3.399619229292711e+02;
823
 -1.506272112622849e+01 -3.400382597312467e+02;
824
 -1.518708454102791e+01 -3.399770715574975e+02;
825
 -2.824004214997440e+01 -2.951304509078706e+02;
826
 -1.509499208098890e+01 -3.400224064059518e+02;
827
 -1.521440566190383e+01 -3.399636279773226e+02;
828
 -6.836197291035830e+01 -5.586054601468934e+00;
829
 -6.782535471999748e+01 -5.653618371076761e+00;
830
 -1.270488720921889e-14  1.313815317222134e-14;
831
 -6.784284155292386e+01 -5.651212950844587e+00;
832
 -1.633642619646911e-14 -1.544302788884970e-14;
833
 -1.310130047087138e-14  3.842023598496005e-17;
834
 -6.786342045836901e+01 -5.648655831099126e+00;
835
  0.000000000000000e+00  0.000000000000000e+00;
836
 -6.778269115417849e+01 -5.658809382978692e+00;
837
 -6.788889405304562e+01 -5.645459563824079e+00;
838
  3.808316229357768e-16  3.110124920642177e-14;
839
 -6.780880691832024e+01 -5.655508005386498e+00;
840
 -6.791622170036825e+01 -5.642080343857874e+00;
841
 -1.507142643057926e-14  1.583777014738837e-14;
842
 -6.783646083252603e+01 -5.651988613859609e+00;
843
 -6.794514058244931e+01 -5.638426595240706e+00;
844
  3.102734325431644e-14  3.102734325431644e-14;
845
 -6.786612900674947e+01 -5.648291077764561e+00;
846
 -6.797937323942955e+01 -5.634105864065968e+00;
847
 -6.779415294022570e+01 -5.657346499563681e+00;
848
 -6.790106876194942e+01 -5.643956822617761e+00;
849
 -1.488475234938179e+01 -3.401258290597843e+02;
850
 -6.782967534746393e+01 -5.652864869602767e+00;
851
 -6.794046840637856e+01 -5.638963076785158e+00;
852
 -1.491616009589860e+01 -3.401103804758666e+02;
853
 -6.786890660067996e+01 -5.647967474110978e+00;
854
 -6.797980006044311e+01 -5.634027397711520e+00;
855
 -1.494000525113634e+01 -3.400986278858284e+02;
856
 -6.790899319127676e+01 -5.642937567911071e+00;
857
 -1.488273668836728e+01 -3.401267970613655e+02;
858
 -1.496249374099371e+01 -3.400875657244958e+02;
859
 -6.794604748371853e+01 -5.638238077664447e+00;
860
 -1.490959927543407e+01 -3.401135841853028e+02;
861
 -6.810358648109039e+01 -5.618466892093407e+00;
862
 -6.797795199377353e+01 -5.634259315437641e+00;
863
 -1.492971877443901e+01 -3.401036643096687e+02;
864
 -6.812099652651784e+01 -5.616331453072414e+00;
865
 -6.800103845925958e+01 -5.631362103129952e+00;
866
 -6.806955238261241e+01 -5.622763457296933e+00;
867
 -1.501890237537915e+01 -3.400598167528873e+02;
868
 -6.802095041209006e+01 -5.628888098858346e+00;
869
 -1.496402749344016e+01 -3.400868112552462e+02;
870
 -1.503532942073346e+01 -3.400517354624361e+02;
871
 -1.491441162245586e+01 -3.401112170933108e+02;
872
 -6.810058882854693e+01 -5.618917839656866e+00;
873
 -1.505186651629980e+01 -3.400435998635622e+02;
874
 -1.493056862626750e+01 -3.401032462759417e+02;
875
 -6.811616707995121e+01 -5.616937631196571e+00;
876
 -1.506849388977795e+01 -3.400354196803589e+02;
877
 -6.806937003271382e+01 -5.622811244645732e+00;
878
 -1.501407442166295e+01 -3.400622152549970e+02;
879
 -1.508596602343460e+01 -3.400267768779310e+02;
880
 -1.496501692265161e+01 -3.400863479655678e+02;
881
 -1.503217993943679e+01 -3.400533082837819e+02;
882
 -1.510422646442120e+01 -3.400178631320912e+02;
883
 -6.810311922245533e+01 -5.618600239451943e+00;
884
 -1.505036057809131e+01 -3.400443407327991e+02;
885
 -1.512242434176929e+01 -3.400088628709643e+02;
886
 -6.812084130318941e+01 -5.616301137585683e+00;
887
 -1.506949212469507e+01 -3.400349285724089e+02;
888
 -1.514335985684947e+01 -3.399985856798750e+02;
889
 -1.502419968300847e+01 -3.400572341791467e+02;
890
 -1.509482048656467e+01 -3.400224439927226e+02;
891
 -1.517788360797169e+01 -3.399816222630282e+02;
892
 -1.505285694726879e+01 -3.400431126051951e+02;
893
 -1.514159059097608e+01 -3.399994561975311e+02;
894
 -1.528650098316083e+01 -3.399281506603949e+02;
895
 -1.509896845585486e+01 -3.400203798002053e+02;
896
  6.818964573544055e+00 -2.148267734023450e+02;
897
 -5.511217397674078e+01 -8.927530444780167e+01;
898
 -1.512322801444023e+01 -3.400084674561942e+02;
899
 -1.517866181563187e+01 -3.399811925188701e+02;
900
 -6.833020963388702e+01 -5.590092514993899e+00;
901
 -6.781638204324149e+01 -5.654703921859781e+00;
902
  1.297606256112129e-14  5.203221930327335e-14;
903
 -6.783354772173381e+01 -5.652428835450293e+00;
904
  5.096756742241496e-16  5.096756742241496e-16;
905
  1.300033203753327e-14  1.328018262933926e-14;
906
 -6.785177580511072e+01 -5.650141798173543e+00;
907
  5.122205708450130e-16  1.152496284401279e-15;
908
  0.000000000000000e+00  2.592530436421280e-14;
909
 -6.787509419933448e+01 -5.647166190687368e+00;
910
  0.000000000000000e+00  0.000000000000000e+00;
911
 -6.779522321366098e+01 -5.657187314484970e+00;
912
 -6.790228580933623e+01 -5.643754297593475e+00;
913
 -5.083346607798515e-16  1.512295615820058e-14;
914
 -6.782256074496132e+01 -5.653782410012099e+00;
915
 -6.793051613907440e+01 -5.640236835386008e+00;
916
  1.474690974618986e-14  1.563680947225304e-14;
917
 -6.785147601915936e+01 -5.650179412193173e+00;
918
 -6.796347763497855e+01 -5.636125519919852e+00;
919
 -6.778001788209190e+01 -5.659094944179071e+00;
920
 -6.788571310166900e+01 -5.645858696078142e+00;
921
 -6.799965796046114e+01 -5.631560253130964e+00;
922
 -6.781496805667487e+01 -5.654685197779067e+00;
923
 -6.792547812705102e+01 -5.640844115003914e+00;
924
 -6.802979419822742e+01 -5.627778199968193e+00;
925
 -6.785438748355142e+01 -5.649764296924435e+00;
926
 -6.796510401468043e+01 -5.635871618104147e+00;
927
 -1.816602391761855e+01 -3.197284941908553e+02;
928
 -6.789378731103818e+01 -5.644870481451720e+00;
929
 -6.799898817210371e+01 -5.631694114848533e+00;
930
 -6.807412043253005e+01 -5.622190127271950e+00;
931
 -6.793080810036770e+01 -5.640225104227137e+00;
932
 -6.802353899089151e+01 -5.628588134890825e+00;
933
 -3.877697230797381e+01 -1.902154521392386e+02;
934
 -6.796354658792713e+01 -5.636091962916160e+00;
935
 -6.804451904430789e+01 -5.625930194533545e+00;
936
 -6.811310025627517e+01 -5.617297668239992e+00;
937
 -6.799386553761028e+01 -5.632287175012925e+00;
938
 -1.493938280270665e+01 -3.400989106431198e+02;
939
 -1.501076813387429e+01 -3.400638183337132e+02;
940
 -6.801142586228552e+01 -5.630083418228621e+00;
941
 -6.807757803063208e+01 -5.621805967488655e+00;
942
 -1.502730393706823e+01 -3.400556602026008e+02;
943
 -6.803066989643490e+01 -5.627643396612227e+00;
944
 -1.497254827074958e+01 -3.400826431887847e+02;
945
 -1.504378893655972e+01 -3.400475737354607e+02;
946
 -6.804623594985834e+01 -5.625689814390569e+00;
947
 -6.810861865396407e+01 -5.617860179632482e+00;
948
 -1.506033245928749e+01 -3.400394583069536e+02;
949
 -1.493941110176267e+01 -3.400988967229312e+02;
950
 -2.729674477826918e+01 -2.626783397214420e+02;
951
 -1.507715721990911e+01 -3.400311340876871e+02;
952
 -6.807803507765739e+01 -5.621723702929035e+00;
953
 -1.502326125262128e+01 -3.400576958383444e+02;
954
 -1.509497855501846e+01 -3.400223428060565e+02;
955
 -1.983176335488592e+01 -3.095009024350427e+02;
956
 -1.504166407219862e+01 -3.400485956640623e+02;
957
 -1.511322902880467e+01 -3.400134104434907e+02;
958
 -6.811275599689232e+01 -5.617390677543689e+00;
959
 -1.506005949111307e+01 -3.400395457609672e+02;
960
 -1.513205941839330e+01 -3.400041457102667e+02;
961
 -6.134083112500758e+01 -4.837114383456243e+01;
962
 -1.508100554122863e+01 -3.400292641992891e+02;
963
 -1.515563784007112e+01 -3.399925211725443e+02;
964
 -1.503937441805153e+01 -3.400497454989541e+02;
965
 -1.511216486801344e+01 -3.400139340142868e+02;
966
 -1.519789314055732e+01 -3.399717531534527e+02;
967
 -1.507752641187112e+01 -3.400309992894595e+02;
968
 -1.518774453740037e+01 -3.399767468063690e+02;
969
 -4.486849505062514e+01 -1.533638563370380e+02;
970
 -1.514678929798854e+01 -3.399968748972969e+02;
971
 -1.520383137160936e+01 -3.399688311980390e+02;
972
 -6.833262593478629e+01 -5.589789135747160e+00;
973
 -1.511366350344148e+01 -3.400131966802617e+02;
974
 -1.515798909223875e+01 -3.399914111167477e+02;
975
 -6.832177570034906e+01 -5.591126538096368e+00;
976
 -6.780696919849336e+01 -5.655851426593201e+00;
977
  1.286189492060215e-14  3.850950374549489e-14;
978
 -6.782486758445988e+01 -5.653468075513827e+00;
979
  1.279580642736478e-16  1.407538707010126e-15;
980
 -1.270432831436139e-16  1.279325861256192e-14;
981
 -6.784234177808975e+01 -5.651300564267375e+00;
982
 -1.628048566816461e-14  1.628048566816461e-14;
983
  1.300609060763142e-14  2.601218121526283e-14;
984
 -6.786268939687653e+01 -5.648747558374848e+00;
985
  1.582210875936004e-14  1.518922440898563e-14;
986
 -6.778140769861201e+01 -5.658970400131710e+00;
987
 -6.788826503566655e+01 -5.645538490404978e+00;
988
 -2.549846686141685e-16 -2.549846686141685e-16;
989
 -6.780861418459398e+01 -5.655507277298783e+00;
990
 -6.791607701167510e+01 -5.642073593973048e+00;
991
 -3.840065142307467e-16  1.510425622640937e-14;
992
 -6.783684887423408e+01 -5.651989743553994e+00;
993
 -6.794759703314514e+01 -5.638118344261548e+00;
994
  1.564948779690953e-14  1.564948779690953e-14;
995
 -6.786981550047275e+01 -5.647878339075501e+00;
996
 -6.798489846368221e+01 -5.633412488839503e+00;
997
 -6.779960069404471e+01 -5.656663026461499e+00;
998
 -6.790893139430551e+01 -5.642945322173856e+00;
999
 -6.801582442659260e+01 -5.629556308344830e+00;
1000
 -6.783936529244605e+01 -5.651698924209003e+00;
1001
 -6.794980016604246e+01 -5.637792071235799e+00;
1002
 -6.804349811272562e+01 -5.626058325281642e+00;
1003
 -6.787908024084294e+01 -5.646715860014518e+00;
1004
 -6.798645189247208e+01 -5.633242447337111e+00;
1005
 -1.584122817935356e+01 -3.344352449824198e+02;
1006
 -6.791563115551708e+01 -5.642104634803829e+00;
1007
 -6.801135032859739e+01 -5.630067994864262e+00;
1008
 -1.496452891825792e+01 -3.400865411767609e+02;
1009
 -6.794924390237759e+01 -5.637886779550506e+00;
1010
 -1.491205389267377e+01 -3.401123768126532e+02;
1011
 -6.810504420544839e+01 -5.618333726261968e+00;
1012
 -6.798060738239300e+01 -5.633975892251412e+00;
1013
 -1.493097870502701e+01 -3.401030914078767e+02;
1014
 -6.812131849548591e+01 -5.616291040313156e+00;
1015
 -6.800230617746567e+01 -5.631227912332737e+00;
1016
 -6.806992721225788e+01 -5.622716413054344e+00;
1017
 -1.501922735629478e+01 -3.400596334596785e+02;
1018
 -6.802174397454654e+01 -5.628813409376820e+00;
1019
 -1.496447269198122e+01 -3.400865688351103e+02;
1020
 -1.503583152859844e+01 -3.400514884476664e+02;
1021
 -1.491489296700026e+01 -3.401109569059358e+02;
1022
 -6.810098960769177e+01 -5.618842636316924e+00;
1023
 -1.505234272291351e+01 -3.400433890055859e+02;
1024
 -1.493130395583277e+01 -3.401028845742244e+02;
1025
 -6.811661342242115e+01 -5.616906507254091e+00;
1026
 -1.506882152068151e+01 -3.400352350748371e+02;
1027
 -6.807009147401315e+01 -5.622720697733055e+00;
1028
 -1.501440740648368e+01 -3.400620280251528e+02;
1029
 -1.508589445973655e+01 -3.400268355047764e+02;
1030
 -1.496579908316209e+01 -3.400859163675821e+02;
1031
 -1.503231787553300e+01 -3.400532170056421e+02;
1032
 -1.510377021756658e+01 -3.400180641867349e+02;
1033
 -6.810432667867900e+01 -5.618398886489123e+00;
1034
 -1.505072565457343e+01 -3.400441845474525e+02;
1035
 -1.512208994862308e+01 -3.400090273955263e+02;
1036
 -6.812216437815468e+01 -5.616159967769391e+00;
1037
 -1.506974514219043e+01 -3.400348275126059e+02;
1038
 -1.514170001205279e+01 -3.399993789431658e+02;
1039
 -1.502525810658011e+01 -3.400567134888548e+02;
1040
 -1.509280169741901e+01 -3.400234606384975e+02;
1041
 -1.516642396594736e+01 -3.399872374539377e+02;
1042
 -1.505551920213868e+01 -3.400418262826068e+02;
1043
 -1.512824263171051e+01 -3.400060470411411e+02;
1044
 -2.291794866901235e+01 -2.913371107491106e+02;
1045
 -1.510048052991888e+01 -3.400196827028594e+02;
1046
 -1.515740780833909e+01 -3.399916502939038e+02;
1047
 -6.831411612566561e+01 -5.592113112643476e+00;
1048
 -1.511610052755163e+01 -3.400119742350661e+02;
1049
 -1.515706267434802e+01 -3.399918669433767e+02;
1050
 -6.831735579959422e+01 -5.591656576881101e+00;
1051
 -1.510199431446825e+01 -3.400189145083997e+02;
1052
 -1.515283936559002e+01 -3.399939215203274e+02;
1053
 -6.832464741390108e+01 -5.590765983712870e+00;
1054
 -1.262818752400786e-16  1.291863583706004e-14;
1055
 -6.781589187317513e+01 -5.654712198359975e+00;
1056
  1.586984272585773e-14  1.701247140211949e-14;
1057
 -1.304660283847741e-14  2.423122716823761e-16;
1058
 -6.783375537029353e+01 -5.652377874542725e+00;
1059
  1.600607776258408e-14  1.600607776258408e-14;
1060
  2.585031727940645e-14  3.877547591910967e-14;
1061
 -6.785267221463434e+01 -5.649979511134727e+00;
1062
 -1.562104856748767e-14  1.536704777777242e-14;
1063
 -2.559340768337600e-17  2.610527583704352e-14;
1064
 -6.787525386458748e+01 -5.647195970567560e+00;
1065
 -1.609986521999079e-14 -8.804613792182462e-16;
1066
 -6.779459020444843e+01 -5.657291640757788e+00;
1067
 -6.790175709130449e+01 -5.643820640254696e+00;
1068
 -1.545210066589111e-14  1.787846358036988e-15;
1069
 -6.782241516432178e+01 -5.653775766670470e+00;
1070
 -6.793198648098171e+01 -5.640052331606322e+00;
1071
  2.560081608565503e-16  1.651252637524749e-14;
1072
 -6.785393247053244e+01 -5.649871202264512e+00;
1073
 -6.796720531959834e+01 -5.635607925789525e+00;
1074
 -6.778371157519585e+01 -5.658631544083402e+00;
1075
 -6.789123374989273e+01 -5.645190893827672e+00;
1076
 -6.800126444876150e+01 -5.631333742337722e+00;
1077
 -6.782281946720919e+01 -5.653749949590955e+00;
1078
 -6.793209918808793e+01 -5.640013283630473e+00;
1079
 -6.803208384533329e+01 -5.627490846010583e+00;
1080
 -6.786373400041100e+01 -5.648616490492077e+00;
1081
 -6.797073227240669e+01 -5.635190231329966e+00;
1082
 -1.493132470783618e+01 -3.401028977893889e+02;
1083
 -6.790046218181361e+01 -5.643983123101002e+00;
1084
 -6.799986412485981e+01 -5.631509477320340e+00;
1085
 -6.807535559174349e+01 -5.622060004143962e+00;
1086
 -6.793424871203517e+01 -5.639743552975321e+00;
1087
 -6.802596578970676e+01 -5.628258668569444e+00;
1088
 -5.050992990291827e+01 -1.163450638942466e+02;
1089
 -6.796723860976869e+01 -5.635653556247194e+00;
1090
 -6.804596365327876e+01 -5.625748890363814e+00;
1091
 -6.811345442894924e+01 -5.617253213860161e+00;
1092
 -6.799577668167665e+01 -5.632047336037829e+00;
1093
 -1.493971503526213e+01 -3.400987940645550e+02;
1094
 -1.501117609096516e+01 -3.400635942225792e+02;
1095
 -6.801187666220743e+01 -5.630026843754701e+00;
1096
 -6.807788889000626e+01 -5.621717150247534e+00;
1097
 -1.502784248480348e+01 -3.400554186838414e+02;
1098
 -6.803113568570292e+01 -5.627634743587561e+00;
1099
 -1.661183841285036e+01 -3.297640689612586e+02;
1100
 -1.504448725637952e+01 -3.400472536090522e+02;
1101
 -6.804662051212084e+01 -5.625666451844122e+00;
1102
 -6.810906902780238e+01 -5.617803650813202e+00;
1103
 -1.506094389054738e+01 -3.400391340812337e+02;
1104
 -1.493987469927362e+01 -3.400986921037986e+02;
1105
 -1.500603518729223e+01 -3.400661232326502e+02;
1106
 -1.507742235401937e+01 -3.400310504840104e+02;
1107
 -6.807833077588093e+01 -5.621661689228113e+00;
1108
 -1.502317958358816e+01 -3.400576891747569e+02;
1109
 -1.509470796421068e+01 -3.400224993528545e+02;
1110
 -2.482444937953417e+01 -2.780660051276897e+02;
1111
 -1.504115650597333e+01 -3.400488922053940e+02;
1112
 -1.511251044887951e+01 -3.400137405696930e+02;
1113
 -6.811302090522750e+01 -5.617307628072470e+00;
1114
 -1.505964910494676e+01 -3.400397710781106e+02;
1115
 -1.513095255085508e+01 -3.400046668887002e+02;
1116
 -1.501341583614258e+01 -3.400625392409171e+02;
1117
 -1.507936006157132e+01 -3.400300737477621e+02;
1118
 -1.515067205887335e+01 -3.399949644787171e+02;
1119
 -1.503711122414997e+01 -3.400508823134314e+02;
1120
 -1.510297373678226e+01 -3.400184326354675e+02;
1121
 -1.517138264468188e+01 -3.399847975937349e+02;
1122
 -1.506857488563038e+01 -3.400354032512873e+02;
1123
 -1.512759060987861e+01 -3.400063444270672e+02;
1124
 -6.829704730849437e+01 -5.594231219097181e+00;
1125
 -1.509345082120369e+01 -3.400231412752345e+02;
1126
 -1.514183145188322e+01 -3.399993611056371e+02;
1127
 -6.830838510676180e+01 -5.592832651406867e+00;
1128
 -1.509775812228842e+01 -3.400210221138928e+02;
1129
 -1.514758026462117e+01 -3.399965091387372e+02;
1130
 -6.831875375942393e+01 -5.591530845859485e+00;
1131
 -1.509823486541237e+01 -3.400207875589762e+02;
1132
 -1.515664087530262e+01 -3.399920510651257e+02;
1133
 -6.833128311533913e+01 -5.589907947925657e+00;
1134
 -1.616277342557711e-14  1.591023009080247e-14;
1135
 -1.286870211107597e-14  2.561049394492239e-14;
1136
 -6.782498880933693e+01 -5.653636832244489e+00;
1137
  5.100976313124270e-16  1.594055097851334e-14;
1138
 -1.306534406427591e-14 -1.306534406427591e-14;
1139
 -6.784353611696010e+01 -5.651150713178423e+00;
1140
  1.577642527207365e-14  1.653369368513318e-14;
1141
  1.398269037044502e-16  2.923653441093050e-16;
1142
 -6.786421026362562e+01 -5.648556732992905e+00;
1143
 -1.522661387044968e-14  1.573843282407824e-14;
1144
 -6.778158394639163e+01 -5.658898469830835e+00;
1145
 -6.788808160608353e+01 -5.645536599976540e+00;
1146
 -1.623889434980035e-14 -1.509709709083001e-14;
1147
 -6.780807278695647e+01 -5.655649928469406e+00;
1148
 -6.791647205008975e+01 -5.642024024192018e+00;
1149
 -2.534156388162871e-16 -2.534156388162871e-16;
1150
 -6.783832743752703e+01 -5.651754416995100e+00;
1151
 -6.794973658253980e+01 -5.637849859212668e+00;
1152
  1.547029638383390e-14  1.483102793822092e-14;
1153
 -6.787353951122165e+01 -5.647386169519439e+00;
1154
 -6.798702669271366e+01 -5.633120506778763e+00;
1155
 -6.780512540853832e+01 -5.655969892675347e+00;
1156
 -6.791268119195293e+01 -5.642474797825187e+00;
1157
 -6.801674266439360e+01 -5.629416168057435e+00;
1158
 -6.784599644243028e+01 -5.650842020782771e+00;
1159
 -6.795281188884859e+01 -5.637414138703532e+00;
1160
 -6.804371355107776e+01 -5.626031286974558e+00;
1161
 -6.788472623987279e+01 -5.646007429421753e+00;
1162
 -6.798853857435807e+01 -5.632905871822238e+00;
1163
 -6.806514141373010e+01 -5.623341969796471e+00;
1164
 -6.791855486497094e+01 -5.641712859140146e+00;
1165
 -6.801294711283606e+01 -5.629917406867534e+00;
1166
 -1.496429148244002e+01 -3.400866579741448e+02;
1167
 -6.795238864789864e+01 -5.637467250115241e+00;
1168
 -1.491270826203881e+01 -3.401120783654318e+02;
1169
 -6.810440241288784e+01 -5.618389380745801e+00;
1170
 -6.798297678545913e+01 -5.633628742478173e+00;
1171
 -1.493135456707689e+01 -3.401029065247837e+02;
1172
 -6.812177747378645e+01 -5.616283229120531e+00;
1173
 -6.800265685608402e+01 -5.631183903453555e+00;
1174
 -6.807030706213874e+01 -5.622668738705000e+00;
1175
 -1.501984299806025e+01 -3.400593305974201e+02;
1176
 -6.802211990277129e+01 -5.628691523369060e+00;
1177
 -1.496503237550201e+01 -3.400863169422104e+02;
1178
 -1.503657775647725e+01 -3.400511213364022e+02;
1179
 -3.302920005925684e+01 -2.260607275600019e+02;
1180
 -6.810164765605988e+01 -5.618784941975814e+00;
1181
 -1.505321307435956e+01 -3.400429139832349e+02;
1182
 -1.493177681026553e+01 -3.401026754042579e+02;
1183
 -6.811718040718840e+01 -5.616810441647190e+00;
1184
 -1.506954976473407e+01 -3.400348767959355e+02;
1185
 -6.807036921910499e+01 -5.622710739274418e+00;
1186
 -1.501466548382369e+01 -3.400619010659341e+02;
1187
 -1.508621344682611e+01 -3.400266785673092e+02;
1188
 -1.496565975345835e+01 -3.400860317493647e+02;
1189
 -1.503201804540278e+01 -3.400533645081152e+02;
1190
 -1.510353896660539e+01 -3.400181545437657e+02;
1191
 -6.810376675634416e+01 -5.618494064727142e+00;
1192
 -1.504993399789503e+01 -3.400445740146500e+02;
1193
 -1.512127618240931e+01 -3.400094511932763e+02;
1194
 -6.812157235270737e+01 -5.616259176761067e+00;
1195
 -1.506854413473879e+01 -3.400353949610429e+02;
1196
 -1.513964140106678e+01 -3.400004152395129e+02;
1197
 -1.502321543089512e+01 -3.400576715397512e+02;
1198
 -1.508827157629842e+01 -3.400256425746833e+02;
1199
 -1.515804190705569e+01 -3.399913851301870e+02;
1200
 -1.504698839186981e+01 -3.400459997260631e+02;
1201
 -1.510857043181500e+01 -3.400157024841491e+02;
1202
 -3.516935181528277e+01 -2.140938166955453e+02;
1203
 -1.507095782360262e+01 -3.400342074821195e+02;
1204
 -1.512625168947479e+01 -3.400070266096637e+02;
1205
 -6.829814191242806e+01 -5.594044004517469e+00;
1206
 -1.508544113594752e+01 -3.400270585340296e+02;
1207
 -1.513871173355625e+01 -3.400008726544356e+02;
1208
 -6.831106112082779e+01 -5.592471780612549e+00;
1209
 -1.509228259867806e+01 -3.400237160303799e+02;
1210
 -1.515024022694093e+01 -3.399952003682424e+02;
1211
 -6.832463290621065e+01 -5.590767805211490e+00;
1212
 -1.510139958371418e+01 -3.400192305319176e+02;
1213
 -1.516362172228609e+01 -3.399886396748085e+02;
1214
 -6.833802954346622e+01 -5.589060894996700e+00;
1215
 -1.624328491782000e-14  1.535498027387672e-14;
1216
  1.301484332187438e-14  3.886693951093869e-14;
1217
 -6.783446948889858e+01 -5.652516410756276e+00;
1218
  1.607511579211719e-14  3.151233016391226e-14;
1219
 -1.306547922261613e-14 -1.306547922261613e-14;
1220
 -6.785399018044423e+01 -5.649814146455626e+00;
1221
  1.563376677568241e-14  1.665059713507639e-14;
1222
  1.302019408393207e-14  2.604038816786413e-14;
1223
 -6.787598005189272e+01 -5.647079946379440e+00;
1224
 -1.565882145153563e-14 -1.565882145153563e-14;
1225
 -6.779440260399531e+01 -5.657315176789777e+00;
1226
 -6.790156885838218e+01 -5.643844259386526e+00;
1227
 -1.630173111510994e-14  3.158460403552551e-14;
1228
 -6.782280274374224e+01 -5.653776956233199e+00;
1229
 -6.793235422551597e+01 -5.640006185642860e+00;
1230
  2.521272730970380e-16  1.588401820511339e-14;
1231
 -6.785607261181124e+01 -5.649602678699098e+00;
1232
 -6.796788394165621e+01 -5.635547669462807e+00;
1233
 -6.778742713251454e+01 -5.658190308761100e+00;
1234
 -6.789336208509860e+01 -5.644898931203031e+00;
1235
 -6.800192562911582e+01 -5.631250766757546e+00;
1236
 -6.782656941408801e+01 -5.653279464217627e+00;
1237
 -6.793320578036963e+01 -5.639924234331877e+00;
1238
 -6.803207107030723e+01 -5.627467547239416e+00;
1239
 -6.786675479995991e+01 -5.648237465321255e+00;
1240
 -6.797113750533387e+01 -5.635139378370938e+00;
1241
 -1.493163937519033e+01 -3.401027430073523e+02;
1242
 -6.790253525364781e+01 -5.643722997695424e+00;
1243
 -6.800084791653072e+01 -5.631386015485250e+00;
1244
 -6.807506689725345e+01 -5.622071337244153e+00;
1245
 -6.793625433380581e+01 -5.639541688891124e+00;
1246
 -6.802571276155356e+01 -5.628315325980141e+00;
1247
 -2.542476402196002e+01 -2.742803623912828e+02;
1248
 -6.796824198488517e+01 -5.635502738565868e+00;
1249
 -6.804532233412145e+01 -5.625854280169646e+00;
1250
 -6.811297508506513e+01 -5.617363178449213e+00;
1251
 -6.799634067141207e+01 -5.631976558066977e+00;
1252
 -1.494020592132552e+01 -3.400985525995272e+02;
1253
 -1.501174146893793e+01 -3.400633629313633e+02;
1254
 -6.801233298752737e+01 -5.629969575818131e+00;
1255
 -6.807846376788825e+01 -5.621669898068855e+00;
1256
 -1.502852893035975e+01 -3.400550809862648e+02;
1257
 -6.803170701869341e+01 -5.627538138352438e+00;
1258
 -2.952984786425015e+01 -2.484327481257681e+02;
1259
 -1.504528408729983e+01 -3.400468381793870e+02;
1260
 -6.804728509314153e+01 -5.625607945675964e+00;
1261
 -6.810987457905695e+01 -5.617727441393474e+00;
1262
 -1.506181271418362e+01 -3.400387300638191e+02;
1263
 -1.494045594924191e+01 -3.400984061890451e+02;
1264
 -1.500675442633870e+01 -3.400657694120311e+02;
1265
 -1.507819897584629e+01 -3.400306449815095e+02;
1266
 -6.807853984929331e+01 -5.621660349097145e+00;
1267
 -1.502347138003776e+01 -3.400575690463329e+02;
1268
 -1.509504455578884e+01 -3.400223571705544e+02;
1269
 -2.424427089249804e+01 -2.817168140338825e+02;
1270
 -1.504087491527386e+01 -3.400490073167283e+02;
1271
 -1.511238655382929e+01 -3.400138249441553e+02;
1272
 -6.811211606374668e+01 -5.617446099780346e+00;
1273
 -1.505873831360277e+01 -3.400402191603523e+02;
1274
 -1.512999383796068e+01 -3.400051620065061e+02;
1275
 -1.501184298614826e+01 -3.400632661497498e+02;
1276
 -1.507723765422268e+01 -3.400311413528995e+02;
1277
 -1.514781364220471e+01 -3.399963708944107e+02;
1278
 -1.503215175353674e+01 -3.400532987299419e+02;
1279
 -1.509571655066010e+01 -3.400220499721445e+02;
1280
 -1.516457085624617e+01 -3.399881492510943e+02;
1281
 -1.505292053896254e+01 -3.400430813202226e+02;
1282
 -1.511287488491851e+01 -3.400136081012644e+02;
1283
 -6.828826340543945e+01 -5.595334022912636e+00;
1284
 -1.507087126297569e+01 -3.400342734868841e+02;
1285
 -1.512825885220243e+01 -3.400059922259749e+02;
1286
 -6.830256927207792e+01 -5.593537939057146e+00;
1287
 -1.508344468970447e+01 -3.400280641759377e+02;
1288
 -1.514208326406540e+01 -3.399991903749101e+02;
1289
 -6.831660195916301e+01 -5.591776116935478e+00;
1290
 -1.509475045368327e+01 -3.400225252847561e+02;
1291
 -1.515649043627119e+01 -3.399921485021738e+02;
1292
 -6.833072486728030e+01 -5.589978038821146e+00;
1293
 -1.510755634545672e+01 -3.400162248330623e+02;
1294
 -4.541499240303737e+01 -1.495575670027463e+02;
1295
 -6.834465507292839e+01 -5.588229013654296e+00;
1296
 -3.158285628433556e-14 -3.094866238304368e-14;
1297
  2.555758563302971e-17  2.555758563302971e-17;
1298
 -6.784385447264160e+01 -5.651110769752071e+00;
1299
 -1.594753825277461e-14 -1.454415488653044e-14;
1300
  0.000000000000000e+00  0.000000000000000e+00;
1301
 -6.786466579407791e+01 -5.648499576870952e+00;
1302
  1.627376081158462e-14  1.627376081158462e-14;
1303
 -6.778229777864227e+01 -5.658858734407140e+00;
1304
 -6.788828829958524e+01 -5.645485758505496e+00;
1305
 -1.516755268257433e-14  1.731628931260570e-14;
1306
 -6.780789283718323e+01 -5.655622687592125e+00;
1307
 -6.791565355030603e+01 -5.642101824686065e+00;
1308
 -1.516173292965688e-14  1.770992333800257e-14;
1309
 -6.783868318714603e+01 -5.651784505971602e+00;
1310
 -6.794880331155069e+01 -5.637942067861249e+00;
1311
 -8.827925299705365e-16  8.827925299705365e-16;
1312
 -6.787421814128005e+01 -5.647325926409105e+00;
1313
 -6.798732597017064e+01 -5.633107852804753e+00;
1314
 -6.780724859992648e+01 -5.655703514443004e+00;
1315
 -6.791362837606080e+01 -5.642355944820579e+00;
1316
 -6.801756077562389e+01 -5.629238788463467e+00;
1317
 -6.784711772717652e+01 -5.650676427234500e+00;
1318
 -6.795278888009430e+01 -5.637441930487915e+00;
1319
 -6.804406005084259e+01 -5.625987799960528e+00;
1320
 -6.788513228843942e+01 -5.645956480338579e+00;
1321
 -6.798902206295493e+01 -5.632870100352300e+00;
1322
 -3.740959243190012e+01 -1.986365324129731e+02;
1323
 -6.791995340564257e+01 -5.641587179200756e+00;
1324
 -6.801256561365433e+01 -5.629940381678114e+00;
1325
 -1.496310807165441e+01 -3.400872635288420e+02;
1326
 -6.795204478099184e+01 -5.637535305522804e+00;
1327
 -1.491127352114912e+01 -3.401127372373206e+02;
1328
 -6.810324530415804e+01 -5.618559514486045e+00;
1329
 -6.798192938100165e+01 -5.633809991246554e+00;
1330
 -1.493086135152282e+01 -3.401031022871744e+02;
1331
 -6.812137678241602e+01 -5.616308623628259e+00;
1332
 -6.800316958623551e+01 -5.631094654730406e+00;
1333
 -6.807084220717925e+01 -5.622626474347667e+00;
1334
 -1.502034268759816e+01 -3.400591081975088e+02;
1335
 -6.802279432226518e+01 -5.628681590846176e+00;
1336
 -1.496574747841497e+01 -3.400859651744864e+02;
1337
 -1.503717157972199e+01 -3.400508526211101e+02;
1338
 -6.804001107780367e+01 -5.626495959853838e+00;
1339
 -6.810240178124407e+01 -5.618665388656537e+00;
1340
 -1.505384119308001e+01 -3.400426283891122e+02;
1341
 -1.493263316269719e+01 -3.401022541718289e+02;
1342
 -6.811799305358771e+01 -5.616708440773150e+00;
1343
 -1.507031271011265e+01 -3.400345248633437e+02;
1344
 -6.807103266505921e+01 -5.622602570250841e+00;
1345
 -1.501542274401820e+01 -3.400615285372016e+02;
1346
 -1.508685392136853e+01 -3.400263868804618e+02;
1347
 -1.496590765427953e+01 -3.400858863820089e+02;
1348
 -1.503231953356415e+01 -3.400532396099558e+02;
1349
 -1.510386077069606e+01 -3.400180430527162e+02;
1350
 -6.810338474707297e+01 -5.618566912292499e+00;
1351
 -1.504974780916177e+01 -3.400446421934034e+02;
1352
 -1.512124065428692e+01 -3.400094452559871e+02;
1353
 -6.812047490318983e+01 -5.616372026542824e+00;
1354
 -1.506747469453267e+01 -3.400359210996569e+02;
1355
 -1.513851995564020e+01 -3.400009904298627e+02;
1356
 -1.502059860600697e+01 -3.400589588790939e+02;
1357
 -1.508541856086692e+01 -3.400271164775939e+02;
1358
 -1.515537468377329e+01 -3.399926974862579e+02;
1359
 -1.503959916256549e+01 -3.400496349340896e+02;
1360
 -1.510229295826376e+01 -3.400187909945632e+02;
1361
 -4.571434008368129e+01 -1.476748204690323e+02;
1362
 -1.505719000015254e+01 -3.400409574640449e+02;
1363
 -1.511781267951982e+01 -3.400111786809576e+02;
1364
 -6.829399234815693e+01 -5.594614765644188e+00;
1365
 -1.507269967178285e+01 -3.400333739498088e+02;
1366
 -1.513303209850173e+01 -3.400036671362949e+02;
1367
 -6.830842652761552e+01 -5.592777663613344e+00;
1368
 -1.508632959493465e+01 -3.400266682608234e+02;
1369
 -1.514790501354085e+01 -3.399963259374039e+02;
1370
 -6.832268792263010e+01 -5.590987112088139e+00;
1371
 -1.510031139372043e+01 -3.400197424991260e+02;
1372
 -1.516281101293126e+01 -3.399889917395895e+02;
1373
 -6.833681612362864e+01 -5.589263033088608e+00;
1374
 -1.511393280124769e+01 -3.400130407669774e+02;
1375
 -6.828588828080376e+01 -5.595632213323102e+00;
1376
 -6.835239382749405e+01 -5.587282241538179e+00;
1377
 -6.783434830460492e+01 -5.652480672950545e+00;
1378
  3.833269412389307e-16  3.833269412389307e-16;
1379
  1.290744437945809e-14  5.206299875070657e-14;
1380
 -6.785371011039722e+01 -5.649849286783113e+00;
1381
  3.807751962907673e-16  1.700795876765427e-14;
1382
  1.288036776418854e-14  2.600208364230173e-14;
1383
 -6.787592433930527e+01 -5.647111843638293e+00;
1384
  0.000000000000000e+00  3.142510868913051e-14;
1385
 -6.779460935646581e+01 -5.657264328488623e+00;
1386
 -6.790100303350869e+01 -5.643965070132682e+00;
1387
  1.563226863439372e-14  1.563226863439372e-14;
1388
 -6.782198798479749e+01 -5.653829362447236e+00;
1389
 -6.793044672729539e+01 -5.640220640300782e+00;
1390
 -5.105051687916853e-16  1.518752877155264e-14;
1391
 -6.785514281652171e+01 -5.649669525387358e+00;
1392
 -6.796685797122400e+01 -5.635676418558501e+00;
1393
 -6.778811326709230e+01 -5.658079318720556e+00;
1394
 -6.789366178654156e+01 -5.644886231839942e+00;
1395
 -6.800216938385817e+01 -5.631245079421642e+00;
1396
 -6.782751544777548e+01 -5.653160770098935e+00;
1397
 -6.793419716500955e+01 -5.639750021288339e+00;
1398
 -6.803293497322970e+01 -5.627384028013751e+00;
1399
 -6.786673951309882e+01 -5.648214476340048e+00;
1400
 -6.797170937293357e+01 -5.635117422031385e+00;
1401
 -1.493113810289568e+01 -3.401030130015387e+02;
1402
 -6.790302522593363e+01 -5.643636610784450e+00;
1403
 -6.800024687479568e+01 -5.631461443787443e+00;
1404
 -6.807374269386720e+01 -5.622262437697873e+00;
1405
 -6.793578287809589e+01 -5.639551039337936e+00;
1406
 -6.802421748364009e+01 -5.628478081630292e+00;
1407
 -1.497289119496659e+01 -3.400824744986681e+02;
1408
 -6.796606626162017e+01 -5.635775770096386e+00;
1409
 -6.804418434426277e+01 -5.625997102356854e+00;
1410
 -6.811192887316217e+01 -5.617444695543002e+00;
1411
 -6.799557630809882e+01 -5.632022675633166e+00;
1412
 -1.493977775792913e+01 -3.400987632115165e+02;
1413
 -1.501134255894524e+01 -3.400635123302438e+02;
1414
 -6.801299392110955e+01 -5.629861727241776e+00;
1415
 -6.510543609917795e+01 -2.434367051001094e+01;
1416
 -1.502896636761674e+01 -3.400548657884171e+02;
1417
 -1.544123687640456e+01 -3.367571769966116e+02;
1418
 -3.979511961280282e+01 -1.838030030788409e+02;
1419
 -1.504560793129813e+01 -3.400466788605394e+02;
1420
 -6.804805039637874e+01 -5.625462093575337e+00;
1421
 -6.811046385180710e+01 -5.617678378155424e+00;
1422
 -1.506220703086537e+01 -3.400385126519132e+02;
1423
 -1.494130285201140e+01 -3.400979896002667e+02;
1424
 -1.500750571623761e+01 -3.400654466654543e+02;
1425
 -1.507880534371193e+01 -3.400303466592929e+02;
1426
 -6.510205256402475e+01 -2.436672366726780e+01;
1427
 -1.502409551658054e+01 -3.400572620034434e+02;
1428
 -1.509546973428908e+01 -3.400221479858640e+02;
1429
 -3.422089447968170e+01 -2.189023811048060e+02;
1430
 -1.504116153814195e+01 -3.400488663100392e+02;
1431
 -1.511266706255549e+01 -3.400136869329199e+02;
1432
 -6.811178093728553e+01 -5.617488163483842e+00;
1433
 -1.505861201121740e+01 -3.400403047165603e+02;
1434
 -1.513001650331173e+01 -3.400051742720166e+02;
1435
 -1.501041601298751e+01 -3.400639915560899e+02;
1436
 -1.507601055844187e+01 -3.400317216420920e+02;
1437
 -1.514654917047885e+01 -3.399970164626333e+02;
1438
 -1.502874932353951e+01 -3.400549725635581e+02;
1439
 -1.509298079694551e+01 -3.400233725231120e+02;
1440
 -1.516242438284304e+01 -3.399892288074178e+02;
1441
 -1.504600734968497e+01 -3.400464823618965e+02;
1442
 -1.510863745391992e+01 -3.400156695092115e+02;
1443
 -6.828600452089390e+01 -5.595642514080138e+00;
1444
 -1.506174549648991e+01 -3.400387397138909e+02;
1445
 -1.512382190409661e+01 -3.400082220911755e+02;
1446
 -6.830040044128943e+01 -5.593810235436856e+00;
1447
 -1.507691996112842e+01 -3.400312742332777e+02;
1448
 -1.513913517175785e+01 -3.400006643144778e+02;
1449
 -6.831475431937416e+01 -5.592008092531687e+00;
1450
 -1.509152305881240e+01 -3.400240897168182e+02;
1451
 -1.515422170884555e+01 -3.399932179511135e+02;
1452
 -6.832909274646043e+01 -5.590182959607032e+00;
1453
 -1.510606177773816e+01 -3.400169367422634e+02;
1454
 -4.747678435779213e+01 -1.365674750795465e+02;
1455
 -6.834418817452136e+01 -5.588337421446989e+00;
1456
 -1.512042990983186e+01 -3.400098441491417e+02;
1457
 -6.829353084815433e+01 -5.594697600392824e+00;
1458
 -6.836184954046583e+01 -5.586094983932135e+00;
1459
 -6.782476211808903e+01 -5.653637825315514e+00;
1460
 -2.014667624140076e-16  2.567442053513509e-14;
1461
 -6.784357559711867e+01 -5.651120851959932e+00;
1462
 -1.605345279661901e-14 -1.605345279661901e-14;
1463
 -1.401777941738354e-16  3.835774186029497e-14;
1464
 -6.786400917660598e+01 -5.648557056547275e+00;
1465
  1.574986642117498e-14  1.574986642117498e-14;
1466
 -6.778224217230864e+01 -5.658890620398445e+00;
1467
 -6.788766605171550e+01 -5.645638554892043e+00;
1468
 -1.509773255081688e-14 -1.535147595503229e-14;
1469
 -6.780733929892268e+01 -5.655667226336577e+00;
1470
 -6.791441471502795e+01 -5.642232368982225e+00;
1471
  1.579377947161189e-14  4.712660003626129e-14;
1472
 -6.783677946930503e+01 -5.651973543624247e+00;
1473
 -6.794702195676969e+01 -5.638140699326223e+00;
1474
  1.616346808290843e-14  3.245521765853836e-14;
1475
 -6.787319172766888e+01 -5.647454713923312e+00;
1476
 -6.798595426522637e+01 -5.633304896297545e+00;
1477
 -6.780755552581232e+01 -5.655640098227963e+00;
1478
 -6.791398977136892e+01 -5.642260785479122e+00;
1479
 -6.801694794291252e+01 -5.629415308344813e+00;
1480
 -6.784810194898719e+01 -5.650552938274294e+00;
1481
 -6.795391971088696e+01 -5.637324929729076e+00;
1482
 -6.804349755056566e+01 -5.626083297545507e+00;
1483
 -6.788571040356599e+01 -5.645883941096651e+00;
1484
 -6.798824569898970e+01 -5.632967529223067e+00;
1485
 -1.494072583315492e+01 -3.400982968566705e+02;
1486
 -6.791909859874922e+01 -5.641694441668025e+00;
1487
 -6.801086737855705e+01 -5.630153506751189e+00;
1488
 -1.496180018421869e+01 -3.400879068920194e+02;
1489
 -6.795016891366753e+01 -5.637770702767032e+00;
1490
 -1.491022396366786e+01 -3.401133003386391e+02;
1491
 -6.810239878612293e+01 -5.618665764586774e+00;
1492
 -6.798006269395732e+01 -5.634019342889687e+00;
1493
 -1.492973540603415e+01 -3.401036795516863e+02;
1494
 -6.812047046164713e+01 -5.616372584033789e+00;
1495
 -6.800269122761496e+01 -5.631179589950616e+00;
1496
 -6.807045467174268e+01 -5.622700014241227e+00;
1497
 -1.502005366209332e+01 -3.400592269621218e+02;
1498
 -6.802331398269730e+01 -5.628616373442750e+00;
1499
 -1.496620054868250e+01 -3.400857423036083e+02;
1500
 -1.503732573276364e+01 -3.400507533646515e+02;
1501
 -6.804056333116529e+01 -5.626401748550518e+00;
1502
 -6.810271292125229e+01 -5.618601436241270e+00;
1503
 -1.505386080973896e+01 -3.400426187383645e+02;
1504
 -1.493326156879388e+01 -3.401019450639607e+02;
1505
 -6.811835684700327e+01 -5.616662778505419e+00;
1506
 -1.507058333837505e+01 -3.400343917204005e+02;
1507
 -6.807172884909339e+01 -5.622540093985839e+00;
1508
 -1.501602057768350e+01 -3.400612344369588e+02;
1509
 -1.508721101528195e+01 -3.400261877762970e+02;
1510
 -1.496649454836516e+01 -3.400855742595774e+02;
1511
 -1.503273199595031e+01 -3.400529898575979e+02;
1512
 -1.510402304009988e+01 -3.400179397985542e+02;
1513
 -6.810356923288856e+01 -5.618518856771053e+00;
1514
 -1.504997739077850e+01 -3.400445526668901e+02;
1515
 -1.512144542773899e+01 -3.400093913405078e+02;
1516
 -6.812015949344321e+01 -5.616411615947650e+00;
1517
 -1.506740786292223e+01 -3.400359773981438e+02;
1518
 -1.513827954603874e+01 -3.400010852991153e+02;
1519
 -1.501895051076833e+01 -3.400597696525400e+02;
1520
 -1.508402641413474e+01 -3.400277779759638e+02;
1521
 -1.515395746951522e+01 -3.399933713810623e+02;
1522
 -1.503620155206823e+01 -3.400512829925759e+02;
1523
 -1.509998292340219e+01 -3.400199275231382e+02;
1524
 -4.887569640116463e+01 -1.277608585295974e+02;
1525
 -1.505207370543786e+01 -3.400435213530205e+02;
1526
 -1.511523039364201e+01 -3.400124023455433e+02;
1527
 -6.829262253364898e+01 -5.594786743643314e+00;
1528
 -1.506732668018103e+01 -3.400359939190678e+02;
1529
 -1.513052211865182e+01 -3.400048786676444e+02;
1530
 -6.830700944847408e+01 -5.593005366670988e+00;
1531
 -1.508251281213074e+01 -3.400285226457370e+02;
1532
 -1.514573633226723e+01 -3.399973929819977e+02;
1533
 -6.832144498851598e+01 -5.591168060109848e+00;
1534
 -1.509735550448596e+01 -3.400212436175835e+02;
1535
 -1.516090643149733e+01 -3.399899522746447e+02;
1536
 -6.833644204325824e+01 -5.589285108359950e+00;
1537
 -1.511204457704758e+01 -3.400139931978142e+02;
1538
 -6.828532640691154e+01 -5.595677860527653e+00;
1539
 -6.835332367308557e+01 -5.587190383322442e+00;
1540
 -1.512832449837792e+01 -3.400059599271947e+02;
1541
 -6.830293352527757e+01 -5.593492207040038e+00;
1542
 -6.837210634241545e+01 -5.584807123622497e+00;
1543
 -6.781506914424948e+01 -5.654920980685456e+00;
1544
  2.564288678585606e-17  2.692503112514887e-16;
1545
 -6.783381883479029e+01 -5.652369911816730e+00;
1546
 -1.611587439020381e-14 -1.611587439020381e-14;
1547
  1.298575984062754e-14  5.194303936251017e-14;
1548
 -6.785297632903364e+01 -5.649916446572403e+00;
1549
 -6.371267482015777e-16  1.567331800575881e-14;
1550
  1.296089303126203e-14  3.888267909378609e-14;
1551
 -6.787464212359430e+01 -5.647272727907149e+00;
1552
  2.552956027405077e-16  1.570067956854123e-14;
1553
 -6.779399502984029e+01 -5.657366310524957e+00;
1554
 -6.789994293414172e+01 -5.644048277273958e+00;
1555
 -1.615197733472605e-14 -1.463772945959549e-14;
1556
 -6.782073680107258e+01 -5.654036157797168e+00;
1557
 -6.792948593293769e+01 -5.640391014313300e+00;
1558
  1.555990277212707e-14  1.669843224325832e-14;
1559
 -6.785336128336643e+01 -5.649868146522918e+00;
1560
 -6.796477774812250e+01 -5.635962369358631e+00;
1561
 -6.778708681207299e+01 -5.658208095477317e+00;
1562
 -6.789229706111391e+01 -5.645032566903684e+00;
1563
 -6.800019184318762e+01 -5.631543059098183e+00;
1564
 -6.782786928040979e+01 -5.653116376544663e+00;
1565
 -6.793346270011003e+01 -5.639867089953887e+00;
1566
 -6.803040929641638e+01 -5.627676102257626e+00;
1567
 -6.786786910906194e+01 -5.648122557619787e+00;
1568
 -6.797073256263299e+01 -5.635190194905971e+00;
1569
 -6.207351670583164e+01 -4.326977068486630e+01;
1570
 -6.790223404205334e+01 -5.643835511214384e+00;
1571
 -6.799927601021334e+01 -5.631633089327583e+00;
1572
 -6.807230644650508e+01 -5.622417798753843e+00;
1573
 -6.793365173552756e+01 -5.639818464007488e+00;
1574
 -6.802272884135049e+01 -5.628640004019561e+00;
1575
 -1.497171353256400e+01 -3.400830303883264e+02;
1576
 -6.796449560079968e+01 -5.635947967702551e+00;
1577
 -6.804335918883920e+01 -5.626050859021229e+00;
1578
 -6.811124736070734e+01 -5.617555135793244e+00;
1579
 -6.799386751156004e+01 -5.632286927290451e+00;
1580
 -1.493881491068448e+01 -3.400992134094263e+02;
1581
 -1.501058332146752e+01 -3.400639326709640e+02;
1582
 -6.801249194460415e+01 -5.629949627006058e+00;
1583
 -6.807866307939108e+01 -5.621644882494388e+00;
1584
 -1.502840082720791e+01 -3.400551440067603e+02;
1585
 -1.490851491393178e+01 -3.401141409814092e+02;
1586
 -4.230229051095704e+01 -1.680180016884846e+02;
1587
 -1.504545197836758e+01 -3.400467321638072e+02;
1588
 -6.804835835076960e+01 -5.625423443921028e+00;
1589
 -6.811049063674200e+01 -5.617625216865329e+00;
1590
 -1.506212941580862e+01 -3.400385508363554e+02;
1591
 -3.406697194453866e+01 -2.196793082878380e+02;
1592
 -1.500777864773019e+01 -3.400652889793146e+02;
1593
 -1.507878769053591e+01 -3.400303553443449e+02;
1594
 -4.672264777333037e+01 -1.400922637318594e+02;
1595
 -1.502443730096724e+01 -3.400571172833186e+02;
1596
 -1.509548956736122e+01 -3.400221382281360e+02;
1597
 -4.419905350204690e+01 -1.560790020327747e+02;
1598
 -1.504129614837614e+01 -3.400488235070405e+02;
1599
 -1.511258208864973e+01 -3.400137287403720e+02;
1600
 -6.811190085149484e+01 -5.617448212707177e+00;
1601
 -1.505878751706735e+01 -3.400401715344962e+02;
1602
 -1.512986778286489e+01 -3.400052240273989e+02;
1603
 -1.501011616754260e+01 -3.400641390620210e+02;
1604
 -1.507568183638952e+01 -3.400318833669593e+02;
1605
 -1.514590134509971e+01 -3.399973586251819e+02;
1606
 -1.502693046765970e+01 -3.400558439309906e+02;
1607
 -1.509141947578314e+01 -3.400241406786622e+02;
1608
 -1.516124243735420e+01 -3.399897869485043e+02;
1609
 -1.504306164412796e+01 -3.400479081148987e+02;
1610
 -1.510688726176797e+01 -3.400165540222999e+02;
1611
 -6.828499967020115e+01 -5.595693986917212e+00;
1612
 -1.505839204256495e+01 -3.400403895152647e+02;
1613
 -1.512217237025224e+01 -3.400090102607297e+02;
1614
 -6.829944642416378e+01 -5.593930011876914e+00;
1615
 -1.507366040808006e+01 -3.400328778689645e+02;
1616
 -1.513745243752882e+01 -3.400014922522947e+02;
1617
 -6.831389188945606e+01 -5.592091478948077e+00;
1618
 -1.508874014478566e+01 -3.400254588811684e+02;
1619
 -1.515274996591026e+01 -3.399939655075065e+02;
1620
 -6.832870661725819e+01 -5.590256333019922e+00;
1621
 -1.510373515341432e+01 -3.400181048561633e+02;
1622
 -5.028960658283645e+01 -1.188541509006570e+02;
1623
 -6.834490176560328e+01 -5.588247824666769e+00;
1624
 -1.511956984114770e+01 -3.400102907272742e+02;
1625
 -6.829440119639770e+01 -5.594588329447340e+00;
1626
 -6.836336615336731e+01 -5.585929448813621e+00;
1627
 -1.513817345251698e+01 -3.400011374991778e+02;
1628
 -6.831316427361551e+01 -5.592182832555529e+00;
1629
 -6.838123233849443e+01 -5.583661233239784e+00;
1630
 -1.265510419313614e-17  1.303475731893022e-14;
1631
 -6.782405925062208e+01 -5.653722612113412e+00;
1632
  1.576894005376747e-14  3.243529946018836e-14;
1633
  0.000000000000000e+00  1.302819741804227e-14;
1634
 -6.784234486545034e+01 -5.651275269127678e+00;
1635
  0.000000000000000e+00  0.000000000000000e+00;
1636
  0.000000000000000e+00  1.296131085926496e-14;
1637
 -6.786230459731030e+01 -5.648795839682411e+00;
1638
 -1.531380123710454e-14 -1.531380123710454e-14;
1639
 -6.778097173583474e+01 -5.658975276482342e+00;
1640
 -6.788569410794298e+01 -5.645836172821345e+00;
1641
  1.594661868892565e-14  3.240352917589692e-14;
1642
 -6.780626581698081e+01 -5.655826815756853e+00;
1643
 -6.791343066680732e+01 -5.642380753451115e+00;
1644
 -2.525891495125668e-16  6.314728737814170e-16;
1645
 -6.783582226843046e+01 -5.652118548317529e+00;
1646
 -6.794557697594067e+01 -5.638322024553307e+00;
1647
 -1.525553615748310e-14 -1.525553615748310e-14;
1648
 -6.787111934545740e+01 -5.647689835144758e+00;
1649
 -6.798256003262983e+01 -5.633681041931023e+00;
1650
 -6.780619197240800e+01 -5.655786262625290e+00;
1651
 -6.791093608163887e+01 -5.642693774435289e+00;
1652
 -6.801302530160157e+01 -5.629857789047110e+00;
1653
 -6.784736638391483e+01 -5.650670136254569e+00;
1654
 -6.795060149143561e+01 -5.637716419857066e+00;
1655
 -4.427514310293472e+01 -1.552615357347302e+02;
1656
 -6.788472939163944e+01 -5.645982127401683e+00;
1657
 -6.798537957103002e+01 -5.633377016598121e+00;
1658
 -1.493900108136105e+01 -3.400990984102254e+02;
1659
 -6.791676447665139e+01 -5.641937519113912e+00;
1660
 -1.488318222216611e+01 -3.401265779207150e+02;
1661
 -1.496034372700198e+01 -3.400886233369401e+02;
1662
 -6.794821077140378e+01 -5.638016423731435e+00;
1663
 -1.490904924546740e+01 -3.401138547325270e+02;
1664
 -6.810146691334735e+01 -5.618782727777853e+00;
1665
 -6.797868343102331e+01 -5.634192429614341e+00;
1666
 -4.295340376368794e+01 -1.636541859965300e+02;
1667
 -6.811989633040808e+01 -5.616494446259073e+00;
1668
 -6.800166206923313e+01 -5.631308745492145e+00;
1669
 -6.806975018699755e+01 -5.622763532117564e+00;
1670
 -1.501885160083774e+01 -3.400598183108061e+02;
1671
 -6.802300788165259e+01 -5.628604984477153e+00;
1672
 -1.496561725568861e+01 -3.400860292326357e+02;
1673
 -1.503633529380007e+01 -3.400512406174030e+02;
1674
 -6.804070595965067e+01 -5.626408750026211e+00;
1675
 -6.810255718490006e+01 -5.618670783209027e+00;
1676
 -1.505358427969431e+01 -3.400427313626018e+02;
1677
 -1.493328084561506e+01 -3.401019355818451e+02;
1678
 -6.811828536678576e+01 -5.616671750491569e+00;
1679
 -1.507014836832907e+01 -3.400346057157375e+02;
1680
 -6.807197874434713e+01 -5.622508729940450e+00;
1681
 -1.501600473307616e+01 -3.400612422316094e+02;
1682
 -1.508681882423946e+01 -3.400263807293825e+02;
1683
 -1.496682435626462e+01 -3.400854120228548e+02;
1684
 -1.503275050412319e+01 -3.400529807524326e+02;
1685
 -1.510382140730445e+01 -3.400180390014893e+02;
1686
 -6.810365738032142e+01 -5.618507792997165e+00;
1687
 -1.504989043869065e+01 -3.400445486052648e+02;
1688
 -1.512114120722541e+01 -3.400095410196868e+02;
1689
 -6.812021115699447e+01 -5.616430030661161e+00;
1690
 -1.506722322764364e+01 -3.400360682341429e+02;
1691
 -1.513786821501840e+01 -3.400012876818842e+02;
1692
 -1.501840001822180e+01 -3.400600404646324e+02;
1693
 -1.508332071509504e+01 -3.400281017510937e+02;
1694
 -1.515345903503034e+01 -3.399935932087371e+02;
1695
 -1.503426706705006e+01 -3.400522580927516e+02;
1696
 -1.509869602901180e+01 -3.400205372508792e+02;
1697
 -4.746717153569558e+01 -1.366251875785430e+02;
1698
 -1.504982776792517e+01 -3.400446028565376e+02;
1699
 -1.511401385752100e+01 -3.400130008869486e+02;
1700
 -6.829197764076072e+01 -5.594842814609192e+00;
1701
 -1.506512153866793e+01 -3.400370787927043e+02;
1702
 -1.512936533776284e+01 -3.400054712374090e+02;
1703
 -6.830646984905697e+01 -5.593073113821152e+00;
1704
 -1.508033506548214e+01 -3.400295940623464e+02;
1705
 -1.514468898693003e+01 -3.399979317174143e+02;
1706
 -6.832104902186110e+01 -5.591192881768961e+00;
1707
 -1.509551747328926e+01 -3.400221244986200e+02;
1708
 -1.516040888102287e+01 -3.399901736697078e+02;
1709
 -6.833658425614649e+01 -5.589317038311382e+00;
1710
 -1.511129203891658e+01 -3.400143400309789e+02;
1711
 -6.828597294034142e+01 -5.595646478927017e+00;
1712
 -6.835387522989491e+01 -5.587121130281018e+00;
1713
 -1.512909221114627e+01 -3.400056290366657e+02;
1714
 -6.830441895682176e+01 -5.593305710749465e+00;
1715
 -6.837251774918406e+01 -5.584730574607230e+00;
1716
 -1.514896598825614e+01 -3.399958273272943e+02;
1717
 -6.832227036230428e+01 -5.591064431542074e+00;
1718
 -6.838769745864002e+01 -5.582824550969328e+00;
1719
  3.176158248666309e-14  4.770564381462942e-14;
1720
  1.291019374010912e-14  3.845102978107302e-14;
1721
 -6.783194136207170e+01 -5.652793275162707e+00;
1722
  1.628376424243699e-14  1.628376424243699e-14;
1723
 -2.418602383763163e-16  1.255127342310778e-14;
1724
 -6.785037112374469e+01 -5.650293135023534e+00;
1725
  1.569390850854991e-14  1.531421717366564e-14;
1726
  1.140825466142617e-16  1.284062441336078e-14;
1727
 -6.787211259894491e+01 -5.647540301817750e+00;
1728
  1.548771639777993e-14  1.485813443039050e-14;
1729
 -6.779201009558003e+01 -5.657640247566355e+00;
1730
 -6.789759629418472e+01 -5.644342728384029e+00;
1731
 -1.632699351209928e-14 -1.568922032803290e-14;
1732
 -6.781975974174848e+01 -5.654133834815874e+00;
1733
 -6.792756695716535e+01 -5.640582002939838e+00;
1734
  3.800045323359513e-16  1.570685400321932e-14;
1735
 -6.785190412231778e+01 -5.650125698301983e+00;
1736
 -6.796190919924832e+01 -5.636297437545754e+00;
1737
 -6.778500687423050e+01 -5.658493948956119e+00;
1738
 -6.788889174079665e+01 -5.645484760353773e+00;
1739
 -6.799912028250580e+01 -5.631627729442525e+00;
1740
 -6.782482317984586e+01 -5.653498555063019e+00;
1741
 -6.792862045153224e+01 -5.640474712501141e+00;
1742
 -6.802666198408326e+01 -5.628171295764130e+00;
1743
 -6.786454103389732e+01 -5.648515230716195e+00;
1744
 -6.796616381747819e+01 -5.635738623768781e+00;
1745
 -6.805006594100722e+01 -5.625209133395367e+00;
1746
 -6.789939167050331e+01 -5.644117448686536e+00;
1747
 -6.799858186024230e+01 -5.631695299108459e+00;
1748
 -6.807082635831765e+01 -5.622653364397833e+00;
1749
 -6.793134734358070e+01 -5.640157438025400e+00;
1750
 -6.802094077979814e+01 -5.628889307707479e+00;
1751
 -1.497037609535052e+01 -3.400837117162355e+02;
1752
 -6.796271660423007e+01 -5.636196116969701e+00;
1753
 -6.804245367800745e+01 -5.626164503825332e+00;
1754
 -6.811032102725352e+01 -5.617646505503023e+00;
1755
 -6.799277656965127e+01 -5.632423834678527e+00;
1756
 -1.493821208419397e+01 -3.400995099369749e+02;
1757
 -1.500916590312028e+01 -3.400646065346146e+02;
1758
 -6.801162486600231e+01 -5.630008638316531e+00;
1759
 -6.807752629904726e+01 -5.621812460308904e+00;
1760
 -1.502646199254784e+01 -3.400560978174988e+02;
1761
 -2.710534078055608e+01 -2.633157286803169e+02;
1762
 -2.512092717442504e+01 -2.761912500908237e+02;
1763
 -1.504421223712307e+01 -3.400473654881706e+02;
1764
 -6.804821005344654e+01 -5.625466957469071e+00;
1765
 -6.811022566365145e+01 -5.617683374809510e+00;
1766
 -1.506141701461256e+01 -3.400389013176877e+02;
1767
 -2.878659289009616e+01 -2.529257243845500e+02;
1768
 -1.500735386164970e+01 -3.400654745271107e+02;
1769
 -1.507793489401714e+01 -3.400307749050060e+02;
1770
 -4.765746075151539e+01 -1.342063366604522e+02;
1771
 -1.502405581479931e+01 -3.400573049548977e+02;
1772
 -1.509494632468456e+01 -3.400223820813269e+02;
1773
 -4.463617501733582e+01 -1.533268528884149e+02;
1774
 -1.504110983462304e+01 -3.400488917460526e+02;
1775
 -1.511255913910624e+01 -3.400137634493108e+02;
1776
 -6.811178059140249e+01 -5.617513106538709e+00;
1777
 -1.505849237882651e+01 -3.400403167336189e+02;
1778
 -1.512976003785393e+01 -3.400052770394628e+02;
1779
 -1.500985131687423e+01 -3.400642927732119e+02;
1780
 -1.507526377310194e+01 -3.400320890458825e+02;
1781
 -1.514593132702750e+01 -3.399973204566217e+02;
1782
 -1.502605287107346e+01 -3.400562990847266e+02;
1783
 -1.509089713344019e+01 -3.400243508293034e+02;
1784
 -1.516111728386611e+01 -3.399898719445151e+02;
1785
 -1.504150369934114e+01 -3.400486979807035e+02;
1786
 -1.510611424544537e+01 -3.400169343460559e+02;
1787
 -6.828468761362824e+01 -5.595782953423019e+00;
1788
 -1.505684547625410e+01 -3.400411503783610e+02;
1789
 -1.512140798154316e+01 -3.400093863469383e+02;
1790
 -6.829910508941308e+01 -5.593997760230408e+00;
1791
 -1.507215866659444e+01 -3.400336401127246e+02;
1792
 -1.513679501164087e+01 -3.400018157180813e+02;
1793
 -6.831351775518824e+01 -5.592138452257077e+00;
1794
 -1.508739610127339e+01 -3.400261669714941e+02;
1795
 -1.515225715866426e+01 -3.399941845660140e+02;
1796
 -6.832844784334701e+01 -5.590313716374014e+00;
1797
 -1.510302860917771e+01 -3.400184056383907e+02;
1798
 -5.354638430407059e+01 -9.834913744742232e+01;
1799
 -6.834470572192338e+01 -5.588247546869680e+00;
1800
 -1.512012971054676e+01 -3.400099918496346e+02;
1801
 -6.829492499898625e+01 -5.594497672646511e+00;
1802
 -6.836224222915872e+01 -5.586045677664591e+00;
1803
 -1.513967320503929e+01 -3.400003761744080e+02;
1804
 -6.831354353212919e+01 -5.592185002959722e+00;
1805
 -6.837966131031745e+01 -5.583833606300485e+00;
1806
 -1.515860740921252e+01 -3.399910834687622e+02;
1807
 -6.832872280655464e+01 -5.590254300377149e+00;
1808
 -6.838985291125179e+01 -5.582553900568035e+00;
1809
 -1.626341359298763e-14 -1.524695024342590e-14;
1810
  1.144215035315164e-16  1.144215035315164e-16;
1811
 -6.783905318562486e+01 -5.651954222050462e+00;
1812
 -1.578296575792146e-14  3.105680358816803e-14;
1813
 -1.311887885327095e-14 -1.311887885327095e-14;
1814
 -6.785893120812564e+01 -5.649219102116740e+00;
1815
 -3.143273806364194e-14 -2.534898230938866e-16;
1816
 -6.777842485903847e+01 -5.659344618165353e+00;
1817
 -6.788281409930596e+01 -5.646197542338752e+00;
1818
 -1.516691174316009e-14  2.549060797169763e-16;
1819
 -6.780392673224939e+01 -5.656070461919157e+00;
1820
 -6.790998849159651e+01 -5.642787772195699e+00;
1821
  0.000000000000000e+00  1.559473137589249e-14;
1822
 -6.783389911960576e+01 -5.652334930754041e+00;
1823
 -6.794215415258152e+01 -5.638776445120081e+00;
1824
 -6.361891179810995e-16  1.501406318435395e-14;
1825
 -6.786825089598855e+01 -5.648024839895365e+00;
1826
 -6.797924743192833e+01 -5.634096748295894e+00;
1827
 -6.780278265609812e+01 -5.656263816400239e+00;
1828
 -6.790689339907823e+01 -5.643201048632857e+00;
1829
 -1.488441074034336e+01 -3.401259970842631e+02;
1830
 -6.784250888903549e+01 -5.651329412842527e+00;
1831
 -6.794568344205210e+01 -5.638308664508822e+00;
1832
 -1.491423074858498e+01 -3.401113294849871e+02;
1833
 -6.788014868028409e+01 -5.646556891582488e+00;
1834
 -6.798164655446915e+01 -5.633820580315602e+00;
1835
 -1.493662409152994e+01 -3.401002676393726e+02;
1836
 -6.791412715523053e+01 -5.642293357768780e+00;
1837
 -1.488130799175646e+01 -3.401275232048412e+02;
1838
 -3.429881804334064e+01 -2.183199233163753e+02;
1839
 -6.794604653826674e+01 -5.638312910315722e+00;
1840
 -6.803205179680168e+01 -5.627494868153167e+00;
1841
 -6.810019271031004e+01 -5.618942657998949e+00;
1842
 -6.797719475592520e+01 -5.634379246320378e+00;
1843
 -6.805124060383625e+01 -5.625061707437881e+00;
1844
 -6.811814176191557e+01 -5.616689775348830e+00;
1845
 -6.800104910668585e+01 -5.631360766920573e+00;
1846
 -6.806841924302270e+01 -5.622930576555916e+00;
1847
 -1.501649157301429e+01 -3.400610027338229e+02;
1848
 -6.802163561064087e+01 -5.628802106650920e+00;
1849
 -1.496361143743146e+01 -3.400869924958369e+02;
1850
 -1.503407208608054e+01 -3.400523774344958e+02;
1851
 -6.122858525604664e+01 -4.851196698870790e+01;
1852
 -6.810139660449417e+01 -5.618766652569314e+00;
1853
 -1.505189520248714e+01 -3.400435857509413e+02;
1854
 -1.493301117816246e+01 -3.401020682291134e+02;
1855
 -6.811762837737651e+01 -5.616729314358984e+00;
1856
 -1.506897008401916e+01 -3.400351854041419e+02;
1857
 -6.807159586421744e+01 -5.622506983030474e+00;
1858
 -1.501516379966711e+01 -3.400616793435419e+02;
1859
 -1.508585549093367e+01 -3.400269015138164e+02;
1860
 -1.496645815909469e+01 -3.400856390036751e+02;
1861
 -1.503222664067581e+01 -3.400532618889522e+02;
1862
 -1.510374354963043e+01 -3.400180538893650e+02;
1863
 -6.810349786905928e+01 -5.618577613743889e+00;
1864
 -1.504990851141325e+01 -3.400445397141281e+02;
1865
 -1.512188336315299e+01 -3.400091758723153e+02;
1866
 -6.811994501957246e+01 -5.616513234316589e+00;
1867
 -1.506716126801633e+01 -3.400360752977575e+02;
1868
 -1.513867927422198e+01 -3.400008652081279e+02;
1869
 -1.501797399215529e+01 -3.400602500459249e+02;
1870
 -1.508338056530078e+01 -3.400280957242011e+02;
1871
 -1.515406399176708e+01 -3.399933189690125e+02;
1872
 -1.503367027396289e+01 -3.400525516878483e+02;
1873
 -1.509859305186372e+01 -3.400206113331776e+02;
1874
 -4.450400584466208e+01 -1.552835253460879e+02;
1875
 -1.504891953493920e+01 -3.400450730941180e+02;
1876
 -1.511368031732250e+01 -3.400131884077643e+02;
1877
 -6.829189682881680e+01 -5.594828066214796e+00;
1878
 -1.506417992937506e+01 -3.400375420396498e+02;
1879
 -1.512898672277059e+01 -3.400056341039562e+02;
1880
 -6.830608596325513e+01 -5.593096417216844e+00;
1881
 -1.507949317254395e+01 -3.400300082594522e+02;
1882
 -1.514425672589259e+01 -3.399981443998713e+02;
1883
 -6.832042886546623e+01 -5.591320531062690e+00;
1884
 -1.509487178026470e+01 -3.400223953384211e+02;
1885
 -1.516010108469972e+01 -3.399903485319692e+02;
1886
 -6.833593378450128e+01 -5.589324030485241e+00;
1887
 -1.511128510774359e+01 -3.400143434411334e+02;
1888
 -6.828575976875217e+01 -5.595598558897344e+00;
1889
 -6.835224764604915e+01 -5.587325488278554e+00;
1890
 -1.512957803752527e+01 -3.400053431689756e+02;
1891
 -6.830327051825441e+01 -5.593474791360312e+00;
1892
 -6.836931432256453e+01 -5.585107912261030e+00;
1893
 -1.514933280552366e+01 -3.399956468436241e+02;
1894
 -6.832068853640847e+01 -5.591238141904260e+00;
1895
 -6.838391495566104e+01 -5.583299500687805e+00;
1896
 -3.691728745281006e+01 -2.030316706029458e+02;
1897
 -6.833086996270082e+01 -5.590009607353146e+00;
1898
  1.576314508758673e-14  1.576314508758673e-14;
1899
  0.000000000000000e+00  1.270762407571741e-14;
1900
 -6.784641499268533e+01 -5.650789505901168e+00;
1901
  1.575635333906502e-14  1.614065464001782e-14;
1902
 -2.544674414155966e-17  3.856454074653367e-14;
1903
 -6.786875035219772e+01 -5.647962171939107e+00;
1904
  1.583723403062657e-14  1.697751488083169e-14;
1905
 -6.778913283832004e+01 -5.657976314551460e+00;
1906
 -6.789407600853697e+01 -5.644834256551333e+00;
1907
 -1.513269863580587e-14 -1.436970542727784e-14;
1908
 -6.781631761275908e+01 -5.654540787210521e+00;
1909
 -6.792304979005955e+01 -5.641198639082285e+00;
1910
  0.000000000000000e+00  0.000000000000000e+00;
1911
 -6.784848505174496e+01 -5.650554686160127e+00;
1912
 -6.795823999588458e+01 -5.636757881260990e+00;
1913
 -6.778213892544476e+01 -5.658828844279564e+00;
1914
 -6.788558313982074e+01 -5.645875003084448e+00;
1915
 -6.799736550723448e+01 -5.631823042855732e+00;
1916
 -6.782077649640108e+01 -5.654031177424908e+00;
1917
 -6.792507188474247e+01 -5.640895091309198e+00;
1918
 -6.802411901232789e+01 -5.628490439800299e+00;
1919
 -6.785960835628796e+01 -5.649134139827856e+00;
1920
 -6.796216336636583e+01 -5.636240638168000e+00;
1921
 -6.804709469589194e+01 -5.625606939758054e+00;
1922
 -6.789564675508934e+01 -5.644612257620383e+00;
1923
 -6.799661441544706e+01 -5.631967107628079e+00;
1924
 -6.806843311622011e+01 -5.622928835356992e+00;
1925
 -6.792903047361578e+01 -5.640423261659919e+00;
1926
 -6.801930243653568e+01 -5.629119821383222e+00;
1927
 -1.496894866734085e+01 -3.400843904672622e+02;
1928
 -6.796080254768938e+01 -5.636411405891139e+00;
1929
 -6.804120087883913e+01 -5.626371537860265e+00;
1930
 -6.810844462889520e+01 -5.617906922178489e+00;
1931
 -6.799130447096847e+01 -5.632633478220211e+00;
1932
 -1.493633347420293e+01 -3.401004340150514e+02;
1933
 -1.500666333975824e+01 -3.400658610623964e+02;
1934
 -3.758642834935897e+01 -1.971858768718610e+02;
1935
 -6.807530553873468e+01 -5.622091187011975e+00;
1936
 -1.502386712941719e+01 -3.400573977783704e+02;
1937
 -6.803020679046602e+01 -5.627726419126207e+00;
1938
 -1.497129740550925e+01 -3.400832585095474e+02;
1939
 -1.504164889432133e+01 -3.400486265506811e+02;
1940
 -6.804703683211373e+01 -5.625589300307461e+00;
1941
 -6.810864222408281e+01 -5.617882120958751e+00;
1942
 -1.505941971743326e+01 -3.400398839299910e+02;
1943
 -1.494093250686436e+01 -3.400981483493121e+02;
1944
 -1.500618765422380e+01 -3.400660716492217e+02;
1945
 -1.507667260183103e+01 -3.400313959293948e+02;
1946
 -6.807900685922591e+01 -5.621576834057249e+00;
1947
 -1.502314151409203e+01 -3.400577079029642e+02;
1948
 -1.509449124025872e+01 -3.400226762339605e+02;
1949
 -3.172907670541018e+01 -2.345910963560951e+02;
1950
 -1.504108234041505e+01 -3.400489052720759e+02;
1951
 -1.511337308431405e+01 -3.400133629852895e+02;
1952
 -6.811188488094389e+01 -5.617450217264770e+00;
1953
 -1.505930411914039e+01 -3.400399408009233e+02;
1954
 -1.513169994684731e+01 -3.400043225757947e+02;
1955
 -1.500989165321687e+01 -3.400642495095342e+02;
1956
 -1.507615619963700e+01 -3.400316734081602e+02;
1957
 -1.514756188901094e+01 -3.399964947633177e+02;
1958
 -1.502620916742737e+01 -3.400562456149421e+02;
1959
 -1.509158608343049e+01 -3.400240587093153e+02;
1960
 -1.516224420969711e+01 -3.399893174587886e+02;
1961
 -1.504145348661939e+01 -3.400487461030419e+02;
1962
 -1.510641889892794e+01 -3.400167610388329e+02;
1963
 -6.828521279328395e+01 -5.595692124368099e+00;
1964
 -1.505651017333465e+01 -3.400413153368968e+02;
1965
 -1.512135350881234e+01 -3.400094131480037e+02;
1966
 -6.829893492013326e+01 -5.593969336953506e+00;
1967
 -1.507172720235617e+01 -3.400338055460047e+02;
1968
 -1.513639776877514e+01 -3.400019877518409e+02;
1969
 -6.831275868792022e+01 -5.592258648148509e+00;
1970
 -1.508689905532174e+01 -3.400263412567018e+02;
1971
 -1.515160062186058e+01 -3.399945076003718e+02;
1972
 -6.832727026341527e+01 -5.590436673849649e+00;
1973
 -1.510265229113434e+01 -3.400185907858579e+02;
1974
 -4.982721216332844e+01 -1.217619914620543e+02;
1975
 -6.834258575548570e+01 -5.588513724351537e+00;
1976
 -1.511983168117462e+01 -3.400101618999348e+02;
1977
 -6.829328750917401e+01 -5.594703257082186e+00;
1978
 -6.835871449499059e+01 -5.586513513603473e+00;
1979
 -1.513841488401872e+01 -3.400010187102046e+02;
1980
 -6.831034090276398e+01 -5.592512417828160e+00;
1981
 -6.837471560888932e+01 -5.584454605310874e+00;
1982
 -1.515689896773382e+01 -3.399919240756914e+02;
1983
 -6.832493161573450e+01 -5.590755194207619e+00;
1984
 -5.073252215281146e+01 -1.160600744227248e+02;
1985
 -6.783580113293313e+01 -5.652326756640955e+00;
1986
  1.264318703608281e-16  1.264318703608281e-16;
1987
  1.291318757707334e-14  1.291318757707334e-14;
1988
 -6.785545426061542e+01 -5.649655355904661e+00;
1989
  0.000000000000000e+00  3.256903377951312e-14;
1990
 -1.287252749688949e-14 -1.251707308869136e-14;
1991
 -6.787930906222503e+01 -5.646662242121486e+00;
1992
 -1.577632228895330e-14  1.501905881908354e-14;
1993
 -6.780040979961231e+01 -5.656536606893514e+00;
1994
 -6.790605906960374e+01 -5.643280833704210e+00;
1995
 -1.612451595925673e-14 -1.612451595925673e-14;
1996
 -6.782938534233917e+01 -5.652926163451807e+00;
1997
 -6.793791650513968e+01 -5.639283302071130e+00;
1998
 -5.083022649742519e-16  3.812266987306889e-16;
1999
 -6.786458124634630e+01 -5.648485278037479e+00;
2000
 -6.797530609679822e+01 -5.634666064805463e+00;
2001
 -6.779947099818767e+01 -5.656679298116778e+00;
2002
 -6.790370556618950e+01 -5.643576148630680e+00;
2003
 -1.488103392280741e+01 -3.401276345840149e+02;
2004
 -6.783896601351455e+01 -5.651699204747858e+00;
2005
 -6.794223245660604e+01 -5.638766619089917e+00;
2006
 -1.491068932671944e+01 -3.401130480133270e+02;
2007
 -6.787613806436472e+01 -5.647035213202741e+00;
2008
 -6.797690815359147e+01 -5.634415212559820e+00;
2009
 -1.493263592612247e+01 -3.401022762353704e+02;
2010
 -6.791061049156984e+01 -5.642709723739200e+00;
2011
 -6.800455285265116e+01 -5.630945962466235e+00;
2012
 -6.807755531373748e+01 -5.621808818681326e+00;
2013
 -6.794405782309663e+01 -5.638537561663115e+00;
2014
 -6.803061332527544e+01 -5.627700300571017e+00;
2015
 -6.809850162705987e+01 -5.619130011998155e+00;
2016
 -6.797520187269454e+01 -5.634629336505295e+00;
2017
 -6.804935983737921e+01 -5.625322654285003e+00;
2018
 -6.811612513831847e+01 -5.616917996060803e+00;
2019
 -6.799912605781782e+01 -5.631627004663789e+00;
2020
 -6.806608018305596e+01 -5.623224147092224e+00;
2021
 -1.501418117746375e+01 -3.400621393167944e+02;
2022
 -6.801879038448929e+01 -5.629184083567046e+00;
2023
 -1.496101721452555e+01 -3.400882686202611e+02;
2024
 -1.503148210587630e+01 -3.400536281652860e+02;
2025
 -1.491363981668137e+01 -3.401115967292587e+02;
2026
 -6.809900135748165e+01 -5.619067289073641e+00;
2027
 -1.504926641805015e+01 -3.400449024401138e+02;
2028
 -1.493133621707475e+01 -3.401028687052149e+02;
2029
 -6.811577163639656e+01 -5.616937466898561e+00;
2030
 -1.506707185631044e+01 -3.400361192860963e+02;
2031
 -6.807053161650417e+01 -5.622665456126196e+00;
2032
 -1.501393427884251e+01 -3.400622841971677e+02;
2033
 -1.508508769080768e+01 -3.400272792611805e+02;
2034
 -1.496561376891065e+01 -3.400860309478239e+02;
2035
 -1.503184501390750e+01 -3.400534496315348e+02;
2036
 -1.510399676302223e+01 -3.400179527268259e+02;
2037
 -6.810359926289158e+01 -5.618490187683555e+00;
2038
 -1.505081116648064e+01 -3.400440956396685e+02;
2039
 -1.512370256710743e+01 -3.400082573888449e+02;
2040
 -6.812090199922518e+01 -5.616293519174212e+00;
2041
 -1.506922115966264e+01 -3.400350618808516e+02;
2042
 -1.514145533159416e+01 -3.399995227480369e+02;
2043
 -1.501909864403780e+01 -3.400597201994442e+02;
2044
 -1.508513563442744e+01 -3.400272322551010e+02;
2045
 -1.515651405971965e+01 -3.399921134622875e+02;
2046
 -1.503459461522913e+01 -3.400521203737505e+02;
2047
 -1.509983994220402e+01 -3.400199978692479e+02;
2048
 -3.923217538076289e+01 -1.884869053010982e+02;
2049
 -1.504940000113502e+01 -3.400448367220246e+02;
2050
 -1.511432776438078e+01 -3.400128932786783e+02;
2051
 -6.829250163783811e+01 -5.594801921900865e+00;
2052
 -1.506422385370767e+01 -3.400375204300481e+02;
2053
 -1.512885756367091e+01 -3.400057210691968e+02;
2054
 -6.830566595124849e+01 -5.593223831280082e+00;
2055
 -1.507911746461378e+01 -3.400302165199107e+02;
2056
 -1.514348422381632e+01 -3.399985244885235e+02;
2057
 -6.831928220045718e+01 -5.591464498491073e+00;
2058
 -1.509420005255287e+01 -3.400227492413817e+02;
2059
 -1.515885832389145e+01 -3.399909365943399e+02;
2060
 -6.833305151288121e+01 -5.589735702077773e+00;
2061
 -1.511053716170700e+01 -3.400147582678114e+02;
2062
 -6.828363801740680e+01 -5.595889832382789e+00;
2063
 -6.834785404734151e+01 -5.587852249817670e+00;
2064
 -1.512780781082570e+01 -3.400062609786741e+02;
2065
 -6.829974848620058e+01 -5.593892088135644e+00;
2066
 -6.836413492841950e+01 -5.585808028630810e+00;
2067
 -1.514590387038812e+01 -3.399973105492202e+02;
2068
 -6.831574065033348e+01 -5.591859362938084e+00;
2069
 -1.516140986307994e+01 -3.399897045694111e+02;
2070
 -6.782580163130190e+01 -5.653559911426433e+00;
2071
  0.000000000000000e+00  0.000000000000000e+00;
2072
 -6.784400655572458e+01 -5.651041872678084e+00;
2073
  0.000000000000000e+00  1.614017917405576e-14;
2074
  1.300988112731586e-14  1.300988112731586e-14;
2075
 -6.786524021174452e+01 -5.648452410749641e+00;
2076
 -3.135394027729055e-14 -3.135394027729055e-14;
2077
 -6.778562702203824e+01 -5.658441055959436e+00;
2078
 -6.789043986027414e+01 -5.645265601897009e+00;
2079
 -3.167720077982387e-14 -5.048159486824521e-16;
2080
 -6.781238748834440e+01 -5.655033871178179e+00;
2081
 -6.791969126230327e+01 -5.641620073363443e+00;
2082
 -1.597839943162556e-14 -1.508360906345453e-14;
2083
 -6.784425437366195e+01 -5.651010779436343e+00;
2084
 -6.795380898616106e+01 -5.637338824323908e+00;
2085
 -6.777846960517029e+01 -5.659289185378673e+00;
2086
 -6.788165702382864e+01 -5.646342726156107e+00;
2087
 -6.799199275813640e+01 -5.632472392195405e+00;
2088
 -6.781759318140745e+01 -5.654380750449954e+00;
2089
 -6.792087434161803e+01 -5.641371996910567e+00;
2090
 -6.801890362125835e+01 -5.629120067521121e+00;
2091
 -6.785614724123698e+01 -5.649593314920908e+00;
2092
 -6.795678880592556e+01 -5.636915084263640e+00;
2093
 -6.804291260157042e+01 -5.626131809046124e+00;
2094
 -6.789090963137572e+01 -5.645156844069471e+00;
2095
 -6.799055788839674e+01 -5.632727170072391e+00;
2096
 -1.494172900586912e+01 -3.400978033989572e+02;
2097
 -6.792522422988615e+01 -5.640900879973125e+00;
2098
 -6.801572727795968e+01 -5.629493792717485e+00;
2099
 -1.496546606180794e+01 -3.400860801848323e+02;
2100
 -6.795876789543989e+01 -5.636691635953151e+00;
2101
 -2.106611690558842e+01 -3.013851236330030e+02;
2102
 -6.810679927216611e+01 -5.618113439355111e+00;
2103
 -6.798837751642255e+01 -5.632926083584432e+00;
2104
 -1.493419304139744e+01 -3.401014634568805e+02;
2105
 -4.885712244742476e+01 -1.269236842294108e+02;
2106
 -1.488109417106038e+01 -3.401276283746528e+02;
2107
 -6.807313202285565e+01 -5.622363983231231e+00;
2108
 -1.502175831141134e+01 -3.400584117862304e+02;
2109
 -6.802727891037519e+01 -5.628068968875108e+00;
2110
 -1.496871166991472e+01 -3.400845070496521e+02;
2111
 -1.503919500417577e+01 -3.400498103432346e+02;
2112
 -6.804465388272648e+01 -5.625938173467580e+00;
2113
 -6.810617992084354e+01 -5.618166277385012e+00;
2114
 -1.505698158905156e+01 -3.400410599958264e+02;
2115
 -1.493898646055999e+01 -3.400991524474637e+02;
2116
 -6.812298937864503e+01 -5.616081314837649e+00;
2117
 -1.507524257863145e+01 -3.400320994731429e+02;
2118
 -6.807792138370409e+01 -5.621688171302358e+00;
2119
 -1.502242772522354e+01 -3.400581058902401e+02;
2120
 -1.509434408294975e+01 -3.400227252159963e+02;
2121
 -1.588095964355534e+01 -3.343741299346764e+02;
2122
 -1.504143407288448e+01 -3.400487322340825e+02;
2123
 -1.511427797198081e+01 -3.400129177767624e+02;
2124
 -6.811295037567268e+01 -5.617316480664846e+00;
2125
 -1.506123110422098e+01 -3.400390161994729e+02;
2126
 -1.513454785992255e+01 -3.400029447736258e+02;
2127
 -1.501228117171188e+01 -3.400630974294477e+02;
2128
 -1.507904957446478e+01 -3.400302499206842e+02;
2129
 -1.515190505015798e+01 -3.399943812297775e+02;
2130
 -1.502836350556565e+01 -3.400551857872856e+02;
2131
 -1.509414065883431e+01 -3.400227784626117e+02;
2132
 -1.516644564402157e+01 -3.399872267875268e+02;
2133
 -1.504309076560264e+01 -3.400479172079708e+02;
2134
 -1.510831516687413e+01 -3.400158280747096e+02;
2135
 -6.828756654829498e+01 -5.595446405840346e+00;
2136
 -1.505745308861476e+01 -3.400408514519297e+02;
2137
 -1.512211015909861e+01 -3.400090408691970e+02;
2138
 -6.829945229452953e+01 -5.593954168806964e+00;
2139
 -1.507176855527758e+01 -3.400338086201328e+02;
2140
 -1.513603392180513e+01 -3.400021901881269e+02;
2141
 -6.831219399799502e+01 -5.592329545995703e+00;
2142
 -1.508619471378069e+01 -3.400267346206086e+02;
2143
 -1.515042241252035e+01 -3.399950873114491e+02;
2144
 -6.832472100189769e+01 -5.590731851259632e+00;
2145
 -1.510142532445980e+01 -3.400192178675618e+02;
2146
 -3.083414429227284e+01 -2.413303394289642e+02;
2147
 -6.833721185250988e+01 -5.589238239662162e+00;
2148
 -1.511758213115019e+01 -3.400112686947347e+02;
2149
 -6.828889653175501e+01 -5.595254535462462e+00;
2150
 -6.835271748285476e+01 -5.587266496030851e+00;
2151
 -1.513466066305840e+01 -3.400028892725542e+02;
2152
 -6.830516421495803e+01 -5.593212143260841e+00;
2153
 -1.515163760537962e+01 -3.399945128200247e+02;
2154
 -6.781560375355518e+01 -5.654881445704919e+00;
2155
 -1.307209672389689e-14  1.286784521258600e-14;
2156
 -6.783357053321025e+01 -5.652401065273484e+00;
2157
  2.554666178322377e-16  2.554666178322377e-16;
2158
 -1.291985032385091e-14  1.279243562637703e-14;
2159
 -6.785298839005038e+01 -5.649964748257428e+00;
2160
  5.081548077836163e-16  3.175967548647602e-14;
2161
 -2.529002607812324e-16  2.276102347031091e-16;
2162
 -6.787550664670754e+01 -5.647114439459242e+00;
2163
  3.826722833684383e-16  1.632735075705337e-14;
2164
 -6.779676890691735e+01 -5.656993392642983e+00;
2165
 -6.790296372558718e+01 -5.643669233698473e+00;
2166
  1.572964335233846e-14  1.636390316493275e-14;
2167
 -6.782602624309068e+01 -5.653347613102834e+00;
2168
 -6.793435042383319e+01 -5.639780599780734e+00;
2169
 -1.638402545058110e-14 -1.449356097551404e-14;
2170
 -6.786015292211340e+01 -5.649040905405290e+00;
2171
 -6.797002030503782e+01 -5.635279576514802e+00;
2172
 -6.779554510194107e+01 -5.657146930743308e+00;
2173
 -6.789832745076419e+01 -5.644250984577412e+00;
2174
 -6.800242411241901e+01 -5.631213111930781e+00;
2175
 -6.783474902016465e+01 -5.652278113033969e+00;
2176
 -6.793584134327124e+01 -5.639568607824283e+00;
2177
 -6.802967141226472e+01 -5.627768707623455e+00;
2178
 -6.787074115479503e+01 -5.647762194718940e+00;
2179
 -6.796976159560272e+01 -5.635336946051404e+00;
2180
 -6.805095283764231e+01 -5.625097823532093e+00;
2181
 -6.790456201079846e+01 -5.643468683060751e+00;
2182
 -6.799968787606453e+01 -5.631581401884711e+00;
2183
 -6.807283457756328e+01 -5.622401315283404e+00;
2184
 -6.793968169534155e+01 -5.639086702186004e+00;
2185
 -6.802694064979633e+01 -5.628161225241290e+00;
2186
 -4.199712581599766e+01 -1.699414073121803e+02;
2187
 -6.797256212415476e+01 -5.634960601749178e+00;
2188
 -6.804770724362909e+01 -5.625530062344835e+00;
2189
 -6.811475589575075e+01 -5.617114758155799e+00;
2190
 -6.799827518420841e+01 -5.631708882519054e+00;
2191
 -5.643205145972748e+01 -7.886493403795636e+01;
2192
 -1.501252249636269e+01 -3.400629552913464e+02;
2193
 -6.801598380436306e+01 -5.629486501543230e+00;
2194
 -2.661282381047139e+01 -2.667127780038992e+02;
2195
 -1.502937035859247e+01 -3.400546436243343e+02;
2196
 -1.491104494461616e+01 -3.401128730926358e+02;
2197
 -6.809672194729174e+01 -5.619353385507328e+00;
2198
 -1.504683056182187e+01 -3.400460773725475e+02;
2199
 -5.246879243129298e+01 -1.037407286972830e+02;
2200
 -6.811346226436768e+01 -5.617302029569036e+00;
2201
 -1.506487695467473e+01 -3.400371522835248e+02;
2202
 -6.806881910134977e+01 -5.622905292016826e+00;
2203
 -1.501256424953307e+01 -3.400629113306828e+02;
2204
 -1.508399858800128e+01 -3.400278150845276e+02;
2205
 -1.496504178529928e+01 -3.400863123134197e+02;
2206
 -1.503178013939428e+01 -3.400535049667654e+02;
2207
 -1.510428660401402e+01 -3.400177867076701e+02;
2208
 -6.810414877820050e+01 -5.618446115451666e+00;
2209
 -1.505180898076883e+01 -3.400436515884971e+02;
2210
 -1.512600603733380e+01 -3.400071474734241e+02;
2211
 -6.812306864523974e+01 -5.616096264760512e+00;
2212
 -1.507208354431418e+01 -3.400336770712562e+02;
2213
 -1.514782473437735e+01 -3.399964122701302e+02;
2214
 -1.502251907980668e+01 -3.400580141080453e+02;
2215
 -1.508936987511169e+01 -3.400251490609108e+02;
2216
 -1.516544344894634e+01 -3.399877199041161e+02;
2217
 -1.503774057250120e+01 -3.400505258615891e+02;
2218
 -1.510392888480945e+01 -3.400179627048398e+02;
2219
 -3.261094285703637e+01 -2.302157614306630e+02;
2220
 -1.505180428941740e+01 -3.400436304770520e+02;
2221
 -1.511686547482904e+01 -3.400116447117044e+02;
2222
 -6.829513824716138e+01 -5.594470899616821e+00;
2223
 -1.506533886453161e+01 -3.400369484549909e+02;
2224
 -1.512950578001803e+01 -3.400054021378727e+02;
2225
 -6.830588195571050e+01 -5.593122030498054e+00;
2226
 -1.507896359279278e+01 -3.400302688035196e+02;
2227
 -1.514296244016309e+01 -3.399987812177797e+02;
2228
 -6.831771836598087e+01 -5.591635949091792e+00;
2229
 -1.509310995822531e+01 -3.400233323951350e+02;
2230
 -1.515618193985865e+01 -3.399922768754126e+02;
2231
 -6.832861855994270e+01 -5.590267389031447e+00;
2232
 -1.510754491772114e+01 -3.400162070376814e+02;
2233
 -5.746778742767949e+01 -7.366269484125206e+01;
2234
 -6.834172254894565e+01 -5.588622106093121e+00;
2235
 -1.512316250284908e+01 -3.400085231059311e+02;
2236
 -6.829376281303252e+01 -5.594643583431875e+00;
2237
 -1.514041632012721e+01 -3.400000339634983e+02;
2238
  1.294956033524244e-14  1.294956033524244e-14;
2239
 -6.782313726101370e+01 -5.653829486221269e+00;
2240
  1.633863374630173e-14  1.710450720315963e-14;
2241
  0.000000000000000e+00  0.000000000000000e+00;
2242
 -6.784177849271391e+01 -5.651346330519004e+00;
2243
 -1.630759601753554e-14  0.000000000000000e+00;
2244
 -2.604221874647543e-14 -2.604221874647543e-14;
2245
 -6.786236431983792e+01 -5.648763439043746e+00;
2246
 -1.605770429802044e-14  3.034526796476305e-14;
2247
 -6.778182800944874e+01 -5.658867850596114e+00;
2248
 -6.788685778081263e+01 -5.645739973283722e+00;
2249
 -3.127922483725778e-14 -3.127922483725778e-14;
2250
 -6.780929156181392e+01 -5.655422292439064e+00;
2251
 -6.791628153759085e+01 -5.642047929880069e+00;
2252
  0.000000000000000e+00  1.549160344900609e-14;
2253
 -6.784068753301780e+01 -5.651508118349569e+00;
2254
 -6.794972779300215e+01 -5.637826057619225e+00;
2255
  1.525671875184082e-14  1.525671875184082e-14;
2256
 -6.787635813128952e+01 -5.647032507337850e+00;
2257
 -6.798697535062288e+01 -5.633151853281927e+00;
2258
 -6.781221415033637e+01 -5.655055618451466e+00;
2259
 -6.791434460044547e+01 -5.642266072643142e+00;
2260
 -6.801429289777519e+01 -5.629723610482605e+00;
2261
 -6.784974414286495e+01 -5.650396709274353e+00;
2262
 -6.794963968960451e+01 -5.637837113466350e+00;
2263
 -1.491510868073539e+01 -3.401108742238550e+02;
2264
 -6.788376542407566e+01 -5.646103081444408e+00;
2265
 -6.798309736014234e+01 -5.633613611223442e+00;
2266
 -1.493688440828486e+01 -3.401001395910624e+02;
2267
 -6.791829400632054e+01 -5.641770497531269e+00;
2268
 -1.488390991328302e+01 -3.401262199976503e+02;
2269
 -1.496046753794488e+01 -3.400885858552796e+02;
2270
 -6.795372037213639e+01 -5.637349944269478e+00;
2271
 -1.491221932053875e+01 -3.401123188655953e+02;
2272
 -6.810358888771613e+01 -5.618541289696470e+00;
2273
 -6.798578042002430e+01 -5.633276905811994e+00;
2274
 -1.493273873375941e+01 -3.401022256651404e+02;
2275
 -6.812179631065656e+01 -5.616181267408742e+00;
2276
 -1.487917618879113e+01 -3.401285483274323e+02;
2277
 -6.807157340649863e+01 -5.622534702528824e+00;
2278
 -1.501971489627116e+01 -3.400594170369006e+02;
2279
 -6.802488264324866e+01 -5.628419506191391e+00;
2280
 -1.496660546644770e+01 -3.400855431194352e+02;
2281
 -1.503682579410695e+01 -3.400509993127316e+02;
2282
 -6.804243626789818e+01 -5.626166688853884e+00;
2283
 -6.810388049681235e+01 -5.618454888773027e+00;
2284
 -1.505439419164703e+01 -3.400423563320139e+02;
2285
 -1.493655303469328e+01 -3.401003494372833e+02;
2286
 -6.812095762719487e+01 -5.616286536892694e+00;
2287
 -1.507301975894721e+01 -3.400331696360820e+02;
2288
 -6.807671472361197e+01 -5.621914320906527e+00;
2289
 -1.502142404005128e+01 -3.400585762299914e+02;
2290
 -1.509333505960651e+01 -3.400231982289536e+02;
2291
 -1.497462430603953e+01 -3.400816219514372e+02;
2292
 -1.504182479044764e+01 -3.400485400169269e+02;
2293
 -1.511580695042434e+01 -3.400121420942083e+02;
2294
 -6.811424294976023e+01 -5.617204040840411e+00;
2295
 -1.506344915508611e+01 -3.400379249800472e+02;
2296
 -1.514226792029485e+01 -3.399991463536979e+02;
2297
 -1.501570019306674e+01 -3.400613920480398e+02;
2298
 -1.508475960696984e+01 -3.400274172554339e+02;
2299
 -1.516928242445739e+01 -3.399858544005941e+02;
2300
 -1.503326326630817e+01 -3.400527519170048e+02;
2301
 -1.510203802296434e+01 -3.400189398399348e+02;
2302
 -1.518399020874759e+01 -3.399786175353165e+02;
2303
 -1.504783150475999e+01 -3.400455615262313e+02;
2304
 -1.511450982917897e+01 -3.400127568667070e+02;
2305
 -6.829559418301889e+01 -5.594438551506588e+00;
2306
 -1.506051106831850e+01 -3.400393470173044e+02;
2307
 -1.512482158344330e+01 -3.400077302382286e+02;
2308
 -6.830122173645037e+01 -5.593732015949693e+00;
2309
 -1.507278077733150e+01 -3.400333106287799e+02;
2310
 -1.513635783719371e+01 -3.400020073989033e+02;
2311
 -6.831137424634072e+01 -5.592407573615175e+00;
2312
 -1.508587452149978e+01 -3.400268687325768e+02;
2313
 -1.514882507317625e+01 -3.399958966611691e+02;
2314
 -6.832210414667030e+01 -5.591060407241462e+00;
2315
 -1.509885161970391e+01 -3.400204841191485e+02;
2316
 -1.516031705203621e+01 -3.399902656852342e+02;
2317
 -6.833300172228329e+01 -5.589741953562657e+00;
2318
 -1.511194879162131e+01 -3.400140403245342e+02;
2319
 -6.828278384742555e+01 -5.596046859387490e+00;
2320
 -1.512833429066156e+01 -3.400059551092630e+02;
2321
  1.594628314720304e-14  1.709441553380166e-14;
2322
 -2.545586736236664e-17  1.279157334958923e-14;
2323
 -6.783076785227574e+01 -5.652905899153036e+00;
2324
  6.325098720502019e-16  6.325098720502019e-16;
2325
 -3.875448349168539e-14 -2.551814101833472e-14;
2326
 -6.785023357418716e+01 -5.650310393167014e+00;
2327
  3.254980794629852e-14  3.254980794629852e-14;
2328
  1.310200320451082e-14  1.310200320451082e-14;
2329
 -6.787248412867548e+01 -5.647493684850881e+00;
2330
  8.910326213555744e-16  8.910326213555744e-16;
2331
 -6.779318638543057e+01 -5.657467762348497e+00;
2332
 -6.789874967974821e+01 -5.644222910400221e+00;
2333
  2.532917430474508e-16  1.393104586760979e-15;
2334
 -6.782261994749926e+01 -5.653750073727952e+00;
2335
 -6.793036917167700e+01 -5.640230372218683e+00;
2336
 -1.659788663028934e-14  1.493809796726040e-14;
2337
 -6.785606323532654e+01 -5.649578947811293e+00;
2338
 -6.796649195779412e+01 -5.635747253598328e+00;
2339
 -6.779024132403218e+01 -5.657862155029720e+00;
2340
 -6.789331857131472e+01 -5.644879484923377e+00;
2341
 -6.800016550199817e+01 -5.631471655741620e+00;
2342
 -6.782823099530852e+01 -5.653070993951240e+00;
2343
 -6.793021250838639e+01 -5.640274936008866e+00;
2344
 -6.802654677064534e+01 -5.628160852899470e+00;
2345
 -6.786358130569626e+01 -5.648610742180940e+00;
2346
 -6.796351887575153e+01 -5.636095440484182e+00;
2347
 -6.804744394504119e+01 -5.625538205882968e+00;
2348
 -6.789709558455348e+01 -5.644430462336119e+00;
2349
 -6.799702423209828e+01 -5.631890774414013e+00;
2350
 -6.806842604529371e+01 -5.622904821860157e+00;
2351
 -6.793221729170082e+01 -5.640023368635106e+00;
2352
 -6.802112471095144e+01 -5.628891126801824e+00;
2353
 -1.496969914916619e+01 -3.400839978726091e+02;
2354
 -6.796750173429150e+01 -5.635620536737878e+00;
2355
 -6.804454259668820e+01 -5.625927238619296e+00;
2356
 -6.811093314434677e+01 -5.617569675231051e+00;
2357
 -6.799807548688820e+01 -5.631758846725559e+00;
2358
 -1.494020961962199e+01 -3.400985507803484e+02;
2359
 -1.500990327451765e+01 -3.400642437925555e+02;
2360
 -6.801397438549897e+01 -5.629738680661598e+00;
2361
 -6.807834279125743e+01 -5.621685081834726e+00;
2362
 -1.502683582566215e+01 -3.400559139102817e+02;
2363
 -1.490894309698183e+01 -3.401139069445300e+02;
2364
 -3.113897678230503e+01 -2.383026700507868e+02;
2365
 -1.504403403630476e+01 -3.400474297363521e+02;
2366
 -6.804957101298407e+01 -5.625296150747275e+00;
2367
 -6.811104359498562e+01 -5.617555811940772e+00;
2368
 -1.506197030163666e+01 -3.400386525352131e+02;
2369
 -6.806685455140014e+01 -5.623126957845400e+00;
2370
 -1.501039023474376e+01 -3.400640042374379e+02;
2371
 -1.508164471041780e+01 -3.400289731568566e+02;
2372
 -1.496421980378860e+01 -3.400866932336827e+02;
2373
 -1.503087559253749e+01 -3.400539031212256e+02;
2374
 -1.510403601794078e+01 -3.400179568314118e+02;
2375
 -6.810482626938710e+01 -5.618361080432072e+00;
2376
 -1.505336210318478e+01 -3.400428406660383e+02;
2377
 -1.513080533888498e+01 -3.400047627363195e+02;
2378
 -6.812559281921760e+01 -5.615729636645997e+00;
2379
 -1.507851617637524e+01 -3.400304889245136e+02;
2380
 -1.517408207033903e+01 -3.399834693663141e+02;
2381
 -1.502862671927846e+01 -3.400550328788850e+02;
2382
 -1.510321966769462e+01 -3.400183116380792e+02;
2383
 -1.521002032988963e+01 -3.399658092618085e+02;
2384
 -1.504594061021512e+01 -3.400465386147793e+02;
2385
 -1.511799607898826e+01 -3.400110650296559e+02;
2386
 -2.920604491344364e+01 -2.518073669113653e+02;
2387
 -1.505839067517830e+01 -3.400403901879772e+02;
2388
 -1.512415711549548e+01 -3.400080337462925e+02;
2389
 -6.829999812582304e+01 -5.593835852055462e+00;
2390
 -1.506852179191302e+01 -3.400354059531779e+02;
2391
 -1.513140269388571e+01 -3.400044922459076e+02;
2392
 -6.830614822580308e+01 -5.593088600111596e+00;
2393
 -1.507961189051188e+01 -3.400299498522436e+02;
2394
 -1.514218916983357e+01 -3.399991616838087e+02;
2395
 -6.831607920423221e+01 -5.591866643577184e+00;
2396
 -1.509170198202577e+01 -3.400239782700351e+02;
2397
 -1.515346532536644e+01 -3.399936369467356e+02;
2398
 -6.832657222147751e+01 -5.590499422961904e+00;
2399
 -1.510296952095241e+01 -3.400184347096448e+02;
2400
 -2.888342057249022e+01 -2.536125905442255e+02;
2401
 -1.511672953303790e+01 -3.400116647607541e+02;
2402
 -1.565409257228066e-14 -1.463594020985591e-14;
2403
  2.173400342428072e-16  2.173400342428072e-16;
2404
 -6.783851344238214e+01 -5.652043874986891e+00;
2405
  8.908446860890190e-16  3.270672633212541e-14;
2406
 -1.300035464607229e-14 -1.300035464607229e-14;
2407
 -6.785916026115848e+01 -5.649190362663065e+00;
2408
  0.000000000000000e+00  1.663205752614603e-14;
2409
 -6.777880893912597e+01 -5.659221704709167e+00;
2410
 -6.788296990128094e+01 -5.646252712820830e+00;
2411
 -8.907640313609252e-16 -5.090080179205288e-16;
2412
 -6.780508105993391e+01 -5.655950547836565e+00;
2413
 -6.791154016120691e+01 -5.642642880243113e+00;
2414
  1.593859894364372e-14  1.581109015209457e-14;
2415
 -6.783670188350391e+01 -5.651983278023356e+00;
2416
 -6.794609486614438e+01 -5.638281941168791e+00;
2417
 -1.277018524001793e-16  1.672894266442348e-14;
2418
 -6.787283013049770e+01 -5.647500084722880e+00;
2419
 -6.798400691068372e+01 -5.633549276102649e+00;
2420
 -6.780719982386435e+01 -5.655709634110176e+00;
2421
 -6.791075901976556e+01 -5.642715992166569e+00;
2422
 -6.801174807650602e+01 -5.630042981002575e+00;
2423
 -6.784410750073783e+01 -5.651079022816580e+00;
2424
 -6.794551480810712e+01 -5.638329825736766e+00;
2425
 -1.491247035805007e+01 -3.401121719620533e+02;
2426
 -6.787749972506495e+01 -5.646889267149361e+00;
2427
 -6.797752404726080e+01 -5.634313019269533e+00;
2428
 -1.493319255225489e+01 -3.401019790126497e+02;
2429
 -6.791101240992090e+01 -5.642684196779578e+00;
2430
 -6.800454478804708e+01 -5.630946974546812e+00;
2431
 -6.807724119713984e+01 -5.621823342691930e+00;
2432
 -6.794627583055718e+01 -5.638259232622068e+00;
2433
 -6.803138304316094e+01 -5.627553895697702e+00;
2434
 -6.809843764165937e+01 -5.619138043027677e+00;
2435
 -6.798066129756765e+01 -5.633969126296993e+00;
2436
 -6.418066822970674e+01 -2.999915545984209e+01;
2437
 -6.811770989978777e+01 -5.616719081918166e+00;
2438
 -6.800320545219284e+01 -5.631090153680421e+00;
2439
 -6.806910814124316e+01 -5.622844114191018e+00;
2440
 -1.501673354526682e+01 -3.400608836970698e+02;
2441
 -6.802269884979597e+01 -5.628668670298568e+00;
2442
 -1.496399121750412e+01 -3.400868056778366e+02;
2443
 -1.503376662172576e+01 -3.400525042891395e+02;
2444
 -6.804027541405860e+01 -5.626462784843937e+00;
2445
 -6.810122147623365e+01 -5.618788633613848e+00;
2446
 -1.505112982012729e+01 -3.400439622926397e+02;
2447
 -1.493399559879715e+01 -3.401015840002393e+02;
2448
 -6.811826110795820e+01 -5.616649895943019e+00;
2449
 -1.506994963103702e+01 -3.400347034899114e+02;
2450
 -6.807479495273071e+01 -5.622130369561893e+00;
2451
 -1.501914597480987e+01 -3.400596734949235e+02;
2452
 -1.509135241240531e+01 -3.400241736731892e+02;
2453
 -1.497397001289846e+01 -3.400819203880767e+02;
2454
 -1.504166708861358e+01 -3.400486175998287e+02;
2455
 -1.511681400541424e+01 -3.400116466174048e+02;
2456
 -6.811609437867088e+01 -5.616946756418457e+00;
2457
 -1.506775578169830e+01 -3.400358062306362e+02;
2458
 -1.515380564662378e+01 -3.399934694988365e+02;
2459
 -1.502203398485102e+01 -3.400582527491997e+02;
2460
 -1.510385066844521e+01 -3.400180246050680e+02;
2461
 -1.526446757000079e+01 -3.399390168174019e+02;
2462
 -1.504571092130503e+01 -3.400466047737820e+02;
2463
 -1.513337779208995e+01 -3.400034970494496e+02;
2464
 -1.527847811262333e+01 -3.399320987867124e+02;
2465
 -1.506053164424395e+01 -3.400393134753658e+02;
2466
 -1.513389175360503e+01 -3.400032441719213e+02;
2467
 -6.830657517112877e+01 -5.593010103081440e+00;
2468
 -1.506773254691560e+01 -3.400358176615817e+02;
2469
 -1.512952483965890e+01 -3.400054161774634e+02;
2470
 -6.830278165150381e+01 -5.593511274806826e+00;
2471
 -1.507512170029140e+01 -3.400321823616493e+02;
2472
 -1.513673275271521e+01 -3.400018229336267e+02;
2473
 -6.831057530834426e+01 -5.592532775109224e+00;
2474
 -1.508537218972576e+01 -3.400271392915714e+02;
2475
 -1.514717909147273e+01 -3.399967299426490e+02;
2476
 -6.832077697098808e+01 -5.591202145348451e+00;
2477
 -1.509629741221175e+01 -3.400217407740991e+02;
2478
 -1.515820785594532e+01 -3.399913034780721e+02;
2479
 -1.510761292069157e+01 -3.400161735802010e+02;
2480
  0.000000000000000e+00  1.636310287102867e-14;
2481
  0.000000000000000e+00  0.000000000000000e+00;
2482
 -6.784619848217530e+01 -5.650816671143532e+00;
2483
  1.624929453340228e-14  4.874788360020684e-14;
2484
  0.000000000000000e+00  2.598802440639073e-14;
2485
 -6.786835417816047e+01 -5.648036787852576e+00;
2486
 -1.627000180316386e-14 -1.525312669046612e-14;
2487
 -6.778930185724928e+01 -5.657955109683273e+00;
2488
 -6.789438409103751e+01 -5.644770693073731e+00;
2489
 -1.602880967759775e-14 -1.475668192540745e-14;
2490
 -6.781787358654495e+01 -5.654370478385576e+00;
2491
 -6.792615253395877e+01 -5.640809299247877e+00;
2492
  1.569738718312190e-14  4.683897788512180e-14;
2493
 -6.785243418346961e+01 -5.650009376784714e+00;
2494
 -6.796273489077376e+01 -5.636218726366996e+00;
2495
 -6.778672517366734e+01 -5.658253465733285e+00;
2496
 -6.789035488183691e+01 -5.645251358328918e+00;
2497
 -6.799905902656111e+01 -5.631635416805652e+00;
2498
 -6.782464011994874e+01 -5.653546430914733e+00;
2499
 -6.792700373202925e+01 -5.640677583293168e+00;
2500
 -6.802304245819701e+01 -5.628625547452813e+00;
2501
 -6.785943947167262e+01 -5.649130422624315e+00;
2502
 -6.795947058111423e+01 -5.636603456930701e+00;
2503
 -6.804458787599957e+01 -5.625946457568909e+00;
2504
 -6.789151813070390e+01 -5.645105398108525e+00;
2505
 -6.799143506228961e+01 -5.632592186437001e+00;
2506
 -4.218482528860638e+01 -1.685705873502366e+02;
2507
 -6.792521599824255e+01 -5.640926818189009e+00;
2508
 -6.801531048187071e+01 -5.629620807739312e+00;
2509
 -1.496474387255136e+01 -3.400864822821184e+02;
2510
 -6.795985215569742e+01 -5.636580477881367e+00;
2511
 -1.759695107745283e+01 -3.232276212712262e+02;
2512
 -6.810605001189512e+01 -5.618207482700735e+00;
2513
 -6.799233167751319e+01 -5.632504569485838e+00;
2514
 -1.493586756944663e+01 -3.401006631907377e+02;
2515
 -2.097186250379871e+01 -3.025019532579034e+02;
2516
 -6.801086950766890e+01 -5.630153239552713e+00;
2517
 -6.807553326358763e+01 -5.622037704661062e+00;
2518
 -1.502338017751133e+01 -3.400576139132377e+02;
2519
 -6.803061968701934e+01 -5.627674600062510e+00;
2520
 -1.497098654039295e+01 -3.400834114289560e+02;
2521
 -1.504053098756503e+01 -3.400491999347323e+02;
2522
 -6.804688126953967e+01 -5.625608824072173e+00;
2523
 -6.810796502988124e+01 -5.617942219407870e+00;
2524
 -1.505855349356183e+01 -3.400403335054855e+02;
2525
 -1.494184493416194e+01 -3.400977229515468e+02;
2526
 -1.810839145643034e+01 -3.205404659219456e+02;
2527
 -1.507886724874941e+01 -3.400303396217539e+02;
2528
 -2.195366564701486e+01 -2.960667811933275e+02;
2529
 -1.502896418767102e+01 -3.400548668608444e+02;
2530
 -1.510221259290355e+01 -3.400188305340784e+02;
2531
 -6.810498582573923e+01 -5.618341053772092e+00;
2532
 -1.505431756276958e+01 -3.400423940309112e+02;
2533
 -1.513251553144494e+01 -3.400039447126298e+02;
2534
 -6.812987480833046e+01 -5.615241965095013e+00;
2535
 -1.508776470279566e+01 -3.400258919504066e+02;
2536
 -1.519497285022013e+01 -3.399732135136092e+02;
2537
 -1.504317645080643e+01 -3.400478984739303e+02;
2538
 -1.516457550934044e+01 -3.399881703777995e+02;
2539
 -2.830118311509814e+01 -2.948689544808519e+02;
2540
 -1.506811580269281e+01 -3.400356056900939e+02;
2541
 -1.517911386918179e+01 -3.399809700883872e+02;
2542
 -2.696597809890166e+01 -2.660370217291940e+02;
2543
 -1.507333173874614e+01 -3.400330395674157e+02;
2544
 -1.513350264052472e+01 -3.400034590390640e+02;
2545
 -6.830246805294185e+01 -5.593550647123087e+00;
2546
 -1.507351416407724e+01 -3.400329498179695e+02;
2547
 -1.513304734991419e+01 -3.400036362152562e+02;
2548
 -6.830581608280767e+01 -5.593130300882432e+00;
2549
 -1.508035566665017e+01 -3.400296073455239e+02;
2550
 -1.514145567597402e+01 -3.399994991617382e+02;
2551
 -6.831520812632452e+01 -5.591926222565926e+00;
2552
 -1.509028500215391e+01 -3.400246988282304e+02;
2553
 -1.515214991747609e+01 -3.399942607482276e+02;
2554
 -1.510100755311645e+01 -3.400194468275495e+02;
2555
 -6.783456231530985e+01 -5.652477687266996e+00;
2556
 -1.545454762740633e-14  8.940647387755724e-16;
2557
 -2.589400114052556e-14 -2.589400114052556e-14;
2558
 -6.785427343092962e+01 -5.649803514538399e+00;
2559
 -1.268818098531097e-16  3.108604341401188e-14;
2560
  1.298900711416710e-14  1.298900711416710e-14;
2561
 -6.787820046468725e+01 -5.646826249238810e+00;
2562
 -1.599991153433309e-14 -1.599991153433309e-14;
2563
 -6.780071018750296e+01 -5.656523829211429e+00;
2564
 -6.790736552266119e+01 -5.643166712738026e+00;
2565
 -1.628980025380407e-14 -1.539895180242416e-14;
2566
 -6.783248854180705e+01 -5.652536818422697e+00;
2567
 -6.794168123090306e+01 -5.638785980329732e+00;
2568
  1.569080077542181e-14  1.695618793473002e-14;
2569
 -6.786908080138954e+01 -5.647920709728852e+00;
2570
 -6.797843204928672e+01 -5.634248879697093e+00;
2571
 -6.780423322371462e+01 -5.656106736033601e+00;
2572
 -6.790659131014756e+01 -5.643214048640025e+00;
2573
 -1.488077678084198e+01 -3.401277610617634e+02;
2574
 -6.784089883618564e+01 -5.651456698851955e+00;
2575
 -6.794087460119211e+01 -5.638937010177642e+00;
2576
 -6.803262116925447e+01 -5.627423410960916e+00;
2577
 -6.787343326096929e+01 -5.647424407976588e+00;
2578
 -6.797267102465982e+01 -5.634922031848114e+00;
2579
 -4.872780175847583e+01 -1.272993731207337e+02;
2580
 -6.790543037673962e+01 -5.643384627361987e+00;
2581
 -6.800029947442820e+01 -5.631479745770493e+00;
2582
 -6.807312785695792e+01 -5.622314704463064e+00;
2583
 -6.793919187041628e+01 -5.639148167898101e+00;
2584
 -6.802620072612679e+01 -5.628229183919125e+00;
2585
 -2.380977172058882e+01 -2.844482897480505e+02;
2586
 -6.797247469321194e+01 -5.634971573535921e+00;
2587
 -6.804695105818651e+01 -5.625649868513168e+00;
2588
 -6.811335473105957e+01 -5.617315526741755e+00;
2589
 -6.799896513528134e+01 -5.631647199750891e+00;
2590
 -6.806523982959210e+01 -5.623304716811064e+00;
2591
 -1.501247889560439e+01 -3.400629533198010e+02;
2592
 -6.801910354170631e+01 -5.629119880104062e+00;
2593
 -1.496050901657953e+01 -3.400885654515652e+02;
2594
 -1.502997520099967e+01 -3.400543929110778e+02;
2595
 -1.491333989194359e+01 -3.401117442561867e+02;
2596
 -6.809796590056065e+01 -5.619222152927338e+00;
2597
 -1.504752536294315e+01 -3.400457355562514e+02;
2598
 -1.493070948879549e+01 -3.401032004099138e+02;
2599
 -6.811504040225475e+01 -5.617079047912317e+00;
2600
 -1.506673549462930e+01 -3.400363081866458e+02;
2601
 -6.807201242279797e+01 -5.622479602152155e+00;
2602
 -1.501640192914448e+01 -3.400610468335615e+02;
2603
 -1.508857491889816e+01 -3.400255167520373e+02;
2604
 -1.497226200719431e+01 -3.400827605848144e+02;
2605
 -1.503987917013620e+01 -3.400495206018484e+02;
2606
 -1.511396467082679e+01 -3.400130719223014e+02;
2607
 -6.811727637296900e+01 -5.616798396324093e+00;
2608
 -1.506914129088831e+01 -3.400351245933395e+02;
2609
 -1.515189284505929e+01 -3.399943872350250e+02;
2610
 -1.539621009650296e+01 -3.377502588275730e+02;
2611
 -1.511836074297377e+01 -3.400108856124701e+02;
2612
 -1.526318502274826e+01 -3.399396245421686e+02;
2613
 -1.507546653205461e+01 -3.400319892924755e+02;
2614
  6.959766272041330e+00 -2.141969277253918e+02;
2615
 -1.528014974288144e+01 -3.399312995786939e+02;
2616
 -1.509028014928552e+01 -3.400246777974657e+02;
2617
 -1.514892290815219e+01 -3.399958251071814e+02;
2618
 -6.552946076382938e+01 -2.307611993328241e+01;
2619
 -1.507615734643730e+01 -3.400316494252270e+02;
2620
 -1.513182327351663e+01 -3.400042853143192e+02;
2621
 -6.830207275641941e+01 -5.593600276597848e+00;
2622
 -1.507713597235922e+01 -3.400311679597878e+02;
2623
 -1.513648090769574e+01 -3.400019468459809e+02;
2624
 -6.830983244415773e+01 -5.592601149119631e+00;
2625
 -1.508493450031099e+01 -3.400273312103286e+02;
2626
 -1.514636007771377e+01 -3.399971329176086e+02;
2627
 -1.509520316024837e+01 -3.400222557201578e+02;
2628
 -6.782330646458381e+01 -5.653813932537603e+00;
2629
  1.141185026217553e-16  3.838185638178371e-14;
2630
 -6.784188174636492e+01 -5.651333375581815e+00;
2631
 -1.634976145073357e-14 -1.634976145073357e-14;
2632
  0.000000000000000e+00  2.789997640310739e-16;
2633
 -6.786281553884977e+01 -5.648756638366793e+00;
2634
  1.268310014553434e-16  1.902465021830151e-15;
2635
 -6.778452671215938e+01 -5.658554189079828e+00;
2636
 -6.788926472479007e+01 -5.645437959779489e+00;
2637
  3.806550169141193e-16 -1.408423562582241e-14;
2638
 -6.781368647393292e+01 -5.654970531919085e+00;
2639
 -6.792114341601459e+01 -5.641437854689670e+00;
2640
  3.143541652305056e-14  4.810764148061989e-14;
2641
 -6.784800789309917e+01 -5.650589646994459e+00;
2642
 -6.795666261200394e+01 -5.636955824440208e+00;
2643
 -6.778296503914909e+01 -5.658750112414650e+00;
2644
 -6.788477987536957e+01 -5.645950886432086e+00;
2645
 -6.799257846131177e+01 -5.632448696225374e+00;
2646
 -6.782046906729072e+01 -5.654069748608963e+00;
2647
 -6.792051383091086e+01 -5.641491950692303e+00;
2648
 -6.801682030058588e+01 -5.629406424801584e+00;
2649
 -6.785478331532572e+01 -5.649764446797336e+00;
2650
 -6.795351605747872e+01 -5.637350678809216e+00;
2651
 -3.349190595271744e+01 -2.231548742642856e+02;
2652
 -6.788666553068104e+01 -5.645739189544927e+00;
2653
 -6.798567269948389e+01 -5.633365134397681e+00;
2654
 -1.493773683401865e+01 -3.400997437101678e+02;
2655
 -6.791919425042084e+01 -5.641682439163366e+00;
2656
 -1.488430552494730e+01 -3.401260254114624e+02;
2657
 -1.496027173491872e+01 -3.400886353284297e+02;
2658
 -6.795269924896343e+01 -5.637478082531893e+00;
2659
 -1.491117715296330e+01 -3.401128314856746e+02;
2660
 -6.810221636864675e+01 -5.618738460429761e+00;
2661
 -6.798459396061511e+01 -5.633475605390569e+00;
2662
 -1.493126275721195e+01 -3.401029282623355e+02;
2663
 -6.812001998154196e+01 -5.616478925893278e+00;
2664
 -1.488005179137651e+01 -3.401280942302267e+02;
2665
 -6.807152691433359e+01 -5.622540537699209e+00;
2666
 -1.501903600718860e+01 -3.400597275929812e+02;
2667
 -6.802673618041463e+01 -5.628137081856502e+00;
2668
 -1.496721395553437e+01 -3.400852672176163e+02;
2669
 -1.503658166014753e+01 -3.400511194159673e+02;
2670
 -6.804367670302103e+01 -5.626011009836470e+00;
2671
 -6.810454230928744e+01 -5.618421621434211e+00;
2672
 -1.505493127661892e+01 -3.400420921036982e+02;
2673
 -1.493843092488854e+01 -3.400994022902802e+02;
2674
 -6.812282413352554e+01 -5.616126955359992e+00;
2675
 -1.507545519579854e+01 -3.400319948696904e+02;
2676
 -6.808078021299598e+01 -5.621354260167271e+00;
2677
 -1.502620778943694e+01 -3.400562228726808e+02;
2678
 -1.509847230996634e+01 -3.400206707375476e+02;
2679
 -6.810346876099763e+01 -5.618506567547317e+00;
2680
 -1.505149033051151e+01 -3.400437615145834e+02;
2681
 -1.512604828980251e+01 -3.400071032674130e+02;
2682
 -6.813122271249480e+01 -5.615072777146367e+00;
2683
 -1.508584807271152e+01 -3.400269051634836e+02;
2684
 -1.517126155424334e+01 -3.399848571750590e+02;
2685
 -1.505316896238216e+01 -3.400429825236298e+02;
2686
 -1.516362445242941e+01 -3.399886149152613e+02;
2687
 -1.520904095377834e+01 -3.399662677622609e+02;
2688
 -1.512080182664198e+01 -3.400096845804138e+02;
2689
 -1.517992867226230e+01 -3.399805925844104e+02;
2690
 -1.520339504252274e+01 -3.399690458980993e+02;
2691
 -1.508367972623775e+01 -3.400279485414017e+02;
2692
 -1.513302608867894e+01 -3.400036935103234e+02;
2693
 -6.829845846622803e+01 -5.594029155417201e+00;
2694
 -1.507596630740383e+01 -3.400317434127477e+02;
2695
 -1.513236793262911e+01 -3.400040173335723e+02;
2696
 -6.830466123922022e+01 -5.593250398304292e+00;
2697
 -1.508041841247571e+01 -3.400295530570097e+02;
2698
 -1.514077689718776e+01 -3.399998799689641e+02;
2699
 -1.508975345860955e+01 -3.400249369236706e+02;
2700
 -6.781244238154682e+01 -5.655252202786918e+00;
2701
  2.553776815068425e-17  2.553776815068425e-17;
2702
 -6.783059465140566e+01 -5.652799345034187e+00;
2703
  2.535723030751972e-16  1.673577200296302e-14;
2704
 -1.306516387195766e-14 -1.306516387195766e-14;
2705
 -6.784978087965747e+01 -5.650342284774823e+00;
2706
 -1.623082318807441e-14 -1.559680665729025e-14;
2707
  2.296330605277635e-16  3.880798722919203e-14;
2708
 -6.787218835213046e+01 -5.647555703715406e+00;
2709
 -1.597495199749785e-14 -1.597495199749785e-14;
2710
 -6.779558935398522e+01 -5.657191197084819e+00;
2711
 -6.790093807608851e+01 -5.643948314853009e+00;
2712
 -1.510094156086957e-14 -2.537973371574719e-16;
2713
 -6.782747903222422e+01 -5.653165339000281e+00;
2714
 -6.793472951143838e+01 -5.639708125254320e+00;
2715
 -1.525399193174135e-14  1.576245832946606e-14;
2716
 -6.786299983723164e+01 -5.648708606999966e+00;
2717
 -6.797078223827258e+01 -5.635183961074609e+00;
2718
 -6.779866719460831e+01 -5.656755234083513e+00;
2719
 -6.789892207624601e+01 -5.644176372340185e+00;
2720
 -6.800100265653987e+01 -5.631416402228618e+00;
2721
 -6.783440183775549e+01 -5.652296764663983e+00;
2722
 -6.793330264453468e+01 -5.639887174369651e+00;
2723
 -6.802669429850842e+01 -5.628142338061879e+00;
2724
 -6.786746877546508e+01 -5.648122974294347e+00;
2725
 -6.796587642408092e+01 -5.635774688701693e+00;
2726
 -6.804757079478468e+01 -5.625522285688235e+00;
2727
 -6.789968421028586e+01 -5.644105647461196e+00;
2728
 -6.799829156517943e+01 -5.631706826779653e+00;
2729
 -6.806806501711874e+01 -5.622999935739180e+00;
2730
 -6.793268647550188e+01 -5.639964493648527e+00;
2731
 -6.802088627746839e+01 -5.628896147729015e+00;
2732
 -1.496884967444487e+01 -3.400844391632735e+02;
2733
 -6.796594540434315e+01 -5.635790936464343e+00;
2734
 -6.804320125829986e+01 -5.626120483311502e+00;
2735
 -6.810924596893882e+01 -5.617781441978853e+00;
2736
 -6.799620934579791e+01 -5.631993038801444e+00;
2737
 -1.493834474496092e+01 -3.400994446817795e+02;
2738
 -1.500791916300877e+01 -3.400651964337691e+02;
2739
 -6.801391371952013e+01 -5.629796099356873e+00;
2740
 -6.807769726465320e+01 -5.621766101775990e+00;
2741
 -1.502561110562596e+01 -3.400564929908539e+02;
2742
 -1.490957373513108e+01 -3.401135733244926e+02;
2743
 -2.483058008955049e+01 -2.780207808250740e+02;
2744
 -1.504328475520951e+01 -3.400478217727835e+02;
2745
 -6.805028418572927e+01 -5.625231545639291e+00;
2746
 -6.811159087853800e+01 -5.617512018871898e+00;
2747
 -1.506260608563272e+01 -3.400382929089262e+02;
2748
 -6.806898767572476e+01 -5.622834332667081e+00;
2749
 -1.501296883959828e+01 -3.400627357166231e+02;
2750
 -1.508427513401742e+01 -3.400276556093281e+02;
2751
 -1.496954481328502e+01 -3.400840972144755e+02;
2752
 -1.503614583270267e+01 -3.400513338239261e+02;
2753
 -1.510832134067401e+01 -3.400158016193884e+02;
2754
 -6.811464018191687e+01 -5.617104382585505e+00;
2755
 -1.506303754577348e+01 -3.400381040615220e+02;
2756
 -1.513668466714819e+01 -3.400018700096018e+02;
2757
 -6.814564600011009e+01 -5.613212559007640e+00;
2758
 -1.510114084225653e+01 -3.400193578317755e+02;
2759
 -1.516579996127497e+01 -3.399875679032561e+02;
2760
 -1.507472249081818e+01 -3.400323787647416e+02;
2761
 -1.513238929330489e+01 -3.400040068237841e+02;
2762
 -1.518164946689456e+01 -3.399797458747200e+02;
2763
 -1.509043328479541e+01 -3.400246024563928e+02;
2764
 -1.513305845567838e+01 -3.400036775852375e+02;
2765
 -4.467269139254381e+01 -1.543147039740891e+02;
2766
 -1.507574356900267e+01 -3.400318295769750e+02;
2767
 -1.512797818944068e+01 -3.400061537329493e+02;
2768
 -6.829875285646929e+01 -5.593992194927536e+00;
2769
 -1.507671277819317e+01 -3.400313527446695e+02;
2770
 -1.513536316086047e+01 -3.400024967973839e+02;
2771
 -1.508458932018525e+01 -3.400274776156705e+02;
2772
  1.149662770891143e-16  3.576728620550224e-16;
2773
 -6.781955714700258e+01 -5.654261209100481e+00;
2774
 -2.553570307013554e-16  1.544910035743200e-14;
2775
  1.020604150238749e-16  2.551510375596873e-16;
2776
 -6.783824856151709e+01 -5.651789221317915e+00;
2777
  6.378828792174462e-16  1.632980170796662e-14;
2778
  1.328006886632804e-14  2.617483592802374e-14;
2779
 -6.785812014745444e+01 -5.649320866304055e+00;
2780
  3.826810858907439e-16  1.517968307366617e-14;
2781
 -6.777851231272210e+01 -5.659283826833705e+00;
2782
 -6.788191039495251e+01 -5.646335841103383e+00;
2783
  0.000000000000000e+00  1.493120073222526e-14;
2784
 -6.780726506990374e+01 -5.655701448083385e+00;
2785
 -6.791248459435367e+01 -5.642449655570862e+00;
2786
  2.537792674552260e-16  3.311819440290700e-14;
2787
 -6.784105928877840e+01 -5.651486382904036e+00;
2788
 -6.794783600783899e+01 -5.638063451548968e+00;
2789
  1.601570195846552e-14  1.601570195846552e-14;
2790
 -6.787712522667793e+01 -5.646911350165343e+00;
2791
 -6.798446131773818e+01 -5.633467347645998e+00;
2792
 -6.781280813390929e+01 -5.654981095968088e+00;
2793
 -6.791231169446533e+01 -5.642521162449585e+00;
2794
 -1.488455975882178e+01 -3.401259003635304e+02;
2795
 -6.784720594759892e+01 -5.650665358328667e+00;
2796
 -6.794570802698325e+01 -5.638330484141379e+00;
2797
 -1.491110008234445e+01 -3.401128459715824e+02;
2798
 -6.787986470548591e+01 -5.646567616465770e+00;
2799
 -6.797773448409356e+01 -5.634311514849811e+00;
2800
 -1.493179482941262e+01 -3.401026665407987e+02;
2801
 -6.791228196535779e+01 -5.642499987180355e+00;
2802
 -6.800413495259323e+01 -5.630998407529070e+00;
2803
 -6.807583338691896e+01 -5.621950234892831e+00;
2804
 -6.794598027802273e+01 -5.638296320392129e+00;
2805
 -6.803052307380786e+01 -5.627661823046652e+00;
2806
 -6.809704892306324e+01 -5.619362145912236e+00;
2807
 -6.797847074362888e+01 -5.634244023870163e+00;
2808
 -6.805016637247864e+01 -5.625196528761594e+00;
2809
 -6.811585604563405e+01 -5.617001570696433e+00;
2810
 -6.800122929610770e+01 -5.631363056849737e+00;
2811
 -6.806724482018525e+01 -5.623077976038483e+00;
2812
 -1.501476296904740e+01 -3.400618531087963e+02;
2813
 -6.802188236939952e+01 -5.628746236115893e+00;
2814
 -1.496271036679376e+01 -3.400874123200639e+02;
2815
 -1.503227914546513e+01 -3.400532360590367e+02;
2816
 -6.026678002483773e+01 -5.456935606289801e+01;
2817
 -6.810052328854024e+01 -5.618876265873990e+00;
2818
 -1.505009733991287e+01 -3.400444702366855e+02;
2819
 -1.493468478293885e+01 -3.401012684183360e+02;
2820
 -6.811890561615756e+01 -5.616568999162766e+00;
2821
 -1.507047998306382e+01 -3.400344659877585e+02;
2822
 -6.807750108591708e+01 -5.621815624803500e+00;
2823
 -1.502186355546174e+01 -3.400583600117313e+02;
2824
 -1.509315297302580e+01 -3.400233112322252e+02;
2825
 -1.556983231138834e+01 -3.363636202049839e+02;
2826
 -1.504591334505325e+01 -3.400465286086057e+02;
2827
 -1.511743266370663e+01 -3.400113422336813e+02;
2828
 -6.812547020455472e+01 -5.615769926257934e+00;
2829
 -1.507300289252183e+01 -3.400332013528263e+02;
2830
 -1.514095505657450e+01 -3.399997688939362e+02;
2831
 -1.504058037137893e+01 -3.400491288004332e+02;
2832
 -1.509979314577504e+01 -3.400200443109308e+02;
2833
 -1.516004001834611e+01 -3.399903551622994e+02;
2834
 -1.506714638876249e+01 -3.400360826179814e+02;
2835
 -1.511560844055960e+01 -3.400122631797191e+02;
2836
 -1.517255826348121e+01 -3.399842425579018e+02;
2837
 -1.507246346518230e+01 -3.400334667395611e+02;
2838
 -1.512136382043467e+01 -3.400093846571614e+02;
2839
 -6.829107633254173e+01 -5.594980866291054e+00;
2840
 -1.507234882594320e+01 -3.400335465584360e+02;
2841
 -1.512902609488279e+01 -3.400056381495563e+02;
2842
 -1.507957357527302e+01 -3.400299921213184e+02;
2843
  1.634943806687903e-14  1.634943806687903e-14;
2844
 -1.277045383905668e-17  2.426386229420770e-16;
2845
 -6.782681819806439e+01 -5.653382946731203e+00;
2846
  6.378260007963879e-16  1.403217201752053e-15;
2847
  1.282823929109264e-14  1.319803942970267e-14;
2848
 -6.784604366752123e+01 -5.650836095521631e+00;
2849
  1.643771234782441e-14  3.287542469564883e-14;
2850
 -1.304199089515513e-14 -1.268502535745783e-14;
2851
 -6.786663597116815e+01 -5.648277282117109e+00;
2852
 -1.569077665472259e-14  1.671131497372894e-14;
2853
 -6.778822412999870e+01 -5.658140138127446e+00;
2854
 -6.789166845982213e+01 -5.645111441620632e+00;
2855
  1.607557403654859e-14  1.645832579932355e-14;
2856
 -6.781880993801754e+01 -5.654228092057656e+00;
2857
 -6.792395125288294e+01 -5.641110426832102e+00;
2858
  1.560128127750821e-14  1.560128127750821e-14;
2859
 -6.785417576151909e+01 -5.649790861629440e+00;
2860
 -6.796076615342815e+01 -5.636465781384076e+00;
2861
 -6.779101737438633e+01 -5.657690064937007e+00;
2862
 -6.789079725181324e+01 -5.645245664050335e+00;
2863
 -6.799763342947645e+01 -5.631839226039371e+00;
2864
 -6.782619745501195e+01 -5.653326131991708e+00;
2865
 -6.792522840494500e+01 -5.640925261372332e+00;
2866
 -6.802012321850532e+01 -5.628991911286457e+00;
2867
 -6.785963483005844e+01 -5.649130818135350e+00;
2868
 -6.795741490650173e+01 -5.636861420344439e+00;
2869
 -6.804228198533988e+01 -5.626260757087302e+00;
2870
 -6.789173747732211e+01 -5.645052968961590e+00;
2871
 -6.798928988047804e+01 -5.632836490889382e+00;
2872
 -1.493979704591987e+01 -3.400987303011862e+02;
2873
 -6.792463489008982e+01 -5.641024642403221e+00;
2874
 -6.801346239765218e+01 -5.629827836890466e+00;
2875
 -1.496240271416028e+01 -3.400876339235168e+02;
2876
 -6.795863563848263e+01 -5.636683328399132e+00;
2877
 -1.491405799529725e+01 -3.401113910355397e+02;
2878
 -6.810414437743066e+01 -5.618446667812196e+00;
2879
 -6.798964258856120e+01 -5.632817131499190e+00;
2880
 -1.493391427460524e+01 -3.401016005801902e+02;
2881
 -6.812255601190039e+01 -5.616110810784698e+00;
2882
 -1.488261071975895e+01 -3.401268824446573e+02;
2883
 -6.807368211591712e+01 -5.622245139983883e+00;
2884
 -1.502173139225842e+01 -3.400584016087351e+02;
2885
 -6.802926967551622e+01 -5.627844028179574e+00;
2886
 -1.496950446725973e+01 -3.400841170612737e+02;
2887
 -1.503889583600460e+01 -3.400500043609213e+02;
2888
 -6.804620392368459e+01 -5.625718735436389e+00;
2889
 -6.810699501043456e+01 -5.618063971478356e+00;
2890
 -1.505722231648665e+01 -3.400409884039580e+02;
2891
 -1.494265213329471e+01 -3.400973258921751e+02;
2892
 -1.500791681520034e+01 -3.400652444301217e+02;
2893
 -1.507865879256733e+01 -3.400303953412146e+02;
2894
 -1.496504518578288e+01 -3.400863340625996e+02;
2895
 -1.503075724837525e+01 -3.400540081810098e+02;
2896
 -1.510184559792373e+01 -3.400189876764553e+02;
2897
 -6.810917572913395e+01 -5.617765358434922e+00;
2898
 -1.505492500824161e+01 -3.400420951875371e+02;
2899
 -1.512407252537816e+01 -3.400080753655229e+02;
2900
 -6.813453075940923e+01 -5.614582855274577e+00;
2901
 -1.507794765842664e+01 -3.400307686251475e+02;
2902
 -1.514249861821354e+01 -3.399990094284366e+02;
2903
 -1.504239891795957e+01 -3.400482809890599e+02;
2904
 -1.509670810468754e+01 -3.400215621342488e+02;
2905
 -1.515810040057426e+01 -3.399913095167649e+02;
2906
 -1.505831391602647e+01 -3.400404279511559e+02;
2907
 -1.510967575779597e+01 -3.400151820801588e+02;
2908
 -1.682894494280701e+01 -3.295526899618855e+02;
2909
 -1.506538434145375e+01 -3.400369260815258e+02;
2910
 -1.512075782134123e+01 -3.400096828139447e+02;
2911
 -1.507352718374973e+01 -3.400329434125622e+02;
2912
  0.000000000000000e+00  1.545100034128865e-14;
2913
  1.142309795362974e-16  1.142309795362974e-16;
2914
 -6.783401984410172e+01 -5.652532952472006e+00;
2915
  2.550100655340729e-16  3.162124812622504e-14;
2916
 -1.304851464254773e-14 -1.304851464254773e-14;
2917
 -6.785383770414415e+01 -5.649883092496506e+00;
2918
  0.000000000000000e+00  3.824243622093279e-16;
2919
  1.304823995741434e-14  2.609647991482868e-14;
2920
 -6.787525572699113e+01 -5.647195736888198e+00;
2921
 -1.567715139245430e-14  2.549130307716147e-16;
2922
 -6.779799287182257e+01 -5.656864743725798e+00;
2923
 -6.790165097524184e+01 -5.643858861518847e+00;
2924
  1.557784793917947e-14  1.659104130107732e-14;
2925
 -6.783029493096601e+01 -5.652787133316385e+00;
2926
 -6.793549153086749e+01 -5.639587598846770e+00;
2927
 -2.536035187020378e-16 -2.536035187020378e-16;
2928
 -6.786711178137443e+01 -5.648167767093280e+00;
2929
 -6.797346803060272e+01 -5.634846918577630e+00;
2930
 -6.780468862636890e+01 -5.656024691972426e+00;
2931
 -6.790397745957007e+01 -5.643566937741104e+00;
2932
 -6.800384136810905e+01 -5.631060154294423e+00;
2933
 -6.783911836041081e+01 -5.651729906064258e+00;
2934
 -6.793732875846268e+01 -5.639381960213017e+00;
2935
 -6.802914154128533e+01 -5.627860109167380e+00;
2936
 -6.787137784874839e+01 -5.647657399994589e+00;
2937
 -6.796872889155048e+01 -5.635441636520262e+00;
2938
 -6.804942842904656e+01 -5.625314045707138e+00;
2939
 -6.790328447753319e+01 -5.643653892193321e+00;
2940
 -6.799888546135209e+01 -5.631632295422807e+00;
2941
 -6.807027474787108e+01 -5.622697695317397e+00;
2942
 -6.793692033230569e+01 -5.639458116357192e+00;
2943
 -6.802345428361845e+01 -5.628598765663363e+00;
2944
 -1.497075216307818e+01 -3.400835033010259e+02;
2945
 -6.797026691393896e+01 -5.635223725491458e+00;
2946
 -6.804508298934603e+01 -5.625834515570355e+00;
2947
 -6.811124780422624e+01 -5.617555080124656e+00;
2948
 -6.799818399853292e+01 -5.631745228995105e+00;
2949
 -1.494101565355463e+01 -3.400981308723240e+02;
2950
 -1.501109457215704e+01 -3.400636577455702e+02;
2951
 -6.801669755842565e+01 -5.629396926282017e+00;
2952
 -2.940298897093238e+01 -2.491448522943925e+02;
2953
 -1.502875268898408e+01 -3.400549709079229e+02;
2954
 -1.491185922430193e+01 -3.401124725659135e+02;
2955
 -6.429296998139044e+01 -2.956726543907414e+01;
2956
 -1.504563718579394e+01 -3.400466410488386e+02;
2957
 -3.074778391235905e+01 -2.405082575389954e+02;
2958
 -6.811376735287543e+01 -5.617238836425713e+00;
2959
 -1.506488926651398e+01 -3.400371930645318e+02;
2960
 -6.807259737901998e+01 -5.622406184988048e+00;
2961
 -1.501613416233629e+01 -3.400611785597284e+02;
2962
 -1.508683848526864e+01 -3.400264413116760e+02;
2963
 -1.497405314771173e+01 -3.400818794926175e+02;
2964
 -1.503942878317041e+01 -3.400497187536013e+02;
2965
 -1.510882489645399e+01 -3.400156007050903e+02;
2966
 -6.811763805680107e+01 -5.616777898354908e+00;
2967
 -1.506165547582408e+01 -3.400387840015202e+02;
2968
 -1.512789923614960e+01 -3.400061925789892e+02;
2969
 -1.502192176103266e+01 -3.400583079573839e+02;
2970
 -1.508005314313067e+01 -3.400297327634301e+02;
2971
 -1.514393783957206e+01 -3.399983012992641e+02;
2972
 -1.504084128071456e+01 -3.400490238635476e+02;
2973
 -1.509574090229387e+01 -3.400220379913119e+02;
2974
 -1.515953710339386e+01 -3.399906026128914e+02;
2975
 -1.505403752338945e+01 -3.400425318010822e+02;
2976
 -1.510997746569713e+01 -3.400150336393556e+02;
2977
 -1.506530474247658e+01 -3.400369652421551e+02;
2978
  0.000000000000000e+00  1.649852870413446e-14;
2979
  1.325795695944612e-14  1.325795695944612e-14;
2980
 -6.784116677418251e+01 -5.651668974888267e+00;
2981
  3.822420122229488e-16  1.516226648484364e-14;
2982
  1.146941660990103e-16  3.823138869967011e-16;
2983
 -6.786176815053919e+01 -5.648838241102809e+00;
2984
 -1.503493334616279e-14 -1.567200679303409e-14;
2985
 -6.778158308695052e+01 -5.658898577356437e+00;
2986
 -6.788415567930390e+01 -5.646054114128846e+00;
2987
  1.562117936790762e-14  1.562117936790762e-14;
2988
 -6.780797782146607e+01 -5.655612025314361e+00;
2989
 -6.791176457508817e+01 -5.642614720753914e+00;
2990
 -1.605969280617591e-14 -1.605969280617591e-14;
2991
 -6.784182126155530e+01 -5.651365872269282e+00;
2992
 -6.794718580654087e+01 -5.638145043041449e+00;
2993
 -6.778099654497237e+01 -5.658997073204531e+00;
2994
 -6.787980320737418e+01 -5.646625146222677e+00;
2995
 -6.798589076331555e+01 -5.633287961902925e+00;
2996
 -6.781786749815444e+01 -5.654346333720627e+00;
2997
 -6.791637080867515e+01 -5.641986916916939e+00;
2998
 -6.801280078245732e+01 -5.629885965786787e+00;
2999
 -6.785124004110182e+01 -5.650159205109200e+00;
3000
 -6.794894951834236e+01 -5.637923720839134e+00;
3001
 -1.491329370484748e+01 -3.401117669746826e+02;
3002
 -6.788273063596503e+01 -5.646208014897178e+00;
3003
 -6.798067750034605e+01 -5.633942189370797e+00;
3004
 -1.493447834782724e+01 -3.401013465395159e+02;
3005
 -6.791535216292898e+01 -5.642114737433865e+00;
3006
 -1.488061152026897e+01 -3.401278423467439e+02;
3007
 -6.807856541033820e+01 -5.621682041580095e+00;
3008
 -6.794913765921703e+01 -5.637875207077040e+00;
3009
 -5.375782515599900e+01 -9.550464353545252e+01;
3010
 -6.809905180789271e+01 -5.619060956862556e+00;
3011
 -6.798153527045797e+01 -5.633859449230055e+00;
3012
 -4.290182514176992e+01 -1.639789977806259e+02;
3013
 -6.811835179330872e+01 -5.616663412830186e+00;
3014
 -6.800405845573616e+01 -5.631008007626162e+00;
3015
 -6.807023020947291e+01 -5.622678384361942e+00;
3016
 -1.501845135974311e+01 -3.400600620482037e+02;
3017
 -6.802487112417977e+01 -5.628346245012444e+00;
3018
 -1.496598500358839e+01 -3.400858249110359e+02;
3019
 -1.503548941974610e+01 -3.400516567500446e+02;
3020
 -6.804220593101040e+01 -5.626195596921778e+00;
3021
 -6.810273805730715e+01 -5.618623181224049e+00;
3022
 -1.505269245573858e+01 -3.400431701100748e+02;
3023
 -1.493703426497385e+01 -3.401000893001239e+02;
3024
 -6.812102545437973e+01 -5.616302922757537e+00;
3025
 -1.507267813125496e+01 -3.400333377096275e+02;
3026
 -6.808042001482895e+01 -5.621399468737245e+00;
3027
 -1.502433473677049e+01 -3.400571443194215e+02;
3028
 -1.509343975278592e+01 -3.400231467208021e+02;
3029
 -6.810268704372069e+01 -5.618629584156666e+00;
3030
 -1.504640274935291e+01 -3.400463112597963e+02;
3031
 -1.511306584355446e+01 -3.400135141489160e+02;
3032
 -6.812397225431451e+01 -5.615957946272887e+00;
3033
 -1.506556046502197e+01 -3.400368862713569e+02;
3034
 -1.513065091183309e+01 -3.400048621338599e+02;
3035
 -1.502411924428465e+01 -3.400572503306353e+02;
3036
 -1.508169120230428e+01 -3.400289502835822e+02;
3037
 -1.514636703818683e+01 -3.399970826594542e+02;
3038
 -1.504005475318343e+01 -3.400494342223042e+02;
3039
 -1.509741578128438e+01 -3.400211905436412e+02;
3040
 -1.505446755476401e+01 -3.400422968204069e+02;
3041
  1.593351312853192e-14  3.224943057214861e-14;
3042
  1.026663022095170e-16  1.324395298502769e-14;
3043
 -6.784848316465728e+01 -5.650763306375015e+00;
3044
  6.371318040014371e-16  6.371318040014371e-16;
3045
 -1.300779716716975e-14 -1.300779716716975e-14;
3046
 -6.786994801295336e+01 -5.647836805412100e+00;
3047
 -3.792791401379803e-16  2.528527600919869e-16;
3048
 -6.779048636026914e+01 -5.657756685128303e+00;
3049
 -6.789319696243453e+01 -5.644944556510514e+00;
3050
  2.565419944615926e-16  3.219602030492987e-14;
3051
 -6.781809354766169e+01 -5.654367789885622e+00;
3052
 -6.792252280048801e+01 -5.641264766845165e+00;
3053
  2.560592396675640e-16  6.401480991689099e-16;
3054
 -6.785352539844486e+01 -5.649872462547759e+00;
3055
 -6.795947534611751e+01 -5.636577954725299e+00;
3056
 -6.779369927023329e+01 -5.657378507195156e+00;
3057
 -6.789223114553583e+01 -5.645040837761886e+00;
3058
 -6.799822901022925e+01 -5.631739580231162e+00;
3059
 -6.783025345586630e+01 -5.652817245160137e+00;
3060
 -6.792833755111634e+01 -5.640485306537123e+00;
3061
 -6.802236311637553e+01 -5.628685902461990e+00;
3062
 -6.786288517345355e+01 -5.648722994049806e+00;
3063
 -6.796074646023570e+01 -5.636443348472183e+00;
3064
 -6.804458098371667e+01 -5.625922420899250e+00;
3065
 -6.789467254366308e+01 -5.644759405110706e+00;
3066
 -6.799337737240386e+01 -5.632323533923002e+00;
3067
 -6.806536218619198e+01 -5.623339162232450e+00;
3068
 -6.792815258352961e+01 -5.640508516810422e+00;
3069
 -6.801701559927206e+01 -5.629357012515599e+00;
3070
 -1.496559562662057e+01 -3.400860164503351e+02;
3071
 -6.796137050556821e+01 -5.636340133467413e+00;
3072
 -5.498194746394844e+01 -8.784433307836269e+01;
3073
 -6.810638033592640e+01 -5.618166022117605e+00;
3074
 -6.799284344866960e+01 -5.632390538477845e+00;
3075
 -1.493655361129753e+01 -3.401003491536551e+02;
3076
 -1.500692993285504e+01 -3.400657064944715e+02;
3077
 -6.801226326069830e+01 -5.629978326400956e+00;
3078
 -6.807714978714712e+01 -5.621859716223110e+00;
3079
 -1.502511511569450e+01 -3.400567604129072e+02;
3080
 -1.490830327942408e+01 -3.401142450794935e+02;
3081
 -1.497270431897233e+01 -3.400825664260813e+02;
3082
 -1.504177288673453e+01 -3.400485655514485e+02;
3083
 -6.804842306696035e+01 -5.625440223308916e+00;
3084
 -6.810942603816775e+01 -5.617783740227702e+00;
3085
 -1.505978030882914e+01 -3.400397065296623e+02;
3086
 -6.806704906677302e+01 -5.623052742642336e+00;
3087
 -1.501003609464325e+01 -3.400641784530640e+02;
3088
 -1.507878855478574e+01 -3.400303549191495e+02;
3089
 -1.496727608659630e+01 -3.400852366545261e+02;
3090
 -1.503091760054767e+01 -3.400539058753020e+02;
3091
 -1.509731016115780e+01 -3.400212659262267e+02;
3092
 -6.810921490200043e+01 -5.617785341357957e+00;
3093
 -1.505063691277690e+01 -3.400442047858470e+02;
3094
 -1.511606490294974e+01 -3.400119917625680e+02;
3095
 -6.812755983060511e+01 -5.615482740327647e+00;
3096
 -1.506832217687494e+01 -3.400355275779354e+02;
3097
 -1.513320345628012e+01 -3.400035594084073e+02;
3098
 -1.502560875299745e+01 -3.400565175684088e+02;
3099
 -1.508415604874524e+01 -3.400277376160896e+02;
3100
 -1.504160263761543e+01 -3.400486727268211e+02;
3101
  1.616838859125781e-14  1.578342695813262e-14;
3102
 -2.565618357836075e-17  2.600254205666862e-14;
3103
 -6.785557352513555e+01 -5.649665299197331e+00;
3104
 -1.641860451657509e-14  1.641860451657509e-14;
3105
  1.312444817729045e-14  2.624889635458089e-14;
3106
 -6.787820853199034e+01 -5.646800330278570e+00;
3107
 -3.815969481200710e-16  1.017591861653523e-15;
3108
 -6.779952187766445e+01 -5.656697823927258e+00;
3109
 -6.790298611113306e+01 -5.643716236729221e+00;
3110
  1.629662675950524e-14  1.578735717327070e-14;
3111
 -6.782885776658351e+01 -5.652992355874509e+00;
3112
 -6.793451174524338e+01 -5.639710546469277e+00;
3113
  0.000000000000000e+00  1.702123025282142e-14;
3114
 -6.786580834938806e+01 -5.648356218385707e+00;
3115
 -6.797212925041357e+01 -5.635014923458469e+00;
3116
 -6.780611830956114e+01 -5.655845322293565e+00;
3117
 -6.790456487004317e+01 -5.643518136123770e+00;
3118
 -6.800395380698058e+01 -5.631021140687491e+00;
3119
 -6.784223102297885e+01 -5.651289552627264e+00;
3120
 -6.794005403594734e+01 -5.639015074157588e+00;
3121
 -6.803096592603794e+01 -5.627631146583797e+00;
3122
 -6.787471922067284e+01 -5.647238147410958e+00;
3123
 -6.797266623959850e+01 -5.634972440049677e+00;
3124
 -6.805185733977305e+01 -5.625034106863567e+00;
3125
 -6.790736509501524e+01 -5.643141860550062e+00;
3126
 -6.800106897130503e+01 -5.631383176986334e+00;
3127
 -6.807327575601370e+01 -5.622321042616640e+00;
3128
 -6.794127070616067e+01 -5.638862399994638e+00;
3129
 -6.802708146858055e+01 -5.628118650170194e+00;
3130
 -2.159760319489123e+01 -2.983760581611451e+02;
3131
 -6.797342683401665e+01 -5.634876992232744e+00;
3132
 -6.804728264034785e+01 -5.625583351916192e+00;
3133
 -6.811356590376366e+01 -5.617289021143724e+00;
3134
 -6.799939373769716e+01 -5.631568508929420e+00;
3135
 -6.806631995457722e+01 -5.623218954933007e+00;
3136
 -1.501355950606030e+01 -3.400624685636637e+02;
3137
 -6.802119127482761e+01 -5.628857870668653e+00;
3138
 -1.496219995379401e+01 -3.400877336633972e+02;
3139
 -1.503075898438245e+01 -3.400539604869111e+02;
3140
 -1.491505350604125e+01 -3.401109247865798e+02;
3141
 -6.809911820403607e+01 -5.619052623244979e+00;
3142
 -1.504786564897270e+01 -3.400455681480786e+02;
3143
 -1.493226102013812e+01 -3.401024606484816e+02;
3144
 -6.811614440280428e+01 -5.616965377065257e+00;
3145
 -1.506532781345142e+01 -3.400369773108761e+02;
3146
 -6.807443859826192e+01 -5.622175095337531e+00;
3147
 -1.501615593435087e+01 -3.400611678491270e+02;
3148
 -1.508216898666443e+01 -3.400287152211352e+02;
3149
 -1.497383514050239e+01 -3.400819867341430e+02;
3150
 -1.503476821439418e+01 -3.400520115508455e+02;
3151
 -1.509999779059858e+01 -3.400199202085434e+02;
3152
 -6.811310759072495e+01 -5.617296747648467e+00;
3153
 -1.505360750600183e+01 -3.400427199360310e+02;
3154
 -1.511868946560353e+01 -3.400107004610985e+02;
3155
 -1.501177653704394e+01 -3.400632988387758e+02;
3156
 -1.507085010161316e+01 -3.400342604789161e+02;
3157
 -1.502791255134069e+01 -3.400554076346659e+02;
3158
 -6.784135206543515e+01 -5.651662988215620e+00;
3159
  1.603357378442948e-14  1.654664814553122e-14;
3160
 -1.303904793585502e-14 -1.303904793585502e-14;
3161
 -6.786314982865231e+01 -5.648689787376665e+00;
3162
  5.126218687305240e-16  1.576312246346361e-14;
3163
 -6.778453330296952e+01 -5.658528451966779e+00;
3164
 -6.788694170708594e+01 -5.645679629633304e+00;
3165
  1.597640027070768e-14  1.661545628153599e-14;
3166
 -6.780930874819231e+01 -5.655494862641705e+00;
3167
 -6.791399225382685e+01 -5.642310285280182e+00;
3168
  2.544462905773720e-16  1.641178574224050e-14;
3169
 -6.784084047539950e+01 -5.651488929033452e+00;
3170
 -6.794703596408320e+01 -5.638188750859469e+00;
3171
 -6.777970022267581e+01 -5.659134795201756e+00;
3172
 -6.787846788397113e+01 -5.646767788316300e+00;
3173
 -6.798461189261464e+01 -5.633473355027918e+00;
3174
 -6.781845958453357e+01 -5.654272048652037e+00;
3175
 -6.791652824284604e+01 -5.641992067524630e+00;
3176
 -6.801260577742345e+01 -5.629910438553106e+00;
3177
 -6.785396257572869e+01 -5.649842517466923e+00;
3178
 -6.795134823324918e+01 -5.637597808876991e+00;
3179
 -1.491440003982170e+01 -3.401111993672110e+02;
3180
 -6.788666923502220e+01 -5.645738724707893e+00;
3181
 -6.798453782880205e+01 -5.633432842546704e+00;
3182
 -1.493668565280481e+01 -3.401002373577408e+02;
3183
 -6.792029164288965e+01 -5.641544736635574e+00;
3184
 -1.488449789295025e+01 -3.401259542172215e+02;
3185
 -1.497272328589673e+01 -3.400067867471749e+02;
3186
 -6.795391616178699e+01 -5.637275566259307e+00;
3187
 -1.491105769212611e+01 -3.401128668224121e+02;
3188
 -6.810154725133157e+01 -5.618772644232672e+00;
3189
 -6.798511715824614e+01 -5.633409947642485e+00;
3190
 -1.493148551092655e+01 -3.401028186918055e+02;
3191
 -6.811991008699599e+01 -5.616492719568362e+00;
3192
 -1.488143081692889e+01 -3.401274393677439e+02;
3193
 -6.807255177219074e+01 -5.622411909049545e+00;
3194
 -1.501890389868398e+01 -3.400598160035053e+02;
3195
 -6.802875208217586e+01 -5.627908986699107e+00;
3196
 -1.496799254023834e+01 -3.400848842213439e+02;
3197
 -1.503595918090852e+01 -3.400514490682573e+02;
3198
 -6.804478635781625e+01 -5.625921547325338e+00;
3199
 -6.810485371128532e+01 -5.618357636072189e+00;
3200
 -1.505282862404250e+01 -3.400431499586672e+02;
3201
 -1.493950978340279e+01 -3.400988481818362e+02;
3202
 -6.812136640851634e+01 -5.616309925735488e+00;
3203
 -1.506856827691387e+01 -3.400353830836702e+02;
3204
 -6.808019730012030e+01 -5.621452322308046e+00;
3205
 -1.501953031334138e+01 -3.400595078416762e+02;
3206
 -1.508446813699045e+01 -3.400275372360988e+02;
3207
 -5.138398364032096e+01 -1.108549268570436e+02;
3208
 -1.503743541489241e+01 -3.400506759859517e+02;
3209
 -1.510288364448749e+01 -3.400185472145296e+02;
3210
 -6.811579788196120e+01 -5.616983971685688e+00;
3211
 -1.505620613134061e+01 -3.400414649159766e+02;
3212
 -1.501419093764692e+01 -3.400621345153468e+02;
3213
 -6.782663522951009e+01 -5.653462430517886e+00;
3214
  1.318180175946417e-14  3.954540527839251e-14;
3215
 -6.784825646021588e+01 -5.650558459589861e+00;
3216
  0.000000000000000e+00  0.000000000000000e+00;
3217
 -1.302310973213740e-14  2.580267705786672e-14;
3218
 -6.787101050948624e+01 -5.647678584111907e+00;
3219
  1.590163397658602e-14  1.641048626383677e-14;
3220
 -6.779326077341111e+01 -5.657458429624596e+00;
3221
 -6.789645976698125e+01 -5.644535149233674e+00;
3222
 -2.555229289005219e-16  3.194036611256524e-14;
3223
 -6.782031747080161e+01 -5.654088768482220e+00;
3224
 -6.792547136206313e+01 -5.640869869187467e+00;
3225
  8.901593757942216e-16  8.901593757942216e-16;
3226
 -6.785337907077582e+01 -5.649890822207816e+00;
3227
 -6.795978100829815e+01 -5.636564501848867e+00;
3228
 -6.779235528735357e+01 -5.657572030908476e+00;
3229
 -6.789095946212477e+01 -5.645175497852016e+00;
3230
 -6.799706474480092e+01 -5.631910593389431e+00;
3231
 -6.783041597526352e+01 -5.652796854597661e+00;
3232
 -6.792808896920242e+01 -5.640566309757212e+00;
3233
 -6.802192794302036e+01 -5.628765419002249e+00;
3234
 -6.786528946362033e+01 -5.648396416802205e+00;
3235
 -6.796244550826556e+01 -5.636255040767411e+00;
3236
 -6.804558609338714e+01 -5.625796275667369e+00;
3237
 -6.789854025356890e+01 -5.644224282614676e+00;
3238
 -6.799671713207748e+01 -5.631879507781383e+00;
3239
 -6.806728977932394e+01 -5.623122135289718e+00;
3240
 -6.793291959921810e+01 -5.639935240388816e+00;
3241
 -6.802016905989818e+01 -5.629011060633350e+00;
3242
 -1.496789363668701e+01 -3.400849094515142e+02;
3243
 -6.796576358275361e+01 -5.635813753187986e+00;
3244
 -6.804255390941582e+01 -5.626151924437343e+00;
3245
 -6.810802169687318e+01 -5.617960006595740e+00;
3246
 -6.799655357659887e+01 -5.631924936344888e+00;
3247
 -1.493822761342762e+01 -3.400995022982198e+02;
3248
 -1.500653897857078e+01 -3.400658988196168e+02;
3249
 -6.801526374854944e+01 -5.629576867574015e+00;
3250
 -6.807758098623903e+01 -5.621780695853318e+00;
3251
 -1.502382293316045e+01 -3.400573961004139e+02;
3252
 -1.491035275307463e+01 -3.401132369899801e+02;
3253
 -1.660820113956000e+01 -3.297877354520189e+02;
3254
 -1.504051636750266e+01 -3.400491837074464e+02;
3255
 -6.805055946087317e+01 -5.625172095754085e+00;
3256
 -6.810954481000493e+01 -5.617768832524535e+00;
3257
 -1.505626857508716e+01 -3.400414576149266e+02;
3258
 -6.806725069750262e+01 -5.623077238388361e+00;
3259
 -3.619370622869591e+01 -2.066611269986355e+02;
3260
 -1.507101423368059e+01 -3.400341797296263e+02;
3261
 -1.496217013881917e+01 -3.400877249076837e+02;
3262
 -1.502180928912168e+01 -3.400583867078978e+02;
3263
 -1.508759222052180e+01 -3.400260470648007e+02;
3264
 -6.810033984863149e+01 -5.618899290117847e+00;
3265
 -1.504030581448889e+01 -3.400493107105680e+02;
3266
 -6.811817888117633e+01 -5.616710015696976e+00;
3267
 -6.781207225288458e+01 -5.655237906526624e+00;
3268
  1.291336288669643e-14  3.935562134982259e-14;
3269
 -6.783350472581164e+01 -5.652409321930921e+00;
3270
  1.557489297953007e-14  1.596104735092338e-14;
3271
 -1.301148981080708e-14 -1.301148981080708e-14;
3272
 -6.785560681460346e+01 -5.649636214963685e+00;
3273
 -2.563423386949308e-16  1.025369354779723e-15;
3274
 -6.777732474539893e+01 -5.659457716365309e+00;
3275
 -6.787924837436286e+01 -5.646644950213573e+00;
3276
  0.000000000000000e+00  3.268160711968995e-14;
3277
 -6.780278549605751e+01 -5.656288369004169e+00;
3278
 -6.790632892239707e+01 -5.643271878700516e+00;
3279
 -2.554034156749440e-16 -2.554034156749440e-16;
3280
 -6.783181116275262e+01 -5.652571990167576e+00;
3281
 -6.793737931810314e+01 -5.639350710828674e+00;
3282
 -6.311314468038006e-16  1.552583359137349e-14;
3283
 -6.786612201600195e+01 -5.648291954927938e+00;
3284
 -6.797286912723511e+01 -5.634922075600874e+00;
3285
 -6.780484194479843e+01 -5.656005456395451e+00;
3286
 -6.790340867018814e+01 -5.643638308654595e+00;
3287
 -6.800355363570976e+01 -5.631071360803158e+00;
3288
 -6.784198713088547e+01 -5.651345061020328e+00;
3289
 -6.793952968386101e+01 -5.639130682239893e+00;
3290
 -6.803118290154917e+01 -5.627628817928365e+00;
3291
 -6.787642845741969e+01 -5.647023683268777e+00;
3292
 -6.797442738947501e+01 -5.634701623660017e+00;
3293
 -1.493064189129251e+01 -3.401032570833872e+02;
3294
 -6.791069797957547e+01 -5.642723651505372e+00;
3295
 -6.800327547367149e+01 -5.631081366234469e+00;
3296
 -6.807541727911337e+01 -5.622027361057634e+00;
3297
 -6.794511713299421e+01 -5.638379728448631e+00;
3298
 -6.802955655302145e+01 -5.627808024724486e+00;
3299
 -4.802371466923051e+01 -1.319983006869411e+02;
3300
 -6.797740974283984e+01 -5.634327363519294e+00;
3301
 -6.804893988563181e+01 -5.625350458646546e+00;
3302
 -6.811337660276735e+01 -5.617287881895511e+00;
3303
 -6.800111879489306e+01 -5.631376924321269e+00;
3304
 -6.806596331820643e+01 -5.623213913499833e+00;
3305
 -1.501163778889730e+01 -3.400634139358045e+02;
3306
 -6.802173836477358e+01 -5.628764308661053e+00;
3307
 -1.496096034232205e+01 -3.400883200182600e+02;
3308
 -1.502857273755204e+01 -3.400550360151677e+02;
3309
 -3.302075733759681e+01 -2.261146708700006e+02;
3310
 -6.809794802468558e+01 -5.619224396589361e+00;
3311
 -1.504429057846998e+01 -3.400473035276415e+02;
3312
 -1.493233835131037e+01 -3.401024226099330e+02;
3313
 -6.811278689434663e+01 -5.617361899805554e+00;
3314
 -1.505933093401814e+01 -3.400399276087994e+02;
3315
 -6.807030321382264e+01 -5.622669221701149e+00;
3316
 -1.500828551599016e+01 -3.400650162106311e+02;
3317
 -1.507429846498617e+01 -3.400325873768783e+02;
3318
 -1.496442322244455e+01 -3.400865931697398e+02;
3319
 -1.502493317597463e+01 -3.400568499179772e+02;
3320
 -6.810301143190502e+01 -5.618563968898818e+00;
3321
  2.564466001755010e-17  3.914657351679022e-14;
3322
 -6.781885323072936e+01 -5.654341821521997e+00;
3323
  0.000000000000000e+00  1.602811974862195e-14;
3324
 -1.408721148785912e-16  2.585643635817052e-14;
3325
 -6.784059932500453e+01 -5.651544093426287e+00;
3326
  5.122302836951807e-16  1.549496608177922e-14;
3327
 -2.604516729501489e-14 -1.302258364750744e-14;
3328
 -6.786305172828807e+01 -5.648677189009624e+00;
3329
  1.621249688409817e-14  1.621249688409817e-14;
3330
 -6.778556576966298e+01 -5.658423831212766e+00;
3331
 -6.788766107705128e+01 -5.645589366194334e+00;
3332
  1.524731975187807e-14  1.524731975187807e-14;
3333
 -6.781266118220874e+01 -5.654999532967836e+00;
3334
 -6.791666613945756e+01 -5.641924953010915e+00;
3335
  1.607854404736515e-14  1.607854404736515e-14;
3336
 -6.784371283284061e+01 -5.651103633239497e+00;
3337
 -6.794992393099264e+01 -5.637851253978181e+00;
3338
 -6.778000965699979e+01 -5.659095975786530e+00;
3339
 -6.787919974229899e+01 -5.646725772313013e+00;
3340
 -6.798613705543356e+01 -5.633281957327340e+00;
3341
 -6.781729062194491e+01 -5.654468527735877e+00;
3342
 -6.791596448468549e+01 -5.642062808399071e+00;
3343
 -6.801289750334396e+01 -5.629898730133984e+00;
3344
 -6.785345110281574e+01 -5.649881784374712e+00;
3345
 -6.795163772918755e+01 -5.637611289840176e+00;
3346
 -1.491576955577819e+01 -3.401105491519535e+02;
3347
 -6.788843024839386e+01 -5.645467947370777e+00;
3348
 -6.798752021900617e+01 -5.633083475788062e+00;
3349
 -1.493950055543954e+01 -3.400988995663344e+02;
3350
 -6.792342107379238e+01 -5.641102238883984e+00;
3351
 -6.801297778570212e+01 -5.629913557476939e+00;
3352
 -1.496145147377501e+01 -3.400880784260667e+02;
3353
 -6.795728085655836e+01 -5.636853337734385e+00;
3354
 -1.491257697640073e+01 -3.401120960952782e+02;
3355
 -6.810130904731514e+01 -5.618827442137024e+00;
3356
 -6.798772604902004e+01 -5.633032742025549e+00;
3357
 -1.493128246117973e+01 -3.401029185701339e+02;
3358
 -6.811841498775722e+01 -5.616680380288700e+00;
3359
 -1.488096472418356e+01 -3.401276686200276e+02;
3360
 -6.807074015538288e+01 -5.622664183605586e+00;
3361
 -1.501689938785441e+01 -3.400607786913833e+02;
3362
 -6.802723730617259e+01 -5.628074190232945e+00;
3363
 -1.496579681330110e+01 -3.400859409060511e+02;
3364
 -1.503310329541663e+01 -3.400528306153407e+02;
3365
 -6.804363849262491e+01 -5.626065608794390e+00;
3366
 -6.810145401671264e+01 -5.618784346486594e+00;
3367
 -1.504796301743514e+01 -3.400454968268347e+02;
3368
 -1.493580699662281e+01 -3.401006695633715e+02;
3369
 -6.811568556419550e+01 -5.616973169905688e+00;
3370
 -1.506283547248664e+01 -3.400382034760362e+02;
3371
 -6.807259851243712e+01 -5.622381141905289e+00;
3372
 -1.501156617904977e+01 -3.400634491636053e+02;
3373
 -1.496753097106061e+01 -3.400850644297740e+02;
3374
 -2.564219610754024e-16  3.846329416131036e-16;
3375
  2.604462943859496e-14  3.902849244120160e-14;
3376
 -6.782574238189522e+01 -5.653582924667192e+00;
3377
 -1.511066753396672e-14 -1.511066753396672e-14;
3378
  0.000000000000000e+00  0.000000000000000e+00;
3379
 -6.784760191980398e+01 -5.650640583901995e+00;
3380
  0.000000000000000e+00  3.255399674211840e-14;
3381
  2.541254744953996e-17  1.307475566278831e-14;
3382
 -6.787054637717166e+01 -5.647786634032563e+00;
3383
  6.428127620609405e-16  2.185563391007198e-15;
3384
 -6.779398068425202e+01 -5.657368110237470e+00;
3385
 -6.789656458580858e+01 -5.644472184527328e+00;
3386
  2.541216493106322e-16  2.541216493106322e-16;
3387
 -6.782299196415860e+01 -5.653703399054296e+00;
3388
 -6.792771826562249e+01 -5.640587921537193e+00;
3389
 -1.644265484232259e-14 -1.644265484232259e-14;
3390
 -6.785626755125759e+01 -5.649553312213004e+00;
3391
 -6.796269002792444e+01 -5.636174547858110e+00;
3392
 -6.779309137901785e+01 -5.657504590912553e+00;
3393
 -6.789247706382649e+01 -5.645034887079739e+00;
3394
 -6.799877785981053e+01 -5.631645798954458e+00;
3395
 -6.782985229478659e+01 -5.652867577033880e+00;
3396
 -6.792847204581224e+01 -5.640468429732429e+00;
3397
 -6.802289548765441e+01 -5.628643992254863e+00;
3398
 -6.786558500778956e+01 -5.648384241437483e+00;
3399
 -6.796453341710624e+01 -5.635968126266608e+00;
3400
 -6.804748505564703e+01 -5.625557947913657e+00;
3401
 -6.790152585889571e+01 -5.643849654892686e+00;
3402
 -6.799880188140968e+01 -5.631642784342170e+00;
3403
 -6.806950796690730e+01 -5.622793932758912e+00;
3404
 -6.793631039560287e+01 -5.639509749063959e+00;
3405
 -6.802239059641366e+01 -5.628682453720889e+00;
3406
 -1.496797264226629e+01 -3.400848471657613e+02;
3407
 -6.796804203589426e+01 -5.635527830214845e+00;
3408
 -6.804232726101874e+01 -5.626180369591730e+00;
3409
 -6.810667411506165e+01 -5.618104248650330e+00;
3410
 -6.799624753351820e+01 -5.631988246431654e+00;
3411
 -1.493663505746085e+01 -3.401002622452955e+02;
3412
 -3.965105842948961e+01 -1.848893112331953e+02;
3413
 -6.801291844077797e+01 -5.629921005160226e+00;
3414
 -6.807568700881197e+01 -5.622043308923904e+00;
3415
 -1.502244259134157e+01 -3.400580985768913e+02;
3416
 -1.756835563777900e+01 -3.233646485531391e+02;
3417
 -1.497032853471179e+01 -3.400836882685017e+02;
3418
 -1.503768449172979e+01 -3.400505534509109e+02;
3419
 -6.804709854823598e+01 -5.625606456272439e+00;
3420
 -6.810492542259105e+01 -5.618398434950375e+00;
3421
 -1.505203206202259e+01 -3.400435418401586e+02;
3422
 -1.493890902675298e+01 -3.400991671141493e+02;
3423
 -6.811898028685876e+01 -5.616559626710342e+00;
3424
 -6.807569003572902e+01 -5.621993127546864e+00;
3425
  1.614833356397434e-14  3.229666712794868e-14;
3426
 -2.162975555719097e-16 -2.162975555719097e-16;
3427
 -6.783242558578318e+01 -5.652697664039854e+00;
3428
 -1.529848198874222e-14  1.748397941570540e-14;
3429
 -1.291600083722109e-14  2.313313582785866e-16;
3430
 -6.785454812892998e+01 -5.649769048243756e+00;
3431
  1.270518376443513e-16  1.397570214087864e-15;
3432
 -1.298327600375922e-14 -1.298327600375922e-14;
3433
 -6.787841889697823e+01 -5.646773934906282e+00;
3434
  1.593526805558292e-14  1.850547258067694e-14;
3435
 -6.780288579379231e+01 -5.656250876736737e+00;
3436
 -6.790618812040950e+01 -5.643264640535399e+00;
3437
  1.594440155523292e-14  1.632706719255851e-14;
3438
 -6.783404625431136e+01 -5.652366286490468e+00;
3439
 -6.793906584976847e+01 -5.639163981589885e+00;
3440
 -1.632152224187694e-14  3.825356775439908e-16;
3441
 -6.786901955742692e+01 -5.647978208106221e+00;
3442
 -6.797455316805227e+01 -5.634685839541502e+00;
3443
 -6.780637230826599e+01 -5.655788546306123e+00;
3444
 -6.790511479672621e+01 -5.643424226013331e+00;
3445
 -6.800400994087927e+01 -5.631014096074793e+00;
3446
 -6.784235962015885e+01 -5.651323233495924e+00;
3447
 -6.794070630140611e+01 -5.638983034142122e+00;
3448
 -6.803201234722681e+01 -5.627499819138241e+00;
3449
 -6.787851805269652e+01 -5.646761493435734e+00;
3450
 -6.797760063417864e+01 -5.634328311916639e+00;
3451
 -1.493200678053495e+01 -3.401025388610308e+02;
3452
 -6.791490125476537e+01 -5.642221128895397e+00;
3453
 -1.530867061278570e+01 -3.374274750798190e+02;
3454
 -6.807591124896317e+01 -5.621965363203609e+00;
3455
 -6.794778103691453e+01 -5.638070349654915e+00;
3456
 -6.802964162752788e+01 -5.627772445642496e+00;
3457
 -2.982648674308070e+01 -2.465674111888812e+02;
3458
 -6.797703636746698e+01 -5.634399122782951e+00;
3459
 -6.804756793934857e+01 -5.625597348820512e+00;
3460
 -6.811218603137543e+01 -5.617462217355917e+00;
3461
 -6.799947841313620e+01 -5.631582785565850e+00;
3462
 -6.806477584454953e+01 -5.623362950405465e+00;
3463
 -1.501161097441839e+01 -3.400634037063572e+02;
3464
 -6.801928278873598e+01 -5.629122287169054e+00;
3465
 -1.495958680965609e+01 -3.400889956711380e+02;
3466
 -1.502821917366429e+01 -3.400552333714165e+02;
3467
 -1.491265035611679e+01 -3.401120600013188e+02;
3468
 -4.729050437500629e+01 -1.366127895630181e+02;
3469
 -1.504231202287733e+01 -3.400482768985471e+02;
3470
 -6.805062045831019e+01 -5.625164440274813e+00;
3471
 -6.810877840224437e+01 -5.617865028511397e+00;
3472
 -5.645022604594623e+01 -7.875189863571848e+01;
3473
 -1.615731130429604e-14 -2.544458473117487e-16;
3474
  2.303343447766329e-16  2.595100284483397e-14;
3475
 -6.783884726662662e+01 -5.651970129110186e+00;
3476
  1.644849773092247e-14  1.644849773092247e-14;
3477
  0.000000000000000e+00  2.652036814002234e-14;
3478
 -6.786165417585656e+01 -5.648902356056748e+00;
3479
  8.953209300095515e-16  1.534835880016374e-15;
3480
 -6.778473833746953e+01 -5.658527638569482e+00;
3481
 -6.788681777111952e+01 -5.645720087053006e+00;
3482
  1.605018016968211e-14  3.094474736714711e-14;
3483
 -6.781251176858436e+01 -5.655043187463680e+00;
3484
 -6.791607485489968e+01 -5.642024053486034e+00;
3485
  1.606612159469366e-14  1.606612159469366e-14;
3486
 -6.784540002548817e+01 -5.650916852179548e+00;
3487
 -6.794977210030567e+01 -5.637845402191388e+00;
3488
 -6.778291237935443e+01 -5.658756719120516e+00;
3489
 -6.788089271034173e+01 -5.646438628091459e+00;
3490
 -6.798529459758649e+01 -5.633362776710860e+00;
3491
 -6.781900156268547e+01 -5.654228958611426e+00;
3492
 -6.791661658039843e+01 -5.641956077273873e+00;
3493
 -6.801226018937065e+01 -5.629928906530913e+00;
3494
 -6.785462665236257e+01 -5.649759195894430e+00;
3495
 -6.795272376543531e+01 -5.637450101551433e+00;
3496
 -1.491549892386716e+01 -3.401107056940301e+02;
3497
 -6.789159996801170e+01 -5.645095129448062e+00;
3498
 -6.798958689623693e+01 -5.632774313863581e+00;
3499
 -1.493893017666439e+01 -3.400991332879341e+02;
3500
 -6.792695244148273e+01 -5.640684019366660e+00;
3501
 -6.801362736940372e+01 -5.629782230599024e+00;
3502
 -1.496077855788011e+01 -3.400883860176634e+02;
3503
 -6.795739312967110e+01 -5.636889057410779e+00;
3504
 -1.491154408100175e+01 -3.401126510016485e+02;
3505
 -6.809974830830099e+01 -5.618998436569759e+00;
3506
 -6.798559561279431e+01 -5.633325001342435e+00;
3507
 -1.493002837743479e+01 -3.401035354419847e+02;
3508
 -6.811770406891864e+01 -5.616744713252693e+00;
3509
 -1.487949799539637e+01 -3.401284134684429e+02;
3510
 -6.807071894318554e+01 -5.622617044146088e+00;
3511
 -1.501806419358127e+01 -3.400602056718155e+02;
3512
 -6.802569098809172e+01 -5.628342960811204e+00;
3513
 -1.496543715709067e+01 -3.400861412472231e+02;
3514
 -1.503319376574695e+01 -3.400527861080928e+02;
3515
 -6.804104731267734e+01 -5.626390810915600e+00;
3516
 -6.809961629470946e+01 -5.619015006086404e+00;
3517
 -1.493148736341162e+01 -3.401028177805844e+02;
3518
  7.676995463618990e-16  3.224338094719976e-14;
3519
 -1.299607385221882e-14  2.582585935790334e-14;
3520
 -6.784514478970858e+01 -5.651205294471792e+00;
3521
  0.000000000000000e+00  0.000000000000000e+00;
3522
 -1.310482426609026e-14 -1.264275406669824e-14;
3523
 -6.786894457347526e+01 -5.647962709548783e+00;
3524
  6.417289845202659e-16  3.221479502291735e-14;
3525
 -6.779313897952620e+01 -5.657473709974111e+00;
3526
 -6.789536200491827e+01 -5.644672893437244e+00;
3527
 -6.420044416986310e-16  3.184342030825210e-14;
3528
 -6.782240850521023e+01 -5.653751693737497e+00;
3529
 -6.792568817113198e+01 -5.640842663439293e+00;
3530
 -5.134470057583010e-16  3.850852543187257e-16;
3531
 -6.785611170201366e+01 -5.649572866640217e+00;
3532
 -6.795972398703664e+01 -5.636571657357914e+00;
3533
 -6.779478094290140e+01 -5.657242801505172e+00;
3534
 -6.789163915365671e+01 -5.645090212561659e+00;
3535
 -6.799559124110186e+01 -5.632070607923777e+00;
3536
 -6.783050078293978e+01 -5.652786214109322e+00;
3537
 -6.792765784457190e+01 -5.640570598126734e+00;
3538
 -6.802110917860047e+01 -5.628893076106975e+00;
3539
 -6.786667038682354e+01 -5.648248056879425e+00;
3540
 -6.796414877670452e+01 -5.635991490482734e+00;
3541
 -6.804578877831987e+01 -5.625770837886394e+00;
3542
 -6.790357843959892e+01 -5.643617006237908e+00;
3543
 -6.799859087319321e+01 -5.631694168018822e+00;
3544
 -6.806780358357663e+01 -5.622982945809023e+00;
3545
 -6.793711406312590e+01 -5.639383996244931e+00;
3546
 -6.802159556239417e+01 -5.628832035070875e+00;
3547
 -1.496571669640208e+01 -3.400860037384336e+02;
3548
 -6.796649886004462e+01 -5.635771291483016e+00;
3549
 -6.804077439612600e+01 -5.626425062824768e+00;
3550
 -6.810374480415804e+01 -5.618496820043687e+00;
3551
 -6.799438106247126e+01 -5.632197576108017e+00;
3552
 -1.493586918543730e+01 -3.401006389730871e+02;
3553
 -6.812302955186667e+01 -5.616101171679736e+00;
3554
 -6.801292232944651e+01 -5.629870711864358e+00;
3555
 -6.807678652002353e+01 -5.621880409062593e+00;
3556
 -1.502277597363298e+01 -3.400578877297612e+02;
3557
 -4.781789479133023e+01 -1.329024089465162e+02;
3558
 -1.497044858784697e+01 -3.400836526343144e+02;
3559
 -6.804527831587251e+01 -5.625834902979796e+00;
3560
 -1.279018240294304e-16  5.116072961177217e-16;
3561
  1.295980350935281e-14  1.321542093557279e-14;
3562
 -6.785137549596959e+01 -5.650427688990865e+00;
3563
  1.514431958981648e-14  1.514431958981648e-14;
3564
  1.310544956725899e-14  2.644194525813273e-14;
3565
 -6.787627627620947e+01 -5.647067684802660e+00;
3566
  1.617112151105228e-14  1.617112151105228e-14;
3567
 -6.780169219646854e+01 -5.656375717161991e+00;
3568
 -6.790390048878240e+01 -5.643576595943587e+00;
3569
  2.549078518756265e-16  1.401993185315946e-15;
3570
 -6.783201876661732e+01 -5.652595759203928e+00;
3571
 -6.793488606364892e+01 -5.639688480442866e+00;
3572
  1.548186506592783e-14  1.612161155625543e-14;
3573
 -6.786606522183972e+01 -5.648299081003223e+00;
3574
 -6.796938958565089e+01 -5.635358725785628e+00;
3575
 -6.780552623311929e+01 -5.655894695965812e+00;
3576
 -6.790193588405853e+01 -5.643798205609316e+00;
3577
 -6.800089530904098e+01 -5.631380067912559e+00;
3578
 -6.784154586148183e+01 -5.651425333850299e+00;
3579
 -6.793854160004538e+01 -5.639229767035757e+00;
3580
 -6.802938729186013e+01 -5.627804365056623e+00;
3581
 -6.787813533140437e+01 -5.646784608334211e+00;
3582
 -6.797477502206884e+01 -5.634682902576116e+00;
3583
 -6.529277075150593e+01 -2.300026452165004e+01;
3584
 -6.791403594889954e+01 -5.642304802389694e+00;
3585
 -6.800386164713495e+01 -5.631007803521930e+00;
3586
 -6.807224221542491e+01 -5.622425860318568e+00;
3587
 -6.794681718617372e+01 -5.638166395240857e+00;
3588
 -6.802726291996214e+01 -5.628070975684317e+00;
3589
 -1.496855818840434e+01 -3.400846059711786e+02;
3590
 -6.797457450297385e+01 -5.634683162184830e+00;
3591
 -6.804470349974726e+01 -5.625882142988784e+00;
3592
 -6.810735746670514e+01 -5.618018477769540e+00;
3593
 -6.799902027166374e+01 -5.631640280371662e+00;
3594
 -1.679769948303106e+01 -3.284108624377822e+02;
3595
 -1.500851881773582e+01 -3.400649248611468e+02;
3596
 -6.802077028163637e+01 -5.628960509960155e+00;
3597
 -1.495990853693309e+01 -3.400888374107475e+02;
3598
 -1.491281318052470e+01 -3.401120033347739e+02;
3599
 -1.546360436372230e-14 -1.546360436372230e-14;
3600
  1.155297010450131e-16  1.336293542087318e-14;
3601
 -6.785763615191324e+01 -5.649668407174142e+00;
3602
  1.642851764443908e-14  1.642851764443908e-14;
3603
 -6.778259504342556e+01 -5.658746711306287e+00;
3604
 -6.788376386471133e+01 -5.646053464003056e+00;
3605
 -2.578210355795281e-16  9.023736245283484e-16;
3606
 -6.781022353757885e+01 -5.655330273724377e+00;
3607
 -6.791243064163118e+01 -5.642531142588837e+00;
3608
  2.545648041894174e-16  1.527388825136504e-15;
3609
 -6.784121400057531e+01 -5.651466971653003e+00;
3610
 -6.794393829579040e+01 -5.638577465384222e+00;
3611
 -6.777994518275895e+01 -5.659153882863697e+00;
3612
 -6.787572413445204e+01 -5.647136964100923e+00;
3613
 -6.797893858308757e+01 -5.634160410058180e+00;
3614
 -6.781581476189851e+01 -5.654653693728505e+00;
3615
 -6.791216061219994e+01 -5.642540120298230e+00;
3616
 -1.488231346746019e+01 -3.401270052270635e+02;
3617
 -6.785245133882391e+01 -5.650057039321526e+00;
3618
 -6.794926314822220e+01 -5.637859459874407e+00;
3619
 -1.491285389492016e+01 -3.401119833082005e+02;
3620
 -6.788877711524833e+01 -5.645474236755227e+00;
3621
 -6.798535439316458e+01 -5.633330369312283e+00;
3622
 -1.493401118283626e+01 -3.401015997573741e+02;
3623
 -6.792422301577592e+01 -5.641026514764978e+00;
3624
 -1.488314385618313e+01 -3.401265733671799e+02;
3625
 -6.807413403868860e+01 -5.622188419575039e+00;
3626
 -6.795415269405996e+01 -5.637270788803303e+00;
3627
 -6.803025381623850e+01 -5.627670713105706e+00;
3628
 -1.497088884418912e+01 -3.400834360654823e+02;
3629
 -6.798096328779305e+01 -5.633881421607681e+00;
3630
 -6.804827211639027e+01 -5.625434266723244e+00;
3631
 -6.811054703424121e+01 -5.617692837133522e+00;
3632
 -6.800466705700410e+01 -5.630931630197557e+00;
3633
 -6.806781220679397e+01 -5.623006764500477e+00;
3634
 -6.802619655296161e+01 -5.628204805418806e+00;
3635
  1.578771843840199e-14  1.591607387286054e-14;
3636
 -2.308544940346771e-16  1.282524966859317e-16;
3637
 -6.786417149955712e+01 -5.648852903051543e+00;
3638
 -5.129419181652986e-16  3.077651508991792e-14;
3639
 -6.779006286076728e+01 -5.657859635407371e+00;
3640
 -6.789154422767250e+01 -5.645151936186172e+00;
3641
  1.291104544187837e-16  3.279405542237105e-14;
3642
 -6.781876708107397e+01 -5.654208560560374e+00;
3643
 -6.792088347325236e+01 -5.641495378198412e+00;
3644
  1.584882394543996e-14  1.700849399022826e-14;
3645
 -6.785027965058937e+01 -5.650279704466305e+00;
3646
 -6.795279805943728e+01 -5.637415874135661e+00;
3647
 -6.778961973295416e+01 -5.657890320070927e+00;
3648
 -6.788527850529586e+01 -5.645913227192859e+00;
3649
 -6.798837528393011e+01 -5.632951267126981e+00;
3650
 -6.782604858864754e+01 -5.653344809587720e+00;
3651
 -6.792249678972895e+01 -5.641243125335799e+00;
3652
 -6.801646164961473e+01 -5.629476337619927e+00;
3653
 -6.786320032476915e+01 -5.648658544366779e+00;
3654
 -6.796006902760071e+01 -5.636503454434195e+00;
3655
 -6.804143206297465e+01 -5.626317621713858e+00;
3656
 -6.789935515440320e+01 -5.644146936736337e+00;
3657
 -6.799259672839707e+01 -5.632471307041744e+00;
3658
 -1.493583303379582e+01 -3.401006801786069e+02;
3659
 -6.793128968517505e+01 -5.640114862994467e+00;
3660
 -6.801135240093389e+01 -5.630117540161039e+00;
3661
 -6.807555377701767e+01 -5.622010229293412e+00;
3662
 -6.795825663610849e+01 -5.636730888805740e+00;
3663
 -4.631746312414290e+01 -1.423521952690824e+02;
3664
 -1.497326164800244e+01 -3.400822454232230e+02;
3665
 -6.798670320194280e+01 -5.633161102771166e+00;
3666
 -6.805148524055105e+01 -5.625055905765953e+00;
3667
 -1.488346030591363e+01 -3.401264177178746e+02;
3668
  1.641481161432201e-14  1.641481161432201e-14;
3669
 -1.277406328567651e-14  1.301774521582496e-14;
3670
 -6.787118102304441e+01 -5.648026964056342e+00;
3671
  1.627244968517113e-14  3.203238127002192e-14;
3672
 -6.779786350757105e+01 -5.656831155494893e+00;
3673
 -6.789946798552499e+01 -5.644132778902633e+00;
3674
 -2.574890089646474e-16  1.532059603339652e-14;
3675
 -6.782721674986712e+01 -5.653198246284187e+00;
3676
 -6.792905621199787e+01 -5.640420031899114e+00;
3677
  0.000000000000000e+00  1.789780117348058e-15;
3678
 -6.785912854215346e+01 -5.649194342447484e+00;
3679
 -6.796128063860110e+01 -5.636351410787653e+00;
3680
 -6.779916950969690e+01 -5.656692213763937e+00;
3681
 -6.789471115821094e+01 -5.644729653622665e+00;
3682
 -6.799769988128841e+01 -5.631805983550299e+00;
3683
 -6.783638932736537e+01 -5.652047401370389e+00;
3684
 -6.793287971505922e+01 -5.639915340158034e+00;
3685
 -6.802206377272081e+01 -5.628773274759389e+00;
3686
 -6.787404291577830e+01 -5.647298098822190e+00;
3687
 -6.796731006598715e+01 -5.635619685176859e+00;
3688
 -6.804292691131498e+01 -5.626130013122356e+00;
3689
 -6.790659878187421e+01 -5.643238016955856e+00;
3690
 -6.799538555770565e+01 -5.632096420196866e+00;
3691
 -1.493711293175612e+01 -3.401000506043698e+02;
3692
 -6.793425717303380e+01 -5.639792301276993e+00;
3693
 -6.801309594764089e+01 -5.629848923096275e+00;
3694
 -6.807710281249227e+01 -5.621840711306064e+00;
3695
 -6.796155916262843e+01 -5.636366267493802e+00;
3696
 -1.491058181152357e+01 -3.401131008976927e+02;
3697
 -6.799176350356505e+01 -5.632550968929055e+00;
3698
  8.976900244877378e-16  8.976900244877378e-16;
3699
 -2.608955641154395e-14 -2.608955641154395e-14;
3700
 -6.787849086330195e+01 -5.647138024410781e+00;
3701
  1.600959195014160e-14  3.265956757828886e-14;
3702
 -6.780578267450461e+01 -5.655837613609067e+00;
3703
 -6.790708446108081e+01 -5.643177074320654e+00;
3704
 -6.434217147878581e-16 -6.434217147878581e-16;
3705
 -6.783538215419000e+01 -5.652173767973835e+00;
3706
 -6.793683200359672e+01 -5.639494105192694e+00;
3707
  3.177472135896399e-14  3.331843251810394e-14;
3708
 -6.786760806911180e+01 -5.648155310874877e+00;
3709
 -6.796963135596496e+01 -5.635328385926505e+00;
3710
 -6.780859044911112e+01 -5.655584981563733e+00;
3711
 -6.790404361007759e+01 -5.643533731304665e+00;
3712
 -6.799999023412720e+01 -5.631518554165416e+00;
3713
 -6.784677900941242e+01 -5.650743833313530e+00;
3714
 -6.793969379628385e+01 -5.639060278839630e+00;
3715
 -6.802386306867226e+01 -5.628522560773245e+00;
3716
 -6.788130660746633e+01 -5.646411601176138e+00;
3717
 -6.796979399004869e+01 -5.635307976888750e+00;
3718
 -6.804378873936983e+01 -5.625996948862795e+00;
3719
 -6.790938788449003e+01 -5.642838230399586e+00;
3720
 -6.799730362875179e+01 -5.631830808318067e+00;
3721
 -1.493829098820348e+01 -3.400994711244725e+02;
3722
 -6.793645829596133e+01 -5.639491189859036e+00;
3723
 -6.801505944546369e+01 -5.629627409891113e+00;
3724
 -6.796503492457266e+01 -5.635905192292624e+00;
3725
  3.843864511279410e-16  1.640048858145881e-14;
3726
 -6.778420030077658e+01 -5.658620049048001e+00;
3727
 -6.788558389781923e+01 -5.646274188568039e+00;
3728
 -1.285745390264119e-16 -1.285745390264119e-16;
3729
 -6.781339094599049e+01 -5.654932883616811e+00;
3730
 -6.791433707172376e+01 -5.642242111704556e+00;
3731
 -6.429395617153897e-16  7.715274740584676e-16;
3732
 -6.784317103179066e+01 -5.651171611867960e+00;
3733
 -6.794448774667772e+01 -5.638458707592827e+00;
3734
 -6.778149943789921e+01 -5.658933981744543e+00;
3735
 -6.787596801603335e+01 -5.647081456556013e+00;
3736
 -6.797514033497745e+01 -5.634637058947169e+00;
3737
 -6.781792858900991e+01 -5.654363577599607e+00;
3738
 -6.791016204893801e+01 -5.642765994256449e+00;
3739
 -6.800081061524226e+01 -5.631440502655588e+00;
3740
 -6.785359909151913e+01 -5.649913031224423e+00;
3741
 -6.794187014082750e+01 -5.638812084471415e+00;
3742
 -6.802470556535081e+01 -5.628441729529979e+00;
3743
 -6.788379959823280e+01 -5.646098793441893e+00;
3744
 -6.797132073721579e+01 -5.635116384457219e+00;
3745
 -6.804440742571744e+01 -5.625969104778216e+00;
3746
 -6.791129784539571e+01 -5.642623474623379e+00;
3747
 -6.799866004988317e+01 -5.631685486645088e+00;
3748
 -6.793888539874173e+01 -5.639186625496110e+00;
3749
  5.123019744736010e-16  5.123019744736010e-16;
3750
 -6.779126259282782e+01 -5.657709118915943e+00;
3751
 -6.789227255283080e+01 -5.645406791564604e+00;
3752
 -5.140898231407649e-16  3.123095675580146e-14;
3753
 -6.782063537885530e+01 -5.654048882565866e+00;
3754
 -6.792144490250635e+01 -5.641350212771640e+00;
3755
  1.619434282945189e-14  3.161752647654893e-14;
3756
 -6.785081581705005e+01 -5.650212432101407e+00;
3757
 -6.794976860380146e+01 -5.637845840979465e+00;
3758
 -6.778985540264443e+01 -5.657885662929929e+00;
3759
 -6.788148134538896e+01 -5.646364769364860e+00;
3760
 -6.797681586149578e+01 -5.634426794468300e+00;
3761
 -6.782404184562441e+01 -5.653621493129011e+00;
3762
 -6.791204355366067e+01 -5.642529903106217e+00;
3763
 -6.800133356629060e+01 -5.631349971346920e+00;
3764
 -6.785578742749107e+01 -5.649613553386936e+00;
3765
 -6.794302669084402e+01 -5.638642049331703e+00;
3766
 -6.802546766484103e+01 -5.628346085737778e+00;
3767
 -6.788533109830652e+01 -5.645881721590576e+00;
3768
 -6.797241001851178e+01 -5.635004593499469e+00;
3769
 -6.791302900396109e+01 -5.642431154256015e+00;
3770
  0.000000000000000e+00  1.657579259900050e-14;
3771
 -6.779791859436388e+01 -5.656849153454581e+00;
3772
 -6.789862915233522e+01 -5.644654553463181e+00;
3773
  1.618010397743037e-14  3.210132629122187e-14;
3774
 -6.782774715599800e+01 -5.653131698852908e+00;
3775
 -6.792694339273559e+01 -5.640660249587230e+00;
3776
  1.642473508793238e-14  3.129752670298925e-14;
3777
 -6.785610082034309e+01 -5.649574231990750e+00;
3778
 -6.795199452313823e+01 -5.637566516743014e+00;
3779
 -6.779536741791377e+01 -5.657169222747015e+00;
3780
 -6.788315247024666e+01 -5.646179991829163e+00;
3781
 -6.797748109999354e+01 -5.634318408786783e+00;
3782
 -6.782592110314187e+01 -5.653385712728021e+00;
3783
 -6.791278574257792e+01 -5.642436773119516e+00;
3784
 -6.800251542531898e+01 -5.631176749543779e+00;
3785
 -6.785694463606416e+01 -5.649443450861243e+00;
3786
 -6.794405467871172e+01 -5.638537956240683e+00;
3787
 -6.788642368925034e+01 -5.645744628258537e+00;
3788
  5.179626916152670e-16  3.340859360918472e-14;
3789
 -6.780424427733776e+01 -5.656105349211423e+00;
3790
 -6.790421457619581e+01 -5.644020421722073e+00;
3791
  1.579190027125662e-14  3.197212595901956e-14;
3792
 -6.783324870063112e+01 -5.652416536304693e+00;
3793
 -6.793028932691337e+01 -5.640240391440261e+00;
3794
 -1.558260442662813e-14 -1.519625886233156e-14;
3795
 -6.785832255009026e+01 -5.649320378130169e+00;
3796
 -6.795351699877584e+01 -5.637325656250501e+00;
3797
 -6.779703613129870e+01 -5.656984775993610e+00;
3798
 -6.788381604677301e+01 -5.646071822982748e+00;
3799
 -6.798035145030875e+01 -5.633983106148708e+00;
3800
 -6.782666214856080e+01 -5.653292737541598e+00;
3801
 -6.791446690898030e+01 -5.642225819662460e+00;
3802
 -6.785797670064639e+01 -5.649313957346775e+00;
3803
  1.593512265994096e-14  1.593512265994096e-14;
3804
 -6.780981900421509e+01 -5.655381027289996e+00;
3805
 -6.790931782477415e+01 -5.643344854966863e+00;
3806
 -1.522281070638090e-14 -1.496259171994704e-14;
3807
 -6.783659363384174e+01 -5.651996859789572e+00;
3808
 -6.793311938305193e+01 -5.639935075797864e+00;
3809
  0.000000000000000e+00  1.673735705895587e-14;
3810
 -6.785984004874230e+01 -5.649105069191758e+00;
3811
 -6.795757957739202e+01 -5.636840756089678e+00;
3812
 -6.779769472883464e+01 -5.656902148638889e+00;
3813
 -6.788668137349069e+01 -5.645762108079800e+00;
3814
 -6.782834702526421e+01 -5.653056436216603e+00;
3815
  1.608495276567945e-14  1.608495276567945e-14;
3816
 -6.781489810747584e+01 -5.654718882539704e+00;
3817
 -6.791573067552063e+01 -5.642592120003196e+00;
3818
 -1.637167044224119e-14 -1.637167044224119e-14;
3819
 -6.783942705766687e+01 -5.651666266738296e+00;
3820
 -6.793927211285903e+01 -5.639138098665821e+00;
3821
 -3.875288638062717e-16  1.162586591418815e-15;
3822
 -6.786390236589216e+01 -5.648620272573498e+00;
3823
 -6.780057231995974e+01 -5.656516217069819e+00;
3824
 -3.916528331851810e-16  1.044407555160483e-15;
3825
 -6.782127947502909e+01 -5.653918254815571e+00;
3826
 -6.792702234314854e+01 -5.641215253699448e+00;
3827
 -1.640663067498528e-14 -1.640663067498528e-14;
3828
 -6.784558396763458e+01 -5.650843957842749e+00;
3829
 -6.777778242993585e+01 -5.659425211033606e+00;
3830
 -2.643485709685367e-16  5.286971419370733e-16;
3831
 -6.783248305035686e+01 -5.652537507427634e+00;
3832
 -3.971612412126960e-16 -3.971612412126960e-16;
3833
 -1.654792218066906e-14 -1.654792218066906e-14;
3834
 -6.792545351676927e+01 -5.641411824694486e+00;
3835
 -6.792461182939971e+01 -5.641508271750323e+00;
3836
 -6.783090390851699e+01 -5.652735635765556e+00;
3837
 -6.795593635649567e+01 -5.637071865191363e+00;
3838
 -6.793181062233830e+01 -5.640663106408517e+00;
3839
 -6.783007587530811e+01 -5.652814617218111e+00;
3840
 -6.795875091992426e+01 -5.636718670480747e+00;
3841
  1.612848077824830e-14  1.651868595836720e-14;
3842
 -6.786223223228413e+01 -5.648829826633219e+00;
3843
 -6.799090196734517e+01 -5.632659086832825e+00;
3844
 -6.793795573818110e+01 -5.639919689087744e+00;
3845
 -6.783723395759019e+01 -5.651941428419157e+00;
3846
 -6.796502297467379e+01 -5.635881787813282e+00;
3847
  1.646718807683946e-14  1.725133989002230e-14;
3848
 -6.786505090554016e+01 -5.648451256260303e+00;
3849
 -6.799416736800464e+01 -5.632274200064073e+00;
3850
 -3.897386146981989e-16  0.000000000000000e+00;
3851
 -6.789722706718551e+01 -5.644389058072020e+00;
3852
 -6.801781909001308e+01 -5.629281077745540e+00;
3853
 -6.793990551195016e+01 -5.639658612492277e+00;
3854
 -6.784337681520715e+01 -5.651195312046993e+00;
3855
 -6.797013319508478e+01 -5.635265409908356e+00;
3856
  1.621917717762534e-14  1.713477588926548e-14;
3857
 -6.787131571043835e+01 -5.647665196652424e+00;
3858
 -6.799917988184691e+01 -5.631620249982743e+00;
3859
 -6.777890474623301e+01 -5.659259504193612e+00;
3860
 -6.790049270643442e+01 -5.644004199015153e+00;
3861
 -6.801980472585559e+01 -5.629006979511148e+00;
3862
 -6.781109623764402e+01 -5.655220783097384e+00;
3863
 -6.793454761306954e+01 -5.639755855663116e+00;
3864
 -6.804472007327968e+01 -5.625880062946647e+00;
3865
 -6.793867802335289e+01 -5.639823265680419e+00;
3866
 -6.784532420451391e+01 -5.650961077500084e+00;
3867
 -6.797127783791217e+01 -5.635146671832479e+00;
3868
 -1.687975757100709e-14 -1.687975757100709e-14;
3869
 -6.787642980983640e+01 -5.647023513566249e+00;
3870
 -6.799972123129594e+01 -5.631552312903538e+00;
3871
 -6.778517255080043e+01 -5.658448253960647e+00;
3872
 -6.790550543636851e+01 -5.643350303061230e+00;
3873
 -6.802250590077423e+01 -5.628692885386327e+00;
3874
 -6.781436640968761e+01 -5.654810499429414e+00;
3875
 -6.793696333345309e+01 -5.639402910508784e+00;
3876
 -6.804525877899547e+01 -5.625837354935705e+00;
3877
 -6.784844526072430e+01 -5.650559678644599e+00;
3878
 -6.797297315147974e+01 -5.634909021494392e+00;
3879
 -6.806918438388148e+01 -5.622809644178119e+00;
3880
 -6.793581463429308e+01 -5.640151394153453e+00;
3881
 -6.784409872462258e+01 -5.651098625519440e+00;
3882
 -6.796964790185027e+01 -5.635351213526747e+00;
3883
  1.577462986415019e-14  3.246184162126774e-14;
3884
 -6.787757834665919e+01 -5.646879402169729e+00;
3885
 -6.799979719223730e+01 -5.631517877087874e+00;
3886
 -6.779027714672345e+01 -5.657857660808719e+00;
3887
 -6.790934283448934e+01 -5.642918600578193e+00;
3888
 -6.802422827397625e+01 -5.628426922849943e+00;
3889
 -6.781937125939848e+01 -5.654207483723596e+00;
3890
 -6.794022741534201e+01 -5.639018222459286e+00;
3891
 -6.804605645752399e+01 -5.625712341415774e+00;
3892
 -6.785085033737472e+01 -5.650282823553443e+00;
3893
 -6.797388542164931e+01 -5.634819443505744e+00;
3894
 -6.806873110361515e+01 -5.622891435509724e+00;
3895
 -6.788696086443578e+01 -5.645727038774224e+00;
3896
 -6.800514760254745e+01 -5.630871323285993e+00;
3897
 -2.057608341518728e+01 -3.048080626395397e+02;
3898
 -6.792737410937336e+01 -5.641175735988600e+00;
3899
 -6.784121598556345e+01 -5.651441814723818e+00;
3900
 -6.796605556892709e+01 -5.635777111926045e+00;
3901
 -2.626975645143159e-16  1.313487822571579e-16;
3902
 -6.787595324405255e+01 -5.647058403259121e+00;
3903
 -6.799920823790411e+01 -5.631616691411880e+00;
3904
 -6.779142943059399e+01 -5.657688187852432e+00;
3905
 -6.790958540576146e+01 -5.642863257042427e+00;
3906
 -6.802333255029023e+01 -5.628564238563603e+00;
3907
 -6.782322521591654e+01 -5.653674134287603e+00;
3908
 -6.794236219913046e+01 -5.638750338279837e+00;
3909
 -6.804616339542432e+01 -5.625723821900976e+00;
3910
 -6.785413219314664e+01 -5.649821235626199e+00;
3911
 -6.797522930382846e+01 -5.634625894128910e+00;
3912
 -6.806832581261183e+01 -5.622917401872114e+00;
3913
 -6.788788086164463e+01 -5.645586694986499e+00;
3914
 -6.800464913657693e+01 -5.630958782040492e+00;
3915
 -1.497248712405465e+01 -3.400826498461475e+02;
3916
 -6.792610171338367e+01 -5.640790771088345e+00;
3917
 -1.491104404027527e+01 -3.401128735374620e+02;
3918
 -6.811895039469375e+01 -5.616563378689412e+00;
3919
 -6.791495202103931e+01 -5.642703265755032e+00;
3920
 -6.783282429073918e+01 -5.652469785321352e+00;
3921
 -6.795679087892594e+01 -5.636964632802786e+00;
3922
 -5.192973813027658e-16  1.570874578440866e-14;
3923
 -6.787235014111347e+01 -5.647560310488743e+00;
3924
 -6.799672408007868e+01 -5.631928442101326e+00;
3925
 -6.778980190279789e+01 -5.657892374984223e+00;
3926
 -6.790737204755116e+01 -5.643116082314054e+00;
3927
 -6.802064175505436e+01 -5.628951737597015e+00;
3928
 -6.782346442443773e+01 -5.653644122222486e+00;
3929
 -6.794122716063750e+01 -5.638867864307638e+00;
3930
 -6.804452984829744e+01 -5.625903936911578e+00;
3931
 -6.785627010111683e+01 -5.649552992299163e+00;
3932
 -6.797541700799616e+01 -5.634627242616378e+00;
3933
 -6.806720488782166e+01 -5.623058086873179e+00;
3934
 -6.788922468936002e+01 -5.645393170547065e+00;
3935
 -6.800423920756980e+01 -5.630960420977860e+00;
3936
 -1.497089436883687e+01 -3.400834099260731e+02;
3937
 -6.792540990481641e+01 -5.640877581010118e+00;
3938
 -1.490979690048341e+01 -3.401134869779931e+02;
3939
 -6.811744782886660e+01 -5.616776875714487e+00;
3940
 -6.796572874186234e+01 -5.635818125377197e+00;
3941
 -1.493718824829435e+01 -3.401000135565782e+02;
3942
 -1.502434835442914e+01 -3.400571142000167e+02;
3943
 -6.790288233334438e+01 -5.644188078358913e+00;
3944
 -6.782047049759514e+01 -5.654069569179666e+00;
3945
 -6.794376988228079e+01 -5.638573694171443e+00;
3946
 -2.631897457486497e-16  1.552819499917033e-14;
3947
 -6.786309820960327e+01 -5.648671356951624e+00;
3948
 -6.798673729544825e+01 -5.633156824247196e+00;
3949
 -6.778621295269821e+01 -5.658317727483351e+00;
3950
 -6.790304549415626e+01 -5.643708785454279e+00;
3951
 -6.801629761996644e+01 -5.629472020615886e+00;
3952
 -6.782125209480165e+01 -5.653896781666212e+00;
3953
 -6.793798143890305e+01 -5.639300058783095e+00;
3954
 -6.804187846888578e+01 -5.626236694523300e+00;
3955
 -6.785513662218625e+01 -5.649670302551415e+00;
3956
 -6.797263299552911e+01 -5.634976611872229e+00;
3957
 -2.831867311064801e+01 -2.558749737747940e+02;
3958
 -6.788941805754305e+01 -5.645368907446655e+00;
3959
 -6.800303726987822e+01 -5.631111259955228e+00;
3960
 -1.496850957510303e+01 -3.400845830411063e+02;
3961
 -6.792481594104228e+01 -5.640952113045396e+00;
3962
 -4.631702199518583e+01 -1.423548923230554e+02;
3963
 -6.811499878781662e+01 -5.617059371665459e+00;
3964
 -6.796386060154592e+01 -5.636052557524163e+00;
3965
 -1.493559135102063e+01 -3.401007756380578e+02;
3966
 -1.502262223929826e+01 -3.400579867792592e+02;
3967
 -6.800010967867718e+01 -5.631478661339020e+00;
3968
 -1.496145920400516e+01 -3.400880746234922e+02;
3969
 -1.504554863610202e+01 -3.400467314511187e+02;
3970
 -6.789244543533194e+01 -5.645411548672592e+00;
3971
 -6.780847715620095e+01 -5.655574286745424e+00;
3972
 -6.793105289848610e+01 -5.640194386090789e+00;
3973
 -1.309156014178251e-16  1.636445017722814e-14;
3974
 -6.785007794640697e+01 -5.650280104583645e+00;
3975
 -6.797313538166485e+01 -5.634863759222895e+00;
3976
  5.224448722272207e-16  1.436723398624857e-15;
3977
 -6.789306301710289e+01 -5.644911551051019e+00;
3978
 -1.488198747215552e+01 -3.401271889955402e+02;
3979
 -6.781692619955552e+01 -5.654489340687606e+00;
3980
 -6.793268391235796e+01 -5.639964815291261e+00;
3981
 -1.491385001825138e+01 -3.401114699119269e+02;
3982
 -6.785188653217300e+01 -5.650102997807655e+00;
3983
 -6.796811043811761e+01 -5.635494342409506e+00;
3984
 -1.493836310436788e+01 -3.400994122281914e+02;
3985
 -6.788663939174255e+01 -5.645717562837776e+00;
3986
 -6.800002616635430e+01 -5.631514044816356e+00;
3987
 -1.496467361921423e+01 -3.400864699966948e+02;
3988
 -6.792311001703386e+01 -5.641141270947964e+00;
3989
 -6.803018468811476e+01 -5.627704290885263e+00;
3990
 -6.811190382578572e+01 -5.617422939748352e+00;
3991
 -6.796154409294940e+01 -5.636368158570833e+00;
3992
 -1.493298827302225e+01 -3.401021029188040e+02;
3993
 -1.501944910401645e+01 -3.400595477922461e+02;
3994
 -6.799897816864902e+01 -5.631620661063882e+00;
3995
 -1.495975111517570e+01 -3.400889148478601e+02;
3996
 -1.504354811556135e+01 -3.400477156295713e+02;
3997
 -6.802810380636227e+01 -5.627990345941420e+00;
3998
 -6.810269993164296e+01 -5.618603066622026e+00;
3999
 -1.506492663464302e+01 -3.400371746803908e+02;
4000
 -6.788320739089279e+01 -5.646564483107215e+00;
4001
 -6.779808825136790e+01 -5.656827868268002e+00;
4002
 -6.791965206302126e+01 -5.641550275767009e+00;
4003
  7.782396263947620e-16  3.372371714377302e-14;
4004
 -6.783735433695082e+01 -5.651951232708499e+00;
4005
 -6.795988066667591e+01 -5.636551995850470e+00;
4006
  1.613583997763828e-14  3.332116548227743e-14;
4007
 -6.787946614369613e+01 -5.646592719065385e+00;
4008
 -6.799941033635906e+01 -5.631591328919106e+00;
4009
 -6.780693544938235e+01 -5.655742802746704e+00;
4010
 -6.792210942836789e+01 -5.641316637620145e+00;
4011
 -6.803031971619171e+01 -5.627712246801191e+00;
4012
 -6.784658140018038e+01 -5.650768627053145e+00;
4013
 -6.796163253576442e+01 -5.636332155769221e+00;
4014
 -1.493326678676600e+01 -3.401019659201108e+02;
4015
 -6.788210734933635e+01 -5.646286221692408e+00;
4016
 -6.799856203807065e+01 -5.631697786704340e+00;
4017
 -1.496020967353454e+01 -3.400886892790272e+02;
4018
 -6.791881308227526e+01 -5.641730268671515e+00;
4019
 -6.802613931159522e+01 -5.628236891478350e+00;
4020
 -6.810766914217210e+01 -5.617954458029556e+00;
4021
 -6.795815771823324e+01 -5.636768206160471e+00;
4022
 -1.492972214556576e+01 -3.401036860743765e+02;
4023
 -1.501548786695398e+01 -3.400614965004230e+02;
4024
 -6.799815010079816e+01 -5.631649870683540e+00;
4025
 -6.807808865570367e+01 -5.621716978356459e+00;
4026
 -1.504047445380624e+01 -3.400492043272513e+02;
4027
 -6.802611218476811e+01 -5.628240295909752e+00;
4028
 -6.810080751263789e+01 -5.618840591809576e+00;
4029
 -1.506290295094860e+01 -3.400381702784868e+02;
4030
 -6.804842120537987e+01 -5.625415555383888e+00;
4031
 -6.812091756206677e+01 -5.616391163223085e+00;
4032
 -1.508297927480915e+01 -3.400283165716925e+02;
4033
 -6.787380065720419e+01 -5.647688036216543e+00;
4034
 -6.778889132411724e+01 -5.658006614284946e+00;
4035
 -6.790916156722649e+01 -5.642866628592951e+00;
4036
  3.898055291254083e-16  1.598202669414174e-14;
4037
 -6.782595036600100e+01 -5.653332224647447e+00;
4038
 -6.794763331034110e+01 -5.638113791994860e+00;
4039
  1.632925673452333e-14  3.252787941517047e-14;
4040
 -6.786620308622972e+01 -5.648331597053303e+00;
4041
 -6.798858235231882e+01 -5.632925281358691e+00;
4042
 -6.779333810283437e+01 -5.657423818825894e+00;
4043
 -6.790831111859607e+01 -5.642998248279399e+00;
4044
 -6.801957489679380e+01 -5.629035822914651e+00;
4045
 -6.783600050598265e+01 -5.652096185520125e+00;
4046
 -6.795050547778189e+01 -5.637703563791057e+00;
4047
 -6.804879549783202e+01 -5.625393481529448e+00;
4048
 -6.787560272392929e+01 -5.647152197913611e+00;
4049
 -6.799141943586937e+01 -5.632569244185794e+00;
4050
 -6.807611998081545e+01 -5.621964066105701e+00;
4051
 -6.791306163712086e+01 -5.642402153766865e+00;
4052
 -6.802079681978232e+01 -5.628907374633830e+00;
4053
 -6.810292940623255e+01 -5.618624064110836e+00;
4054
 -6.795259327368940e+01 -5.637491381084788e+00;
4055
 -6.804859790510011e+01 -5.625393378768633e+00;
4056
 -1.501035900067499e+01 -3.400639961821062e+02;
4057
 -6.799397120004745e+01 -5.632273914906764e+00;
4058
 -6.807437155821908e+01 -5.622158608703922e+00;
4059
 -1.503629158398934e+01 -3.400512621207081e+02;
4060
 -6.802251903294543e+01 -5.628741041993051e+00;
4061
 -6.809793335651563e+01 -5.619251137702213e+00;
4062
 -1.506006286284032e+01 -3.400395909405595e+02;
4063
 -6.804649853080809e+01 -5.625706662632473e+00;
4064
 -6.811902735165860e+01 -5.616553719271073e+00;
4065
 -1.508083363276530e+01 -3.400293487754568e+02;
4066
 -6.806665999726751e+01 -5.623126474902479e+00;
4067
 -1.502020570537420e+01 -3.400591755853783e+02;
4068
 -1.509924485323771e+01 -3.400202438140838e+02;
4069
 -6.786404530267897e+01 -5.648893472855886e+00;
4070
 -6.777952605725397e+01 -5.659156645168850e+00;
4071
 -6.789832091437573e+01 -5.644276710878778e+00;
4072
  0.000000000000000e+00  1.680018411277944e-14;
4073
 -6.781545630070941e+01 -5.654673758644771e+00;
4074
 -6.793594801477870e+01 -5.639555222223797e+00;
4075
 -3.256414539812972e-14 -3.256414539812972e-14;
4076
 -6.785396251513762e+01 -5.649842525053891e+00;
4077
 -6.797615955166107e+01 -5.634534059645747e+00;
4078
 -6.778008291042630e+01 -5.659111694438529e+00;
4079
 -6.789491219087385e+01 -5.644704428640438e+00;
4080
 -1.488305110121137e+01 -3.401266658382667e+02;
4081
 -6.782218935541599e+01 -5.653829006072458e+00;
4082
 -6.793668886443669e+01 -5.639437352124085e+00;
4083
 -3.153679893021416e+01 -2.354638410357133e+02;
4084
 -6.786443094865736e+01 -5.648553950417065e+00;
4085
 -6.797967247810315e+01 -5.634093215591155e+00;
4086
 -6.806848926467364e+01 -5.622921788269561e+00;
4087
 -6.790541169906949e+01 -5.643362065127506e+00;
4088
 -6.801373141318859e+01 -5.629818978507211e+00;
4089
 -6.809713576549208e+01 -5.619326345948744e+00;
4090
 -6.794586913382216e+01 -5.638285362788244e+00;
4091
 -6.804391023873580e+01 -5.626006601941777e+00;
4092
 -5.964530690850820e+01 -5.899692240815136e+01;
4093
 -6.798727621784454e+01 -5.633114096395584e+00;
4094
 -6.806954270223811e+01 -5.622764672264054e+00;
4095
 -1.503067238563131e+01 -3.400540265094222e+02;
4096
 -6.801763234423674e+01 -5.629304514164247e+00;
4097
 -2.247169132246641e+01 -2.928715082966394e+02;
4098
 -1.505579878875339e+01 -3.400416653156022e+02;
4099
 -6.804367819180278e+01 -5.626010822988945e+00;
4100
 -6.811636139911032e+01 -5.616938140402262e+00;
4101
 -1.507796668031329e+01 -3.400307358480453e+02;
4102
 -6.806475170727518e+01 -5.623415781946520e+00;
4103
 -1.501805444668361e+01 -3.400602338871470e+02;
4104
 -1.509613538433016e+01 -3.400218439088771e+02;
4105
 -1.496255865159190e+01 -3.400875337943070e+02;
4106
 -1.503649248908602e+01 -3.400511398643542e+02;
4107
 -1.511458886439321e+01 -3.400127179810192e+02;
4108
 -6.785401180935878e+01 -5.650058444560661e+00;
4109
 -1.337694406857449e-14  1.337694406857449e-14;
4110
 -6.788672382595969e+01 -5.645682061959556e+00;
4111
 -1.669883766301677e-14 -2.629738214648311e-16;
4112
 -6.780462385720936e+01 -5.656032817845722e+00;
4113
 -6.792358518788426e+01 -5.641106550850512e+00;
4114
  1.602138175617406e-14  3.100072242251566e-14;
4115
 -6.784227624839218e+01 -5.651283878333026e+00;
4116
 -6.796417481144502e+01 -5.636013127523461e+00;
4117
 -3.926531330750859e-16  1.308843776916953e-16;
4118
 -6.788249358339489e+01 -5.646287572199641e+00;
4119
 -6.800035677380497e+01 -5.631497457946312e+00;
4120
 -6.780880050249405e+01 -5.655458992772359e+00;
4121
 -6.792346811003512e+01 -5.641121242035985e+00;
4122
 -6.803172429524824e+01 -5.627535970118194e+00;
4123
 -6.785059688184158e+01 -5.650239901778319e+00;
4124
 -6.796571815926801e+01 -5.635819453395069e+00;
4125
 -1.493714427150385e+01 -3.401000117658021e+02;
4126
 -6.789366692111660e+01 -5.644860681330045e+00;
4127
 -6.800448195366710e+01 -5.630929957160762e+00;
4128
 -1.496851416915655e+01 -3.400846042030459e+02;
4129
 -6.793727123950180e+01 -5.639438987812860e+00;
4130
 -1.491415361671775e+01 -3.401113205778781e+02;
4131
 -6.811732313124895e+01 -5.616792527371076e+00;
4132
 -6.797970542154937e+01 -5.634064177807293e+00;
4133
 -4.023419943264584e+01 -1.808502594416400e+02;
4134
 -1.502458984673789e+01 -3.400570188184082e+02;
4135
 -6.801141596176079e+01 -5.630109563408348e+00;
4136
 -1.496793714378137e+01 -3.400848646279483e+02;
4137
 -1.504973794167482e+01 -3.400446704673434e+02;
4138
 -5.253436153618777e+01 -1.032534225824172e+02;
4139
 -6.811234405403461e+01 -5.617417483359987e+00;
4140
 -1.507359048029931e+01 -3.400329122719787e+02;
4141
 -1.493959327592069e+01 -3.400988305348509e+02;
4142
 -1.501518493797146e+01 -3.400616221037433e+02;
4143
 -1.509255986855749e+01 -3.400236030343888e+02;
4144
 -1.496040328384340e+01 -3.400885940403983e+02;
4145
 -1.503338772375283e+01 -3.400526906896434e+02;
4146
 -1.511032318494964e+01 -3.400147932915717e+02;
4147
 -6.809907868928650e+01 -5.619082482909064e+00;
4148
 -1.505188068733158e+01 -3.400435928918998e+02;
4149
 -1.512920847921509e+01 -3.400055484139735e+02;
4150
 -6.784301442633291e+01 -5.651437310426798e+00;
4151
  2.662385809708631e-14  5.314325770237433e-14;
4152
 -6.787481884657447e+01 -5.647225646996394e+00;
4153
 -1.632776514201636e-14 -2.612442422722618e-16;
4154
 -6.779301886668365e+01 -5.657488778971988e+00;
4155
 -6.791000024738587e+01 -5.642836108586653e+00;
4156
  0.000000000000000e+00  1.576001922188572e-15;
4157
 -6.782991177858482e+01 -5.652835205692975e+00;
4158
 -6.795101325057612e+01 -5.637689653912523e+00;
4159
 -1.612847429869461e-14  1.586622268408168e-14;
4160
 -6.787051220607883e+01 -5.647741107638207e+00;
4161
 -6.799359755744734e+01 -5.632345708314731e+00;
4162
 -6.779637401617717e+01 -5.657092753881154e+00;
4163
 -6.791144513090211e+01 -5.642654804657151e+00;
4164
 -6.802260182853290e+01 -5.628705748804678e+00;
4165
 -6.783735738370481e+01 -5.651925942559631e+00;
4166
 -6.795237724239955e+01 -5.637493585841375e+00;
4167
 -6.805105659263846e+01 -5.625134604727564e+00;
4168
 -6.787970827042089e+01 -5.646587245044482e+00;
4169
 -6.799721200739432e+01 -5.631892112598881e+00;
4170
 -2.753850764174299e+01 -2.608867264870556e+02;
4171
 -6.792515024975364e+01 -5.640910163164775e+00;
4172
 -6.803017180758863e+01 -5.627730809522607e+00;
4173
 -6.810959124498577e+01 -5.617763004215437e+00;
4174
 -6.797043631727124e+01 -5.635227370904818e+00;
4175
 -1.493545784892898e+01 -3.401008647296314e+02;
4176
 -1.501777980571298e+01 -3.400603689952960e+02;
4177
 -3.578783100193619e+01 -2.084804121649070e+02;
4178
 -1.496173842285125e+01 -3.400879138510281e+02;
4179
 -1.504316741955583e+01 -3.400478794972706e+02;
4180
 -1.491030879239514e+01 -3.401132351897787e+02;
4181
 -6.810665467760764e+01 -5.618081788544088e+00;
4182
 -1.506725753086580e+01 -3.400360045198349e+02;
4183
 -1.493530420926719e+01 -3.401009168811973e+02;
4184
 -1.501080440021439e+01 -3.400637770722373e+02;
4185
 -1.508772736011929e+01 -3.400259337409508e+02;
4186
 -6.807897705393312e+01 -5.621605475554777e+00;
4187
 -1.502980823368137e+01 -3.400544516309383e+02;
4188
 -1.510561243077197e+01 -3.400171344027281e+02;
4189
 -5.710795793065235e+01 -7.480441340569779e+01;
4190
 -1.504760978473176e+01 -3.400456706043033e+02;
4191
 -1.512369840718448e+01 -3.400082828529361e+02;
4192
 -6.811364582887958e+01 -5.617229190074368e+00;
4193
 -1.506657837182783e+01 -3.400363620681167e+02;
4194
 -1.514281884216404e+01 -3.399988752880030e+02;
4195
 -6.783008380786362e+01 -5.652971019124862e+00;
4196
 -1.342570040221686e-14  2.685140080443372e-14;
4197
 -6.786242566918889e+01 -5.648780648626376e+00;
4198
  0.000000000000000e+00  0.000000000000000e+00;
4199
 -6.778112659676638e+01 -5.658955848092113e+00;
4200
 -6.789593945828609e+01 -5.644575530045572e+00;
4201
 -1.681325149836793e-14 -1.589377680705093e-14;
4202
 -6.781632900659717e+01 -5.654539357784510e+00;
4203
 -6.793593516362428e+01 -5.639531929855216e+00;
4204
  1.307702070319225e-16  3.216947092985295e-14;
4205
 -6.785734853736572e+01 -5.649417680617850e+00;
4206
 -6.798042938556178e+01 -5.633948422268374e+00;
4207
 -6.778439768080777e+01 -5.658520557765881e+00;
4208
 -6.789992980123426e+01 -5.644124643374271e+00;
4209
 -6.801338076090181e+01 -5.629862984786500e+00;
4210
 -6.782533653175844e+01 -5.653409239209573e+00;
4211
 -6.794037802922868e+01 -5.638999322645756e+00;
4212
 -6.804288135328983e+01 -5.626160632546156e+00;
4213
 -6.786631997029937e+01 -5.648292024334402e+00;
4214
 -6.798321779233413e+01 -5.633623401383437e+00;
4215
 -6.807136404307646e+01 -5.622536078586782e+00;
4216
 -6.791119775678584e+01 -5.642685845181396e+00;
4217
 -6.801957836625780e+01 -5.629010485063054e+00;
4218
 -6.810118225280868e+01 -5.618818456663877e+00;
4219
 -6.795813742471344e+01 -5.636770752741588e+00;
4220
 -6.805052117069873e+01 -5.625151999861294e+00;
4221
 -1.500968249183755e+01 -3.400643289836576e+02;
4222
 -6.799886957273200e+01 -5.631634289376856e+00;
4223
 -6.807652197046883e+01 -5.621913612570434e+00;
4224
 -1.503609873377862e+01 -3.400513804144003e+02;
4225
 -6.802817421300745e+01 -5.627956607667228e+00;
4226
 -6.810043835085158e+01 -5.618862026743042e+00;
4227
 -1.506036754176916e+01 -3.400394176282072e+02;
4228
 -2.130760580894290e+01 -2.999438607946674e+02;
4229
 -6.812311521034599e+01 -5.616090420004382e+00;
4230
 -1.508107920568270e+01 -3.400292513761591e+02;
4231
 -6.807484498317814e+01 -5.622124090277029e+00;
4232
 -1.502495703905922e+01 -3.400568615987555e+02;
4233
 -1.509992957476477e+01 -3.400199537704300e+02;
4234
 -1.497220005863190e+01 -3.400828144800328e+02;
4235
 -1.504288788276811e+01 -3.400480404379322e+02;
4236
 -1.511774982547134e+01 -3.400111627704937e+02;
4237
 -6.810961301748202e+01 -5.617760271429869e+00;
4238
 -1.506106337980664e+01 -3.400390752959391e+02;
4239
 -1.513557928183974e+01 -3.400023904620635e+02;
4240
 -1.500922832365427e+01 -3.400645758275061e+02;
4241
 -1.508031470020093e+01 -3.400295806631151e+02;
4242
 -1.515632813815901e+01 -3.399922049413881e+02;
4243
 -6.781599269103657e+01 -5.654720521201416e+00;
4244
  1.344492986679602e-14  2.688985973359204e-14;
4245
 -6.784829559786452e+01 -5.650553549043206e+00;
4246
  0.000000000000000e+00  0.000000000000000e+00;
4247
  1.577619094440786e-16  5.521666830542750e-16;
4248
 -6.788162588348497e+01 -5.646396446682964e+00;
4249
  1.632833514126387e-14  1.632833514126387e-14;
4250
 -6.780225476786872e+01 -5.656354954647899e+00;
4251
 -6.792007205261689e+01 -5.641522480280159e+00;
4252
 -1.645064590588546e-14 -1.539780456790879e-14;
4253
 -6.784226415375056e+01 -5.651285395792578e+00;
4254
 -6.796442788222230e+01 -5.635931561571435e+00;
4255
 -1.675799823242035e-14  1.571874252808421e-14;
4256
 -6.788676572372789e+01 -5.645701711249792e+00;
4257
 -6.800344296533845e+01 -5.631035443699489e+00;
4258
 -6.781382475442926e+01 -5.654853548270396e+00;
4259
 -6.792910731911707e+01 -5.640438524012867e+00;
4260
 -1.491075890289217e+01 -3.401130137903306e+02;
4261
 -6.785429560921577e+01 -5.649775824376313e+00;
4262
 -6.796976942957292e+01 -5.635286155065190e+00;
4263
 -1.493889292370458e+01 -3.400991750351679e+02;
4264
 -6.789721140403260e+01 -5.644415929608169e+00;
4265
 -1.488175399905318e+01 -3.401272804073713e+02;
4266
 -1.497088148207348e+01 -3.400834162652704e+02;
4267
 -6.794438881357991e+01 -5.638545836458415e+00;
4268
 -6.804218394184760e+01 -5.626248160138245e+00;
4269
 -6.811990483306651e+01 -5.616443580237928e+00;
4270
 -6.799023372188499e+01 -5.632792754405234e+00;
4271
 -6.806890053188977e+01 -5.622870170872920e+00;
4272
 -1.502814762736053e+01 -3.400552685686921e+02;
4273
 -6.802037823058853e+01 -5.628959907396145e+00;
4274
 -1.938791684210691e+01 -3.122867453730716e+02;
4275
 -1.505311934952241e+01 -3.400429835121041e+02;
4276
 -6.804609739065130e+01 -5.625757007404975e+00;
4277
 -6.811664074794402e+01 -5.616903077442410e+00;
4278
 -1.507395379164535e+01 -3.400327569491113e+02;
4279
 -6.806885467558334e+01 -5.622900827157870e+00;
4280
 -1.501831111740108e+01 -3.400601076193249e+02;
4281
 -1.509282989174623e+01 -3.400234467671385e+02;
4282
 -1.496734153360785e+01 -3.400852044602742e+02;
4283
 -1.503720718930079e+01 -3.400507882630468e+02;
4284
 -1.511118506835460e+01 -3.400144160784911e+02;
4285
 -6.810516193457897e+01 -5.618343849368942e+00;
4286
 -1.505509338888165e+01 -3.400420123497101e+02;
4287
 -1.512808791690948e+01 -3.400060997456092e+02;
4288
 -6.812241086063553e+01 -5.616153929166527e+00;
4289
 -1.507304962814542e+01 -3.400331783598891e+02;
4290
 -1.514716289410757e+01 -3.399967144954629e+02;
4291
 -1.502321278180260e+01 -3.400577196834644e+02;
4292
 -1.509399211804898e+01 -3.400228983799076e+02;
4293
 -3.485991625224963e+01 -2.160172647109926e+02;
4294
 -6.780276846499493e+01 -5.656291723674014e+00;
4295
  1.340445351661875e-14  1.376137683510860e-14;
4296
 -6.783312414907294e+01 -5.652457071418334e+00;
4297
  1.654183378049876e-14  1.693568696574872e-14;
4298
  2.608668497863332e-17  1.956501373397499e-16;
4299
 -6.786636714328249e+01 -5.648286105417357e+00;
4300
  3.220663425535803e-14  3.220663425535803e-14;
4301
 -6.778795134870754e+01 -5.658099632430322e+00;
4302
 -6.790412259691394e+01 -5.643548726087829e+00;
4303
 -3.201793915127321e-14 -2.613709318471282e-16;
4304
 -6.782639495556649e+01 -5.653301352623597e+00;
4305
 -6.794726374029055e+01 -5.638160168022297e+00;
4306
  1.620078214069052e-14  3.344677603239332e-14;
4307
 -6.787075468486093e+01 -5.647735590138796e+00;
4308
 -6.799270371554083e+01 -5.632432977481884e+00;
4309
 -6.780064071455612e+01 -5.656557454391550e+00;
4310
 -6.791583930078993e+01 -5.642103422165737e+00;
4311
 -6.802431801157849e+01 -5.628440563058966e+00;
4312
 -6.784300663458259e+01 -5.651217146250984e+00;
4313
 -6.795695899211391e+01 -5.636893727917474e+00;
4314
 -6.805147699201741e+01 -5.625032039529668e+00;
4315
 -6.788375524159969e+01 -5.646129265644183e+00;
4316
 -6.799842228578537e+01 -5.631715325003932e+00;
4317
 -4.178343856417203e+01 -1.711934928750466e+02;
4318
 -6.792963075555996e+01 -5.640347936342139e+00;
4319
 -4.631736248376195e+01 -1.423526362068058e+02;
4320
 -6.811035915688646e+01 -5.617691519008224e+00;
4321
 -6.797681099933052e+01 -5.634452308358230e+00;
4322
 -1.493820802930924e+01 -3.400995119315527e+02;
4323
 -1.501975734864063e+01 -3.400594195729860e+02;
4324
 -6.801057014407135e+01 -5.630190809025595e+00;
4325
 -1.496536628293672e+01 -3.400861526891667e+02;
4326
 -1.504538595016239e+01 -3.400467646471533e+02;
4327
 -4.233502380134899e+01 -1.674703706714370e+02;
4328
 -6.810981711931228e+01 -5.617734653484021e+00;
4329
 -1.506653542601239e+01 -3.400363597773701e+02;
4330
 -1.493989350882395e+01 -3.400986828514521e+02;
4331
 -1.501117743749449e+01 -3.400635935601673e+02;
4332
 -1.508539222018264e+01 -3.400270591814600e+02;
4333
 -1.496067471478508e+01 -3.400884839431130e+02;
4334
 -1.503009124154774e+01 -3.400543124046261e+02;
4335
 -1.510365252007261e+01 -3.400181220936531e+02;
4336
 -6.809979747111667e+01 -5.618992265961283e+00;
4337
 -1.504851161296244e+01 -3.400452737769519e+02;
4338
 -1.512043578661524e+01 -3.400098412577156e+02;
4339
 -6.811677478002869e+01 -5.616836455185240e+00;
4340
 -1.506553992943468e+01 -3.400368729553022e+02;
4341
 -1.513791421239613e+01 -3.400012650502950e+02;
4342
 -1.501592929693684e+01 -3.400613027623791e+02;
4343
 -1.508481067037341e+01 -3.400273921329477e+02;
4344
 -1.516003543651481e+01 -3.399903574167106e+02;
4345
 -1.503731924023456e+01 -3.400507331388500e+02;
4346
 -1.510883609273139e+01 -3.400155483609242e+02;
4347
 -6.829532252139023e+01 -5.594447764221516e+00;
4348
 -6.779166256029460e+01 -5.657683848902553e+00;
4349
  3.971066336331549e-17  1.334278289007401e-14;
4350
 -6.781931355511900e+01 -5.654214723498258e+00;
4351
  0.000000000000000e+00  0.000000000000000e+00;
4352
 -2.377761225580175e-16  1.320978458655653e-16;
4353
 -6.785058105361034e+01 -5.650266795279786e+00;
4354
  1.617196918469920e-14  4.890716487308227e-14;
4355
  1.330319016605351e-14  5.302926838606158e-14;
4356
 -6.788775337755914e+01 -5.645602691139056e+00;
4357
  0.000000000000000e+00  3.410304461105995e-14;
4358
 -6.781045071817989e+01 -5.655276862518285e+00;
4359
 -6.793015878790794e+01 -5.640281677046748e+00;
4360
  0.000000000000000e+00  1.632658158561805e-14;
4361
 -6.785360801942223e+01 -5.649837188637215e+00;
4362
 -6.797444399692698e+01 -5.634724443366766e+00;
4363
 -6.778463786943732e+01 -5.658540243699564e+00;
4364
 -6.789903638640128e+01 -5.644211841164574e+00;
4365
 -1.488443514919025e+01 -3.401259382300241e+02;
4366
 -6.782972957277001e+01 -5.652882974435909e+00;
4367
 -6.794254392855569e+01 -5.638702629066094e+00;
4368
 -6.804133782966601e+01 -5.626304546526987e+00;
4369
 -6.787091207926423e+01 -5.647715841426550e+00;
4370
 -6.798381259963664e+01 -5.633548757261746e+00;
4371
 -6.806829773699531e+01 -5.622970727507102e+00;
4372
 -6.791376273507954e+01 -5.642314179733766e+00;
4373
 -6.801891469177076e+01 -5.629118678180094e+00;
4374
 -6.809879325815864e+01 -5.619118308392772e+00;
4375
 -6.796150528458621e+01 -5.636323220211713e+00;
4376
 -6.805127961965482e+01 -5.625106613706938e+00;
4377
 -1.500998278006664e+01 -3.400642046806215e+02;
4378
 -6.800107433248348e+01 -5.631382504179879e+00;
4379
 -6.807839160832552e+01 -5.621678954809259e+00;
4380
 -1.503745172484022e+01 -3.400506679621632e+02;
4381
 -5.757076473046168e+01 -7.149505153229734e+01;
4382
 -6.810251841679612e+01 -5.618650749236864e+00;
4383
 -1.505873436837816e+01 -3.400401976820540e+02;
4384
 -1.493260314413773e+01 -3.401022923605574e+02;
4385
 -6.812243993479780e+01 -5.616150279841926e+00;
4386
 -1.507761753459713e+01 -3.400309310400590e+02;
4387
 -6.807521753315217e+01 -5.622027530288681e+00;
4388
 -1.502263524707628e+01 -3.400579569598487e+02;
4389
 -1.509590392031343e+01 -3.400219109512574e+02;
4390
 -1.497251913929967e+01 -3.400826575190252e+02;
4391
 -1.504095785280293e+01 -3.400489899346126e+02;
4392
 -1.511230001537713e+01 -3.400138909390478e+02;
4393
 -6.811055487735572e+01 -5.617617153664489e+00;
4394
 -1.505784832020736e+01 -3.400406804293797e+02;
4395
 -1.512886038223212e+01 -3.400057430996449e+02;
4396
 -1.500838028614739e+01 -3.400649930102031e+02;
4397
 -1.507552014819424e+01 -3.400319629143871e+02;
4398
 -1.514901705909225e+01 -3.399958021991143e+02;
4399
 -1.502809272971839e+01 -3.400552955756399e+02;
4400
 -1.509789615969729e+01 -3.400209542002843e+02;
4401
 -3.365773922483986e+01 -2.236126305109862e+02;
4402
 -1.505280584482192e+01 -3.400431143264761e+02;
4403
 -1.512572516809911e+01 -3.400072388297487e+02;
4404
 -6.831392635632047e+01 -5.592112045075670e+00;
4405
 -6.778196574355648e+01 -5.658875480892957e+00;
4406
 -2.628848783321070e-17  4.012937667739613e-14;
4407
 -6.780839761092574e+01 -5.655559357793865e+00;
4408
  0.000000000000000e+00  3.388352822131693e-14;
4409
  0.000000000000000e+00  0.000000000000000e+00;
4410
 -6.783642490746699e+01 -5.652042937322777e+00;
4411
  1.637833438332872e-14  3.236041874125432e-14;
4412
 -1.328172803752934e-14 -1.309670894048913e-14;
4413
 -6.787118865446348e+01 -5.647681138735662e+00;
4414
  2.621026279229616e-16  3.263177717640872e-14;
4415
 -6.779408236642674e+01 -5.657305534957963e+00;
4416
 -6.791289377071764e+01 -5.642423217713687e+00;
4417
 -5.254751208139391e-16  3.165987602903983e-14;
4418
 -6.783649221022301e+01 -5.652009585076542e+00;
4419
 -6.795634441352499e+01 -5.636970850218169e+00;
4420
  3.965143545087624e-16  3.277851997272436e-14;
4421
 -6.788078799612660e+01 -5.646426860434524e+00;
4422
 -6.799889774807426e+01 -5.631680559615822e+00;
4423
 -6.781293201922536e+01 -5.654940644293537e+00;
4424
 -6.792511782953594e+01 -5.640914231345217e+00;
4425
 -6.802934905841133e+01 -5.627834065537026e+00;
4426
 -6.785645672789845e+01 -5.649529576185959e+00;
4427
 -6.796718431272492e+01 -5.635635465966478e+00;
4428
 -1.493372018098320e+01 -3.401017428990021e+02;
4429
 -6.789780842685346e+01 -5.644316110488839e+00;
4430
 -6.800425399600839e+01 -5.630983467981310e+00;
4431
 -1.496537335799144e+01 -3.400861492088620e+02;
4432
 -6.794361330156872e+01 -5.638568438092083e+00;
4433
 -3.940376736261891e+01 -1.859276216564884e+02;
4434
 -6.811724412233660e+01 -5.616827343797782e+00;
4435
 -6.799141582550092e+01 -5.632569697272791e+00;
4436
 -6.806918565944848e+01 -5.622834385016559e+00;
4437
 -1.502817730479361e+01 -3.400552305487428e+02;
4438
 -6.802273693159638e+01 -5.628663891034455e+00;
4439
 -4.258175354725446e+01 -1.662592617243960e+02;
4440
 -1.505082347885094e+01 -3.400441130018697e+02;
4441
 -6.804819348457364e+01 -5.625469036937349e+00;
4442
 -6.811510249178068e+01 -5.617071254654133e+00;
4443
 -1.506941361164539e+01 -3.400349671989935e+02;
4444
 -6.806818641372985e+01 -5.622934897555929e+00;
4445
 -1.501484731500653e+01 -3.400618116154179e+02;
4446
 -1.508784887291992e+01 -3.400258739581146e+02;
4447
 -1.496503728479583e+01 -3.400863145272707e+02;
4448
 -1.503319228935370e+01 -3.400527634144471e+02;
4449
 -1.510397358412338e+01 -3.400179875487308e+02;
4450
 -6.810340967082418e+01 -5.618513984212490e+00;
4451
 -1.504968905707825e+01 -3.400446710973349e+02;
4452
 -1.511984319137247e+01 -3.400101562368267e+02;
4453
 -6.811952489586041e+01 -5.616516168326076e+00;
4454
 -1.506642424204778e+01 -3.400364378960818e+02;
4455
 -1.513830723464521e+01 -3.400010482588378e+02;
4456
 -1.501874206092479e+01 -3.400598721984340e+02;
4457
 -1.508681333948853e+01 -3.400264068462357e+02;
4458
 -1.516285093034481e+01 -3.399889720988419e+02;
4459
 -1.504180452440811e+01 -3.400485265672809e+02;
4460
 -1.511345946166428e+01 -3.400132970696329e+02;
4461
 -6.830258349421757e+01 -5.593511259610083e+00;
4462
 -1.507058822309095e+01 -3.400344127361206e+02;
4463
 -1.514553230591785e+01 -3.399974933678356e+02;
4464
 -6.833694170819055e+01 -5.589247265165609e+00;
4465
 -2.377262503594738e-16  1.304852974195334e-14;
4466
 -6.779906123413255e+01 -5.656777091583444e+00;
4467
  2.628604688897231e-16  1.669163977449742e-14;
4468
 -1.320945921542230e-14 -1.294684571213358e-14;
4469
 -6.782539950040982e+01 -5.653401338858382e+00;
4470
 -1.691522031050060e-14 -1.691522031050060e-14;
4471
  1.355409268735112e-14  2.718752640506723e-14;
4472
 -6.785624818829272e+01 -5.649505926921951e+00;
4473
 -1.651792048394520e-14  1.057146910972493e-15;
4474
 -6.777750985406097e+01 -5.659409589271728e+00;
4475
 -6.789556174510915e+01 -5.644622924418502e+00;
4476
  2.624647259809043e-16  2.624647259809043e-16;
4477
 -6.781922019591207e+01 -5.654176619623809e+00;
4478
 -6.793834360533799e+01 -5.639229707510164e+00;
4479
  1.545692478137974e-14  4.901298370847763e-14;
4480
 -6.786267415833552e+01 -5.648749470382424e+00;
4481
 -6.798193660427907e+01 -5.633809084800365e+00;
4482
 -6.779466334651379e+01 -5.657282464176628e+00;
4483
 -6.790643541979099e+01 -5.643258515492375e+00;
4484
 -6.801466963972317e+01 -5.629701232528336e+00;
4485
 -6.783900797162549e+01 -5.651718848233675e+00;
4486
 -6.794924050782767e+01 -5.637887205507620e+00;
4487
 -6.804502714709228e+01 -5.625891327321103e+00;
4488
 -6.788117146726961e+01 -5.646403651198995e+00;
4489
 -6.799207400076099e+01 -5.632536906520386e+00;
4490
 -6.807385192805137e+01 -5.622273628606267e+00;
4491
 -6.792483398643368e+01 -5.640974753985180e+00;
4492
 -6.802682619955058e+01 -5.628125784396892e+00;
4493
 -6.810552995516282e+01 -5.618297657353253e+00;
4494
 -6.797304575247723e+01 -5.634899910727039e+00;
4495
 -1.493537831958139e+01 -3.401009038495953e+02;
4496
 -1.501712297162335e+01 -3.400606921211059e+02;
4497
 -6.801089509643624e+01 -5.630199833615951e+00;
4498
 -1.496539320239843e+01 -3.400861394471594e+02;
4499
 -1.504177590143784e+01 -3.400485406486207e+02;
4500
 -6.804088829492839e+01 -5.626385866368850e+00;
4501
 -6.810764870773637e+01 -5.618006822392930e+00;
4502
 -1.506114221312105e+01 -3.400390599313619e+02;
4503
 -1.493825203169733e+01 -3.400994902869908e+02;
4504
 -1.500662243347345e+01 -3.400658577650134e+02;
4505
 -1.507937903541059e+01 -3.400300409943222e+02;
4506
 -6.807869070427546e+01 -5.621641415296383e+00;
4507
 -1.502511093741813e+01 -3.400567624684068e+02;
4508
 -1.509549922300741e+01 -3.400221334776272e+02;
4509
 -4.831045431707763e+01 -1.301954378709989e+02;
4510
 -1.504132546945063e+01 -3.400487856625396e+02;
4511
 -1.511066304802030e+01 -3.400146729137293e+02;
4512
 -6.811177855661057e+01 -5.617438663013218e+00;
4513
 -1.505734551440593e+01 -3.400409043751201e+02;
4514
 -1.512799353403521e+01 -3.400061461832096e+02;
4515
 -2.197843697027349e+01 -2.961861230875583e+02;
4516
 -1.507603482006536e+01 -3.400317331245753e+02;
4517
 -1.514999933621685e+01 -3.399953188929116e+02;
4518
 -1.503060027517869e+01 -3.400540619843409e+02;
4519
 -1.510068282672918e+01 -3.400195597556233e+02;
4520
 -1.518259580927146e+01 -3.399792802301885e+02;
4521
 -1.505821554479423e+01 -3.400404763468188e+02;
4522
 -1.513287801417685e+01 -3.400037663653576e+02;
4523
 -6.832991151686508e+01 -5.590105052048817e+00;
4524
 -1.509154525678009e+01 -3.400240787956334e+02;
4525
 -1.516908723149453e+01 -3.399859270269970e+02;
4526
 -6.836576261610207e+01 -5.585628546118299e+00;
4527
 -3.961742633313319e-16  3.275040576872344e-14;
4528
  2.644639415366499e-17  2.644639415366499e-17;
4529
 -6.781606068939747e+01 -5.654695834012835e+00;
4530
  1.680581522564322e-14  5.041744567692965e-14;
4531
 -1.354644721185394e-14  1.354644721185394e-14;
4532
 -6.784432885359402e+01 -5.651051250115516e+00;
4533
 -1.666027020114775e-14  1.652804583447197e-14;
4534
 -1.333241837115367e-14 -1.306971061999793e-14;
4535
 -6.787953106700368e+01 -5.646634386215299e+00;
4536
 -3.305092665756403e-14 -3.159668588463122e-14;
4537
 -6.780188858619459e+01 -5.656351077844008e+00;
4538
 -6.792041256461519e+01 -5.641529563168698e+00;
4539
 -1.610929422146736e-14  1.624026409318661e-14;
4540
 -6.784467059789780e+01 -5.651008372120645e+00;
4541
 -6.796440118960807e+01 -5.635984719417986e+00;
4542
 -1.667743878726877e-14 -1.548619315960672e-14;
4543
 -6.788827691206455e+01 -5.645537000213592e+00;
4544
 -6.800172253526986e+01 -5.631301157237210e+00;
4545
 -6.782031840894922e+01 -5.654063742454296e+00;
4546
 -6.793071752418653e+01 -5.640186659768233e+00;
4547
 -1.490938221738607e+01 -3.401136909512402e+02;
4548
 -6.786316985770964e+01 -5.648687274270610e+00;
4549
 -6.797345560103493e+01 -5.634873382221156e+00;
4550
 -1.493878279007340e+01 -3.400992292094111e+02;
4551
 -6.790606436480080e+01 -5.643305075170567e+00;
4552
 -6.801081419822142e+01 -5.630160180767104e+00;
4553
 -1.497227391026104e+01 -3.400827547295015e+02;
4554
 -6.795354425138866e+01 -5.637322236405681e+00;
4555
 -6.804644777880038e+01 -5.625737933845095e+00;
4556
 -3.427040353268667e+01 -2.187688066728854e+02;
4557
 -6.799879084948563e+01 -5.631669071871907e+00;
4558
 -6.807591352608402e+01 -5.621965077403546e+00;
4559
 -1.503122301168170e+01 -3.400537790474617e+02;
4560
 -5.603846829612500e+01 -8.114298989755778e+01;
4561
 -6.809913572749937e+01 -5.619050423812154e+00;
4562
 -1.505186752347895e+01 -3.400436227874913e+02;
4563
 -1.493028426844642e+01 -3.401034095717122e+02;
4564
 -6.811737080393887e+01 -5.616811443115594e+00;
4565
 -1.507088261179407e+01 -3.400342444846386e+02;
4566
 -6.807091835461769e+01 -5.622616917192158e+00;
4567
 -1.501661223788809e+01 -3.400609667939277e+02;
4568
 -1.508686645369773e+01 -3.400263572962907e+02;
4569
 -1.496755305167063e+01 -3.400850769898734e+02;
4570
 -1.503281074389622e+01 -3.400529745372195e+02;
4571
 -1.510155904927472e+01 -3.400191286574188e+02;
4572
 -6.810382541312470e+01 -5.618486702453483e+00;
4573
 -1.504810099468156e+01 -3.400454523666299e+02;
4574
 -1.511771823983500e+01 -3.400112017283724e+02;
4575
 -6.811922853232180e+01 -5.616528467644337e+00;
4576
 -1.506565397543444e+01 -3.400368168476100e+02;
4577
 -1.513770792793426e+01 -3.400013665461829e+02;
4578
 -1.501964661666683e+01 -3.400594740471112e+02;
4579
 -1.508782245236570e+01 -3.400259103751060e+02;
4580
 -1.516590556948235e+01 -3.399874691078520e+02;
4581
 -1.504520285787114e+01 -3.400469015607639e+02;
4582
 -1.511938764541532e+01 -3.400103803689727e+02;
4583
 -6.598531509774985e+01 -2.031996315618044e+01;
4584
 -1.507845386941336e+01 -3.400305429970950e+02;
4585
 -1.515899910635173e+01 -3.399908907411971e+02;
4586
 -6.837609923692409e+01 -5.584280872733448e+00;
4587
 -1.511586078887179e+01 -3.400121156054004e+02;
4588
 -1.519657243256349e+01 -3.399724264309771e+02;
4589
 -6.839471782835254e+01 -5.581967923010546e+00;
4590
  1.665973873391785e-14  1.665973873391785e-14;
4591
  1.353258991351593e-14  1.379715667624352e-14;
4592
 -6.783420504860916e+01 -5.652505237937216e+00;
4593
  1.693154044811542e-14  1.693154044811542e-14;
4594
 -1.353015610373434e-14 -1.353015610373434e-14;
4595
 -6.786594000934933e+01 -5.648339698754222e+00;
4596
  3.940262648697698e-16  1.313420882899232e-15;
4597
 -6.778584987543086e+01 -5.658388188077599e+00;
4598
 -6.790344227550317e+01 -5.643658997866583e+00;
4599
 -1.636960646651990e-14 -1.636960646651990e-14;
4600
 -6.782674815426036e+01 -5.653232130328382e+00;
4601
 -6.794701767642869e+01 -5.638141236445284e+00;
4602
 -3.938499598218714e-16  7.876999196437428e-16;
4603
 -6.787073587684587e+01 -5.647737949999182e+00;
4604
 -6.799122670624335e+01 -5.632593430667110e+00;
4605
 -6.780215865877261e+01 -5.656342103482764e+00;
4606
 -6.791340254653041e+01 -5.642384282007817e+00;
4607
 -6.802104516655412e+01 -5.628876207206657e+00;
4608
 -6.784460831798535e+01 -5.651016186262104e+00;
4609
 -6.795496302098125e+01 -5.637194007073053e+00;
4610
 -6.804899706120587e+01 -5.625368184392733e+00;
4611
 -6.788744462769310e+01 -5.645666338225843e+00;
4612
 -6.799837972246550e+01 -5.631720666517012e+00;
4613
 -6.807893860843262e+01 -5.621585400212921e+00;
4614
 -6.793361610631543e+01 -5.639897650005610e+00;
4615
 -1.490960512420904e+01 -3.401135813084231e+02;
4616
 -6.811138576465899e+01 -5.617512864257399e+00;
4617
 -6.798380727731423e+01 -5.633524521654045e+00;
4618
 -6.806498146734495e+01 -5.623337143210887e+00;
4619
 -1.502013626537420e+01 -3.400592331664473e+02;
4620
 -6.801950409278652e+01 -5.629119416085596e+00;
4621
 -1.496847700356440e+01 -3.400846224853188e+02;
4622
 -1.504126331947524e+01 -3.400488396575187e+02;
4623
 -6.804482015069210e+01 -5.625867502844845e+00;
4624
 -6.810863101738134e+01 -5.617858627834585e+00;
4625
 -1.506152278785090e+01 -3.400388492802524e+02;
4626
 -1.494066841006463e+01 -3.400983016802840e+02;
4627
 -1.500810339400206e+01 -3.400651058034599e+02;
4628
 -1.507823987537360e+01 -3.400305780223346e+02;
4629
 -3.522079153211208e+01 -2.125151096399881e+02;
4630
 -1.502413589603305e+01 -3.400572655590560e+02;
4631
 -1.509265809425277e+01 -3.400235547082289e+02;
4632
 -3.847985762159435e+01 -1.920898950624671e+02;
4633
 -1.503893647622796e+01 -3.400499375280553e+02;
4634
 -1.510791338075475e+01 -3.400160257537294e+02;
4635
 -6.811039515513335e+01 -5.617637201297945e+00;
4636
 -1.505528577714933e+01 -3.400419177008844e+02;
4637
 -1.512571973027929e+01 -3.400072649225276e+02;
4638
 -6.812742852490477e+01 -5.615549019977557e+00;
4639
 -1.507553811250112e+01 -3.400319306575524e+02;
4640
 -1.514984885017908e+01 -3.399953929360426e+02;
4641
 -1.503213021682098e+01 -3.400533327449969e+02;
4642
 -1.510324236425893e+01 -3.400183238893782e+02;
4643
 -1.519029839309141e+01 -3.399755135949186e+02;
4644
 -1.506421590612907e+01 -3.400375009209725e+02;
4645
 -1.514902023177280e+01 -3.399958240547128e+02;
4646
 -6.841468380810120e+01 -5.579435937497150e+00;
4647
 -1.510384911727458e+01 -3.400180487861766e+02;
4648
 -1.519736092914440e+01 -3.399720384466366e+02;
4649
 -6.845086292227944e+01 -5.574917694353540e+00;
4650
 -1.514253708901010e+01 -3.399990139167846e+02;
4651
 -1.522237939804447e+01 -3.399596809335212e+02;
4652
 -6.839213064893306e+01 -5.582292785621999e+00;
4653
  0.000000000000000e+00  0.000000000000000e+00;
4654
  1.342836281495114e-14  2.684349571579889e-14;
4655
 -6.785366672590699e+01 -5.649879637686939e+00;
4656
  1.323777904828138e-16  1.323777904828138e-16;
4657
  2.695482873899959e-14  4.024055845096358e-14;
4658
 -6.788823283747465e+01 -5.645592343345172e+00;
4659
  1.585547979037722e-14  3.237160457202016e-14;
4660
 -6.780976615150736e+01 -5.655412567183784e+00;
4661
 -6.792964802483421e+01 -5.640370674481125e+00;
4662
 -3.942183901002546e-16 -3.942183901002546e-16;
4663
 -6.785334565278735e+01 -5.649919922645270e+00;
4664
 -6.797565989259803e+01 -5.634596762659988e+00;
4665
 -6.778462165055403e+01 -5.658517368628407e+00;
4666
 -6.789755895489796e+01 -5.644372319766121e+00;
4667
 -1.488387921920024e+01 -3.401262350948870e+02;
4668
 -6.782728556641830e+01 -5.653189612224756e+00;
4669
 -6.793848482646629e+01 -5.639211986380142e+00;
4670
 -1.491452919913941e+01 -3.401111592596403e+02;
4671
 -6.786891555615873e+01 -5.647966350404500e+00;
4672
 -6.797993170926161e+01 -5.634035780451066e+00;
4673
 -6.023280196620724e+01 -5.493739620424262e+01;
4674
 -6.791364458317901e+01 -5.642378816797015e+00;
4675
 -6.801727551850180e+01 -5.629324392932866e+00;
4676
 -6.457721522722940e+01 -2.777812117776901e+01;
4677
 -6.796356394527754e+01 -5.636114688878055e+00;
4678
 -3.709348704247770e+01 -2.005508155830321e+02;
4679
 -1.500711103374910e+01 -3.400656174040853e+02;
4680
 -1.487969421281322e+01 -3.401283169571732e+02;
4681
 -6.807874748664388e+01 -5.621634288543226e+00;
4682
 -1.503031931392223e+01 -3.400542236239532e+02;
4683
 -1.491084539433494e+01 -3.401129712470790e+02;
4684
 -6.809865871997359e+01 -5.619110294718213e+00;
4685
 -1.505099721146239e+01 -3.400440509509398e+02;
4686
 -1.493132400208473e+01 -3.401028747136564e+02;
4687
 -6.811772487487949e+01 -5.616767001213018e+00;
4688
 -1.506892273927686e+01 -3.400352321155702e+02;
4689
 -6.807231890989083e+01 -5.622466036164237e+00;
4690
 -1.501547731631880e+01 -3.400615016907361e+02;
4691
 -1.508383373927931e+01 -3.400278727692183e+02;
4692
 -1.496661337820437e+01 -3.400855158056679e+02;
4693
 -1.502998802505173e+01 -3.400543631822028e+02;
4694
 -1.509860537276883e+01 -3.400206052713576e+02;
4695
 -6.810163349367289e+01 -5.618786719555052e+00;
4696
 -1.504538391326609e+01 -3.400467890688410e+02;
4697
 -1.511474927883113e+01 -3.400126858916142e+02;
4698
 -6.811743650496511e+01 -5.616803196525194e+00;
4699
 -1.506344427498786e+01 -3.400379273809233e+02;
4700
 -1.513493209293987e+01 -3.400027323073362e+02;
4701
 -1.501950435876878e+01 -3.400594971895588e+02;
4702
 -1.508762978069539e+01 -3.400260285856492e+02;
4703
 -1.516498885920817e+01 -3.399879669948504e+02;
4704
 -1.504813112160447e+01 -3.400454609648217e+02;
4705
 -1.512467852996777e+01 -3.400077537874328e+02;
4706
 -1.983056372178543e+01 -3.110129681341454e+02;
4707
 -1.509012956620140e+01 -3.400247753010869e+02;
4708
 -1.521491546232014e+01 -3.399633771214660e+02;
4709
 -7.615858972420834e+01  5.418642488905343e+00;
4710
 -1.513509628897109e+01 -3.400026749370835e+02;
4711
 -1.525307068625343e+01 -3.399446017444612e+02;
4712
 -6.841297160048470e+01 -5.579675829834500e+00;
4713
 -1.516555416418624e+01 -3.399876654282044e+02;
4714
 -1.522356714013075e+01 -3.399591433079827e+02;
4715
 -6.784160111635572e+01 -5.651586307395453e+00;
4716
 -1.693283520461763e-14  5.079850561385289e-14;
4717
 -1.328264964516367e-14  2.643313362221626e-16;
4718
 -6.787394323178118e+01 -5.647410233934493e+00;
4719
  3.965534505903955e-16  1.678742940832674e-14;
4720
 -6.779456103042548e+01 -5.657295300603018e+00;
4721
 -6.791284512058733e+01 -5.642479133682099e+00;
4722
  1.655342429313515e-14  1.655342429313515e-14;
4723
 -6.783597693989276e+01 -5.652124050268790e+00;
4724
 -6.795875020346261e+01 -5.636693856092374e+00;
4725
  1.613839178666117e-14  3.214557713603241e-14;
4726
 -6.788200427617964e+01 -5.646299154775474e+00;
4727
 -6.800012135346559e+01 -5.631502099222475e+00;
4728
 -6.781143587237116e+01 -5.655203080496491e+00;
4729
 -6.792445872294932e+01 -5.640972032331209e+00;
4730
 -6.802888232322309e+01 -5.627892641312731e+00;
4731
 -6.785238100439608e+01 -5.650090771672389e+00;
4732
 -6.796266700481219e+01 -5.636227245330451e+00;
4733
 -3.287084163706461e+01 -2.271408853860174e+02;
4734
 -6.789391805090052e+01 -5.644829170368734e+00;
4735
 -6.800054439079194e+01 -5.631424106743937e+00;
4736
 -1.495984766631701e+01 -3.400888439314608e+02;
4737
 -6.794162321464761e+01 -5.638843070115879e+00;
4738
 -1.491350669113641e+01 -3.401116622110355e+02;
4739
 -6.811108240161047e+01 -5.617600740423953e+00;
4740
 -6.799301886941304e+01 -5.632368524126862e+00;
4741
 -6.806649407142677e+01 -5.623147299883461e+00;
4742
 -1.501796080200295e+01 -3.400602799551496e+02;
4743
 -6.802313479931966e+01 -5.628638860968455e+00;
4744
 -1.496756616168961e+01 -3.400850705408801e+02;
4745
 -1.504023486426278e+01 -3.400492987756155e+02;
4746
 -6.804433417341457e+01 -5.625953396539047e+00;
4747
 -6.810780993375283e+01 -5.617961686322471e+00;
4748
 -1.505877537222889e+01 -3.400402009286212e+02;
4749
 -1.494104336958284e+01 -3.400981406615008e+02;
4750
 -1.500614819310019e+01 -3.400660442201437e+02;
4751
 -1.507459868995485e+01 -3.400324396722747e+02;
4752
 -6.794247596791884e+01 -6.483142843052994e+00;
4753
 -1.502111496552914e+01 -3.400587282781842e+02;
4754
 -1.508947527212693e+01 -3.400251206250853e+02;
4755
 -1.497256477312962e+01 -3.400825882275878e+02;
4756
 -1.503599558674954e+01 -3.400514077383078e+02;
4757
 -1.510471530280240e+01 -3.400175992064864e+02;
4758
 -6.810791638917007e+01 -5.617948324554629e+00;
4759
 -1.505234015965472e+01 -3.400433902666223e+02;
4760
 -1.512211076219988e+01 -3.400090405724654e+02;
4761
 -6.812553421089996e+01 -5.615786791512148e+00;
4762
 -1.507278690489066e+01 -3.400333310329788e+02;
4763
 -1.514486837462075e+01 -3.399978668712332e+02;
4764
 -1.503229606420732e+01 -3.400532277358014e+02;
4765
 -1.510199759191790e+01 -3.400189363138941e+02;
4766
 -1.518419279419352e+01 -3.399784710223253e+02;
4767
 -1.506863183680979e+01 -3.400353752326677e+02;
4768
 -1.515771532402024e+01 -3.399914989865638e+02;
4769
 -5.112402734308427e+01 -1.144130476615305e+02;
4770
 -1.512779960618623e+01 -3.400062415982134e+02;
4771
  7.269884959166347e+00 -2.121267050452311e+02;
4772
 -6.846014695323291e+01 -5.573751829383100e+00;
4773
 -1.516721816820953e+01 -3.399868466769783e+02;
4774
 -1.523293608802381e+01 -3.399544862519874e+02;
4775
 -1.517064946029192e+01 -3.399851349335300e+02;
4776
 -6.782854644346240e+01 -5.653178271675835e+00;
4777
  1.336329675517977e-14  1.360074921479797e-14;
4778
 -6.785973166153495e+01 -5.649118668625168e+00;
4779
  0.000000000000000e+00  1.321532135380049e-15;
4780
 -6.778027025314958e+01 -5.659088191180485e+00;
4781
 -6.789659513359278e+01 -5.644493257626465e+00;
4782
  1.617730152169719e-14  1.670339262809385e-14;
4783
 -6.781917901809632e+01 -5.654181785995884e+00;
4784
 -6.794063328102179e+01 -5.638967292277373e+00;
4785
  1.653108853226988e-14  1.653108853226988e-14;
4786
 -6.786508456983339e+01 -5.648447032331501e+00;
4787
 -6.798839008810229e+01 -5.632924505940188e+00;
4788
 -6.779587830884863e+01 -5.657154945111791e+00;
4789
 -6.791092384141182e+01 -5.642720216095917e+00;
4790
 -6.801853545098355e+01 -5.629191175063644e+00;
4791
 -6.783834637098411e+01 -5.651776949436916e+00;
4792
 -6.794862371012006e+01 -5.637964605455179e+00;
4793
 -6.804278623973867e+01 -5.626147667904193e+00;
4794
 -6.787664607104183e+01 -5.646971471680656e+00;
4795
 -6.798595879632003e+01 -5.633304327684122e+00;
4796
 -6.806722776605798e+01 -5.623080116466257e+00;
4797
 -6.791957997141517e+01 -5.641609132876015e+00;
4798
 -6.802021578370717e+01 -5.629005196817399e+00;
4799
 -5.373390914365925e+01 -9.604705936827669e+01;
4800
 -6.796942060650046e+01 -5.635404640876484e+00;
4801
 -5.566996734665024e+01 -8.358597194815312e+01;
4802
 -6.812263378945241e+01 -5.616125947630811e+00;
4803
 -1.488158122037405e+01 -3.401273653903069e+02;
4804
 -6.807670180155516e+01 -5.621866141340115e+00;
4805
 -1.502872947373477e+01 -3.400549823286961e+02;
4806
 -1.490992460859888e+01 -3.401134007377361e+02;
4807
 -6.809769378810688e+01 -5.619231406614271e+00;
4808
 -1.504845253011250e+01 -3.400452560045144e+02;
4809
 -1.493044207860467e+01 -3.401033319464273e+02;
4810
 -6.811514431408260e+01 -5.617066005266059e+00;
4811
 -1.506494695200611e+01 -3.400371881038322e+02;
4812
 -6.807047654575106e+01 -5.622672367973653e+00;
4813
 -1.501183936648828e+01 -3.400633147715588e+02;
4814
 -1.508033026489120e+01 -3.400295964241571e+02;
4815
 -1.496359109978880e+01 -3.400870493440640e+02;
4816
 -1.502681005186506e+01 -3.400559031695593e+02;
4817
 -1.509506962904555e+01 -3.400223682528876e+02;
4818
 -6.809890761736123e+01 -5.619103954761182e+00;
4819
 -1.504219016217447e+01 -3.400483602688067e+02;
4820
 -1.511101586830062e+01 -3.400144993253363e+02;
4821
 -6.811474477230887e+01 -5.617116154330440e+00;
4822
 -1.505984660712751e+01 -3.400396504936480e+02;
4823
 -1.512935581453311e+01 -3.400054993401730e+02;
4824
 -1.501691791032003e+01 -3.400607929997977e+02;
4825
 -1.508269141484465e+01 -3.400284581944633e+02;
4826
 -1.515428861006037e+01 -3.399931850337589e+02;
4827
 -1.504702367814195e+01 -3.400460057861001e+02;
4828
 -1.511860428300433e+01 -3.400107657890574e+02;
4829
 -1.520471145412150e+01 -3.399684449744220e+02;
4830
 -1.509426859862275e+01 -3.400227389354761e+02;
4831
 -1.520845940969746e+01 -3.399665539186574e+02;
4832
 -6.837018759640389e+01 -5.585023154039771e+00;
4833
 -1.518119126193211e+01 -3.399799713327050e+02;
4834
 -1.525555311784549e+01 -3.399433567475661e+02;
4835
 -1.516994143125914e+01 -3.399854833115733e+02;
4836
 -6.781544573769735e+01 -5.654816526091359e+00;
4837
  1.184293405347437e-16  1.344830955850089e-14;
4838
 -6.784525786265512e+01 -5.650959596837017e+00;
4839
  0.000000000000000e+00  0.000000000000000e+00;
4840
  2.641800966868355e-16  1.368452900837808e-14;
4841
 -6.788042841323893e+01 -5.646496885566602e+00;
4842
 -1.668062047845727e-14 -1.668062047845727e-14;
4843
 -6.780291700800277e+01 -5.656246960515621e+00;
4844
 -6.792265636306358e+01 -5.641223101734616e+00;
4845
  1.323388896605210e-16  1.191050006944689e-15;
4846
 -6.784696535619138e+01 -5.650720452654552e+00;
4847
 -6.796918248575682e+01 -5.635384714832570e+00;
4848
 -6.777896775660804e+01 -5.659251597965258e+00;
4849
 -6.789471588432230e+01 -5.644753966807468e+00;
4850
 -1.488027970277754e+01 -3.401279821299237e+02;
4851
 -6.782481105562360e+01 -5.653500076232860e+00;
4852
 -6.793542259456659e+01 -5.639571344290764e+00;
4853
 -5.981307935133269e+01 -5.738319636563279e+01;
4854
 -6.786255294998777e+01 -5.648764678559803e+00;
4855
 -6.796954296377298e+01 -5.635314574366376e+00;
4856
 -1.493234481421388e+01 -3.401023725851743e+02;
4857
 -6.789995564613864e+01 -5.644071588256844e+00;
4858
 -6.800304024746949e+01 -5.631160692154809e+00;
4859
 -1.496010362193864e+01 -3.400887648687980e+02;
4860
 -6.794520006766818e+01 -5.638369321283921e+00;
4861
 -1.491287155448863e+01 -3.401119746218221e+02;
4862
 -6.810905097932351e+01 -5.617805916174607e+00;
4863
 -6.799254772759569e+01 -5.632452553128707e+00;
4864
 -1.494109969762475e+01 -3.400980895313040e+02;
4865
 -1.501619805811159e+01 -3.400611471266150e+02;
4866
 -6.802050225382628e+01 -5.628969244944694e+00;
4867
 -1.496596604374782e+01 -3.400858576595067e+02;
4868
 -1.503772020495330e+01 -3.400505827212110e+02;
4869
 -6.804337622314111e+01 -5.626123426298292e+00;
4870
 -6.810540622204249e+01 -5.618288287854649e+00;
4871
 -1.505518733063454e+01 -3.400419895527306e+02;
4872
 -1.493830460525571e+01 -3.400994410036245e+02;
4873
 -6.812096279723997e+01 -5.616310787325118e+00;
4874
 -1.507113514156215e+01 -3.400340968267800e+02;
4875
 -6.807589490244717e+01 -5.621967414845630e+00;
4876
 -1.501760537974920e+01 -3.400604548031872e+02;
4877
 -1.508577566580703e+01 -3.400269173682707e+02;
4878
 -1.496938129364481e+01 -3.400841776521663e+02;
4879
 -1.503245646841059e+01 -3.400531488243762e+02;
4880
 -1.510064200691920e+01 -3.400196266748607e+02;
4881
 -6.810491133733525e+01 -5.618375303008003e+00;
4882
 -1.504859050888718e+01 -3.400452349630233e+02;
4883
 -1.511703552462253e+01 -3.400115610461630e+02;
4884
 -6.812215952624494e+01 -5.616185476096706e+00;
4885
 -1.506720345676374e+01 -3.400360545419401e+02;
4886
 -1.513513133972144e+01 -3.400026108574275e+02;
4887
 -1.502739806325400e+01 -3.400556373173098e+02;
4888
 -1.509168420646131e+01 -3.400240338520121e+02;
4889
 -1.516213971404386e+01 -3.399893688742271e+02;
4890
 -1.506265103854987e+01 -3.400382707933343e+02;
4891
 -1.513488542625912e+01 -3.400027552681483e+02;
4892
 -1.520390531652669e+01 -3.399687948126968e+02;
4893
 -1.512101916278379e+01 -3.400096010666138e+02;
4894
 -1.518726229774218e+01 -3.399770075078981e+02;
4895
 -1.516432589941674e+01 -3.399882463623750e+02;
4896
  0.000000000000000e+00  2.512075373981002e-16;
4897
 -6.783096989700009e+01 -5.652882280487680e+00;
4898
  2.631528355572792e-16  1.657862864010859e-14;
4899
  1.348231597672895e-14  2.707089651288040e-14;
4900
 -6.786427117589001e+01 -5.648499275944964e+00;
4901
 -1.545310337598165e-14 -1.492479214945236e-14;
4902
 -6.778673680670921e+01 -5.658301825485895e+00;
4903
 -6.790475527706344e+01 -5.643494244035737e+00;
4904
 -7.992347667830571e-16 -3.996173833915285e-16;
4905
 -6.782898870496635e+01 -5.652951019530355e+00;
4906
 -6.794970719129259e+01 -5.637803738322504e+00;
4907
 -1.654003647442247e-14  1.759859880878551e-14;
4908
 -6.787551531014051e+01 -5.647163166009956e+00;
4909
 -6.799496369333831e+01 -5.632149362081521e+00;
4910
 -6.780859968338841e+01 -5.655558914420799e+00;
4911
 -6.791989269879407e+01 -5.641569891352028e+00;
4912
 -6.802133672880053e+01 -5.628864518622962e+00;
4913
 -6.784931359337679e+01 -5.650425822342106e+00;
4914
 -6.795419619491595e+01 -5.637265329978108e+00;
4915
 -6.804409293241008e+01 -5.626008574892576e+00;
4916
 -6.788353447114366e+01 -5.646107153688098e+00;
4917
 -6.799001244962383e+01 -5.632795619463199e+00;
4918
 -6.806806230368628e+01 -5.622950474364028e+00;
4919
 -6.792312730143851e+01 -5.641213818129943e+00;
4920
 -6.802057488706551e+01 -5.628910324691762e+00;
4921
 -3.892259551994356e+01 -1.892984813970947e+02;
4922
 -6.796847208385211e+01 -5.635523671364512e+00;
4923
 -6.804996169560908e+01 -5.625247118208208e+00;
4924
 -6.812213271396958e+01 -5.616163942185178e+00;
4925
 -6.800409648704986e+01 -5.631028137730103e+00;
4926
 -6.807504484495151e+01 -5.622049204257581e+00;
4927
 -1.502632371729377e+01 -3.400561892621538e+02;
4928
 -1.490829642641817e+01 -3.401142250267820e+02;
4929
 -4.817130607414192e+01 -1.310673260076810e+02;
4930
 -1.504492885367201e+01 -3.400470129406562e+02;
4931
 -6.805110383251913e+01 -5.625078872923030e+00;
4932
 -6.811175571656821e+01 -5.617466429442215e+00;
4933
 -1.506187466874138e+01 -3.400386761647765e+02;
4934
 -6.806671849836091e+01 -5.623144033567111e+00;
4935
 -1.500836569651485e+01 -3.400649767667330e+02;
4936
 -1.507666860348863e+01 -3.400314213152196e+02;
4937
 -1.496920591902489e+01 -3.400312598250940e+02;
4938
 -1.502308812076157e+01 -3.400577575899492e+02;
4939
 -1.509092454006369e+01 -3.400243841821357e+02;
4940
 -2.202948134504522e+01 -2.956652163361089e+02;
4941
 -1.503809799833324e+01 -3.400503500234453e+02;
4942
 -1.510595427889406e+01 -3.400169896316212e+02;
4943
 -6.811117297633865e+01 -5.617539572545483e+00;
4944
 -1.505471952094468e+01 -3.400422196999611e+02;
4945
 -1.512149536150878e+01 -3.400093199377876e+02;
4946
 -6.812948093824521e+01 -5.615316302424000e+00;
4947
 -1.507300358670668e+01 -3.400332244301230e+02;
4948
 -1.513922883559221e+01 -3.400005948130853e+02;
4949
 -1.503672052704817e+01 -3.400510276796656e+02;
4950
 -1.509892743899984e+01 -3.400204702345191e+02;
4951
 -1.516625707005819e+01 -3.399872961567076e+02;
4952
 -1.507622039075851e+01 -3.400316418273596e+02;
4953
 -1.513739302077742e+01 -3.400015214864546e+02;
4954
 -1.512288566426972e+01 -3.400086593132463e+02;
4955
  1.626090522393958e-14  3.357943029984271e-14;
4956
 -1.334243834629682e-16 -1.334243834629682e-16;
4957
 -6.784854831015845e+01 -5.650789509116499e+00;
4958
  1.646961926459388e-14  1.607116073399886e-14;
4959
  1.317024566044830e-16  3.687668784925525e-16;
4960
 -6.788696119131752e+01 -5.645677184848505e+00;
4961
  1.676194872306812e-14  3.273199435685742e-14;
4962
 -6.781108688656028e+01 -5.655197047509201e+00;
4963
 -6.793037974231886e+01 -5.640229045802655e+00;
4964
 -9.253709058200287e-16  3.304896092214388e-14;
4965
 -6.785603694798921e+01 -5.649582246078898e+00;
4966
 -6.797558001139524e+01 -5.634581883301136e+00;
4967
 -6.778940796170581e+01 -5.657916888361750e+00;
4968
 -6.790129870683742e+01 -5.643927969560215e+00;
4969
 -1.488240052698308e+01 -3.401269389816341e+02;
4970
 -6.783378368545478e+01 -5.652349413822268e+00;
4971
 -6.793883072663023e+01 -5.639168581141117e+00;
4972
 -1.491015490265635e+01 -3.401133108847256e+02;
4973
 -6.786814797840998e+01 -5.648037753210043e+00;
4974
 -6.797183254822231e+01 -5.635052156887308e+00;
4975
 -1.493229550561404e+01 -3.401024202625118e+02;
4976
 -6.790401561578763e+01 -5.643512338047365e+00;
4977
 -6.800401261027484e+01 -5.631013761074088e+00;
4978
 -1.845389712159023e+01 -3.180876992488916e+02;
4979
 -6.794561661542714e+01 -5.638366859698763e+00;
4980
 -1.491202085439732e+01 -3.401123930634857e+02;
4981
 -6.810859182101278e+01 -5.617913347053652e+00;
4982
 -6.798931578560388e+01 -5.632883046652451e+00;
4983
 -1.494057190790263e+01 -3.400983257267557e+02;
4984
 -1.501472270950671e+01 -3.400618729141811e+02;
4985
 -6.801838761748721e+01 -5.629184825575094e+00;
4986
 -1.496346882396119e+01 -3.400870860709135e+02;
4987
 -1.503409368632754e+01 -3.400523433882162e+02;
4988
 -6.804112231822521e+01 -5.626356495691788e+00;
4989
 -6.810208055047964e+01 -5.618680807735408e+00;
4990
 -1.505206329064853e+01 -3.400434796378986e+02;
4991
 -1.493465463563330e+01 -3.401012598247955e+02;
4992
 -6.811806266791109e+01 -5.616699702992086e+00;
4993
 -1.506764441909282e+01 -3.400358375993413e+02;
4994
 -6.807259421157642e+01 -5.622431483359289e+00;
4995
 -1.501392658461821e+01 -3.400622879822812e+02;
4996
 -1.508168292234476e+01 -3.400289543571918e+02;
4997
 -1.496563431381493e+01 -3.400860208415355e+02;
4998
 -1.502828211975551e+01 -3.400551789849175e+02;
4999
 -1.509588674833804e+01 -3.400219896542418e+02;
5000
 -6.810100473227962e+01 -5.618815838002067e+00;
5001
 -1.504347236676683e+01 -3.400477294753213e+02;
5002
 -1.510984813528479e+01 -3.400150504346190e+02;
5003
 -6.811719419726180e+01 -5.616808710760655e+00;
5004
 -1.505925214116981e+01 -3.400399897917562e+02;
5005
 -1.512457554350354e+01 -3.400078044578897e+02;
5006
 -3.603167322707515e+01 -2.077486437866017e+02;
5007
 -1.507709110890006e+01 -3.400311666130701e+02;
5008
 -1.514303136325981e+01 -3.399987707228921e+02;
5009
 -1.504400853254198e+01 -3.400474657028568e+02;
5010
 -1.510360168580307e+01 -3.400181705219463e+02;
5011
 -1.508200392457123e+01 -3.400287730105621e+02;
5012
  0.000000000000000e+00  1.707674078506749e-14;
5013
  1.342298133478359e-14  2.718980258553208e-14;
5014
 -6.786938682665856e+01 -5.647882311945760e+00;
5015
 -1.685629389983005e-14  1.316897960924223e-16;
5016
 -6.779327422366214e+01 -5.657456742193703e+00;
5017
 -6.791115183507634e+01 -5.642666701711101e+00;
5018
  6.649246334298524e-16  6.649246334298524e-16;
5019
 -6.783670917713441e+01 -5.651982362930108e+00;
5020
 -6.795581473374301e+01 -5.637062223045508e+00;
5021
  6.616913891372814e-16  1.191044500447106e-15;
5022
 -6.788191025039954e+01 -5.646385672446433e+00;
5023
 -6.799921287403400e+01 -5.631591206564317e+00;
5024
 -6.781518377223387e+01 -5.654732859433154e+00;
5025
 -6.792261888012365e+01 -5.641252710566021e+00;
5026
 -6.802409559869993e+01 -5.628518280514390e+00;
5027
 -6.785274022231842e+01 -5.649970978254081e+00;
5028
 -6.795601780555280e+01 -5.637036739963774e+00;
5029
 -6.804483098152589e+01 -5.625915946874501e+00;
5030
 -6.788583434547461e+01 -5.645793669944299e+00;
5031
 -6.799000768665063e+01 -5.632746410523314e+00;
5032
 -6.806689544776501e+01 -5.623096924028808e+00;
5033
 -6.792449722692848e+01 -5.641017011399419e+00;
5034
 -6.801992543656156e+01 -5.629041635239722e+00;
5035
 -1.497315440728366e+01 -3.400822981767390e+02;
5036
 -6.796720898297549e+01 -5.635607466079747e+00;
5037
 -6.804950368084178e+01 -5.625354404308080e+00;
5038
 -6.811989184164509e+01 -5.616470110281564e+00;
5039
 -6.800355366749898e+01 -5.631046453892717e+00;
5040
 -6.807364838106933e+01 -5.622249374011922e+00;
5041
 -1.502311553877140e+01 -3.400577441017189e+02;
5042
 -6.803006582610865e+01 -5.627769012451067e+00;
5043
 -1.497132937445061e+01 -3.400831959400474e+02;
5044
 -1.504169855175088e+01 -3.400486255409620e+02;
5045
 -6.804772998777338e+01 -5.625527207854135e+00;
5046
 -6.810879842581106e+01 -5.617862515246560e+00;
5047
 -1.505815762683238e+01 -3.400405282599428e+02;
5048
 -1.494140460949487e+01 -3.400979629686498e+02;
5049
 -5.802488499949010e+01 -6.919988951844368e+01;
5050
 -1.507260473324669e+01 -3.400333738198746e+02;
5051
 -6.807788553625444e+01 -5.621742471845028e+00;
5052
 -1.501897373433351e+01 -3.400597816481883e+02;
5053
 -1.508659595191744e+01 -3.400264903797343e+02;
5054
 -1.497091127483238e+01 -3.400834250315025e+02;
5055
 -1.503328533244307e+01 -3.400527644814377e+02;
5056
 -1.509964877096046e+01 -3.400201387607366e+02;
5057
 -6.810621310590035e+01 -5.618162112167564e+00;
5058
 -1.504742138450697e+01 -3.400457867097914e+02;
5059
 -1.511254631381330e+01 -3.400136995063389e+02;
5060
 -6.812170535343007e+01 -5.616217583482866e+00;
5061
 -1.506239734729817e+01 -3.400383956023987e+02;
5062
 -1.512767067230329e+01 -3.400062816180819e+02;
5063
 -1.502180588921186e+01 -3.400583883804731e+02;
5064
 -1.508103159567624e+01 -3.400292513809230e+02;
5065
 -1.504936546671668e+01 -3.400448537117211e+02;
5066
 -6.785411016800026e+01 -5.650068749239328e+00;
5067
  1.652914944076291e-14  1.652914944076291e-14;
5068
  1.341572605669071e-14  2.699021810221800e-14;
5069
 -6.789216977609476e+01 -5.645073444503122e+00;
5070
  2.653218025999396e-16  1.326609012999698e-15;
5071
 -6.781748030844919e+01 -5.654394911874191e+00;
5072
 -6.793572690307113e+01 -5.639607873279804e+00;
5073
  1.624652859818831e-14  3.130428681114332e-14;
5074
 -6.786215378936851e+01 -5.648789854540665e+00;
5075
 -6.798071423394180e+01 -5.633962483202954e+00;
5076
 -6.779579986014654e+01 -5.657164787088182e+00;
5077
 -6.790555225665035e+01 -5.643344428129941e+00;
5078
 -6.801261393063815e+01 -5.629959220634571e+00;
5079
 -6.783650508000488e+01 -5.652082694243694e+00;
5080
 -6.794222500174565e+01 -5.638767554564191e+00;
5081
 -1.491290954791700e+01 -3.401119793570481e+02;
5082
 -6.786997465492176e+01 -5.647833462592470e+00;
5083
 -6.797311345942406e+01 -5.634891414124395e+00;
5084
 -1.493232380330570e+01 -3.401024063431177e+02;
5085
 -6.790399620768616e+01 -5.643564585262729e+00;
5086
 -6.800272194785236e+01 -5.631175734673646e+00;
5087
 -6.807868699412923e+01 -5.621616980312122e+00;
5088
 -6.794484717372556e+01 -5.638413604566942e+00;
5089
 -1.491048915176724e+01 -3.401131464749879e+02;
5090
 -6.810500913864159e+01 -5.618338127660897e+00;
5091
 -6.798861543631385e+01 -5.632921129514532e+00;
5092
 -1.493819794934739e+01 -3.400995403125253e+02;
5093
 -1.501027123047085e+01 -3.400640627803899e+02;
5094
 -6.801663033597274e+01 -5.629430265147085e+00;
5095
 -1.496025093244042e+01 -3.400886689834077e+02;
5096
 -1.503130368046257e+01 -3.400537159422014e+02;
5097
 -1.491367183747093e+01 -3.401116044022658e+02;
5098
 -6.809905511648348e+01 -5.619085441616662e+00;
5099
 -1.504817695175281e+01 -3.400453915789992e+02;
5100
 -1.493150184272181e+01 -3.401027872354625e+02;
5101
 -6.811456157525031e+01 -5.617139148564960e+00;
5102
 -1.506315750969826e+01 -3.400380450425499e+02;
5103
 -6.806927529930088e+01 -5.622798233543945e+00;
5104
 -1.500983472923783e+01 -3.400642775126948e+02;
5105
 -1.507746758074305e+01 -3.400310048146019e+02;
5106
 -1.496146814295644e+01 -3.400880468043159e+02;
5107
 -1.502390833692336e+01 -3.400573306659468e+02;
5108
 -1.509046943859712e+01 -3.400245846690978e+02;
5109
 -3.466288371830929e+01 -2.161265580285969e+02;
5110
 -1.503709184234854e+01 -3.400508450087341e+02;
5111
 -1.510237227558853e+01 -3.400187285526974e+02;
5112
 -6.811006784756468e+01 -5.617703183188651e+00;
5113
 -1.505015605439295e+01 -3.400444647707150e+02;
5114
 -1.511543687925412e+01 -3.400123241711783e+02;
5115
 -6.812485968770449e+01 -5.615796758791388e+00;
5116
 -1.506555243290762e+01 -3.400368433848814e+02;
5117
 -1.502601221202671e+01 -3.400563190869310e+02;
5118
 -6.784098044922217e+01 -5.651670226348569e+00;
5119
  2.708307235094816e-14  4.069766242437723e-14;
5120
 -6.787457531697811e+01 -5.647231296711221e+00;
5121
  0.000000000000000e+00  1.825624444697549e-14;
5122
 -6.779849549884750e+01 -5.656776774959283e+00;
5123
 -6.791582025988194e+01 -5.642105811422074e+00;
5124
  5.269968835004085e-16  5.269968835004085e-16;
5125
 -6.784205749335953e+01 -5.651361140622764e+00;
5126
 -6.796096868675430e+01 -5.636415461489794e+00;
5127
  2.660888650825833e-16  3.379328586548809e-14;
5128
 -6.788705351555166e+01 -5.645715413331370e+00;
5129
 -6.800052818687747e+01 -5.631451043280546e+00;
5130
 -6.781943033146067e+01 -5.654200072242707e+00;
5131
 -6.792812033084508e+01 -5.640537469177264e+00;
5132
 -6.802820749161351e+01 -5.627977333346939e+00;
5133
 -6.785614572539880e+01 -5.649543690346069e+00;
5134
 -6.796015063790898e+01 -5.636543021735756e+00;
5135
 -6.804635163567491e+01 -5.625700196966688e+00;
5136
 -6.788711244577637e+01 -5.645658206079818e+00;
5137
 -6.799009843968970e+01 -5.632710118208077e+00;
5138
 -6.806583053112003e+01 -5.623255480327935e+00;
5139
 -6.792268450680668e+01 -5.641169759462799e+00;
5140
 -6.801707761891826e+01 -5.629324326605766e+00;
5141
 -1.496921849058299e+01 -3.400842577373456e+02;
5142
 -6.796490683300630e+01 -5.635921266460173e+00;
5143
 -6.804593374399325e+01 -5.625752644101915e+00;
5144
 -6.811463554676766e+01 -5.617080064817647e+00;
5145
 -6.800107530339555e+01 -5.631357479335099e+00;
5146
 -6.806945308915543e+01 -5.622800820372895e+00;
5147
 -1.501910170305850e+01 -3.400597186945730e+02;
5148
 -6.802645263596463e+01 -5.628172666857663e+00;
5149
 -1.496854779461416e+01 -3.400845876622130e+02;
5150
 -1.503815724200993e+01 -3.400503208780954e+02;
5151
 -6.804472474595632e+01 -5.625879476507795e+00;
5152
 -6.810514222530621e+01 -5.618321423330526e+00;
5153
 -1.505331626907935e+01 -3.400428866342725e+02;
5154
 -1.493767345443111e+01 -3.400997514635578e+02;
5155
 -6.811926939535861e+01 -5.616523338630816e+00;
5156
 -1.506807426017564e+01 -3.400356495469675e+02;
5157
 -6.807399025741879e+01 -5.622231366220015e+00;
5158
 -1.501471975160932e+01 -3.400618743692968e+02;
5159
 -1.508152260833422e+01 -3.400290098105730e+02;
5160
 -1.496644862248393e+01 -3.400856202729778e+02;
5161
 -1.502779435480049e+01 -3.400554657815505e+02;
5162
 -1.509342996220797e+01 -3.400231515376835e+02;
5163
 -6.810001974229677e+01 -5.618964367870389e+00;
5164
 -1.503982748737541e+01 -3.400495226078376e+02;
5165
 -1.510523870546772e+01 -3.400173651109661e+02;
5166
 -6.811275647203097e+01 -5.617365718294562e+00;
5167
 -1.505309361638346e+01 -3.400429727525542e+02;
5168
 -6.812793089432023e+01 -5.615485963192489e+00;
5169
 -6.782895268795674e+01 -5.653251660384263e+00;
5170
  1.345137646630722e-14  2.687624775731137e-14;
5171
 -6.785874704432571e+01 -5.649242209236036e+00;
5172
  0.000000000000000e+00  1.195312543606893e-15;
5173
 -6.778088091475156e+01 -5.658986669680575e+00;
5174
 -6.789651947644636e+01 -5.644477844722323e+00;
5175
  0.000000000000000e+00  9.256577641571961e-16;
5176
 -6.782215015309556e+01 -5.653833924503926e+00;
5177
 -6.794118837182857e+01 -5.638897636540138e+00;
5178
  1.553472940581695e-14  3.345941718175958e-14;
5179
 -6.786730871701565e+01 -5.648143057168263e+00;
5180
 -6.798648135549911e+01 -5.633213846473329e+00;
5181
 -6.780095098605443e+01 -5.656443800585675e+00;
5182
 -6.791165097499088e+01 -5.642604069624189e+00;
5183
 -6.801648910641916e+01 -5.629472891822145e+00;
5184
 -6.784201793800480e+01 -5.651316287899022e+00;
5185
 -6.794770508858001e+01 -5.638079880165712e+00;
5186
 -1.491422224372820e+01 -3.401113102449841e+02;
5187
 -6.787411620430260e+01 -5.647338716778429e+00;
5188
 -6.797565705983662e+01 -5.634597118164656e+00;
5189
 -1.493246637993536e+01 -3.401023362108775e+02;
5190
 -6.790408895760640e+01 -5.643528041153637e+00;
5191
 -6.800155709450010e+01 -5.631321919418287e+00;
5192
 -6.807634875458312e+01 -5.621960253534791e+00;
5193
 -6.794135448169952e+01 -5.638926601794107e+00;
5194
 -6.803088937855206e+01 -5.627665655494742e+00;
5195
 -6.810039896943319e+01 -5.618891869640715e+00;
5196
 -6.798294477756392e+01 -5.633657662778188e+00;
5197
 -1.493260934074651e+01 -3.401022424668006e+02;
5198
 -4.504308499640135e+01 -1.509387633535839e+02;
5199
 -6.801128221576653e+01 -5.630076542880024e+00;
5200
 -6.807777031321683e+01 -5.621756933466236e+00;
5201
 -1.502664256558507e+01 -3.400560089845961e+02;
5202
 -1.491089896319045e+01 -3.401129448977261e+02;
5203
 -5.608181625633112e+01 -8.126290092693716e+01;
5204
 -1.504347339228172e+01 -3.400477523904765e+02;
5205
 -6.805082839058790e+01 -5.625138343743360e+00;
5206
 -6.810997843637105e+01 -5.617714405685362e+00;
5207
 -1.505839784486095e+01 -3.400403866607110e+02;
5208
 -6.806501663947877e+01 -5.623332728845085e+00;
5209
 -4.032440234661316e+01 -1.806498488545820e+02;
5210
 -1.507228728870473e+01 -3.400335534145881e+02;
5211
 -6.807862263396225e+01 -5.621625058151867e+00;
5212
 -1.501878667960358e+01 -3.400598970892451e+02;
5213
 -1.508479145949635e+01 -3.400273781659503e+02;
5214
 -1.497039254611896e+01 -3.400836567803253e+02;
5215
 -1.503078001674692e+01 -3.400539735600173e+02;
5216
 -1.509632232989598e+01 -3.400217285147660e+02;
5217
 -6.810265682325287e+01 -5.618633377256053e+00;
5218
 -1.504272064783629e+01 -3.400480992911567e+02;
5219
 -6.811557019865762e+01 -5.617037449241512e+00;
5220
  1.190436841843769e-16  1.190436841843769e-16;
5221
 -6.784391021593936e+01 -5.651311412326572e+00;
5222
  1.325131406606683e-16  3.339331144648841e-14;
5223
  0.000000000000000e+00  2.714804709153711e-14;
5224
 -6.787799034828286e+01 -5.646802799959850e+00;
5225
 -1.699822384852144e-14 -1.699822384852144e-14;
5226
 -6.780283868117037e+01 -5.656231878532273e+00;
5227
 -6.792095923511317e+01 -5.641386249735979e+00;
5228
  1.692711504133196e-14  1.692711504133196e-14;
5229
 -6.784752435518726e+01 -5.650625408170777e+00;
5230
 -6.796745162078820e+01 -5.635601921454421e+00;
5231
 -6.778119014518235e+01 -5.658972785138137e+00;
5232
 -6.789282498120954e+01 -5.644941419002833e+00;
5233
 -6.800313995717055e+01 -5.631148178939530e+00;
5234
 -6.782553289135015e+01 -5.653434419639256e+00;
5235
 -6.793290502042689e+01 -5.639937069801726e+00;
5236
 -6.802807928078185e+01 -5.627993423923931e+00;
5237
 -6.786163606479188e+01 -5.648854814053690e+00;
5238
 -6.796212939984754e+01 -5.636244900580407e+00;
5239
 -6.804557615309551e+01 -5.625772621566063e+00;
5240
 -6.788965064653962e+01 -5.645389535852044e+00;
5241
 -6.799032251423098e+01 -5.632681998194379e+00;
5242
 -3.837095747490012e+01 -1.925833483378628e+02;
5243
 -6.792102200301912e+01 -5.641403278933335e+00;
5244
 -6.801412488309076e+01 -5.629719793459716e+00;
5245
 -1.496572511703119e+01 -3.400859995962231e+02;
5246
 -6.795916799406160e+01 -5.636641428147014e+00;
5247
 -6.804142809172758e+01 -5.626293218344426e+00;
5248
 -6.811048828949193e+01 -5.617650411162383e+00;
5249
 -6.799813313631672e+01 -5.631751611968046e+00;
5250
 -6.214527594161389e+01 -4.289353427699070e+01;
5251
 -1.501366204725028e+01 -3.400623712783019e+02;
5252
 -6.802196615810759e+01 -5.628735720652188e+00;
5253
 -1.496379497353252e+01 -3.400869490563255e+02;
5254
 -1.503257083430630e+01 -3.400530925616529e+02;
5255
 -6.804152483920035e+01 -5.626305977991108e+00;
5256
 -6.810070144842452e+01 -5.618878804317657e+00;
5257
 -1.504868305633698e+01 -3.400451425939984e+02;
5258
 -1.493275261534315e+01 -3.401021719912156e+02;
5259
 -6.811478431339248e+01 -5.617086291725001e+00;
5260
 -1.506271452710928e+01 -3.400382863969481e+02;
5261
 -6.806966528296464e+01 -5.622749287364850e+00;
5262
 -1.500950736215954e+01 -3.400644385574936e+02;
5263
 -1.507571852655618e+01 -3.400318887348554e+02;
5264
 -1.496124829000121e+01 -3.400881549520723e+02;
5265
 -1.502206589503280e+01 -3.400582604713583e+02;
5266
 -1.508773206041474e+01 -3.400260016836566e+02;
5267
 -1.497340138904119e+01 -3.400822235255965e+02;
5268
 -1.503367625952740e+01 -3.400525721631723e+02;
5269
 -6.810540850605538e+01 -5.618312901011591e+00;
5270
 -1.613548243273382e-14  7.935483163639581e-16;
5271
  1.353905495063460e-14  1.353905495063460e-14;
5272
 -6.786037584553949e+01 -5.649306584616385e+00;
5273
 -1.643591001784628e-14 -1.484533808063535e-14;
5274
 -6.778429229511366e+01 -5.658583598310594e+00;
5275
 -6.790024831187210e+01 -5.644034865137256e+00;
5276
  1.636020450393120e-14  3.483140313740190e-14;
5277
 -6.782727410078050e+01 -5.653215959025179e+00;
5278
 -6.794672944720922e+01 -5.638227214585367e+00;
5279
 -3.317779769473678e-14 -3.211184435514684e-14;
5280
 -6.787379301527180e+01 -5.647329454715788e+00;
5281
 -6.799106837986160e+01 -5.632638203016938e+00;
5282
 -6.780670650292255e+01 -5.655771526732345e+00;
5283
 -6.791537799513196e+01 -5.642136401568460e+00;
5284
 -6.801523822587011e+01 -5.629629875769400e+00;
5285
 -6.784680120190269e+01 -5.650741048878474e+00;
5286
 -6.794753819157513e+01 -5.638075918868353e+00;
5287
 -1.491211060642026e+01 -3.401123254929190e+02;
5288
 -6.787609354337910e+01 -5.647090612964192e+00;
5289
 -6.797434381735440e+01 -5.634786822656451e+00;
5290
 -1.493024971260619e+01 -3.401034031464772e+02;
5291
 -6.790430698769454e+01 -5.643550494904352e+00;
5292
 -6.800018468756269e+01 -5.631494151053675e+00;
5293
 -6.807408085986837e+01 -5.622219994785524e+00;
5294
 -6.793774626593242e+01 -5.639329569408992e+00;
5295
 -6.802722442513141e+01 -5.628075806813461e+00;
5296
 -6.809713436611116e+01 -5.619326521589527e+00;
5297
 -6.797559798493147e+01 -5.634579627776689e+00;
5298
 -6.805141060742110e+01 -5.625090174074495e+00;
5299
 -6.811945336199912e+01 -5.616525147060404e+00;
5300
 -1.487931578120917e+01 -3.401284562433265e+02;
5301
 -6.807264833318278e+01 -5.622374888960870e+00;
5302
 -1.502041397246356e+01 -3.400590497088643e+02;
5303
 -6.803041881186429e+01 -5.627699810164242e+00;
5304
 -1.496980605897579e+01 -3.400839687038829e+02;
5305
 -1.503817951430801e+01 -3.400503099210787e+02;
5306
 -6.804633755442150e+01 -5.625701964222977e+00;
5307
 -6.810561659703251e+01 -5.618261882688319e+00;
5308
 -1.505310003229556e+01 -3.400430164349241e+02;
5309
 -1.493789318594389e+01 -3.400996668014506e+02;
5310
 -6.811884407245799e+01 -5.616601623378052e+00;
5311
 -1.506617885500274e+01 -3.400365352012730e+02;
5312
 -6.807365637223238e+01 -5.622273271845914e+00;
5313
 -1.501295010982505e+01 -3.400627449305768e+02;
5314
 -1.507881326621036e+01 -3.400303427615631e+02;
5315
 -1.496453903651939e+01 -3.400865596214041e+02;
5316
 -1.502502284879577e+01 -3.400568058035220e+02;
5317
 -4.654784303086814e+01 -1.412971269710486e+02;
5318
 -1.692236665226658e-14 -1.692236665226658e-14;
5319
  0.000000000000000e+00  1.354497525420937e-14;
5320
 -6.787977615628355e+01 -5.646578727143769e+00;
5321
 -5.299410535636974e-16  1.656065792386554e-14;
5322
 -6.780656757251302e+01 -5.655788957055292e+00;
5323
 -6.792411430493746e+01 -5.641040156028411e+00;
5324
 -6.643088971241195e-16  3.175396528253291e-14;
5325
 -6.785306284201522e+01 -5.649980314255232e+00;
5326
 -6.797037512596449e+01 -5.635259953768936e+00;
5327
 -6.778767160903530e+01 -5.658184546728222e+00;
5328
 -6.789741329601210e+01 -5.644365690545999e+00;
5329
 -6.800270011892398e+01 -5.631153571177651e+00;
5330
 -6.782926404382995e+01 -5.652941382151784e+00;
5331
 -6.793137364084065e+01 -5.640129233042753e+00;
5332
 -6.802528207809799e+01 -5.628344474695603e+00;
5333
 -6.786146227541684e+01 -5.648901526846212e+00;
5334
 -6.795894125174024e+01 -5.636669881753005e+00;
5335
 -6.804340041614243e+01 -5.626045684845675e+00;
5336
 -6.788834975270943e+01 -5.645527860449403e+00;
5337
 -6.798693476200097e+01 -5.633156946918491e+00;
5338
 -1.493927198199730e+01 -3.400989651553646e+02;
5339
 -6.791904868950293e+01 -5.641700704375376e+00;
5340
 -6.801127235668346e+01 -5.630102682861668e+00;
5341
 -1.496258082925026e+01 -3.400875463068771e+02;
5342
 -6.795411237674365e+01 -5.637275848122611e+00;
5343
 -1.491415905669291e+01 -3.401113413254392e+02;
5344
 -6.810644528632342e+01 -5.618182769676477e+00;
5345
 -6.799163797300065e+01 -5.632566722307628e+00;
5346
 -1.493773116681941e+01 -3.400997699205354e+02;
5347
 -1.500813507440987e+01 -3.400650902186474e+02;
5348
 -6.801534166640465e+01 -5.629616894121917e+00;
5349
 -6.367969012867042e+01 -3.332095516294107e+01;
5350
 -1.502670984627985e+01 -3.400559524657050e+02;
5351
 -1.491214508911542e+01 -3.401123553784773e+02;
5352
 -5.680825198107478e+01 -7.668915177969386e+01;
5353
 -1.504292118045232e+01 -3.400480006371147e+02;
5354
 -6.805130655793548e+01 -5.625053429867086e+00;
5355
 -6.810977191056003e+01 -5.617765227586365e+00;
5356
 -1.505658798886990e+01 -3.400413004733883e+02;
5357
 -5.975884448908307e+01 -5.791874967128371e+01;
5358
 -6.812209547164522e+01 -5.616193516084905e+00;
5359
 -1.506937330062135e+01 -3.400349636121477e+02;
5360
 -6.807690836261237e+01 -5.621865116644297e+00;
5361
 -1.501604710144605e+01 -3.400612213887669e+02;
5362
 -1.496750663197499e+01 -3.400850998243420e+02;
5363
 -6.786192531586238e+01 -5.649145831130949e+00;
5364
 -5.290605453253630e-16  3.967954089940222e-16;
5365
 -6.778606823405399e+01 -5.658385702636223e+00;
5366
 -6.790146391319733e+01 -5.643857427723979e+00;
5367
 -6.659643727463549e-16  5.327714981970839e-16;
5368
 -6.783044173998705e+01 -5.652793621941468e+00;
5369
 -6.794661135648316e+01 -5.638192224068867e+00;
5370
  5.305159136510782e-16  1.193660805714926e-15;
5371
 -6.787671779474915e+01 -5.646987378981602e+00;
5372
 -6.798873428342900e+01 -5.632931118277863e+00;
5373
 -6.781129133997285e+01 -5.655221213912604e+00;
5374
 -6.791473158260288e+01 -5.642217513846208e+00;
5375
 -6.801295280876224e+01 -5.629941594675426e+00;
5376
 -6.784527218960602e+01 -5.650907983791327e+00;
5377
 -6.794381034956203e+01 -5.638593520813910e+00;
5378
 -1.491016638129414e+01 -3.401132818151473e+02;
5379
 -6.787290619893676e+01 -5.647490540163042e+00;
5380
 -6.797060832723345e+01 -5.635205785266109e+00;
5381
 -6.805082014843133e+01 -5.625139378175055e+00;
5382
 -6.790094254790012e+01 -5.643922847697199e+00;
5383
 -6.799866262971037e+01 -5.631660259818116e+00;
5384
 -6.807055087252938e+01 -5.622663039331340e+00;
5385
 -6.793417596095355e+01 -5.639752682068740e+00;
5386
 -6.802364494964576e+01 -5.628574837053344e+00;
5387
 -1.497225445771504e+01 -3.400827408768151e+02;
5388
 -6.797043818160822e+01 -5.635202233030596e+00;
5389
 -6.804735471186306e+01 -5.625574306627581e+00;
5390
 -6.811408236472150e+01 -5.617199297315104e+00;
5391
 -6.800060052756605e+01 -5.631441964816258e+00;
5392
 -6.806744938550838e+01 -5.623052301467808e+00;
5393
 -1.501504892942332e+01 -3.400617358531437e+02;
5394
 -6.802347270236424e+01 -5.628546649473041e+00;
5395
 -1.496387069184198e+01 -3.400868649657466e+02;
5396
 -1.503212562119011e+01 -3.400533350058328e+02;
5397
 -6.804153135706197e+01 -5.626330061748460e+00;
5398
 -6.810018717880460e+01 -5.618918452286406e+00;
5399
 -1.504655494440455e+01 -3.400461895463974e+02;
5400
 -1.493252732034616e+01 -3.401023062348002e+02;
5401
 -6.811305893967186e+01 -5.617352653343298e+00;
5402
 -1.505973375040080e+01 -3.400397294350396e+02;
5403
 -6.806781839980636e+01 -5.623055789175091e+00;
5404
 -1.500657032350430e+01 -3.400658599791399e+02;
5405
 -4.977885750778150e+01 -1.208498432620417e+02;
5406
 -6.784608836629545e+01 -5.651047587053764e+00;
5407
 -1.357774731595075e-14  0.000000000000000e+00;
5408
 -6.788094344679762e+01 -5.646432261979204e+00;
5409
  1.687771341692655e-14  1.820666722928298e-14;
5410
 -6.780777522947204e+01 -5.655662351696519e+00;
5411
 -6.792256371758351e+01 -5.641259632473544e+00;
5412
  1.664986802462296e-14  1.664986802462296e-14;
5413
 -6.785294058368238e+01 -5.649970746464080e+00;
5414
 -6.796580530050601e+01 -5.635783613987438e+00;
5415
 -6.779060145497269e+01 -5.657816973727918e+00;
5416
 -6.789507098059885e+01 -5.644709410383489e+00;
5417
 -6.800007872318459e+01 -5.631532352176541e+00;
5418
 -6.782861325538806e+01 -5.653047941756455e+00;
5419
 -6.792852983559652e+01 -5.640510988467931e+00;
5420
 -6.802358086656149e+01 -5.628533074859791e+00;
5421
 -6.785773926876095e+01 -5.649343748060463e+00;
5422
 -6.795599238783751e+01 -5.637015025221276e+00;
5423
 -6.804146459954211e+01 -5.626288636494666e+00;
5424
 -6.788461559958859e+01 -5.645971498992877e+00;
5425
 -6.798291156495415e+01 -5.633661830723908e+00;
5426
 -1.493584763776390e+01 -3.401006729950073e+02;
5427
 -6.791456059677979e+01 -5.642238969269221e+00;
5428
 -1.488095997150633e+01 -3.401276943820067e+02;
5429
 -6.807910587883772e+01 -5.621564406106060e+00;
5430
 -6.794939865639816e+01 -5.637892264491987e+00;
5431
 -1.490959980908097e+01 -3.401136073463222e+02;
5432
 -6.810067004403750e+01 -5.618857846026404e+00;
5433
 -6.798523944866749e+01 -5.633369697522122e+00;
5434
 -1.493202871713487e+01 -3.401025514934732e+02;
5435
 -6.812100123114820e+01 -5.616330862559021e+00;
5436
 -1.488290131803052e+01 -3.401266926622137e+02;
5437
 -6.807396611386096e+01 -5.622184594881163e+00;
5438
 -1.502104207421567e+01 -3.400587875571284e+02;
5439
 -6.803049025431112e+01 -5.627715746147069e+00;
5440
 -1.496937182388081e+01 -3.400841823104805e+02;
5441
 -1.503611254054411e+01 -3.400513267823216e+02;
5442
 -6.804582482479979e+01 -5.625766313906225e+00;
5443
 -6.810360417122683e+01 -5.618514471506012e+00;
5444
 -1.504973577168528e+01 -3.400446481154130e+02;
5445
 -1.493603326601063e+01 -3.401005816856314e+02;
5446
 -6.811603843443244e+01 -5.616928878839540e+00;
5447
 -6.807084643584982e+01 -5.622625943613272e+00;
5448
 -6.783093536353105e+01 -5.652980506313665e+00;
5449
  1.186131561489661e-16 -2.671431861266158e-14;
5450
 -6.786282517022377e+01 -5.648755429900511e+00;
5451
  1.617536082818448e-14  3.354398597975962e-14;
5452
 -6.778723771322259e+01 -5.658263892042806e+00;
5453
 -6.790033949378065e+01 -5.644023423797586e+00;
5454
 -1.624538159847999e-14  1.784328798521573e-14;
5455
 -6.782889555483911e+01 -5.652987614771284e+00;
5456
 -6.794252357313364e+01 -5.638705183397612e+00;
5457
 -1.577392476286363e-14 -1.484604683563636e-14;
5458
 -6.787213892832176e+01 -5.647561905099226e+00;
5459
 -6.798303031235766e+01 -5.633671832310553e+00;
5460
 -6.780896210289589e+01 -5.655488535770059e+00;
5461
 -6.791045301598595e+01 -5.642754389484431e+00;
5462
 -1.488423581547853e+01 -3.401260596988810e+02;
5463
 -6.784242615364441e+01 -5.651289977865083e+00;
5464
 -6.794151922592727e+01 -5.638856119203695e+00;
5465
 -6.803160869985985e+01 -5.627550477518034e+00;
5466
 -6.786995019531899e+01 -5.647836531610045e+00;
5467
 -6.796736075315580e+01 -5.635613324445393e+00;
5468
 -6.804787094729372e+01 -5.625509516809457e+00;
5469
 -6.789691831379275e+01 -5.644452705793769e+00;
5470
 -6.799551485723177e+01 -5.632055290579055e+00;
5471
 -6.806639528959757e+01 -5.623184598784627e+00;
5472
 -6.792860846920486e+01 -5.640451310904811e+00;
5473
 -6.801771806517628e+01 -5.629243951283492e+00;
5474
 -1.496611441094394e+01 -3.400857612539522e+02;
5475
 -6.796358341227963e+01 -5.636087341839984e+00;
5476
 -6.804168974611636e+01 -5.626285281624630e+00;
5477
 -6.810789677817313e+01 -5.617925886272748e+00;
5478
 -6.799737981061045e+01 -5.631821247845431e+00;
5479
 -1.493938363305466e+01 -3.400989336573292e+02;
5480
 -1.500859666460354e+01 -3.400649099859189e+02;
5481
 -6.801708055971758e+01 -5.629348860051690e+00;
5482
 -4.599284520708596e+01 -1.446862680812082e+02;
5483
 -1.502543981490883e+01 -3.400566240975759e+02;
5484
 -1.491171893020844e+01 -3.401125649970473e+02;
5485
 -2.086866531043185e+01 -3.029634498173031e+02;
5486
 -1.503940122877565e+01 -3.400497323092052e+02;
5487
 -6.804926811670782e+01 -5.625359067196784e+00;
5488
 -6.810661265347380e+01 -5.618111962997362e+00;
5489
 -1.493922166166994e+01 -3.400989899077214e+02;
5490
  1.057366049705288e-16  1.374575864616874e-14;
5491
 -6.784552159677880e+01 -5.651112138466165e+00;
5492
  1.673619606710725e-14  1.673619606710725e-14;
5493
 -1.357903609988903e-14 -1.357903609988903e-14;
5494
 -6.788019024918005e+01 -5.646576582374046e+00;
5495
 -3.989928084354946e-16  1.689069555710260e-14;
5496
 -6.780666413338076e+01 -5.655751933502485e+00;
5497
 -6.792007288045747e+01 -5.641522376429604e+00;
5498
  2.644405630461807e-16  3.239396897315713e-14;
5499
 -6.784884931450725e+01 -5.650508982454361e+00;
5500
 -6.796169443278259e+01 -5.636299484173906e+00;
5501
 -6.778602703037213e+01 -5.658365962802866e+00;
5502
 -6.788937487521557e+01 -5.645399232197744e+00;
5503
 -6.799933493748638e+01 -5.631575888094169e+00;
5504
 -6.782433991014629e+01 -5.653559188291442e+00;
5505
 -6.792484175429178e+01 -5.640923968636144e+00;
5506
 -6.801908424492954e+01 -5.629147204286893e+00;
5507
 -6.785543369322656e+01 -5.649657936502087e+00;
5508
 -6.795217836291646e+01 -5.637543447167694e+00;
5509
 -1.491375471866026e+01 -3.401115167878892e+02;
5510
 -6.788135682419448e+01 -5.646405300246156e+00;
5511
 -6.797824193160706e+01 -5.634247834259981e+00;
5512
 -1.493173406815779e+01 -3.401026730058500e+02;
5513
 -6.790950142967752e+01 -5.642873794349890e+00;
5514
 -6.800228133178629e+01 -5.631206127410957e+00;
5515
 -6.807403851300504e+01 -5.622225309703698e+00;
5516
 -6.794212167213485e+01 -5.638780520920496e+00;
5517
 -6.802763334385699e+01 -5.628024487202677e+00;
5518
 -3.114719851966981e+01 -2.382522039934489e+02;
5519
 -6.797602268208914e+01 -5.634476524356567e+00;
5520
 -6.804880783727472e+01 -5.625367031322238e+00;
5521
 -6.811423668558672e+01 -5.617179927529999e+00;
5522
 -6.800234638939105e+01 -5.631222865883175e+00;
5523
 -6.806789279119168e+01 -5.622971749540642e+00;
5524
 -1.501327330176026e+01 -3.400625625184713e+02;
5525
 -6.802420945024377e+01 -5.628479089823432e+00;
5526
 -1.496256607460382e+01 -3.400875301428514e+02;
5527
 -1.502870775640590e+01 -3.400549695924735e+02;
5528
 -4.723501683636613e+01 -1.366183183487239e+02;
5529
 -6.809691868216977e+01 -5.619353592780204e+00;
5530
 -1.492915144904653e+01 -3.401039902170755e+02;
5531
  1.678424420244588e-14  3.409712601756721e-14;
5532
  1.381420828153451e-14  1.429239241435685e-14;
5533
 -6.786087890656898e+01 -5.649288586454871e+00;
5534
  3.977951960945615e-16  3.977951960945615e-16;
5535
 -6.778650143613595e+01 -5.658306444744068e+00;
5536
 -6.789870973970179e+01 -5.644227921968691e+00;
5537
  1.328849766755565e-16  1.634485213109345e-14;
5538
 -6.782640112784374e+01 -5.653275669944812e+00;
5539
 -6.793995814949200e+01 -5.639052011324984e+00;
5540
  1.635452894218367e-14  1.635452894218367e-14;
5541
 -6.786802865612356e+01 -5.648077631846835e+00;
5542
 -6.797985975630651e+01 -5.634069713628651e+00;
5543
 -6.780327042487595e+01 -5.656152802606277e+00;
5544
 -6.790566799367058e+01 -5.643379717319864e+00;
5545
 -6.800558795830287e+01 -5.630840962890692e+00;
5546
 -6.783872812140926e+01 -5.651753960282467e+00;
5547
 -6.793606145040887e+01 -5.639540987820149e+00;
5548
 -6.802643104478770e+01 -5.628150474334667e+00;
5549
 -6.786612492658050e+01 -5.648341403889600e+00;
5550
 -6.796144783170736e+01 -5.636355334108557e+00;
5551
 -6.804354410589163e+01 -5.626052552970274e+00;
5552
 -6.789224174083954e+01 -5.645039508313128e+00;
5553
 -6.798923002032220e+01 -5.632868906317387e+00;
5554
 -1.493914688854723e+01 -3.400990735336228e+02;
5555
 -6.792201279375264e+01 -5.641303858094735e+00;
5556
 -6.801128508599660e+01 -5.630101085359231e+00;
5557
 -1.496024888856052e+01 -3.400886699888101e+02;
5558
 -6.795467839432231e+01 -5.637204819863468e+00;
5559
 -1.491162048325674e+01 -3.401125899975585e+02;
5560
 -6.810144643858969e+01 -5.618785297647294e+00;
5561
 -6.798753809735480e+01 -5.633056328771716e+00;
5562
 -1.493219767747813e+01 -3.401024449604769e+02;
5563
 -6.811877979820051e+01 -5.616609690899013e+00;
5564
 -1.488353362928003e+01 -3.401263816529565e+02;
5565
 -6.807228029715385e+01 -5.622421080727214e+00;
5566
 -1.501660217404006e+01 -3.400609483243367e+02;
5567
 -6.802914012181759e+01 -5.627860287312306e+00;
5568
 -1.496596111272091e+01 -3.400858835070315e+02;
5569
 -6.804262104197556e+01 -5.626193302542966e+00;
5570
 -3.984565743343975e-16  1.607108183148737e-14;
5571
  2.738787396610458e-14  4.099484408018781e-14;
5572
 -6.787766569474876e+01 -5.646868442234874e+00;
5573
 -5.330503459238499e-16  1.332625864809625e-15;
5574
 -6.780503030921797e+01 -5.655981823955494e+00;
5575
 -6.791794922817728e+01 -5.641788855204317e+00;
5576
 -5.304821994870740e-16 -5.304821994870740e-16;
5577
 -6.784629183476811e+01 -5.650804958380528e+00;
5578
 -6.795896714568737e+01 -5.636666632343708e+00;
5579
 -6.778191282419688e+01 -5.658907029116287e+00;
5580
 -6.788620455352731e+01 -5.645797030883502e+00;
5581
 -6.799487417659462e+01 -5.632185499160385e+00;
5582
 -6.781955975627803e+01 -5.654158925727838e+00;
5583
 -6.791880911615289e+01 -5.641755671860299e+00;
5584
 -6.801397927111775e+01 -5.629762970131167e+00;
5585
 -6.784997213561471e+01 -5.650293380508777e+00;
5586
 -6.794535193693090e+01 -5.638350263818891e+00;
5587
 -4.036277833005249e+01 -1.798501693003841e+02;
5588
 -6.787543350968750e+01 -5.647123616236400e+00;
5589
 -6.797089118870861e+01 -5.635170288815186e+00;
5590
 -6.804965028804955e+01 -5.625261299824921e+00;
5591
 -6.790323459184415e+01 -5.643660151760687e+00;
5592
 -6.799867132120222e+01 -5.631708975215285e+00;
5593
 -6.806873629113021e+01 -5.622890784434139e+00;
5594
 -6.793417661567607e+01 -5.639752599904129e+00;
5595
 -6.802092812790332e+01 -5.628915797910178e+00;
5596
 -1.496756500915091e+01 -3.400850711078289e+02;
5597
 -6.796662361429776e+01 -5.635680923945928e+00;
5598
 -6.804245909045790e+01 -5.626213628029206e+00;
5599
 -6.810619764239709e+01 -5.618164053066772e+00;
5600
 -6.799765256827077e+01 -5.631787018024633e+00;
5601
 -1.493701957355231e+01 -3.401000731040308e+02;
5602
 -6.812218376693912e+01 -5.616132634807105e+00;
5603
 -6.801496038659316e+01 -5.629614939060892e+00;
5604
 -6.807542031558393e+01 -5.622026979952185e+00;
5605
 -1.490833103115998e+01 -3.401142080055186e+02;
5606
 -6.785892825387167e+01 -5.649482695131026e+00;
5607
  1.337823192941346e-16  3.411449142000433e-14;
5608
 -6.778396807977221e+01 -5.658624273108705e+00;
5609
 -6.789621344529834e+01 -5.644541150864347e+00;
5610
  1.665251264787741e-14  3.277214489102275e-14;
5611
 -6.782427723141269e+01 -5.653542143889721e+00;
5612
 -6.793655711112596e+01 -5.639478790097239e+00;
5613
 -1.649522020895163e-14  1.543952611557872e-14;
5614
 -6.786530468074443e+01 -5.648419414610156e+00;
5615
 -6.797491550843230e+01 -5.634690176527280e+00;
5616
 -6.780009379776332e+01 -5.656601161720913e+00;
5617
 -6.790121547354082e+01 -5.643938413537268e+00;
5618
 -6.800215324649481e+01 -5.631222201636483e+00;
5619
 -6.783271326554184e+01 -5.652458807086141e+00;
5620
 -6.792980872989406e+01 -5.640300698375866e+00;
5621
 -6.802259576094806e+01 -5.628706510286146e+00;
5622
 -6.785927321328209e+01 -5.649201097757857e+00;
5623
 -6.795464940793971e+01 -5.637208457296203e+00;
5624
 -1.491552759656200e+01 -3.401106447437970e+02;
5625
 -6.788489992358883e+01 -5.645960729871891e+00;
5626
 -6.798107923174925e+01 -5.633916678708239e+00;
5627
 -1.493343559048942e+01 -3.401018594640559e+02;
5628
 -6.791443703978625e+01 -5.642279378892008e+00;
5629
 -6.800497095914315e+01 -5.630893491465820e+00;
5630
 -6.807537560790550e+01 -5.622032591183301e+00;
5631
 -6.794602946623948e+01 -5.638265243280273e+00;
5632
 -6.802923470997820e+01 -5.627823514250212e+00;
5633
 -1.497284290962383e+01 -3.400824982510345e+02;
5634
 -6.797728338341035e+01 -5.634343220602102e+00;
5635
 -6.804709602302842e+01 -5.625631674798604e+00;
5636
 -6.810967894713195e+01 -5.617751996236930e+00;
5637
 -6.799992422181359e+01 -5.631501935401795e+00;
5638
 -1.494062235290446e+01 -3.400983243356481e+02;
5639
 -6.801900362517097e+01 -5.629132419558407e+00;
5640
 -6.784178551926863e+01 -5.651576359567177e+00;
5641
  1.061141719930908e-16  2.678056415675628e-14;
5642
 -6.787592844791453e+01 -5.647111328130724e+00;
5643
  1.320582307941289e-16  3.275044123694397e-14;
5644
 -6.780252974298870e+01 -5.656320456080745e+00;
5645
 -6.791424746817950e+01 -5.642278260808983e+00;
5646
  1.670381370349066e-14  1.789694325374000e-14;
5647
 -6.784288998666860e+01 -5.651231781760356e+00;
5648
 -6.795263391682158e+01 -5.637461376437606e+00;
5649
 -6.777919941483108e+01 -5.659197624758757e+00;
5650
 -6.788125955502559e+01 -5.646417505079128e+00;
5651
 -6.798859094171304e+01 -5.632924203421472e+00;
5652
 -6.781510818237024e+01 -5.654717434479185e+00;
5653
 -6.791391690615475e+01 -5.642344645568293e+00;
5654
 -1.488508746788428e+01 -3.401256408034720e+02;
5655
 -6.784370344656482e+01 -5.651104810941520e+00;
5656
 -6.794032586430912e+01 -5.639005868552235e+00;
5657
 -6.802959515573806e+01 -5.627753375773184e+00;
5658
 -6.786860841029824e+01 -5.648029795749798e+00;
5659
 -6.796417238494411e+01 -5.636013432018630e+00;
5660
 -6.804529487040814e+01 -5.625807923663094e+00;
5661
 -6.789510087587904e+01 -5.644630940568903e+00;
5662
 -6.799187651020672e+01 -5.632536787217213e+00;
5663
 -1.494013579261006e+01 -3.400985870955907e+02;
5664
 -6.792579352016256e+01 -5.640854349234546e+00;
5665
 -6.801302344163852e+01 -5.629882925103129e+00;
5666
 -3.991515340716253e+01 -1.829563989502484e+02;
5667
 -6.795684747725065e+01 -5.636907721693223e+00;
5668
 -1.491022646440242e+01 -3.401132522616033e+02;
5669
 -6.809684332309585e+01 -5.619387951433874e+00;
5670
 -6.798485915812049e+01 -5.633442324901487e+00;
5671
 -6.805061122011766e+01 -5.625165599713706e+00;
5672
 -6.800370335926490e+01 -5.631052571016817e+00;
5673
 -6.782472984376656e+01 -5.653616479378644e+00;
5674
 -1.328936295672614e-16  1.196042666105353e-16;
5675
 -6.785720247162187e+01 -5.649411100164080e+00;
5676
 -5.305198707963712e-16  1.326299676990928e-16;
5677
 -6.778224652462532e+01 -5.658815345382536e+00;
5678
 -6.789285610821787e+01 -5.645012232101986e+00;
5679
 -6.638279239864297e-16 -1.327655847972859e-16;
5680
 -6.782057185051933e+01 -5.654056853133856e+00;
5681
 -6.793025421248842e+01 -5.640269702831490e+00;
5682
  1.640368825807920e-14  4.854962573157312e-14;
5683
 -6.785897067422805e+01 -5.649214150280293e+00;
5684
 -6.796682323157439e+01 -5.635655873984843e+00;
5685
 -6.779514632394300e+01 -5.657246779577228e+00;
5686
 -6.789492049215822e+01 -5.644753199452505e+00;
5687
 -6.799943503153224e+01 -5.631613132826195e+00;
5688
 -6.782780439038433e+01 -5.653149426198238e+00;
5689
 -6.792583905133709e+01 -5.640798825325215e+00;
5690
 -6.801809016216231e+01 -5.629222155955291e+00;
5691
 -6.785424061525659e+01 -5.649807631899303e+00;
5692
 -6.794952265143543e+01 -5.637826895666323e+00;
5693
 -1.491133266527497e+01 -3.401127081456000e+02;
5694
 -6.787817153584264e+01 -5.646780065603490e+00;
5695
 -6.797390824507411e+01 -5.634816579360415e+00;
5696
 -6.805090820149428e+01 -5.625103425590260e+00;
5697
 -6.790587567014717e+01 -5.643353658272057e+00;
5698
 -6.799911960594422e+01 -5.631677620456541e+00;
5699
 -6.806713293417592e+01 -5.623092018616806e+00;
5700
 -6.793634760959542e+01 -5.639505079283085e+00;
5701
 -6.801919907027202e+01 -5.629082988888040e+00;
5702
 -1.496228111256990e+01 -3.400876703185788e+02;
5703
 -6.796452934338046e+01 -5.635943733368900e+00;
5704
 -1.491386527503811e+01 -3.401114858308042e+02;
5705
 -6.799039362783014e+01 -5.632722880504014e+00;
5706
 -6.780648834467303e+01 -5.655846957274568e+00;
5707
  1.184563672660532e-16  1.349086404974495e-14;
5708
 -6.783851956712849e+01 -5.651805034917133e+00;
5709
  1.700883639934799e-14  1.700883639934799e-14;
5710
  1.319782803505182e-14  2.704625322676112e-14;
5711
 -6.787237113477866e+01 -5.647532769436731e+00;
5712
  1.561032867724783e-14  1.693323788718409e-14;
5713
 -6.779918385065037e+01 -5.656740232860968e+00;
5714
 -6.790807517174363e+01 -5.643052760568776e+00;
5715
 -1.697667917618590e-14 -1.697667917618590e-14;
5716
 -6.783659157896581e+01 -5.651997117586780e+00;
5717
 -6.794493980371927e+01 -5.638426885495110e+00;
5718
 -7.950704488526531e-16 -7.950704488526531e-16;
5719
 -6.787316292967036e+01 -5.647408513566897e+00;
5720
 -6.798027909099203e+01 -5.633967283075147e+00;
5721
 -6.780881827171986e+01 -5.655506581017437e+00;
5722
 -6.790784935104045e+01 -5.643031284801858e+00;
5723
 -6.800439456402151e+01 -5.630965827164765e+00;
5724
 -6.783972187985893e+01 -5.651654184116677e+00;
5725
 -6.793482805803285e+01 -5.639670854243880e+00;
5726
 -6.802365176399640e+01 -5.628573981850631e+00;
5727
 -6.786346562756860e+01 -5.648625256499917e+00;
5728
 -6.795773646551277e+01 -5.636821068464272e+00;
5729
 -1.491640774197132e+01 -3.401102118166971e+02;
5730
 -6.788791889025438e+01 -5.645606829724269e+00;
5731
 -6.798305302009906e+01 -5.633668982658643e+00;
5732
 -1.493200524875768e+01 -3.401025630373643e+02;
5733
 -6.791597798484838e+01 -5.642086019967421e+00;
5734
 -6.800323210114702e+01 -5.631086809331472e+00;
5735
 -6.807044395998462e+01 -5.622676457763896e+00;
5736
 -6.794389507957304e+01 -5.638557983680447e+00;
5737
 -6.802373673829197e+01 -5.628563317564166e+00;
5738
 -6.797001632975265e+01 -5.635280075391621e+00;
5739
 -6.778700162621530e+01 -5.658268601401129e+00;
5740
  1.058533976324768e-16  3.440235423055498e-16;
5741
 -6.781914292862147e+01 -5.654186313897930e+00;
5742
  1.316063153634096e-16  1.316063153634096e-16;
5743
 -2.656509549264345e-17  1.356148124899448e-14;
5744
 -6.785202637575775e+01 -5.650085451723593e+00;
5745
  3.982892069980252e-16  1.672814669391706e-14;
5746
 -6.777868611091451e+01 -5.659311841991920e+00;
5747
 -6.788617376511795e+01 -5.645751081163223e+00;
5748
  3.975586233802195e-16  1.325195411267398e-15;
5749
 -6.781439586787502e+01 -5.654856620759638e+00;
5750
 -6.792224155496076e+01 -5.641300058092255e+00;
5751
 -1.570469692713609e-14  1.187750187766595e-15;
5752
 -6.785128048435531e+01 -5.650154130700894e+00;
5753
 -6.795887597508852e+01 -5.636653168909872e+00;
5754
 -6.778705002657404e+01 -5.658237620056722e+00;
5755
 -6.788661711155265e+01 -5.645745264936851e+00;
5756
 -6.799012598938111e+01 -5.632781370883739e+00;
5757
 -6.782172609796994e+01 -5.653912036683781e+00;
5758
 -6.791710816544612e+01 -5.641869487145129e+00;
5759
 -1.488320043205182e+01 -3.401265923882468e+02;
5760
 -6.784872480472428e+01 -5.650499696906884e+00;
5761
 -6.794160021821159e+01 -5.638845955845350e+00;
5762
 -6.802845264623795e+01 -5.627921664041428e+00;
5763
 -6.787171070632567e+01 -5.647615635375988e+00;
5764
 -6.796547346400753e+01 -5.635850160129126e+00;
5765
 -6.804358761974623e+01 -5.626047091821546e+00;
5766
 -6.789707562504161e+01 -5.644408060636734e+00;
5767
 -6.798967494837311e+01 -5.632837973866454e+00;
5768
 -1.493512128849849e+01 -3.401010302814695e+02;
5769
 -6.792330974524033e+01 -5.641166019342958e+00;
5770
 -1.488106134272094e+01 -3.401275742486108e+02;
5771
 -6.794933268243382e+01 -5.637850734261100e+00;
5772
 -7.709234907448711e-17  1.965854901399421e-14;
5773
 -1.183071321249167e-16  1.314523690276852e-16;
5774
 -6.779912471563654e+01 -5.656697833587657e+00;
5775
  0.000000000000000e+00  6.615263503312614e-16;
5776
  2.674329594759410e-14  4.036023443950245e-14;
5777
 -6.783157938956607e+01 -5.652650885996446e+00;
5778
  1.620334109112189e-14  4.861002327336566e-14;
5779
  1.356804616202116e-14  2.713609232404231e-14;
5780
 -6.786442525213089e+01 -5.648554665184771e+00;
5781
 -1.585509446521357e-14 -1.466596238032255e-14;
5782
 -6.779248563782673e+01 -5.657580586745870e+00;
5783
 -6.789900406324401e+01 -5.644141178725905e+00;
5784
 -1.592113752254565e-14  5.263185957866332e-16;
5785
 -6.782856985765673e+01 -5.653078294935304e+00;
5786
 -6.793575736329448e+01 -5.639554241041306e+00;
5787
  1.671944600545269e-14  1.671944600545269e-14;
5788
 -6.786521157825717e+01 -5.648431096368939e+00;
5789
 -6.796926347353450e+01 -5.635399455629170e+00;
5790
 -6.780051199953125e+01 -5.656523784822954e+00;
5791
 -6.789647260127923e+01 -5.644508632687841e+00;
5792
 -6.799730197242236e+01 -5.631831016188994e+00;
5793
 -6.783099669246180e+01 -5.652674178223433e+00;
5794
 -6.792357111316160e+01 -5.641083411617944e+00;
5795
 -6.801389303684788e+01 -5.629773792391034e+00;
5796
 -6.785551837986897e+01 -5.649647310877315e+00;
5797
 -6.794800073708242e+01 -5.638017875637940e+00;
5798
 -6.803175784725484e+01 -5.627556661355213e+00;
5799
 -6.787946979713045e+01 -5.646666980719424e+00;
5800
 -6.797092411828601e+01 -5.635141252559475e+00;
5801
 -6.804578990772815e+01 -5.625770696141061e+00;
5802
 -6.790368542397776e+01 -5.643628487918334e+00;
5803
 -6.799445792998841e+01 -5.632187929611049e+00;
5804
 -6.792865894181313e+01 -5.640444977432781e+00;
5805
  1.332344686425077e-14  1.355995775533215e-14;
5806
 -6.777896435592028e+01 -5.659227116243389e+00;
5807
  2.628846217856943e-16  3.259769310142609e-14;
5808
  2.396035219422014e-16  1.400349472684422e-14;
5809
 -6.781100531140612e+01 -5.655232190860270e+00;
5810
  1.657214784321154e-14  1.657214784321154e-14;
5811
  0.000000000000000e+00  0.000000000000000e+00;
5812
 -6.784309888896146e+01 -5.651180663427451e+00;
5813
  1.669351932742066e-14  3.404947989799294e-14;
5814
  1.200182809901430e-16  4.000609366338101e-16;
5815
 -6.787593416400112e+01 -5.647060797317166e+00;
5816
 -3.263470971141790e-14  1.645001627730008e-14;
5817
 -6.780531923217004e+01 -5.655970484222440e+00;
5818
 -6.791128291246069e+01 -5.642625348393470e+00;
5819
  1.651421116828001e-14  1.757112068304993e-14;
5820
 -6.784209765265875e+01 -5.651281378471809e+00;
5821
 -6.794621361596374e+01 -5.638291944335384e+00;
5822
 -6.777910406293984e+01 -5.659234497252855e+00;
5823
 -6.787560853178869e+01 -5.647126562384179e+00;
5824
 -6.797698451366217e+01 -5.634430533741567e+00;
5825
 -6.781036723345102e+01 -5.655287336625405e+00;
5826
 -6.790364787141905e+01 -5.643558482131267e+00;
5827
 -6.800016834653805e+01 -5.631496201783832e+00;
5828
 -6.783746188634535e+01 -5.651887922987736e+00;
5829
 -6.792967626127400e+01 -5.640342226104300e+00;
5830
 -6.801728690029400e+01 -5.629322964530433e+00;
5831
 -6.786193004979833e+01 -5.648867741837314e+00;
5832
 -6.795237027894825e+01 -5.637469555183626e+00;
5833
 -1.490980995066165e+01 -3.401134571354015e+02;
5834
 -6.788492969726573e+01 -5.645981900560820e+00;
5835
 -6.797472723823003e+01 -5.634663995242292e+00;
5836
 -6.790846087461259e+01 -5.642979456970750e+00;
5837
 -1.668572427904771e-14 -1.668572427904771e-14;
5838
 -1.339158403499154e-14 -1.311451677909517e-14;
5839
 -6.779033245689352e+01 -5.657800903082604e+00;
5840
 -1.331010917671883e-16  1.331010917671883e-15;
5841
 -1.340827005637551e-14  1.360642183060766e-14;
5842
 -6.782210142637192e+01 -5.653840037962027e+00;
5843
  0.000000000000000e+00  3.358817506277834e-14;
5844
  1.356095862301193e-14  2.712191724602385e-14;
5845
 -6.785389891302992e+01 -5.649850505223179e+00;
5846
  1.333402534331814e-16  3.413510487889445e-14;
5847
 -6.778224012470962e+01 -5.658915787191791e+00;
5848
 -6.788706475652678e+01 -5.645664189920612e+00;
5849
  0.000000000000000e+00  0.000000000000000e+00;
5850
 -6.781760982093206e+01 -5.654403571392165e+00;
5851
 -6.792128171343218e+01 -5.641370690041873e+00;
5852
 -1.575807763034963e-14  1.694986501415758e-14;
5853
 -6.785256358578842e+01 -5.649968233204263e+00;
5854
 -6.795427264455770e+01 -5.637255736477367e+00;
5855
 -6.778950127170575e+01 -5.657930091332214e+00;
5856
 -6.788333031489255e+01 -5.646157676803033e+00;
5857
 -6.798435076987157e+01 -5.633481220646806e+00;
5858
 -6.781752594946983e+01 -5.654439002739510e+00;
5859
 -6.791047625280613e+01 -5.642751473747959e+00;
5860
 -6.800309770363783e+01 -5.631078772802792e+00;
5861
 -6.784357133404347e+01 -5.651146294620167e+00;
5862
 -6.793384125346475e+01 -5.639794682526258e+00;
5863
 -6.801959654276820e+01 -5.629082911229535e+00;
5864
 -6.786631540784731e+01 -5.648317503844912e+00;
5865
 -6.795542876822650e+01 -5.637135561437958e+00;
5866
 -6.788873546353692e+01 -5.645479463001663e+00;
5867
 -1.662253749682221e-14 -1.662253749682221e-14;
5868
 -2.099864370623192e-16  1.837381324295293e-16;
5869
 -6.780110347593431e+01 -5.656499396179099e+00;
5870
 -1.690727021592266e-14 -1.690727021592266e-14;
5871
  3.969655330771867e-17  1.372177526003475e-14;
5872
 -6.783276608971096e+01 -5.652501995681502e+00;
5873
  1.694958165224586e-14  1.694958165224586e-14;
5874
  0.000000000000000e+00  0.000000000000000e+00;
5875
 -6.786437515500705e+01 -5.648585858087586e+00;
5876
 -3.950834564477015e-16  0.000000000000000e+00;
5877
 -6.779338570109896e+01 -5.657442756406469e+00;
5878
 -6.789664268740182e+01 -5.644487290679677e+00;
5879
  1.605268442102295e-14  3.329937016261786e-14;
5880
 -6.782761473224757e+01 -5.653123405107511e+00;
5881
 -6.792947784838169e+01 -5.640342218447992e+00;
5882
 -6.663091155467738e-16  1.692425153488806e-14;
5883
 -6.786061170853482e+01 -5.649008248358295e+00;
5884
 -6.796194279345050e+01 -5.636293221831093e+00;
5885
 -6.779721862725462e+01 -5.656986789248797e+00;
5886
 -6.789069771859369e+01 -5.645208340455867e+00;
5887
 -6.798962982534091e+01 -5.632843636554909e+00;
5888
 -6.782436130062572e+01 -5.653581412878035e+00;
5889
 -6.791523068758961e+01 -5.642179791439361e+00;
5890
 -6.800506763379320e+01 -5.630856456233241e+00;
5891
 -6.784773754384591e+01 -5.650623567350811e+00;
5892
 -6.793666173608032e+01 -5.639465661258249e+00;
5893
 -6.786940164639871e+01 -5.647880452474932e+00;
5894
 -6.777923478608312e+01 -5.659218099123849e+00;
5895
  2.624568905826140e-16  1.627232721612207e-14;
5896
  2.659937232846194e-14  4.016267962577975e-14;
5897
 -6.781162115241737e+01 -5.655154926181395e+00;
5898
  1.680346855459433e-14  3.321000478112737e-14;
5899
  1.334687523497613e-14  1.358427024903697e-14;
5900
 -6.784306782420769e+01 -5.651234376697618e+00;
5901
  0.000000000000000e+00  1.598390956156390e-14;
5902
  1.323502679813220e-14  1.362077129777626e-14;
5903
 -6.787363137229448e+01 -5.647399550273977e+00;
5904
 -1.561614806028045e-14  3.282037897414874e-14;
5905
 -6.780297434391693e+01 -5.656214858177264e+00;
5906
 -6.790499600180502e+01 -5.643414226376728e+00;
5907
  1.647208416193383e-14  1.660492355033652e-14;
5908
 -6.783580822823724e+01 -5.652120309922317e+00;
5909
 -6.793735334313396e+01 -5.639353970284164e+00;
5910
 -6.699040409346187e-16 -6.699040409346187e-16;
5911
 -6.786828357145049e+01 -5.648045647033863e+00;
5912
 -6.796762133416226e+01 -5.635580624111963e+00;
5913
 -6.780458533999393e+01 -5.656037650335771e+00;
5914
 -6.789598122495488e+01 -5.644545383050831e+00;
5915
 -6.799238285223809e+01 -5.632473244086619e+00;
5916
 -6.782912320389958e+01 -5.652959052748852e+00;
5917
 -6.791803133460128e+01 -5.641803457905967e+00;
5918
 -6.785056665472320e+01 -5.650268601875506e+00;
5919
  1.980524349989033e-14  3.980465605370116e-14;
5920
 -2.631916293651027e-17  1.347541142349326e-14;
5921
 -6.779010338703006e+01 -5.657904370027485e+00;
5922
  1.647463388234798e-14  1.792440166399461e-14;
5923
  3.981596694249495e-17  2.679614575229910e-14;
5924
 -6.782169849679255e+01 -5.653890591197332e+00;
5925
 -3.244096339796196e-14  1.186864514559584e-15;
5926
  0.000000000000000e+00  0.000000000000000e+00;
5927
 -6.785208241448429e+01 -5.650078420592068e+00;
5928
  1.635929428388010e-14  1.542827753601700e-14;
5929
 -6.777995386581338e+01 -5.659152794136710e+00;
5930
 -6.788195909493362e+01 -5.646329730477157e+00;
5931
  1.661216937618854e-14  3.295854404235807e-14;
5932
 -6.781131737117441e+01 -5.655217947934242e+00;
5933
 -6.791295235562013e+01 -5.642390960792451e+00;
5934
  1.638504537247024e-14  1.571352711950015e-14;
5935
 -6.784369381911281e+01 -5.651081111101084e+00;
5936
 -6.794337082381477e+01 -5.638623770318215e+00;
5937
 -6.778217669647192e+01 -5.658849015545033e+00;
5938
 -6.787395907784087e+01 -5.647358431979144e+00;
5939
 -6.797087385782285e+01 -5.635197367581256e+00;
5940
 -6.780987252101158e+01 -5.655349404311278e+00;
5941
 -6.789873046094685e+01 -5.644200415835964e+00;
5942
 -6.783191965335772e+01 -5.652608194528921e+00;
5943
  1.961585607975168e-14  3.938616771918644e-14;
5944
  2.647486780778985e-17  2.779861119817934e-16;
5945
  7.763309526163764e-17  7.763309526163764e-17;
5946
  1.644761475244160e-14  1.592129108036347e-14;
5947
 -1.308498753585408e-16  1.308498753585408e-16;
5948
 -6.780024323246454e+01 -5.656557504528988e+00;
5949
  1.632305601551713e-14  1.632305601551713e-14;
5950
  0.000000000000000e+00  0.000000000000000e+00;
5951
 -6.783041242523484e+01 -5.652822208140183e+00;
5952
  1.600413034374011e-14  1.744712570260192e-14;
5953
  1.335610475106054e-14  1.335610475106054e-14;
5954
 -6.786015153855824e+01 -5.649065986279586e+00;
5955
  1.636140319176796e-14  5.082763778426276e-14;
5956
 -6.778828372611777e+01 -5.658082842435232e+00;
5957
 -6.788971651563382e+01 -5.645381270851994e+00;
5958
 -2.657800838247434e-16 -1.647836519713409e-14;
5959
 -6.781927599753945e+01 -5.654194527039172e+00;
5960
 -6.791920699228066e+01 -5.641655934811856e+00;
5961
  2.699361181280804e-16  1.673603932394098e-14;
5962
 -6.784970863367813e+01 -5.650376257048153e+00;
5963
 -6.794754793638413e+01 -5.638124505245373e+00;
5964
 -6.778785638302261e+01 -5.658136456286734e+00;
5965
 -6.787722015737715e+01 -5.646924345587414e+00;
5966
 -6.781262165116794e+01 -5.655004492492862e+00;
5967
  1.053001778157434e-16  2.669359507629096e-14;
5968
  0.000000000000000e+00  1.970504002241995e-14;
5969
 -1.694228728944026e-14 -1.641284081164525e-14;
5970
 -1.340362586887667e-14 -1.315222518624226e-14;
5971
 -6.777864419914560e+01 -5.659292190159777e+00;
5972
 -7.850197325142227e-16  3.205497241099742e-14;
5973
  2.691665605811651e-14  4.037498408717477e-14;
5974
 -6.780851581798385e+01 -5.655519618512222e+00;
5975
 -2.652041574226801e-16 -2.652041574226801e-16;
5976
  0.000000000000000e+00  1.723227449934698e-16;
5977
 -6.783820549971519e+01 -5.651819532063721e+00;
5978
  1.647919508491751e-14  1.647919508491751e-14;
5979
 -1.352939026786813e-14 -1.352939026786813e-14;
5980
 -6.786752804091435e+01 -5.648165352239294e+00;
5981
  1.638441974687976e-14  3.290313801627493e-14;
5982
 -6.779603886559958e+01 -5.657159711053632e+00;
5983
 -6.789564971120934e+01 -5.644562074318668e+00;
5984
  1.656627912053869e-14  3.232444706446573e-14;
5985
 -6.782554433225945e+01 -5.653383167619319e+00;
5986
 -6.792394062539273e+01 -5.641012139072353e+00;
5987
 -3.351333575710178e-14  6.811653609167027e-16;
5988
 -6.785389471083123e+01 -5.649826125049519e+00;
5989
 -6.779111782214503e+01 -5.657702372165613e+00;
5990
 -1.316132443764139e-16  3.382460380473837e-14;
5991
  1.321095431075839e-14  5.313243789331825e-14;
5992
 -1.969995650640827e-14 -1.943009408851226e-14;
5993
  1.614108807781800e-14  1.614108807781800e-14;
5994
  1.349292753369149e-14  2.678762400665293e-14;
5995
 -6.778644845951067e+01 -5.658288181626014e+00;
5996
 -1.590151134012267e-14 -3.219727502752111e-14;
5997
  2.679156919423057e-14  2.705461847448811e-14;
5998
 -6.781569524353442e+01 -5.654618871509029e+00;
5999
  0.000000000000000e+00  0.000000000000000e+00;
6000
 -2.710190847105690e-14  0.000000000000000e+00;
6001
 -6.784518396259192e+01 -5.650919053439237e+00;
6002
  2.642162252576318e-16  2.642162252576318e-16;
6003
  2.737742185330403e-14  4.106613277995605e-14;
6004
 -6.787254140617354e+01 -5.647511404962436e+00;
6005
  1.713351952521249e-14  1.807788674313759e-14;
6006
 -6.780197364501203e+01 -5.656340406384827e+00;
6007
 -6.790004652660234e+01 -5.644085090830291e+00;
6008
  3.330727579989144e-14  3.330727579989144e-14;
6009
 -6.783026281754431e+01 -5.652840978811845e+00;
6010
  1.388346954914013e-16  1.721550224093377e-14;
6011
 -5.247197631962113e-16  3.200790555496889e-14;
6012
  1.307568486833966e-14  1.307568486833966e-14;
6013
  0.000000000000000e+00  1.953056583515394e-14;
6014
 -6.607202099602089e-16 -6.607202099602089e-16;
6015
 -1.326558150145207e-14 -1.310734394875086e-14;
6016
 -6.779272218243179e+01 -5.657526000671639e+00;
6017
 -2.630291788101062e-16  3.274713276185823e-14;
6018
  1.339027996372281e-14  4.017083989116844e-14;
6019
 -6.782195961898938e+01 -5.653832921253224e+00;
6020
 -1.693696792445760e-14 -1.693696792445760e-14;
6021
 -1.461461820740186e-16  1.321958646942259e-14;
6022
 -6.784932764450934e+01 -5.650424059282188e+00;
6023
 -1.657456621266116e-14  1.069326852429752e-15;
6024
 -6.777886412863606e+01 -5.659264598772434e+00;
6025
 -6.787595083977772e+01 -5.647083611733612e+00;
6026
  1.657346361984073e-14  1.738855199458699e-14;
6027
 -6.780637980696631e+01 -5.655812514341369e+00;
6028
  0.000000000000000e+00  0.000000000000000e+00;
6029
 -2.628054995439131e-16  3.271928469321718e-14;
6030
 -2.678690902915845e-14 -1.326265906033529e-14;
6031
  3.835407072545329e-17  1.959893014070663e-14;
6032
  1.661367365363734e-14  1.569069178399082e-14;
6033
  2.366555529552450e-16  3.812783908723392e-16;
6034
 -6.779809403104720e+01 -5.656876961557174e+00;
6035
 -6.537706288563610e-16  1.542898684101012e-14;
6036
 -1.305962251523197e-16  1.299432440265581e-14;
6037
 -6.782539744345046e+01 -5.653401596923421e+00;
6038
  0.000000000000000e+00  1.700437150624837e-14;
6039
 -1.363765404796165e-14 -1.363765404796165e-14;
6040
 -6.785201531166956e+01 -5.650086839957249e+00;
6041
 -3.357771970996831e-14 -1.638267776171841e-14;
6042
 -6.778227453239560e+01 -5.658836740923502e+00;
6043
 -1.694460685213708e-14  4.132830939545628e-16;
6044
 -1.660951284348650e-14 -1.595559501500277e-14;
6045
  1.337459135532942e-14  1.337459135532942e-14;
6046
  1.948563913044187e-14  1.929645816801040e-14;
6047
  1.617010026726048e-14  3.155141515563021e-14;
6048
  1.336090833019510e-14  1.353102763312608e-14;
6049
 -6.780095816027564e+01 -5.656467809366073e+00;
6050
 -1.632298559388642e-14 -1.632298559388642e-14;
6051
  3.912959241414317e-17  3.912959241414317e-17;
6052
 -6.782838521341185e+01 -5.653051644897841e+00;
6053
  0.000000000000000e+00  3.409072873268280e-14;
6054
 -1.365107961202630e-14  1.365107961202630e-14;
6055
  1.710071019318388e-14  1.737215003752013e-14;
6056
  2.614529346215413e-16  9.150852711753944e-16;
6057
  1.294907607495768e-14  3.913097291974264e-14;
6058
 -6.777938445900659e+01 -5.659199320253886e+00;
6059
  1.648704910016575e-14  3.336664698843069e-14;
6060
  1.319793208515903e-14  1.319793208515903e-14;
6061
 -6.780585969001552e+01 -5.655877768977581e+00;
6062
 -1.656336569789486e-14 -9.129414164194017e-16;
6063
 -1.337528572463273e-14 -1.337528572463273e-14;
6064
  1.666233090802580e-14  5.025359001860581e-14;
6065
  1.289636567014229e-16  1.289636567014229e-16;
6066
  1.293509327846093e-14  3.969247808211618e-14;
6067
 -6.778967540042098e+01 -5.657933154893166e+00;
6068
  1.300176708682849e-16  1.300176708682849e-16;
6069
 -1.296130516567152e-14 -1.260304599031238e-14;
6070
  0.000000000000000e+00  1.671767003195715e-14;
6071
  1.581399340613685e-14  1.645683866654892e-14;
6072
  2.577282596151428e-14  3.871022376118639e-14;
6073
 -1.624813213328760e-14 -1.560844189181958e-14;
6074
 -1.593129311310530e-14 -3.823510347145272e-16;
